1.0,0.0,1.0,5.552410198284008e-10
1.0,0.0,1.0,2.443120017403544e-08
1.0,0.0,0.9999998807907104,8.820360619665735e-08
1.0,0.0,0.9999998211860657,1.9003397255801247e-07
1.0,0.0,1.0,2.808432375545067e-09
1.0,0.0,0.9999997019767761,3.0716833521182707e-07
1.0,0.0,0.9999980330467224,1.88121305200184e-06
1.0,0.0,0.9999999403953552,4.5577031926313794e-08
1.0,0.0,0.9999998807907104,8.324803957293625e-08
1.0,0.0,1.0,1.951879191608441e-08
1.0,0.0,0.9994978904724121,0.0005312389112077653
1.0,0.0,0.999999463558197,5.643555027745606e-07
1.0,0.0,1.0,1.1932461241315195e-08
1.0,0.0,0.9999974966049194,2.377737018832704e-06
1.0,0.0,0.9999997019767761,2.7569655003389926e-07
1.0,0.0,0.9999958276748657,4.381622602522839e-06
1.0,0.0,1.0,2.6087050297718406e-09
1.0,0.0,0.9996801614761353,0.00037613039603456855
1.0,0.0,0.9999153017997742,8.529694605385885e-05
1.0,0.0,0.999998927116394,1.0874383633563411e-06
1.0,0.0,1.0,3.3290961098941807e-09
1.0,0.0,0.9999998807907104,8.925864847242337e-08
1.0,0.0,1.0,1.3450103253376255e-08
1.0,0.0,0.9999763369560242,2.4070955987554044e-05
1.0,0.0,1.0,1.7186874146091213e-08
1.0,0.0,1.0,5.630607979867364e-09
1.0,0.0,0.9897008538246155,0.009266458451747894
1.0,0.0,1.0,1.994861342780041e-08
1.0,0.0,0.9999998807907104,1.9963859188010247e-07
1.0,0.0,1.0,1.6739690522626915e-08
1.0,0.0,0.9999999403953552,7.80017046508874e-08
1.0,0.0,0.9999999403953552,3.481591903664594e-08
1.0,0.0,0.9999995827674866,3.778065433834854e-07
1.0,0.0,0.9999390840530396,6.197539187269285e-05
1.0,0.0,0.9999998807907104,8.415193519795139e-08
1.0,0.0,0.9999966025352478,3.3266935588471824e-06
1.0,0.0,0.9999670386314392,3.3522348530823365e-05
1.0,0.0,1.0,3.4592304576364086e-09
1.0,0.0,1.0,4.037020939762215e-09
1.0,0.0,0.9999985098838806,1.3748616538578062e-06
1.0,0.0,0.999999463558197,5.282134338813194e-07
1.0,0.0,0.9999960660934448,4.274383172742091e-06
1.0,0.0,0.9999985694885254,1.4273140322984545e-06
1.0,0.0,0.9999969601631165,3.3559651910763932e-06
1.0,0.0,0.9999991655349731,8.056279625634488e-07
1.0,0.0,0.9999999403953552,8.985443855635822e-08
1.0,0.0,0.9999998807907104,9.329421146730965e-08
1.0,0.0,0.9999995827674866,4.419377717113093e-07
1.0,0.0,1.0,9.42850290029662e-13
1.0,0.0,0.9999999403953552,4.133878306333827e-08
1.0,0.0,0.9999995231628418,4.5218379796096997e-07
1.0,0.0,1.0,1.0573188546914025e-08
1.0,0.0,1.0,4.3071022304275175e-09
1.0,0.0,0.9999986886978149,1.2036224461553502e-06
1.0,0.0,1.0,1.0675115902358812e-08
1.0,0.0,1.0,1.1465698529500301e-10
1.0,0.0,0.9999998211860657,1.6045196105096693e-07
1.0,0.0,0.9999992251396179,7.223195552796824e-07
1.0,0.0,1.0,1.601619562704789e-24
1.0,0.0,0.9999998211860657,1.7008937902573962e-07
1.0,0.0,0.9812355041503906,0.019797518849372864
1.0,0.0,0.9999916553497314,7.888638720032759e-06
1.0,0.0,0.9999998211860657,2.0271245659841952e-07
1.0,0.0,0.9999028444290161,0.00011172604718012735
1.0,0.0,0.999946117401123,5.96974823565688e-05
1.0,0.0,0.9999999403953552,7.193559525831006e-08
1.0,0.0,1.0,3.446626450909207e-08
1.0,0.0,1.0,6.2897402841599614e-09
1.0,0.0,0.9999492168426514,5.9546640841290355e-05
1.0,0.0,1.0,8.893706215928887e-09
1.0,0.0,0.9615116119384766,0.05398770794272423
1.0,0.0,0.9999998211860657,1.6320284146331687e-07
1.0,0.0,0.9999456405639648,5.8115649153478444e-05
1.0,0.0,0.9999980926513672,1.7877048321679467e-06
1.0,0.0,0.999711275100708,0.00027389658498577774
1.0,0.0,0.9999999403953552,3.3340285199301434e-08
1.0,0.0,1.0,8.242294846638742e-09
1.0,0.0,1.0,5.066979280599071e-09
1.0,0.0,1.0,1.409730909784912e-08
1.0,0.0,0.9999997615814209,1.985707029916739e-07
1.0,0.0,0.9999907612800598,9.513511031400412e-06
1.0,0.0,0.9999918341636658,8.37661082186969e-06
1.0,0.0,1.0,1.1581479698874464e-11
1.0,0.0,0.9999999403953552,4.749414372895444e-08
1.0,0.0,1.0,5.7978302159256145e-09
1.0,0.0,0.9999998211860657,1.4855761776289e-07
1.0,0.0,0.9999998807907104,1.2083638978310773e-07
1.0,0.0,1.0,4.394314689903922e-09
1.0,0.0,0.999998927116394,1.0822323019965552e-06
1.0,0.0,1.0,2.6874834802015357e-08
1.0,0.0,1.0,3.915407061072518e-12
1.0,0.0,0.9999999403953552,5.8476096853610215e-08
1.0,0.0,1.0,1.6367759370083945e-09
1.0,0.0,0.9999955892562866,4.829109002457699e-06
1.0,0.0,0.9999986290931702,1.5029629594209837e-06
1.0,0.0,0.9999996423721313,3.7180981848905503e-07
1.0,0.0,1.0,2.0266996969553475e-09
1.0,0.0,0.9999954104423523,4.810140580957523e-06
1.0,0.0,0.9999999403953552,3.21365121180861e-08
1.0,0.0,0.9999999403953552,6.304011179736335e-08
1.0,0.0,1.0,7.960714865085095e-10
1.0,0.0,0.9938190579414368,0.010611948557198048
1.0,0.0,1.0,9.870571915371329e-09
1.0,0.0,0.9999995231628418,4.3776822167274076e-07
1.0,0.0,0.9999861121177673,1.4053399354452267e-05
1.0,0.0,1.0,9.648426502195662e-10
1.0,0.0,1.0,3.222377475964322e-09
1.0,0.0,1.0,1.2101794845707496e-24
1.0,0.0,0.9999999403953552,4.19052810229914e-08
1.0,0.0,1.0,1.5956429511021497e-09
1.0,0.0,1.0,1.7068613189508142e-08
1.0,0.0,0.9995445013046265,0.0007788033690303564
1.0,0.0,1.0,1.7393538324049496e-13
1.0,0.0,1.0,1.3816523036780382e-08
1.0,0.0,0.9999457001686096,6.175710586830974e-05
1.0,0.0,0.9998711347579956,0.0001585344725754112
1.0,0.0,1.0,2.1564947536078352e-19
1.0,0.0,1.0,2.0652531074194513e-10
1.0,0.0,0.9999991655349731,8.343932904608664e-07
1.0,0.0,0.9999812841415405,2.126798608514946e-05
1.0,0.0,1.0,1.0108835990507714e-10
1.0,0.0,0.9999999403953552,5.555127913225988e-08
1.0,0.0,0.9999999403953552,5.558074178679817e-08
1.0,0.0,0.9999999403953552,4.98695982287245e-08
1.0,0.0,1.0,1.1311832359695018e-08
1.0,0.0,0.9999491572380066,5.2783081628149375e-05
1.0,0.0,0.9999998211860657,1.5300784639293852e-07
1.0,0.0,1.0,1.380245784332601e-08
1.0,0.0,1.0,2.10352268936731e-09
1.0,0.0,1.0,2.1422961182793188e-09
1.0,0.0,0.9999492764472961,5.24542156199459e-05
1.0,0.0,0.9999989867210388,1.0469417475178489e-06
1.0,0.0,0.9999998211860657,1.515096244020242e-07
1.0,0.0,0.9999999403953552,4.1797996175318985e-08
1.0,0.0,1.0,3.1371343300889976e-09
1.0,0.0,0.9999999403953552,7.699949122752514e-08
1.0,0.0,1.0,2.683466560071679e-09
1.0,0.0,0.999999463558197,6.884937988616002e-07
1.0,0.0,1.0,2.0951471668695376e-08
1.0,0.0,0.999826192855835,0.0001871503482107073
1.0,0.0,0.9999995231628418,4.898878387393779e-07
1.0,0.0,0.9999994039535522,5.151887307874858e-07
1.0,0.0,0.9999999403953552,5.4687948392029284e-08
1.0,0.0,0.9999999403953552,4.147667809206723e-08
1.0,0.0,1.0,1.0125011939976503e-09
1.0,0.0,0.9998986124992371,0.00011610995716182515
1.0,0.0,1.0,1.6072193576022187e-09
1.0,0.0,0.9999998211860657,2.0326184824170923e-07
1.0,0.0,0.9999950528144836,5.337081347533967e-06
1.0,0.0,1.0,5.370448086239321e-09
1.0,0.0,0.9999986886978149,1.261061811419495e-06
1.0,0.0,0.9999954700469971,4.922072548652068e-06
1.0,0.0,1.0,2.4632202944019355e-09
1.0,0.0,0.9999980330467224,2.0836057501583127e-06
1.0,0.0,0.9999961853027344,3.910776285920292e-06
1.0,0.0,0.9999997615814209,2.1533976735099714e-07
1.0,0.0,0.9999997615814209,2.535109615564579e-07
1.0,0.0,1.0,2.218357303407359e-10
1.0,0.0,1.0,6.5532068660445475e-09
1.0,0.0,0.9999999403953552,7.465580154075724e-08
1.0,0.0,0.9999997615814209,2.12663593401885e-07
1.0,0.0,1.0,2.9402491552588117e-09
1.0,0.0,0.9999998211860657,1.5648954843072715e-07
1.0,0.0,1.0,1.8117736200196077e-09
1.0,0.0,1.0,5.530441989781698e-12
1.0,0.0,0.9999923706054688,6.8475424086500425e-06
1.0,0.0,0.9999876022338867,1.3268462680571247e-05
1.0,0.0,0.14203335344791412,0.902096688747406
1.0,0.0,1.0,5.138745540200773e-10
1.0,0.0,1.0,2.7408866287714773e-08
1.0,0.0,0.9999992251396179,7.006725581959472e-07
1.0,0.0,1.0,2.176197416714487e-10
1.0,0.0,0.999999463558197,5.423746642918559e-07
1.0,0.0,1.0,4.833562439188199e-09
1.0,0.0,0.9999999403953552,5.406937475527229e-08
1.0,0.0,1.0,1.3286098887732578e-09
1.0,0.0,0.9999948143959045,6.057618065824499e-06
1.0,0.0,0.9999750852584839,2.36782398133073e-05
1.0,0.0,1.0,5.76281872631426e-15
1.0,0.0,1.0,5.077001929976177e-09
1.0,0.0,1.0,1.7020159672638106e-25
1.0,0.0,0.9999995827674866,3.910828922926157e-07
1.0,0.0,1.0,2.0213734686080898e-08
1.0,0.0,0.9998659491539001,0.00014249257219489664
1.0,0.0,0.9999999403953552,8.211324598050851e-08
1.0,0.0,0.9999999403953552,7.661040513085027e-08
1.0,0.0,0.9999774694442749,2.207266697951127e-05
1.0,0.0,1.0,2.298997214822407e-09
1.0,0.0,0.9999991655349731,8.759340630604129e-07
1.0,0.0,1.0,1.628512080742439e-08
1.0,0.0,1.0,3.846746532421008e-10
1.0,0.0,0.9864364266395569,0.018214421346783638
1.0,0.0,0.9998810291290283,0.00012816244270652533
1.0,0.0,0.9999952912330627,4.589798209053697e-06
1.0,0.0,0.9999992847442627,6.579705313924933e-07
1.0,0.0,0.9999998211860657,1.4745158694040583e-07
1.0,0.0,1.0,2.3532740200948865e-09
1.0,0.0,0.9999977946281433,2.223363480879925e-06
1.0,0.0,0.9999715685844421,2.9988712412887253e-05
1.0,0.0,1.0,1.2428687412580075e-08
1.0,0.0,1.0,4.47529613367692e-09
1.0,0.0,0.9999657273292542,3.586649472708814e-05
1.0,0.0,0.9999998807907104,9.293155756040505e-08
1.0,0.0,0.9976853728294373,0.0024931062944233418
1.0,0.0,0.9999999403953552,3.559196315450208e-08
1.0,0.0,1.0,1.9917969495963916e-08
1.0,0.0,0.9999999403953552,7.099236398744324e-08
1.0,0.0,0.9999932646751404,6.9770180743944366e-06
1.0,0.0,1.0,2.9909132896049906e-12
1.0,0.0,0.9999998211860657,1.5295167088424932e-07
1.0,0.0,1.0,4.344755589796115e-26
1.0,0.0,0.9999997019767761,2.775775840291317e-07
1.0,0.0,0.9999999403953552,7.923338074533604e-08
1.0,0.0,1.0,3.2407666827882764e-11
1.0,0.0,0.9999999403953552,5.229320265698334e-08
1.0,0.0,1.0,1.650488989923815e-08
1.0,0.0,0.9999955892562866,4.714283932116814e-06
1.0,0.0,0.9996633529663086,0.0003835103998426348
1.0,0.0,0.9999999403953552,7.092820908383146e-08
1.0,0.0,0.9999999403953552,5.940239944379755e-08
1.0,0.0,0.9996801614761353,0.00044779025483876467
1.0,0.0,1.0,2.371721929961268e-09
1.0,0.0,1.0,2.3094484102870183e-09
1.0,0.0,0.9999999403953552,3.2454604337317505e-08
1.0,0.0,0.9999999403953552,8.163009823647371e-08
1.0,0.0,1.0,2.559300826820987e-10
1.0,0.0,0.9999998807907104,8.373501714231679e-08
1.0,0.0,0.9999996423721313,3.223843236810353e-07
1.0,0.0,0.9994850754737854,0.0005035222275182605
1.0,0.0,0.9999232292175293,8.272333798231557e-05
1.0,0.0,0.024475501850247383,0.9903221726417542
1.0,0.0,0.9999979138374329,2.1684552393708145e-06
1.0,0.0,0.999805748462677,0.00020103156566619873
1.0,0.0,1.0,9.535078504541161e-09
1.0,0.0,0.9997963309288025,0.0002177702117478475
1.0,0.0,0.9999778270721436,2.35691786656389e-05
1.0,0.0,0.9987743496894836,0.0015408736653625965
1.0,0.0,0.9999999403953552,7.504956300863341e-08
1.0,0.0,0.9999997615814209,2.124276505810485e-07
1.0,0.0,0.999999463558197,5.115096541885578e-07
1.0,0.0,1.0,4.0301767688037975e-23
1.0,0.0,0.9999995231628418,4.6171265921657323e-07
1.0,0.0,0.9999998211860657,1.6002148583993403e-07
1.0,0.0,0.9999999403953552,5.186547724633783e-08
1.0,0.0,1.0,1.016487227722962e-09
1.0,0.0,0.9999995231628418,4.74754415336065e-07
1.0,0.0,0.9999979734420776,2.2745959995518206e-06
1.0,0.0,1.0,1.2776439461958944e-08
1.0,0.0,1.0,3.738449272372435e-10
1.0,0.0,1.0,2.705742474518047e-08
1.0,0.0,0.999998152256012,1.685255710981437e-06
1.0,0.0,0.9999997019767761,2.4616178961878177e-07
1.0,0.0,1.0,4.313991830429131e-09
1.0,0.0,0.9999964833259583,3.5138025396008743e-06
1.0,0.0,1.0,1.1870333888289755e-19
1.0,0.0,0.9999999403953552,1.1989443748916528e-07
1.0,0.0,0.9999999403953552,5.1558533442630505e-08
1.0,0.0,0.999997615814209,2.4459982341795694e-06
1.0,0.0,1.0,8.293601916342652e-11
1.0,0.0,0.9999999403953552,5.268605818287142e-08
1.0,0.0,1.0,1.996738711873558e-11
1.0,0.0,1.0,6.725670020912844e-11
1.0,0.0,0.9999992251396179,7.676455311411701e-07
1.0,0.0,0.9999998807907104,9.74181801893792e-08
1.0,0.0,0.999998927116394,1.045064323079714e-06
1.0,0.0,1.0,2.0542943346413267e-08
1.0,0.0,1.0,4.920855278811587e-09
1.0,0.0,1.0,3.0581215337832646e-09
1.0,0.0,0.9328859448432922,0.11652392148971558
1.0,0.0,1.0,4.19430148461579e-16
1.0,0.0,0.9999901056289673,1.0101831321662758e-05
1.0,0.0,1.0,3.247180302423658e-09
1.0,0.0,0.9999603629112244,4.167007500655018e-05
1.0,0.0,0.9999999403953552,5.600790942139611e-08
1.0,0.0,0.9999997615814209,2.7067832775173883e-07
1.0,0.0,0.9999995231628418,3.971608748543076e-07
1.0,0.0,0.9996646642684937,0.00035987506271339953
1.0,0.0,1.0,2.2994697812528386e-10
1.0,0.0,0.9999967813491821,3.3027040444721933e-06
1.0,0.0,0.9999996423721313,3.215010053736478e-07
1.0,0.0,1.0,4.144087156765508e-11
1.0,0.0,1.0,6.726216028596355e-09
1.0,0.0,1.0,3.72089095646011e-11
1.0,0.0,0.9999997615814209,2.2706356617163692e-07
1.0,0.0,1.0,0.0
1.0,0.0,1.0,2.8507549654221975e-09
1.0,0.0,0.9999997615814209,2.4366846673729015e-07
1.0,0.0,0.9997720122337341,0.00024835389922372997
1.0,0.0,0.9999999403953552,4.1926867311303795e-08
1.0,0.0,0.9999992251396179,7.344596042457852e-07
1.0,0.0,1.0,1.7303627974918356e-10
1.0,0.0,1.0,6.846245792502259e-11
1.0,0.0,0.9999996423721313,3.749365191652032e-07
1.0,0.0,0.9999958276748657,4.34275898442138e-06
1.0,0.0,0.9999997019767761,2.984873219702422e-07
1.0,0.0,1.0,2.7481723563482774e-09
1.0,0.0,1.0,1.5984401358082323e-08
1.0,0.0,0.9999998211860657,1.5611466608334013e-07
1.0,0.0,0.9969972372055054,0.0066616530530154705
1.0,0.0,0.9999934434890747,7.013583399384515e-06
1.0,0.0,1.0,1.441169517057972e-09
1.0,0.0,0.9999996423721313,4.027187117117137e-07
1.0,0.0,0.9999979734420776,2.1302175809978507e-06
1.0,0.0,0.9999927282333374,6.768037110305158e-06
1.0,0.0,1.0,5.766310984256506e-09
1.0,0.0,0.999998927116394,1.0356350230722455e-06
1.0,0.0,1.0,4.2802894562044e-09
1.0,0.0,0.999875009059906,0.00013758100976701826
1.0,0.0,0.9999985098838806,1.4321531125460751e-06
1.0,0.0,0.9997916221618652,0.00021719270444009453
1.0,0.0,1.0,7.1347181496150824e-09
1.0,0.0,0.9999969601631165,3.0613587114203256e-06
1.0,0.0,0.9991474151611328,0.0014089960604906082
1.0,0.0,0.9999997019767761,3.039593821085873e-07
1.0,0.0,0.9998176693916321,0.00019189805607311428
1.0,0.0,0.9999999403953552,5.546911907572394e-08
1.0,0.0,1.0,2.9415168079083287e-09
1.0,0.0,1.0,1.8294555870213003e-09
1.0,0.0,0.9996455311775208,0.00041123840492218733
1.0,0.0,0.9997457265853882,0.00025619540247134864
1.0,0.0,0.9999996423721313,3.5877280879503815e-07
1.0,0.0,0.9999999403953552,3.9676944396660474e-08
1.0,0.0,1.0,1.262179805117114e-10
1.0,0.0,0.9999998807907104,1.0763483970777088e-07
1.0,0.0,1.0,7.0523493711505125e-09
1.0,0.0,0.9999999403953552,6.371973881869053e-08
1.0,0.0,0.9999994039535522,6.168701247588615e-07
1.0,0.0,1.0,7.382063849092901e-09
1.0,0.0,1.0,2.759475759006591e-09
1.0,0.0,1.0,1.943476135579658e-08
1.0,0.0,0.9999951720237732,5.45278271602001e-06
1.0,0.0,0.9999979734420776,1.8829864529834595e-06
1.0,0.0,0.9999978542327881,2.3189454623206984e-06
1.0,0.0,0.9999968409538269,3.0652411169285187e-06
1.0,0.0,1.0,1.0088346824588257e-09
1.0,0.0,1.0,2.4701277467897853e-08
1.0,0.0,0.9999991059303284,9.714725592857576e-07
1.0,0.0,0.9999999403953552,7.345380481638131e-08
1.0,0.0,1.0,1.623251116855684e-10
1.0,0.0,0.9999988675117493,1.305451178268413e-06
1.0,0.0,0.9999998807907104,8.264432693749768e-08
1.0,0.0,0.9999998807907104,9.712430681929618e-08
1.0,0.0,0.9999964833259583,3.1935715014697053e-06
1.0,0.0,0.999991238117218,9.11257211555494e-06
1.0,0.0,1.0,1.5727463775760953e-08
1.0,0.0,0.9999785423278809,2.1631594790960662e-05
1.0,0.0,1.0,2.1693038476655602e-08
1.0,0.0,0.9999989867210388,8.997282634481962e-07
1.0,0.0,0.9999983906745911,1.5610778518748702e-06
1.0,0.0,0.9999741315841675,2.6727702788775787e-05
1.0,0.0,0.9999662041664124,3.1056773877935484e-05
1.0,0.0,1.0,6.092503723742482e-10
1.0,0.0,1.0,2.9662274858566207e-09
1.0,0.0,0.9999879002571106,1.3527936971513554e-05
1.0,0.0,1.0,2.3027451057089365e-09
1.0,0.0,0.9999998807907104,9.434677394892788e-08
1.0,0.0,0.9999999403953552,4.976526923883284e-08
1.0,0.0,0.9999999403953552,5.8392281232499954e-08
1.0,0.0,1.0,2.5412465465279865e-09
1.0,0.0,0.9999994039535522,5.93568074691575e-07
1.0,0.0,0.9999988675117493,1.1028652124878136e-06
1.0,0.0,1.0,2.3917383629168398e-08
1.0,0.0,1.0,1.451780251571222e-09
1.0,0.0,1.0,3.6059396029027024e-13
1.0,0.0,1.0,1.5771743022696683e-08
1.0,0.0,1.0,4.67815208793354e-09
1.0,0.0,1.0,1.893436163413753e-08
1.0,0.0,1.0,2.716753211284839e-11
1.0,0.0,1.0,1.5741029812943452e-08
1.0,0.0,0.9999997019767761,3.056371724596829e-07
1.0,0.0,1.0,2.0461293104290235e-08
1.0,0.0,0.9999770522117615,2.1809753889101557e-05
1.0,0.0,0.9999997615814209,2.4619467353659275e-07
1.0,0.0,1.0,2.4820565602823308e-09
1.0,0.0,0.9999998211860657,1.9021963737486658e-07
1.0,0.0,1.0,5.487911236556897e-10
1.0,0.0,0.9998378753662109,0.00019558460917323828
1.0,0.0,1.0,6.657743800708715e-11
1.0,0.0,1.0,1.2794133195755994e-25
1.0,0.0,1.0,4.555317234533618e-10
1.0,0.0,0.9999967217445374,3.2949615160760004e-06
1.0,0.0,1.0,1.325385245998234e-09
1.0,0.0,0.9999998807907104,1.0335791955640161e-07
1.0,0.0,1.0,5.800175006953623e-09
1.0,0.0,0.9999998807907104,1.0728639665558148e-07
1.0,0.0,1.0,8.785868033100996e-09
1.0,0.0,0.9999946355819702,5.5926843742781784e-06
1.0,0.0,0.998134434223175,0.0015046758344396949
1.0,0.0,0.9999995827674866,4.1136090089821664e-07
1.0,0.0,0.9998605251312256,0.00014558606198988855
1.0,0.0,0.9979543089866638,0.0025445350911468267
1.0,0.0,1.0,5.782633927253755e-09
1.0,0.0,0.9999997019767761,2.628954121064453e-07
1.0,0.0,1.0,3.6781901968652164e-09
1.0,0.0,1.0,7.346999120194653e-10
1.0,0.0,0.9999991655349731,8.633726338302949e-07
1.0,0.0,1.0,1.3712971869139778e-09
1.0,0.0,0.9999999403953552,4.3993157561317275e-08
1.0,0.0,0.9999999403953552,6.805738905768521e-08
1.0,0.0,1.0,4.829194377720114e-09
1.0,0.0,0.9999900460243225,9.871138900052756e-06
1.0,0.0,1.0,4.681043996868084e-09
1.0,0.0,0.9999992251396179,7.239422643579019e-07
1.0,0.0,0.9995368719100952,0.0008512299973517656
1.0,0.0,1.0,1.3685489186343602e-08
1.0,0.0,0.9197962880134583,0.06543415784835815
1.0,0.0,1.0,3.3503335661322353e-09
1.0,0.0,1.0,1.0563230290472347e-08
1.0,0.0,0.9999988675117493,1.1080214790126774e-06
1.0,0.0,1.0,4.9767776569764263e-14
0.0,1.0,1.1193209914495128e-08,1.0
0.0,1.0,1.1197715643618267e-08,1.0
0.0,1.0,1.1191288784573317e-08,1.0
0.0,1.0,1.1204274841247752e-08,1.0
0.0,1.0,1.1200556926382887e-08,1.0
0.0,1.0,1.1420508982951105e-08,1.0
0.0,1.0,1.120448800406848e-08,1.0
0.0,1.0,0.0,1.0
0.0,1.0,1.1199253968641187e-08,1.0
0.0,1.0,1.119827075513058e-08,1.0
0.0,1.0,1.1268268984565566e-08,1.0
0.0,1.0,1.1201239935587637e-08,1.0
0.0,1.0,7.411246473049069e-22,1.0
0.0,1.0,1.1199509764026061e-08,1.0
0.0,1.0,1.1232133445560066e-08,1.0
0.0,1.0,1.119062709165064e-08,1.0
0.0,1.0,1.1200984140202763e-08,1.0
0.0,1.0,1.1192185844777214e-08,1.0
0.0,1.0,6.456723190417285e-19,1.0
0.0,1.0,1.1185612436293013e-08,1.0
0.0,1.0,1.1235862018565967e-08,1.0
0.0,1.0,1.1195472993108524e-08,1.0
0.0,1.0,1.1191588100700756e-08,1.0
0.0,1.0,1.1197075266977663e-08,1.0
0.0,1.0,1.119628478818413e-08,1.0
0.0,1.0,1.119086245893186e-08,1.0
0.0,1.0,1.118650860831849e-08,1.0
0.0,1.0,1.1203975525120313e-08,1.0
0.0,1.0,4.895823816817212e-23,1.0
0.0,1.0,1.1210986805565426e-08,1.0
0.0,1.0,1.1203548311300437e-08,1.0
0.0,1.0,1.1197523797079612e-08,1.0
0.0,1.0,1.7649792644733335e-21,1.0
0.0,1.0,1.119773695990034e-08,1.0
0.0,1.0,1.125383519706702e-08,1.0
0.0,1.0,1.1199360550051551e-08,1.0
0.0,1.0,1.1194043025852807e-08,1.0
0.0,1.0,4.6568775330814056e-23,1.0
0.0,1.0,1.1237019315046837e-08,1.0
0.0,1.0,1.1195729676671817e-08,1.0
0.0,1.0,1.1188578064036392e-08,1.0
0.0,1.0,0.0,1.0
0.0,1.0,1.1272782707294482e-08,1.0
0.0,1.0,1.1178340031392509e-08,1.0
0.0,1.0,1.1187916371113715e-08,1.0
0.0,1.0,1.1204124739094823e-08,1.0
0.0,1.0,0.0,1.0
0.0,1.0,1.1193509230622567e-08,1.0
0.0,1.0,6.049269805591051e-24,1.0
0.0,1.0,1.1196883420439008e-08,1.0
0.0,1.0,1.1206583216960553e-08,1.0
0.0,1.0,1.1191715998393192e-08,1.0
0.0,1.0,1.1198100224873997e-08,1.0
0.0,1.0,1.1235561814260109e-08,1.0
0.0,1.0,0.0,1.0
0.0,1.0,1.1191032989188443e-08,1.0
0.0,1.0,1.1192035742624284e-08,1.0
0.0,1.0,2.0262603903138198e-23,1.0
0.0,1.0,1.1197865745771196e-08,1.0
0.0,1.0,0.0,1.0
0.0,1.0,1.1195729676671817e-08,1.0
0.0,1.0,1.119414960726317e-08,1.0
0.0,1.0,1.120265036291812e-08,1.0
0.0,1.0,1.1233740160321304e-08,1.0
0.0,1.0,1.1200812721767761e-08,1.0
0.0,1.0,1.1197865745771196e-08,1.0
0.0,1.0,1.1197651694772048e-08,1.0
0.0,1.0,1.1198420857283509e-08,1.0
0.0,1.0,1.1209362327235795e-08,1.0
0.0,1.0,1.1367504271220241e-08,1.0
0.0,1.0,1.120072745663947e-08,1.0
0.0,1.0,1.140944849709058e-08,1.0
0.0,1.0,9.332764089623741e-24,1.0
0.0,1.0,1.1186295445497763e-08,1.0
0.0,1.0,9.478812565731169e-20,1.0
0.0,1.0,1.1248555864540322e-08,1.0
0.0,1.0,0.0,1.0
0.0,1.0,1.1247547782033962e-08,1.0
0.0,1.0,1.1192954119110254e-08,1.0
0.0,1.0,1.1196306104466203e-08,1.0
0.0,1.0,1.1193103333084764e-08,1.0
0.0,1.0,2.0818605249150343e-21,1.0
0.0,1.0,1.119047787767613e-08,1.0
0.0,1.0,1.1398681998286975e-08,1.0
0.0,1.0,6.934874814256592e-20,1.0
0.0,1.0,5.66563143401418e-20,1.0
0.0,1.0,1.1205343319886651e-08,1.0
0.0,1.0,0.0,1.0
0.0,1.0,1.1201154670459346e-08,1.0
0.0,1.0,1.1186167547805326e-08,1.0
0.0,1.0,1.1385210108016963e-08,1.0
0.0,1.0,1.1193828974853659e-08,1.0
0.0,1.0,1.1206967798216283e-08,1.0
0.0,1.0,1.1200984140202763e-08,1.0
0.0,1.0,1.119086245893186e-08,1.0
0.0,1.0,0.0,1.0
0.0,1.0,1.1193018067956473e-08,1.0
0.0,1.0,7.715712453034677e-30,1.0
0.0,1.0,1.1193893811878297e-08,1.0
0.0,1.0,1.1203248995172999e-08,1.0
0.0,1.0,1.1198912019949603e-08,1.0
0.0,1.0,1.1182625492267562e-08,1.0
0.0,1.0,1.119681858341437e-08,1.0
0.0,1.0,1.1199851712717646e-08,1.0
0.0,1.0,1.1254972953622655e-08,1.0
0.0,1.0,1.1197309746080464e-08,1.0
0.0,1.0,1.1203099781198489e-08,1.0
0.0,1.0,1.1182113901497814e-08,1.0
0.0,1.0,1.1200300242819594e-08,1.0
0.0,1.0,1.1191971793778066e-08,1.0
0.0,1.0,1.119927528492326e-08,1.0
0.0,1.0,1.1188002524420426e-08,1.0
0.0,1.0,1.1215863793268e-08,1.0
0.0,1.0,1.125087312203732e-08,1.0
0.0,1.0,1.1199830396435573e-08,1.0
0.0,1.0,1.1187831105985424e-08,1.0
0.0,1.0,1.1210730122002133e-08,1.0
0.0,1.0,1.1213040274071773e-08,1.0
0.0,1.0,1.1343678885111785e-08,1.0
0.0,1.0,1.1200770089203615e-08,1.0
0.0,1.0,1.119995829412801e-08,1.0
0.0,1.0,1.1203441729890073e-08,1.0
0.0,1.0,1.1193103333084764e-08,1.0
0.0,1.0,1.1284657652765873e-08,1.0
0.0,1.0,1.1212056172382745e-08,1.0
0.0,1.0,1.1185612436293013e-08,1.0
0.0,1.0,1.1200984140202763e-08,1.0
0.0,1.0,1.1202095251405808e-08,1.0
0.0,1.0,1.1197224480952173e-08,1.0
0.0,1.0,1.11959002069284e-08,1.0
0.0,1.0,1.1212911488200916e-08,1.0
0.0,1.0,1.1183692194549621e-08,1.0
0.0,1.0,1.1200535610100815e-08,1.0
0.0,1.0,1.1191652049546974e-08,1.0
0.0,1.0,1.1223010965011326e-08,1.0
0.0,1.0,1.1190605775368567e-08,1.0
0.0,1.0,1.1274976507991141e-08,1.0
0.0,1.0,1.7994148394038428e-34,1.0
0.0,1.0,1.1201411354022639e-08,1.0
0.0,1.0,1.1188556747754319e-08,1.0
0.0,1.0,1.1190349979983694e-08,1.0
0.0,1.0,1.1188556747754319e-08,1.0
0.0,1.0,1.0897193774079833e-27,1.0
0.0,1.0,1.12011120378952e-08,1.0
0.0,1.0,0.0,1.0
0.0,1.0,1.1271579225535788e-08,1.0
0.0,1.0,1.1185186110651557e-08,1.0
0.0,1.0,1.1190669724214786e-08,1.0
0.0,1.0,1.1195729676671817e-08,1.0
0.0,1.0,1.1190222082291257e-08,1.0
0.0,1.0,1.1194405402648044e-08,1.0
0.0,1.0,1.1188728166189321e-08,1.0
0.0,1.0,1.1190264714855402e-08,1.0
0.0,1.0,1.1196071625363402e-08,1.0
0.0,1.0,1.1200599558947033e-08,1.0
0.0,1.0,1.1198206806284361e-08,1.0
0.0,1.0,1.1199018601359967e-08,1.0
0.0,1.0,2.7501416514206177e-18,1.0
0.0,1.0,1.1434305946522727e-08,1.0
0.0,1.0,1.1199980498588502e-08,1.0
0.0,1.0,1.1298226354483631e-08,1.0
0.0,1.0,1.1307970559926162e-08,1.0
0.0,1.0,1.119773695990034e-08,1.0
0.0,1.0,0.0005716081359423697,0.9995869994163513
0.0,1.0,1.1195921523210473e-08,1.0
0.0,1.0,0.0035377820022404194,0.9987626075744629
0.0,1.0,1.119314596564891e-08,1.0
0.0,1.0,9.323522047693661e-22,1.0
0.0,1.0,3.8517963124595767e-11,1.0
0.0,1.0,1.1268806332509484e-08,1.0
0.0,1.0,1.1232605068300927e-08,1.0
0.0,1.0,1.137186345090413e-08,1.0
0.0,1.0,1.1204530636632626e-08,1.0
0.0,1.0,1.1206732430935062e-08,1.0
0.0,1.0,6.791649137427889e-18,1.0
0.0,1.0,1.1259031040822265e-08,1.0
0.0,1.0,1.1215114170681773e-08,1.0
0.0,1.0,1.1195965043953038e-08,1.0
0.0,1.0,1.1197843541310704e-08,1.0
0.0,1.0,1.072178614083956e-34,1.0
0.0,1.0,1.1198249438848507e-08,1.0
0.0,1.0,1.1209618122620668e-08,1.0
0.0,1.0,1.1203761474121166e-08,1.0
0.0,1.0,2.1412460693426283e-09,1.0
0.0,1.0,1.1200812721767761e-08,1.0
0.0,1.0,1.1196712002004006e-08,1.0
0.0,1.0,0.00021526341151911765,0.9999237656593323
0.0,1.0,7.91472277676307e-32,1.0
0.0,1.0,1.7351413337770245e-33,1.0
0.0,1.0,1.1208507011417623e-08,1.0
0.0,1.0,1.3854249556303648e-17,1.0
0.0,1.0,1.120709569590872e-08,1.0
0.0,1.0,4.77057385539788e-36,1.0
0.0,1.0,1.1288920021002014e-08,1.0
0.0,1.0,1.160794749210936e-08,1.0
0.0,1.0,0.0,1.0
0.0,1.0,0.0,1.0
0.0,1.0,1.3060906667305971e-07,1.0
0.0,1.0,1.1204402738940189e-08,1.0
0.0,1.0,3.570334854430257e-07,0.9999997615814209
0.0,1.0,1.1184951631548756e-08,1.0
0.0,1.0,4.898101258250585e-24,1.0
0.0,1.0,4.009636485416266e-34,1.0
0.0,1.0,1.1217553996800689e-08,1.0
0.0,1.0,1.1343008310404912e-08,1.0
0.0,1.0,1.1992446147246483e-08,1.0
0.0,1.0,1.1393595400477352e-08,1.0
0.0,1.0,1.1197181848388027e-08,1.0
0.0,1.0,1.1190349979983694e-08,1.0
0.0,1.0,1.1197993643463633e-08,1.0
0.0,1.0,1.1174523528723057e-08,1.0
0.0,1.0,1.1179597692034804e-08,1.0
0.0,1.0,1.1176697789494483e-08,1.0
0.0,1.0,1.1142089029192448e-08,1.0
0.0,1.0,1.1177934133854706e-08,1.0
0.0,1.0,1.118283954326671e-08,1.0
0.0,1.0,1.1174480896158911e-08,1.0
0.0,1.0,1.117119907689812e-08,1.0
0.0,1.0,1.1186402026908127e-08,1.0
0.0,1.0,1.1184119408369497e-08,1.0
0.0,1.0,1.1171923830488595e-08,1.0
0.0,1.0,1.1179704273445168e-08,1.0
0.0,1.0,1.1171987779334813e-08,1.0
0.0,1.0,1.118070613870259e-08,1.0
0.0,1.0,1.1175013803210732e-08,1.0
0.0,1.0,1.1183820092242058e-08,1.0
0.0,1.0,1.1174949854364513e-08,1.0
0.0,1.0,1.1190584459086494e-08,1.0
0.0,1.0,1.1170794955717156e-08,1.0
0.0,1.0,1.1178062919725562e-08,1.0
0.0,1.0,1.1171987779334813e-08,1.0
0.0,1.0,1.1175717240519134e-08,1.0
0.0,1.0,3.150927888374719e-16,1.0
0.0,1.0,1.1180130599086624e-08,1.0
0.0,1.0,1.1165085744835324e-08,1.0
0.0,1.0,1.1175333547441824e-08,1.0
0.0,1.0,1.1171326974590556e-08,1.0
0.0,1.0,1.117561065910877e-08,1.0
0.0,1.0,1.1186081394498615e-08,1.0
0.0,1.0,1.1170644853564227e-08,1.0
0.0,1.0,1.1170347313793627e-08,1.0
0.0,1.0,1.117294701202809e-08,1.0
0.0,1.0,1.681604399998704e-12,1.0
0.0,1.0,1.1177913705751052e-08,1.0
0.0,1.0,7.120271451182956e-19,1.0
0.0,1.0,1.1173117542284672e-08,1.0
0.0,1.0,7.330403649435599e-16,1.0
0.0,1.0,1.1293615820306968e-08,1.0
0.0,1.0,1.117454484500513e-08,1.0
0.0,1.0,1.1188770798753467e-08,1.0
0.0,1.0,1.1190818938189295e-08,1.0
0.0,1.0,1.1186380710626054e-08,1.0
0.0,1.0,1.1185142589908992e-08,1.0
0.0,1.0,1.1182967440959146e-08,1.0
0.0,1.0,5.725889783879867e-17,1.0
0.0,1.0,1.1175973035904008e-08,1.0
0.0,1.0,1.1238777020139423e-08,1.0
0.0,1.0,1.1189666970778944e-08,1.0
0.0,1.0,1.1171838565360304e-08,1.0
0.0,1.0,1.1169196234561696e-08,1.0
0.0,1.0,1.1183692194549621e-08,1.0
0.0,1.0,1.1168728164534514e-08,1.0
0.0,1.0,1.1165830926529452e-08,1.0
0.0,1.0,8.782204338922841e-27,1.0
0.0,1.0,1.1171135128051901e-08,1.0
0.0,1.0,1.1174949854364513e-08,1.0
0.0,1.0,5.438089648729383e-12,1.0
0.0,1.0,1.1174523528723057e-08,1.0
0.0,1.0,1.1180066650240406e-08,1.0
0.0,1.0,1.1184886794524118e-08,1.0
0.0,1.0,1.1174139835645747e-08,1.0
0.0,1.0,1.1175269598595605e-08,1.0
0.0,1.0,1.1169196234561696e-08,1.0
0.0,1.0,1.1182113901497814e-08,1.0
0.0,1.0,1.1177337277956667e-08,1.0
0.0,1.0,1.1236933161740126e-08,1.0
0.0,1.0,1.1184545734010953e-08,1.0
0.0,1.0,1.1179768222291386e-08,1.0
0.0,1.0,1.1173629133054419e-08,1.0
0.0,1.0,1.1188151738394936e-08,1.0
0.0,1.0,1.117644199410961e-08,1.0
0.0,1.0,1.1169430713664497e-08,1.0
0.0,1.0,1.1173586500490273e-08,1.0
0.0,1.0,1.1171668035103721e-08,1.0
0.0,1.0,1.1179682957163095e-08,1.0
0.0,1.0,8.787958150928195e-29,1.0
0.0,1.0,1.1180109282804551e-08,1.0
0.0,1.0,1.1174992486928659e-08,1.0
0.0,1.0,1.1443316516590585e-08,1.0
0.0,1.0,1.1170858016384955e-08,1.0
0.0,1.0,1.1179597692034804e-08,1.0
0.0,1.0,1.1174736691543785e-08,1.0
0.0,1.0,1.1175845138211571e-08,1.0
0.0,1.0,1.1172136993309323e-08,1.0
0.0,1.0,1.1206454431089696e-08,1.0
0.0,1.0,1.7181502533962179e-23,1.0
0.0,1.0,1.117051784405021e-08,1.0
0.0,1.0,7.890632930221288e-33,1.0
0.0,1.0,1.1179810854855532e-08,1.0
0.0,1.0,1.1173372449491126e-08,1.0
0.0,1.0,1.118109071995832e-08,1.0
0.0,1.0,1.1263283639095789e-08,1.0
0.0,1.0,1.1176996217443502e-08,1.0
0.0,1.0,1.1183052706087437e-08,1.0
0.0,1.0,3.1463652924647745e-15,1.0
0.0,1.0,1.1177486491931177e-08,1.0
0.0,1.0,1.1175631975390843e-08,1.0
0.0,1.0,1.1175717240519134e-08,1.0
0.0,1.0,1.04480923656736e-31,1.0
0.0,1.0,1.1182284431754397e-08,1.0
0.0,1.0,1.1181517045599776e-08,1.0
0.0,1.0,1.117401193795331e-08,1.0
0.0,1.0,1.1172691216643216e-08,1.0
0.0,1.0,1.3181670341174102e-21,1.0
0.0,1.0,1.1174267733338183e-08,1.0
0.0,1.0,1.1175546710262552e-08,1.0
0.0,1.0,0.0,1.0
0.0,1.0,1.117895820357262e-08,1.0
0.0,1.0,1.1176697789494483e-08,1.0
0.0,1.0,1.1230270047235535e-08,1.0
0.0,1.0,1.1174715375261712e-08,1.0
0.0,1.0,1.1183308501472311e-08,1.0
0.0,1.0,1.118177284098465e-08,1.0
0.0,1.0,1.1163019841831101e-08,1.0
0.0,1.0,1.1176122249878517e-08,1.0
0.0,1.0,1.1174353886644894e-08,1.0
0.0,1.0,1.117424641705611e-08,1.0
0.0,1.0,1.1168557634277931e-08,1.0
0.0,1.0,1.6597262681224635e-23,1.0
0.0,1.0,1.1180962822265883e-08,1.0
0.0,1.0,1.1177763603598123e-08,1.0
0.0,1.0,1.1221533924299365e-08,1.0
0.0,1.0,1.1180215864214915e-08,1.0
0.0,1.0,1.1173266756259181e-08,1.0
0.0,1.0,1.1172542002668706e-08,1.0
0.0,1.0,2.1938329129568086e-34,1.0
0.0,1.0,1.1178745040751892e-08,1.0
0.0,1.0,1.1181879422395014e-08,1.0
0.0,1.0,1.1171135128051901e-08,1.0
0.0,1.0,1.1170986802255811e-08,1.0
0.0,1.0,1.1177315961674594e-08,1.0
0.0,1.0,1.116127457123639e-08,1.0
0.0,1.0,1.1181900738677086e-08,1.0
0.0,1.0,1.117614356616059e-08,1.0
0.0,1.0,1.1185505854882649e-08,1.0
0.0,1.0,1.1187276882651531e-08,1.0
0.0,1.0,1.1195793625518036e-08,1.0
0.0,1.0,1.1171710667667867e-08,1.0
0.0,1.0,1.119116088688088e-08,1.0
0.0,1.0,1.1179555059470658e-08,1.0
0.0,1.0,1.1175823821929498e-08,1.0
0.0,1.0,1.11884927989081e-08,1.0
0.0,1.0,1.118322323634402e-08,1.0
0.0,1.0,1.1179213998957493e-08,1.0
0.0,1.0,1.1526030796460418e-08,1.0
0.0,1.0,1.1172669900361143e-08,1.0
0.0,1.0,1.1173542979747708e-08,1.0
0.0,1.0,1.1175631975390843e-08,1.0
0.0,1.0,1.1175631975390843e-08,1.0
0.0,1.0,1.1174310365902329e-08,1.0
0.0,1.0,1.117318149113089e-08,1.0
0.0,1.0,1.6747148471887923e-25,1.0
0.0,1.0,1.1165852242811525e-08,1.0
0.0,1.0,1.1181175985086611e-08,1.0
0.0,1.0,1.1183970194394988e-08,1.0
0.0,1.0,1.1179981385112114e-08,1.0
0.0,1.0,1.1172733849207361e-08,1.0
0.0,1.0,1.1178403980238727e-08,1.0
0.0,1.0,1.11733307051054e-08,1.0
0.0,1.0,1.1182327064318542e-08,1.0
0.0,1.0,8.931327567676463e-20,1.0
0.0,1.0,1.118894132901005e-08,1.0
0.0,1.0,1.1182220482908178e-08,1.0
0.0,1.0,1.1169750457895589e-08,1.0
0.0,1.0,1.1169324132254133e-08,1.0
0.0,1.0,1.1174310365902329e-08,1.0
0.0,1.0,1.3869773476380472e-28,1.0
0.0,1.0,1.11706031091785e-08,1.0
0.0,1.0,1.1176335412699245e-08,1.0
0.0,1.0,1.1169110969433405e-08,1.0
0.0,1.0,1.1163254320933902e-08,1.0
0.0,1.0,1.1151784384821894e-08,1.0
0.0,1.0,1.1152549994619676e-08,1.0
0.0,1.0,1.1172563318950779e-08,1.0
0.0,1.0,1.1180365078189425e-08,1.0
0.0,1.0,1.517730674810874e-17,1.0
0.0,1.0,1.1205878003295311e-08,1.0
0.0,1.0,1.1177720971033978e-08,1.0
0.0,1.0,1.1187298198933604e-08,1.0
0.0,1.0,2.012380382686456e-22,1.0
0.0,1.0,1.1172009095616886e-08,1.0
0.0,1.0,1.1166555680119927e-08,1.0
0.0,1.0,1.1228021179476855e-08,1.0
0.0,1.0,1.1167854196969529e-08,1.0
0.0,1.0,1.1172328839847978e-08,1.0
0.0,1.0,1.1173778347028929e-08,1.0
0.0,1.0,1.1182967440959146e-08,1.0
0.0,1.0,2.8516239505185227e-25,1.0
0.0,1.0,1.118345771544682e-08,1.0
0.0,1.0,1.117051784405021e-08,1.0
0.0,1.0,1.1182882175830855e-08,1.0
0.0,1.0,1.1182241799190251e-08,1.0
0.0,1.0,1.1172925695746017e-08,1.0
0.0,1.0,1.1177720971033978e-08,1.0
0.0,1.0,1.117575987308328e-08,1.0
0.0,1.0,0.0,1.0
0.0,1.0,1.1171668035103721e-08,1.0
0.0,1.0,1.1177827552444342e-08,1.0
0.0,1.0,1.1172819114335653e-08,1.0
0.0,1.0,1.116983572302388e-08,1.0
0.0,1.0,2.0009896517514392e-11,1.0
0.0,1.0,1.1168301838893058e-08,1.0
0.0,1.0,3.067162544995519e-14,1.0
0.0,1.0,1.1170922853409593e-08,1.0
0.0,1.0,1.1178403980238727e-08,1.0
0.0,1.0,1.1184076775805352e-08,1.0
0.0,1.0,1.117743660757238e-13,1.0
0.0,1.0,1.1180194547932842e-08,1.0
0.0,1.0,1.1173734826286363e-08,1.0
0.0,1.0,1.1168046043508184e-08,1.0
0.0,1.0,1.1172179625873468e-08,1.0
0.0,1.0,1.1171071179205683e-08,1.0
0.0,1.0,2.8401709553151235e-17,1.0
0.0,1.0,1.1184567050293026e-08,1.0
0.0,1.0,1.1178233449982145e-08,1.0
0.0,1.0,1.118497205965241e-08,1.0
0.0,1.0,1.1177678338469832e-08,1.0
0.0,1.0,1.1173884928439293e-08,1.0
0.0,1.0,1.117857451049531e-08,1.0
0.0,1.0,1.1180749659445155e-08,1.0
0.0,1.0,0.0,1.0
0.0,1.0,1.1180492975881862e-08,1.0
0.0,1.0,1.1182199166626106e-08,1.0
0.0,1.0,0.0,1.0
0.0,1.0,2.3652484830285102e-20,1.0
0.0,1.0,1.117537618000597e-08,1.0
0.0,1.0,1.1185953496806178e-08,1.0
0.0,1.0,1.1172435421258342e-08,1.0
0.0,1.0,1.1170134150972899e-08,1.0
0.0,1.0,1.118070613870259e-08,1.0
0.0,1.0,1.1207651695599452e-08,1.0
0.0,1.0,0.0,1.0
0.0,1.0,1.1174225100774038e-08,1.0
0.0,1.0,1.117424641705611e-08,1.0
0.0,1.0,1.1180386394471498e-08,1.0
0.0,1.0,1.0752675833058944e-10,1.0
0.0,1.0,1.1176612524366192e-08,1.0
0.0,1.0,1.1175290914877678e-08,1.0
0.0,1.0,1.1173266756259181e-08,1.0
0.0,1.0,3.3766377281058135e-12,1.0
0.0,1.0,1.1174182468209892e-08,1.0
0.0,1.0,1.1177550440777395e-08,1.0
0.0,1.0,1.1185868231677887e-08,1.0
0.0,1.0,1.1176399361545464e-08,1.0
0.0,1.0,1.1181005454830029e-08,1.0
0.0,1.0,1.1169261071586334e-08,1.0
0.0,1.0,1.1173010960874308e-08,1.0
0.0,1.0,1.1183649561985476e-08,1.0
0.0,1.0,1.1171987779334813e-08,1.0
0.0,1.0,1.1196861215978515e-08,1.0
0.0,1.0,1.1167727187455512e-08,1.0
0.0,1.0,1.1180215864214915e-08,1.0
0.0,1.0,1.117789150129056e-08,1.0
0.0,1.0,1.1178318715110436e-08,1.0
0.0,1.0,1.117303227715638e-08,1.0
0.0,1.0,1.1133591826251177e-08,1.0
0.0,1.0,1.1184951631548756e-08,1.0
0.0,1.0,1.1182625492267562e-08,1.0
0.0,1.0,1.1188130422112863e-08,1.0
0.0,1.0,1.1338077143818737e-08,1.0
0.0,1.0,1.118795989185628e-08,1.0
0.0,1.0,1.1177081482571793e-08,1.0
0.0,1.0,1.118749004547226e-08,1.0
0.0,1.0,1.1177934133854706e-08,1.0
0.0,1.0,1.1142641476169501e-08,1.0
0.0,1.0,1.117614356616059e-08,1.0
0.0,1.0,1.1267409227855296e-08,1.0
0.0,1.0,1.1173224123695036e-08,1.0
0.0,1.0,1.117972558972724e-08,1.0
0.0,1.0,1.1178531877931164e-08,1.0
0.0,1.0,1.1174800640390004e-08,1.0
0.0,1.0,1.1183287185190238e-08,1.0
0.0,1.0,1.1181964687523305e-08,1.0
0.0,1.0,1.1185335324626067e-08,1.0
0.0,1.0,1.1170880220845447e-08,1.0
0.0,1.0,1.1177678338469832e-08,1.0
0.0,1.0,1.1177550440777395e-08,1.0
0.0,1.0,1.1174331682184402e-08,1.0
0.0,1.0,1.1179597692034804e-08,1.0
0.0,1.0,1.1171795932796158e-08,1.0
0.0,1.0,1.1179661640881022e-08,1.0
0.0,1.0,3.4951097341497043e-17,1.0
0.0,1.0,1.1169622560203152e-08,1.0
0.0,1.0,1.1174097203081601e-08,1.0
0.0,1.0,1.1180471659599789e-08,1.0
0.0,1.0,1.1175973035904008e-08,1.0
0.0,1.0,1.1181453096753557e-08,1.0
0.0,1.0,1.1184375203754371e-08,1.0
0.0,1.0,1.117119907689812e-08,1.0
0.0,1.0,1.1179832171137605e-08,1.0
0.0,1.0,1.116399950262803e-08,1.0
0.0,1.0,1.1179256631521639e-08,1.0
0.0,1.0,1.1176612524366192e-08,1.0
0.0,1.0,1.1172094360745177e-08,1.0
0.0,1.0,3.8920060774216836e-07,0.9999998807907104
0.0,1.0,1.1173394653951618e-08,1.0
0.0,1.0,1.1183500348010966e-08,1.0
0.0,1.0,1.118132519906112e-08,1.0
0.0,1.0,1.1171795932796158e-08,1.0
0.0,1.0,1.1172712532925289e-08,1.0
0.0,1.0,1.3051871974312235e-06,0.9999990463256836
0.0,1.0,1.1133336919044723e-08,1.0
0.0,1.0,1.1180813608291373e-08,1.0
0.0,1.0,1.1178104664111288e-08,1.0
0.0,1.0,1.1179043468700911e-08,1.0
0.0,1.0,1.1176569891802046e-08,1.0
0.0,1.0,1.1181005454830029e-08,1.0
0.0,1.0,1.118307402236951e-08,1.0
0.0,1.0,1.1172861746899798e-08,1.0
0.0,1.0,1.1182669013010127e-08,1.0
0.0,1.0,1.1175120384621096e-08,1.0
0.0,1.0,1.1177422543084958e-08,1.0
0.0,1.0,1.117759307334154e-08,1.0
0.0,1.0,1.117469405897964e-08,1.0
0.0,1.0,1.1174736691543785e-08,1.0
0.0,1.0,1.1185527171164722e-08,1.0
0.0,1.0,1.118757531060055e-08,1.0
0.0,1.0,5.096193866210852e-12,1.0
0.0,1.0,1.118322323634402e-08,1.0
0.0,1.0,1.1166299884735054e-08,1.0
0.0,1.0,1.116672532219809e-08,1.0
0.0,1.0,1.1170986802255811e-08,1.0
0.0,1.0,1.1187063719830803e-08,1.0
0.0,1.0,1.1174587477569276e-08,1.0
0.0,1.0,1.1177635705905686e-08,1.0
0.0,1.0,1.2487569165386958e-06,0.9999977350234985
0.0,1.0,1.1174353886644894e-08,1.0
0.0,1.0,1.1178148184853853e-08,1.0
0.0,1.0,1.1184247306061934e-08,1.0
0.0,1.0,1.1178361347674581e-08,1.0
0.0,1.0,1.1174736691543785e-08,1.0
0.0,1.0,1.11882583198053e-08,1.0
0.0,1.0,1.1161636059853208e-08,1.0
0.0,1.0,1.1185953496806178e-08,1.0
0.0,1.0,1.1122915033467962e-08,1.0
0.0,1.0,1.1169793090459734e-08,1.0
0.0,1.0,1.117196646305274e-08,1.0
0.0,1.0,1.1174715375261712e-08,1.0
0.0,1.0,8.079137359118249e-11,1.0
0.0,1.0,1.1168046043508184e-08,1.0
0.0,1.0,2.1379454196585046e-12,1.0
0.0,1.0,1.1187788473421278e-08,1.0
0.0,1.0,1.1182882175830855e-08,1.0
0.0,1.0,1.1170560476614355e-08,1.0
0.0,1.0,8.158928608281713e-07,0.9999990463256836
0.0,1.0,1.1260533838708398e-08,1.0
0.0,1.0,1.1173649561158072e-08,1.0
0.0,1.0,1.1179213998957493e-08,1.0
0.0,1.0,1.1173970193567584e-08,1.0
0.0,1.0,1.1170155467254972e-08,1.0
0.0,1.0,1.1183948878112915e-08,1.0
0.0,1.0,1.1750898154617116e-34,1.0
0.0,1.0,1.118070613870259e-08,1.0
0.0,1.0,1.1175504077698406e-08,1.0
0.0,1.0,1.1173202807412963e-08,1.0
0.0,1.0,1.114134473567674e-08,1.0
0.0,1.0,1.1189730919625163e-08,1.0
0.0,1.0,1.1173799663311001e-08,1.0
0.0,1.0,1.117537618000597e-08,1.0
0.0,1.0,1.1177848868726414e-08,1.0
0.0,1.0,1.1169665192767297e-08,1.0
0.0,1.0,1.1178595826777382e-08,1.0
0.0,1.0,3.084080842270798e-14,1.0
0.0,1.0,1.1178489245367018e-08,1.0
0.0,1.0,1.1181303882779048e-08,1.0
0.0,1.0,1.1176910952315211e-08,1.0
0.0,1.0,1.1180237180496988e-08,1.0
0.0,1.0,1.1191609416982828e-08,1.0
0.0,1.0,1.1192890170264036e-08,1.0
0.0,1.0,1.1187468729190186e-08,1.0
0.0,1.0,1.1178595826777382e-08,1.0
0.0,1.0,1.1164468460833632e-08,1.0
0.0,1.0,8.232678861547216e-13,1.0
0.0,1.0,1.1181644943292213e-08,1.0
0.0,1.0,1.1199211336077042e-08,1.0
0.0,1.0,1.1173415970233691e-08,1.0
0.0,1.0,1.1173756142568436e-08,1.0
0.0,1.0,1.1170943281513246e-08,1.0
0.0,1.0,1.1177443859367031e-08,1.0
0.0,1.0,1.1179256631521639e-08,1.0
0.0,1.0,1.1181666259574286e-08,1.0
0.0,1.0,1.1181133352522465e-08,1.0
0.0,1.0,1.1179171366393348e-08,1.0
0.0,1.0,1.1168515001713786e-08,1.0
0.0,1.0,1.1175802505647425e-08,1.0
0.0,1.0,1.1178830305880183e-08,1.0
0.0,1.0,1.1172179625873468e-08,1.0
0.0,1.0,1.1171369607154702e-08,1.0
0.0,1.0,1.1178872938444329e-08,1.0
0.0,1.0,1.1181922054959159e-08,1.0
0.0,1.0,1.1174587477569276e-08,1.0
0.0,1.0,1.1198206806284361e-08,1.0
0.0,1.0,1.1174438263594766e-08,1.0
0.0,1.0,1.117614356616059e-08,1.0
0.0,1.0,1.1173926672825019e-08,1.0
0.0,1.0,1.117318149113089e-08,1.0
0.0,1.0,6.457995596065302e-07,0.999998927116394
0.0,1.0,1.1176740422058629e-08,1.0
0.0,1.0,1.1171945146770668e-08,1.0
0.0,1.0,1.1183862724806204e-08,1.0
0.0,1.0,1.116862158312415e-08,1.0
0.0,1.0,1.1172328839847978e-08,1.0
0.0,1.0,1.1170304681229482e-08,1.0
0.0,1.0,1.1179299264085785e-08,1.0
0.0,1.0,1.118650860831849e-08,1.0
0.0,1.0,1.1188045156984572e-08,1.0
0.0,1.0,1.1174843272954149e-08,1.0
0.0,1.0,1.1177550440777395e-08,1.0
0.0,1.0,1.1178745040751892e-08,1.0
0.0,1.0,1.1168429736585495e-08,1.0
0.0,1.0,1.1182754278138418e-08,1.0
0.0,1.0,1.1176058301032299e-08,1.0
0.0,1.0,1.1176228831288881e-08,1.0
0.0,1.0,1.1177465175649104e-08,1.0
0.0,1.0,1.1170773639435083e-08,1.0
0.0,1.0,6.57580213230618e-22,1.0
0.0,1.0,1.1181218617650757e-08,1.0
0.0,1.0,1.1192399007597942e-08,1.0
0.0,1.0,1.1192121895930995e-08,1.0
0.0,1.0,1.1176655156930337e-08,1.0
0.0,1.0,1.117575987308328e-08,1.0
0.0,1.0,1.1176100933596445e-08,1.0
0.0,1.0,1.1172286207283832e-08,1.0
0.0,1.0,1.117895820357262e-08,1.0
0.0,1.0,1.117051784405021e-08,1.0
0.0,1.0,1.1172222258437614e-08,1.0
0.0,1.0,1.1186167547805326e-08,1.0
0.0,1.0,1.1175631975390843e-08,1.0
0.0,1.0,1.1397507826416131e-08,1.0
0.0,1.0,1.116779113630173e-08,1.0
0.0,1.0,1.1182583747881836e-08,1.0
0.0,1.0,1.1165405489066416e-08,1.0
0.0,1.0,1.1158912016639988e-08,1.0
0.0,1.0,1.1165298907656052e-08,1.0
0.0,1.0,1.1165789182143726e-08,1.0
0.0,1.0,1.116210501805881e-08,1.0
0.0,1.0,1.1170262048665336e-08,1.0
0.0,1.0,1.114685055370046e-08,1.0
0.0,1.0,1.116604408935018e-08,1.0
0.0,1.0,1.1165107061117396e-08,1.0
0.0,1.0,1.1169261071586334e-08,1.0
0.0,1.0,2.1756800123815236e-20,1.0
0.0,1.0,1.1172350156130051e-08,1.0
0.0,1.0,1.1146956246932405e-08,1.0
0.0,1.0,1.1170667058024719e-08,1.0
0.0,1.0,1.1153953316522802e-08,1.0
0.0,1.0,1.1166981117582964e-08,1.0
0.0,1.0,2.0042052593534697e-23,1.0
0.0,1.0,1.1165682600733362e-08,1.0
0.0,1.0,1.1157315960019787e-08,1.0
0.0,1.0,1.1165576019322998e-08,1.0
0.0,1.0,1.122018566945826e-08,1.0
0.0,1.0,9.34564889481932e-19,1.0
0.0,1.0,1.1172861746899798e-08,1.0
0.0,1.0,1.116589487537567e-08,1.0
0.0,1.0,5.986966584714537e-07,0.9999991655349731
0.0,1.0,1.1164915214578741e-08,1.0
0.0,1.0,2.3314805747481897e-24,1.0
0.0,1.0,1.1166598312684073e-08,1.0
0.0,1.0,1.117537618000597e-08,1.0
0.0,1.0,1.1163744595421576e-08,1.0
0.0,1.0,1.1169196234561696e-08,1.0
0.0,1.0,1.1165789182143726e-08,1.0
0.0,1.0,1.1162041069212592e-08,1.0
0.0,1.0,1.1168728164534514e-08,1.0
0.0,1.0,5.696839407562158e-20,1.0
0.0,1.0,1.1164936530860814e-08,1.0
0.0,1.0,1.116468073547594e-08,1.0
0.0,1.0,1.1166129354478471e-08,1.0
0.0,1.0,5.907151262363186e-06,0.999994695186615
0.0,1.0,1.1163956870063885e-08,1.0
0.0,1.0,1.1169409397382424e-08,1.0
0.0,1.0,1.1163360902344266e-08,1.0
0.0,1.0,1.1167599289763075e-08,1.0
0.0,1.0,1.1165639079990797e-08,1.0
0.0,1.0,1.1168515001713786e-08,1.0
0.0,1.0,1.1163254320933902e-08,1.0
0.0,1.0,1.1167428759506492e-08,1.0
0.0,1.0,1.1157953672125132e-08,1.0
0.0,1.0,5.373347915217791e-28,1.0
0.0,1.0,1.1165830926529452e-08,1.0
0.0,1.0,1.1167918145815747e-08,1.0
0.0,1.0,1.1160954827005298e-08,1.0
0.0,1.0,1.1161338520082609e-08,1.0
0.0,1.0,1.1165320223938124e-08,1.0
0.0,1.0,1.116225423203332e-08,1.0
0.0,1.0,1.1158124202381714e-08,1.0
0.0,1.0,1.1164042135192176e-08,1.0
0.0,1.0,1.1170624425460574e-08,1.0
0.0,1.0,1.1157464285815877e-08,1.0
0.0,1.0,1.1159826840412279e-08,1.0
0.0,1.0,3.075051656270859e-30,1.0
0.0,1.0,5.671538897394588e-26,1.0
0.0,1.0,1.1139156264050598e-08,1.0
0.0,1.0,3.2009364897310443e-25,1.0
0.0,1.0,1.1160763868645063e-08,1.0
0.0,1.0,1.1159698942719842e-08,1.0
0.0,1.0,1.1159826840412279e-08,1.0
0.0,1.0,1.5264125573794386e-15,1.0
0.0,1.0,1.1161785273827718e-08,1.0
0.0,1.0,1.1206775063499208e-08,1.0
0.0,1.0,1.1166938485018818e-08,1.0
0.0,1.0,1.1166513047555782e-08,1.0
0.0,1.0,1.1167876401430021e-08,1.0
0.0,1.0,1.1162083701776737e-08,1.0
0.0,1.0,8.391452865907922e-09,1.0
0.0,1.0,2.140041699405515e-09,1.0
0.0,1.0,1.1168259206328912e-08,1.0
0.0,1.0,1.2866027218244203e-18,1.0
0.0,1.0,1.1156677359736022e-08,1.0
0.0,1.0,1.1163936441960232e-08,1.0
0.0,1.0,1.1181346515343193e-08,1.0
0.0,1.0,1.120034287538374e-08,1.0
0.0,1.0,1.1169196234561696e-08,1.0
0.0,1.0,1.1172328839847978e-08,1.0
0.0,1.0,1.1167279545531983e-08,1.0
0.0,1.0,1.1143193923146555e-08,1.0
0.0,1.0,1.1165789182143726e-08,1.0
0.0,1.0,1.1167705871173439e-08,1.0
0.0,1.0,1.1167087698993328e-08,1.0
0.0,1.0,6.384163027025323e-16,1.0
0.0,1.0,1.1221555240581438e-08,1.0
0.0,1.0,1.1165958824221889e-08,1.0
0.0,1.0,1.1086955346741153e-22,1.0
0.0,1.0,1.1161657376135281e-08,1.0
0.0,1.0,1.1164553725961923e-08,1.0
0.0,1.0,1.1163190372087683e-08,1.0
0.0,1.0,1.1163041158113174e-08,1.0
0.0,1.0,1.1168344471457203e-08,1.0
0.0,1.0,1.1178381775778234e-08,1.0
0.0,1.0,1.1185399273472285e-08,1.0
0.0,1.0,1.1164596358526069e-08,1.0
0.0,1.0,1.1168429736585495e-08,1.0
0.0,1.0,1.1162956781163302e-08,1.0
0.0,1.0,1.1170240732383263e-08,1.0
0.0,1.0,1.3757093337771198e-12,1.0
0.0,1.0,1.116885606222695e-08,1.0
0.0,1.0,1.1165128377399469e-08,1.0
0.0,1.0,1.1155655954553367e-08,1.0
0.0,1.0,1.1171923830488595e-08,1.0
0.0,1.0,1.1163574065164994e-08,1.0
0.0,1.0,1.1177870185008487e-08,1.0
0.0,1.0,1.1171093383666175e-08,1.0
0.0,1.0,1.1166491731273709e-08,1.0
0.0,1.0,1.1170283364947409e-08,1.0
0.0,1.0,1.1173117542284672e-08,1.0
0.0,1.0,1.1165533386758852e-08,1.0
0.0,1.0,1.1160849133773354e-08,1.0
0.0,1.0,1.1171071179205683e-08,1.0
0.0,1.0,1.1164340563141195e-08,1.0
0.0,1.0,1.1163488800036703e-08,1.0
0.0,1.0,1.1161189306108099e-08,1.0
0.0,1.0,1.1168387104021349e-08,1.0
0.0,1.0,1.116278625090672e-08,1.0
0.0,1.0,1.1168834745944878e-08,1.0
0.0,1.0,1.1183862724806204e-08,1.0
0.0,1.0,1.117241410497627e-08,1.0
0.0,1.0,1.1165937507939816e-08,1.0
0.0,1.0,1.1159954738104716e-08,1.0
0.0,1.0,1.1161700896877846e-08,1.0
0.0,1.0,1.1168216573764767e-08,1.0
0.0,1.0,1.1173202807412963e-08,1.0
0.0,1.0,1.1181495729317703e-08,1.0
0.0,1.0,1.1169388081100351e-08,1.0
0.0,1.0,1.1286121370801538e-08,1.0
0.0,1.0,1.1278202372011492e-08,1.0
0.0,1.0,1.1166385149863345e-08,1.0
0.0,1.0,1.1163233004651829e-08,1.0
0.0,1.0,1.11668745361726e-08,1.0
0.0,1.0,1.1170432578921918e-08,1.0
0.0,1.0,1.1158038937253423e-08,1.0
0.0,1.0,1.117021941610119e-08,1.0
0.0,1.0,1.1166662261530291e-08,1.0
0.0,1.0,1.116127457123639e-08,1.0
0.0,1.0,1.1266248378660748e-08,1.0
0.0,1.0,1.1169196234561696e-08,1.0
0.0,1.0,1.116429793057705e-08,1.0
0.0,1.0,1.1163829860549868e-08,1.0
0.0,1.0,1.116953729507486e-08,1.0
0.0,1.0,1.1163829860549868e-08,1.0
0.0,1.0,1.1167577973481002e-08,1.0
0.0,1.0,1.1160040003233007e-08,1.0
0.0,1.0,1.1167535340916857e-08,1.0
0.0,1.0,1.1163019841831101e-08,1.0
0.0,1.0,1.1167471392070638e-08,1.0
0.0,1.0,1.116506442855325e-08,1.0
0.0,1.0,1.1163829860549868e-08,1.0
0.0,1.0,1.1161402468928827e-08,1.0
0.0,1.0,1.1158656221255114e-08,1.0
0.0,1.0,1.1160934398901645e-08,1.0
0.0,1.0,1.1163510116318776e-08,1.0
0.0,1.0,1.1163339586062193e-08,1.0
0.0,1.0,1.1169899671870098e-08,1.0
0.0,1.0,1.1156634727171877e-08,1.0
0.0,1.0,1.1158784118947551e-08,1.0
0.0,1.0,2.3730247367820256e-13,1.0
0.0,1.0,1.1167151647839546e-08,1.0
0.0,1.0,1.1166598312684073e-08,1.0
0.0,1.0,1.1163808544267795e-08,1.0
0.0,1.0,1.1164084767756322e-08,1.0
0.0,1.0,1.115952930064168e-08,1.0
0.0,1.0,1.8241135905932468e-21,1.0
0.0,1.0,1.1165320223938124e-08,1.0
0.0,1.0,1.1191331417137462e-08,1.0
0.0,1.0,1.1168685531970368e-08,1.0
0.0,1.0,1.1167876401430021e-08,1.0
0.0,1.0,1.1164553725961923e-08,1.0
0.0,1.0,1.1163744595421576e-08,1.0
0.0,1.0,1.1168813429662805e-08,1.0
0.0,1.0,1.7133842122873943e-09,1.0
0.0,1.0,1.1158570956126823e-08,1.0
0.0,1.0,1.1169920988152171e-08,1.0
0.0,1.0,1.1160913082619572e-08,1.0
0.0,1.0,3.16534396915813e-07,0.9999997019767761
0.0,1.0,1.1166086721914326e-08,1.0
0.0,1.0,1.1169665192767297e-08,1.0
0.0,1.0,1.1160721236080917e-08,1.0
0.0,1.0,1.1168493685431713e-08,1.0
0.0,1.0,1.1162615720650138e-08,1.0
0.0,1.0,1.1160380175567752e-08,1.0
0.0,1.0,1.1177550440777395e-08,1.0
0.0,1.0,5.44363931709313e-09,1.0
0.0,1.0,1.1165490754194707e-08,1.0
0.0,1.0,1.1171476188565066e-08,1.0
0.0,1.0,1.1163446167472557e-08,1.0
0.0,1.0,1.1162807567188793e-08,1.0
0.0,1.0,1.116059333838848e-08,1.0
0.0,1.0,1.116702375014711e-08,1.0
0.0,1.0,1.1196861215978515e-08,1.0
0.0,1.0,1.1190371296265766e-08,1.0
0.0,1.0,1.1187639259446769e-08,1.0
0.0,1.0,1.1201902516688733e-08,1.0
0.0,1.0,1.1221426454710581e-08,1.0
0.0,1.0,1.119077630562515e-08,1.0
0.0,1.0,1.1210880224155062e-08,1.0
0.0,1.0,1.1197267113516318e-08,1.0
0.0,1.0,1.1202907046481414e-08,1.0
0.0,1.0,4.874824988121418e-10,1.0
0.0,1.0,1.1193402649212203e-08,1.0
0.0,1.0,1.1218002526902637e-08,1.0
0.0,1.0,1.1209575490056523e-08,1.0
0.0,1.0,1.120256509778983e-08,1.0
0.0,1.0,1.1205343319886651e-08,1.0
0.0,1.0,1.1208698857956279e-08,1.0
0.0,1.0,1.1231811924972135e-08,1.0
0.0,1.0,1.1193871607417805e-08,1.0
0.0,1.0,5.85982377288019e-07,0.999999463558197
0.0,1.0,1.5518304508077563e-06,0.9999987483024597
0.0,1.0,1.2069934030023433e-07,0.9999998807907104
0.0,1.0,1.120848569513555e-08,1.0
0.0,1.0,1.1191801263521484e-08,1.0
0.0,1.0,1.1216591211393734e-08,1.0
0.0,1.0,1.119414960726317e-08,1.0
0.0,1.0,1.1210345540746403e-08,1.0
0.0,1.0,1.1197160532105954e-08,1.0
0.0,1.0,1.1186402026908127e-08,1.0
0.0,1.0,1.1209704275927379e-08,1.0
0.0,1.0,1.1200856242510326e-08,1.0
0.0,1.0,1.1203676208992874e-08,1.0
0.0,1.0,7.329549134738045e-06,0.9999939203262329
0.0,1.0,1.0569826372375246e-05,0.9999916553497314
0.0,1.0,1.1197011318131445e-08,1.0
0.0,1.0,1.1201539251715076e-08,1.0
0.0,1.0,1.1226136464870251e-08,1.0
0.0,1.0,1.1193039384238546e-08,1.0
0.0,1.0,1.1189837501035527e-08,1.0
0.0,1.0,1.1212226702639327e-08,1.0
0.0,1.0,1.1207224481779576e-08,1.0
0.0,1.0,1.1207267114343722e-08,1.0
0.0,1.0,1.1227935026170144e-08,1.0
0.0,1.0,3.5341713555681054e-07,0.9999997615814209
0.0,1.0,6.890179804486252e-08,0.9999999403953552
0.0,1.0,1.759044798710363e-09,1.0
0.0,1.0,1.1622325324367466e-08,1.0
0.0,1.0,9.912247911358918e-09,1.0
0.0,1.0,4.052089863648689e-08,0.9999999403953552
0.0,1.0,1.119773695990034e-08,1.0
0.0,1.0,2.661564124650795e-08,1.0
0.0,1.0,3.101477258282994e-29,1.0
0.0,1.0,5.416113424416835e-08,0.9999999403953552
0.0,1.0,1.5619283999512845e-07,0.9999998807907104
0.0,1.0,2.9074405460960406e-07,0.9999997019767761
0.0,1.0,2.106792074130226e-08,1.0
0.0,1.0,7.19349145583692e-07,0.999999463558197
0.0,1.0,1.121494364042519e-08,1.0
0.0,1.0,1.1206112482398112e-08,1.0
0.0,1.0,1.1356560136732696e-08,1.0
0.0,1.0,7.378434361271502e-07,0.999999463558197
0.0,1.0,1.243122369487537e-06,0.9999991655349731
0.0,1.0,1.119773695990034e-08,1.0
0.0,1.0,1.1200684824075324e-08,1.0
0.0,1.0,1.1204916106066776e-08,1.0
0.0,1.0,1.1188578064036392e-08,1.0
0.0,1.0,1.1196883420439008e-08,1.0
0.0,1.0,1.1189773552189308e-08,1.0
0.0,1.0,1.1200129712563012e-08,1.0
0.0,1.0,1.1187980319959934e-08,1.0
0.0,1.0,1.118970960334309e-08,1.0
0.0,1.0,1.119169468211112e-08,1.0
0.0,1.0,1.1239634112314434e-08,1.0
0.0,1.0,1.1197523797079612e-08,1.0
0.0,1.0,1.1201581884279221e-08,1.0
0.0,1.0,1.1197609062207903e-08,1.0
0.0,1.0,1.12021805165341e-08,1.0
0.0,1.0,1.1223138862703763e-08,1.0
0.0,1.0,1.1200556926382887e-08,1.0
0.0,1.0,1.1184844161959973e-08,1.0
0.0,1.0,1.119284753769989e-08,1.0
0.0,1.0,4.524374332959269e-07,0.9999996423721313
0.0,1.0,1.1226371832151472e-08,1.0
0.0,1.0,1.1213766804019087e-08,1.0
0.0,1.0,1.1267881738774577e-08,1.0
0.0,1.0,1.1187532678036405e-08,1.0
0.0,1.0,1.120916959251872e-08,1.0
0.0,1.0,1.1204659422503482e-08,1.0
0.0,1.0,2.631856887091999e-06,0.9999976754188538
0.0,1.0,1.1212804906790552e-08,1.0
0.0,1.0,1.1201239935587637e-08,1.0
0.0,1.0,1.1205129268887504e-08,1.0
0.0,1.0,2.4943929588516767e-07,0.9999998211860657
0.0,1.0,1.6838040347460147e-26,1.0
0.0,1.0,1.1205322003604579e-08,1.0
0.0,1.0,1.121162807038445e-08,1.0
0.0,1.0,1.125454307526752e-08,1.0
0.0,1.0,1.1192207161059287e-08,1.0
0.0,1.0,1.1200300242819594e-08,1.0
0.0,1.0,1.1209190908800792e-08,1.0
0.0,1.0,1.120149661915093e-08,1.0
0.0,1.0,1.1204530636632626e-08,1.0
0.0,1.0,1.1206753747217135e-08,1.0
0.0,1.0,8.734093626117101e-08,0.9999998807907104
0.0,1.0,1.119329517962342e-08,1.0
0.0,1.0,1.1196754634568151e-08,1.0
0.0,1.0,1.1205428585014943e-08,1.0
0.0,1.0,1.121470827314397e-08,1.0
0.0,1.0,1.1214237538581528e-08,1.0
0.0,1.0,8.265393577899793e-12,1.0
0.0,1.0,1.1231276353385056e-08,1.0
0.0,1.0,1.1206540584396407e-08,1.0
0.0,1.0,1.1204060790248604e-08,1.0
0.0,1.0,1.1198378224719363e-08,1.0
0.0,1.0,1.1200856242510326e-08,1.0
0.0,1.0,1.1212334172228111e-08,1.0
0.0,1.0,1.1206583216960553e-08,1.0
0.0,1.0,1.1207800909573962e-08,1.0
0.0,1.0,1.1211307437974938e-08,1.0
0.0,1.0,1.1207566430471161e-08,1.0
0.0,1.0,7.4007999728564755e-09,1.0
0.0,1.0,1.12333973234513e-08,1.0
0.0,1.0,1.1198805438539239e-08,1.0
0.0,1.0,1.1188087789548717e-08,1.0
0.0,1.0,1.1202223149098245e-08,1.0
0.0,1.0,1.1203590943864583e-08,1.0
0.0,1.0,1.1191075621752589e-08,1.0
0.0,1.0,1.1205385952450797e-08,1.0
0.0,1.0,1.1190840254471368e-08,1.0
0.0,1.0,1.118719161752324e-08,1.0
0.0,1.0,1.1449997394663569e-08,1.0
0.0,1.0,1.1198676652668382e-08,1.0
0.0,1.0,1.1264443600111917e-08,1.0
0.0,1.0,1.1189624338214799e-08,1.0
0.0,1.0,1.1205236738476287e-08,1.0
0.0,1.0,1.1213318273917139e-08,1.0
0.0,1.0,1.1215777639961289e-08,1.0
0.0,1.0,1.1188556747754319e-08,1.0
0.0,1.0,1.1193124649366837e-08,1.0
0.0,1.0,1.1212440753638475e-08,1.0
0.0,1.0,1.1198848071103384e-08,1.0
0.0,1.0,1.1231019669821762e-08,1.0
0.0,1.0,1.119681858341437e-08,1.0
0.0,1.0,1.1202287097944463e-08,1.0
0.0,1.0,1.1197139215823881e-08,1.0
0.0,1.0,1.1228792118345154e-08,1.0
0.0,1.0,1.1215136375142265e-08,1.0
0.0,1.0,1.1193594495750858e-08,1.0
0.0,1.0,1.1209874806183961e-08,1.0
0.0,1.0,8.022388028822023e-25,1.0
0.0,1.0,1.1209447592364086e-08,1.0
0.0,1.0,1.1199146499052404e-08,1.0
0.0,1.0,1.1188087789548717e-08,1.0
0.0,1.0,1.1193551863186713e-08,1.0
0.0,1.0,1.1191886528649775e-08,1.0
0.0,1.0,5.010672907701519e-07,0.999999463558197
0.0,1.0,1.1436552149746149e-08,1.0
0.0,1.0,1.1187745840857133e-08,1.0
0.0,1.0,1.1185868231677887e-08,1.0
0.0,1.0,1.1203291627737144e-08,1.0
0.0,1.0,1.1197801796924978e-08,1.0
0.0,1.0,1.1210409489592621e-08,1.0
0.0,1.0,1.1209276173929084e-08,1.0
0.0,1.0,1.1196925164824734e-08,1.0
0.0,1.0,1.124139270558544e-08,1.0
0.0,1.0,1.1198164173720215e-08,1.0
0.0,1.0,1.1196050309081329e-08,1.0
0.0,1.0,1.1207395012036159e-08,1.0
0.0,1.0,1.1196220839337911e-08,1.0
0.0,1.0,1.121633363965202e-08,1.0
0.0,1.0,1.1191374049701608e-08,1.0
0.0,1.0,9.732177730370495e-09,1.0
0.0,1.0,1.1263004751072003e-08,1.0
0.0,1.0,1.1188045156984572e-08,1.0
0.0,1.0,1.120256509778983e-08,1.0
0.0,1.0,1.1208592276545915e-08,1.0
0.0,1.0,1.299106993444018e-22,1.0
0.0,1.0,1.1200514293818742e-08,1.0
0.0,1.0,1.1210580908027623e-08,1.0
0.0,1.0,1.1224937424003656e-08,1.0
0.0,1.0,1.1206518379935915e-08,1.0
0.0,1.0,1.3224567219083383e-08,1.0
0.0,1.0,1.1211158224000428e-08,1.0
0.0,1.0,1.1204189576119461e-08,1.0
0.0,1.0,1.119444892339061e-08,1.0
0.0,1.0,1.1204274841247752e-08,1.0
0.0,1.0,1.1204980054912994e-08,1.0
0.0,1.0,1.1211222172846647e-08,1.0
0.0,1.0,1.1186849668831655e-08,1.0
0.0,1.0,1.1193167281930982e-08,1.0
0.0,1.0,1.1203077576737996e-08,1.0
0.0,1.0,1.118970960334309e-08,1.0
0.0,1.0,1.1187148984959094e-08,1.0
0.0,1.0,1.120641179852555e-08,1.0
0.0,1.0,1.1208229011572257e-08,1.0
0.0,1.0,1.1200172345127157e-08,1.0
0.0,1.0,1.1192441640162087e-08,1.0
0.0,1.0,1.1201069405331054e-08,1.0
0.0,1.0,1.141667560489168e-08,1.0
0.0,1.0,1.1213681538890796e-08,1.0
0.0,1.0,3.2637167707988413e-12,1.0
0.0,1.0,1.1198676652668382e-08,1.0
0.0,1.0,1.1200856242510326e-08,1.0
0.0,1.0,1.1189388970933578e-08,1.0
0.0,1.0,1.119773695990034e-08,1.0
0.0,1.0,1.1293528778821837e-08,1.0
0.0,1.0,1.119927528492326e-08,1.0
0.0,1.0,1.1213596273762505e-08,1.0
0.0,1.0,1.1208165062726039e-08,1.0
0.0,1.0,1.1200000926692155e-08,1.0
0.0,1.0,1.1286251044850815e-08,1.0
0.0,1.0,1.120748027716445e-08,1.0
0.0,1.0,1.1228770802063082e-08,1.0
0.0,1.0,2.1068569822091376e-07,0.9999998211860657
0.0,1.0,1.1215520956397995e-08,1.0
0.0,1.0,1.118894132901005e-08,1.0
0.0,1.0,1.120940495979994e-08,1.0
0.0,1.0,1.1180684822420517e-08,1.0
0.0,1.0,1.210449198651986e-07,0.9999998807907104
0.0,1.0,1.1194534188518901e-08,1.0
0.0,1.0,1.1191652049546974e-08,1.0
0.0,1.0,1.2494502321658274e-08,1.0
0.0,1.0,1.2636721002934337e-08,1.0
0.0,1.0,1.2200785270977121e-08,1.0
0.0,1.0,1.2422027850789163e-08,1.0
0.0,1.0,1.2299385510061711e-08,1.0
0.0,1.0,1.2850222219640273e-08,1.0
0.0,1.0,1.3092278372539567e-08,1.0
0.0,1.0,1.2375369173867057e-08,1.0
0.0,1.0,1.2572338725647114e-08,1.0
0.0,1.0,1.2681510952461394e-08,1.0
0.0,1.0,1.5041782930325098e-08,1.0
0.0,1.0,1.2494979273469653e-08,1.0
0.0,1.0,1.6968021654406584e-08,1.0
0.0,1.0,1.2514393965545878e-08,1.0
0.0,1.0,1.275041494608331e-08,1.0
0.0,1.0,1.2590168019244175e-08,1.0
0.0,1.0,1.2533766025057957e-08,1.0
0.0,1.0,1.2506614410767725e-08,1.0
0.0,1.0,2.033993062866557e-08,1.0
0.0,1.0,6.083655986720892e-17,1.0
0.0,1.0,1.256725568055117e-08,1.0
0.0,1.0,1.2580518848892552e-08,1.0
0.0,1.0,1.2617141109672048e-08,1.0
0.0,1.0,1.2344721689316884e-08,1.0
0.0,1.0,1.2388239767346931e-08,1.0
0.0,1.0,1.2270470861608374e-08,1.0
0.0,1.0,1.239958713483702e-08,1.0
0.0,1.0,1.2856204101296953e-08,1.0
0.0,1.0,1.2283091876952312e-08,1.0
0.0,1.0,3.3546129429851135e-08,1.0
0.0,1.0,1.2695159590236926e-08,1.0
0.0,1.0,1.2160916718073622e-08,1.0
0.0,1.0,1.2526572668036806e-08,1.0
0.0,1.0,1.2486736089556416e-08,1.0
0.0,1.0,1.2348818856366961e-08,1.0
0.0,1.0,1.2293615903047339e-08,1.0
0.0,1.0,1.2463559961872761e-08,1.0
0.0,1.0,1.248921321916896e-08,1.0
0.0,1.0,1.2301027751959737e-08,1.0
0.0,1.0,1.3011669075524424e-08,1.0
0.0,1.0,1.2734131971114948e-08,1.0
0.0,1.0,1.2451584652239944e-08,1.0
0.0,1.0,1.2556760964343994e-08,1.0
0.0,1.0,1.2316522912669825e-08,1.0
0.0,1.0,1.2413690519963438e-08,1.0
0.0,1.0,1.2351622835637954e-08,1.0
0.0,1.0,1.2588055042783708e-08,1.0
0.0,1.0,1.2536994553613567e-08,1.0
0.0,1.0,1.2245874536631618e-08,1.0
0.0,1.0,1.241406888397023e-08,1.0
0.0,1.0,7.815999234975441e-20,1.0
0.0,1.0,1.2542017202576972e-08,1.0
0.0,1.0,1.2501129020847657e-08,1.0
0.0,1.0,1.2145502381599727e-08,1.0
0.0,1.0,1.3418893551886413e-08,1.0
0.0,1.0,1.2346487388015248e-08,1.0
0.0,1.0,1.2616443001434163e-08,1.0
0.0,1.0,1.2341779154212418e-08,1.0
0.0,1.0,1.2213194899857172e-08,1.0
0.0,1.0,1.2609129740326352e-08,1.0
0.0,1.0,1.749634305167093e-14,1.0
0.0,1.0,1.250008008213399e-08,1.0
0.0,1.0,2.0116157628535802e-08,1.0
0.0,1.0,1.2238869473435443e-08,1.0
0.0,1.0,1.567048180106667e-08,1.0
0.0,1.0,1.4272298696954067e-16,1.0
0.0,1.0,1.2589135955920483e-08,1.0
0.0,1.0,1.2305720886729432e-08,1.0
0.0,1.0,1.2469432597583818e-08,1.0
0.0,1.0,1.0163864317098345e-17,1.0
0.0,1.0,1.2623351253182591e-08,1.0
0.0,1.0,1.2967716678247143e-08,1.0
0.0,1.0,1.26479093864873e-08,1.0
0.0,1.0,1.2220581879773817e-08,1.0
0.0,1.0,1.2575863905794904e-08,1.0
0.0,1.0,1.2850197350644521e-08,1.0
0.0,1.0,1.2296617946105926e-08,1.0
0.0,1.0,1.2267802773635594e-08,1.0
0.0,1.0,1.210062094969544e-08,1.0
0.0,1.0,1.2618753153503803e-08,1.0
0.0,1.0,1.2322067810544013e-08,1.0
0.0,1.0,1.2604272292549012e-08,1.0
0.0,1.0,1.23094299198101e-08,1.0
0.0,1.0,1.2249611991421716e-08,1.0
0.0,1.0,1.2372630919799121e-08,1.0
0.0,1.0,1.2794900250412411e-08,1.0
0.0,1.0,1.2323830844707118e-08,1.0
0.0,1.0,1.2338342791906598e-08,1.0
0.0,1.0,1.2226456291841714e-08,1.0
0.0,1.0,1.2527385351290832e-08,1.0
0.0,1.0,1.2387507908329098e-08,1.0
0.0,1.0,1.2544074223796997e-08,1.0
0.0,1.0,3.382270318988581e-24,1.0
0.0,1.0,1.2336930588219275e-08,1.0
0.0,1.0,1.2756691702975331e-08,1.0
0.0,1.0,1.2892694023491913e-08,1.0
0.0,1.0,1.2818643035927835e-08,1.0
0.0,1.0,5.441970225145143e-12,1.0
0.0,1.0,1.2566297336036314e-08,1.0
0.0,1.0,1.2484306921578536e-08,1.0
0.0,1.0,1.2775634772310696e-08,1.0
0.0,1.0,1.2562654916337124e-08,1.0
0.0,1.0,1.250594650059611e-08,1.0
0.0,1.0,1.2565721796420348e-08,1.0
0.0,1.0,1.2347853406424747e-08,1.0
0.0,1.0,1.282700790028457e-08,1.0
0.0,1.0,1.2390082737567809e-08,1.0
0.0,1.0,1.2528293069635765e-08,1.0
0.0,1.0,1.2371309310310608e-08,1.0
0.0,1.0,1.2414330008425623e-08,1.0
0.0,1.0,1.2404696825285555e-08,1.0
0.0,1.0,1.2287989292758539e-08,1.0
0.0,1.0,1.2251248016070804e-08,1.0
0.0,1.0,1.2517258340949411e-08,1.0
0.0,1.0,1.2531734761012103e-08,1.0
0.0,1.0,1.2465984688958542e-08,1.0
0.0,1.0,1.216346845467342e-08,1.0
0.0,1.0,1.2514274061459219e-08,1.0
0.0,1.0,1.232260871120161e-08,1.0
0.0,1.0,1.2714957975390462e-08,1.0
0.0,1.0,1.2368690960329332e-08,1.0
0.0,1.0,1.2488426293089105e-08,1.0
0.0,1.0,1.2492548329134934e-08,1.0
0.0,1.0,1.3150992295152264e-08,1.0
0.0,1.0,1.2444936636768489e-08,1.0
0.0,1.0,1.2203251742448629e-08,1.0
0.0,1.0,1.2241507363341952e-08,1.0
0.0,1.0,1.2444390407040373e-08,1.0
0.0,1.0,2.5410760215946348e-21,1.0
0.0,1.0,1.2503442725630975e-08,1.0
0.0,1.0,1.2461040199696072e-08,1.0
0.0,1.0,1.2535751103825987e-08,1.0
0.0,1.0,1.2408150951159769e-08,1.0
0.0,1.0,1.2997753984222982e-08,1.0
0.0,1.0,1.2644002289619038e-08,1.0
0.0,1.0,1.2799732829194e-08,1.0
0.0,1.0,1.2251388348261116e-08,1.0
0.0,1.0,1.2698865070603915e-08,1.0
0.0,1.0,1.3996650061187665e-08,1.0
0.0,1.0,1.2490404266429778e-08,1.0
0.0,1.0,1.314422171105889e-08,1.0
0.0,1.0,1.2406447424950784e-08,1.0
0.0,1.0,1.2647040747992833e-08,1.0
0.0,1.0,1.2564787432722824e-08,1.0
0.0,1.0,1.2382475489403078e-08,1.0
0.0,1.0,1.0666336702769286e-09,1.0
0.0,1.0,1.2523132753017308e-08,1.0
0.0,1.0,1.2270025884220104e-08,1.0
0.0,1.0,1.266004989730618e-08,1.0
0.0,1.0,1.3020432731991605e-08,1.0
0.0,1.0,1.2547927141781656e-08,1.0
0.0,1.0,1.2564187912289526e-08,1.0
0.0,1.0,1.2400627191766489e-08,1.0
0.0,1.0,1.2632287216263194e-08,1.0
0.0,1.0,1.2450397157692805e-08,1.0
0.0,1.0,1.2889251443937155e-08,1.0
0.0,1.0,1.2222259648808631e-08,1.0
0.0,1.0,1.2506423452407489e-08,1.0
0.0,1.0,1.2276275995759534e-08,1.0
0.0,1.0,1.2442040286941847e-08,1.0
0.0,1.0,1.1951320821879108e-08,1.0
0.0,1.0,1.2418616357479095e-08,1.0
0.0,1.0,1.4182488452861647e-22,1.0
0.0,1.0,1.248702119482914e-08,1.0
0.0,1.0,1.2694699513815522e-08,1.0
0.0,1.0,1.2469171473128426e-08,1.0
0.0,1.0,1.241395075624041e-08,1.0
0.0,1.0,1.791441693153571e-20,1.0
0.0,1.0,1.261204030100771e-08,1.0
0.0,1.0,1.2575144481274947e-08,1.0
0.0,1.0,1.2478783339986421e-08,1.0
0.0,1.0,1.1936923449695769e-08,1.0
0.0,1.0,1.3006657084702056e-08,1.0
0.0,1.0,1.2577135777291915e-08,1.0
0.0,1.0,1.2606196087006083e-08,1.0
0.0,1.0,1.2740472676853187e-08,1.0
0.0,1.0,1.2392942672079243e-08,1.0
0.0,1.0,1.2488403200450193e-08,1.0
0.0,1.0,5.318305078148447e-29,1.0
0.0,1.0,1.2625638312613319e-08,1.0
0.0,1.0,1.2672273896896513e-08,1.0
0.0,1.0,1.2679140404259215e-08,1.0
0.0,1.0,1.2616948374954973e-08,1.0
0.0,1.0,1.2597638487932272e-08,1.0
0.0,1.0,1.259965731748025e-08,1.0
0.0,1.0,1.2625373635444248e-08,1.0
0.0,1.0,1.2426696116563107e-08,1.0
0.0,1.0,1.235998858817311e-08,1.0
0.0,1.0,1.2512531455399767e-08,1.0
0.0,1.0,1.2459994813696085e-08,1.0
0.0,1.0,1.2978703445298834e-08,1.0
0.0,1.0,0.0,1.0
0.0,1.0,1.2418474248931943e-08,1.0
0.0,1.0,1.2464320242600024e-08,1.0
0.0,1.0,1.2910953195444108e-08,1.0
0.0,1.0,1.2360554357826459e-08,1.0
0.0,1.0,1.2498316159792466e-08,1.0
0.0,1.0,1.8019283842818368e-08,1.0
0.0,1.0,1.2456952802608612e-08,1.0
0.0,1.0,1.2259476100950906e-08,1.0
0.0,1.0,1.2414495209611687e-08,1.0
0.0,1.0,1.2657321413200862e-08,1.0
0.0,1.0,1.2404412608191251e-08,1.0
0.0,1.0,1.2415394934350843e-08,1.0
0.0,1.0,0.0,1.0
0.0,1.0,1.2681873329256632e-08,1.0
0.0,1.0,1.2598023069188002e-08,1.0
0.0,1.0,1.2429730134044803e-08,1.0
0.0,1.0,1.3016559385903292e-08,1.0
0.0,1.0,1.27691066609259e-08,1.0
0.0,1.0,1.2797536363962081e-08,1.0
0.0,1.0,4.493775122682564e-06,0.9999955296516418
0.0,1.0,1.2486140121836797e-08,1.0
0.0,1.0,1.2904109780720319e-08,1.0
0.0,1.0,1.285046735688411e-08,1.0
0.0,1.0,1.1823376944164465e-08,1.0
0.0,1.0,1.3608778992590942e-08,1.0
0.0,1.0,1.2482949784953234e-08,1.0
0.0,1.0,1.2958964568099418e-08,1.0
0.0,1.0,1.2492310297318454e-08,1.0
0.0,1.0,1.4615971544174045e-08,1.0
0.0,1.0,1.2426150775013411e-08,1.0
0.0,1.0,1.283841388755036e-08,1.0
0.0,1.0,1.2233734913991157e-08,1.0
0.0,1.0,1.2394692383566053e-08,1.0
0.0,1.0,1.2379028468956221e-08,1.0
0.0,1.0,1.455837761454859e-08,1.0
0.0,1.0,1.2822898298736618e-08,1.0
0.0,1.0,1.23710970356683e-08,1.0
0.0,1.0,1.4679558901775636e-08,1.0
0.0,1.0,1.2364468560122077e-08,1.0
0.0,1.0,1.2861256060148207e-08,1.0
0.0,1.0,2.0027568936598072e-08,1.0
0.0,1.0,9.284488733385388e-09,1.0
0.0,1.0,1.3394907405483991e-08,1.0
0.0,1.0,1.174007469018079e-08,1.0
0.0,1.0,1.8173604843241264e-08,1.0
0.0,1.0,1.254211223766788e-08,1.0
0.0,1.0,1.3894298156458262e-08,1.0
0.0,1.0,1.2850957631371784e-08,1.0
0.0,1.0,1.2526285786407243e-08,1.0
0.0,1.0,1.2512722413760002e-08,1.0
0.0,1.0,4.696224554248768e-26,1.0
0.0,1.0,1.256989268227926e-08,1.0
0.0,1.0,1.25326904409917e-08,1.0
0.0,1.0,5.089404098157502e-08,0.9999999403953552
0.0,1.0,1.2589567610632457e-08,1.0
0.0,1.0,1.2358881029683744e-08,1.0
0.0,1.0,1.2776780522472109e-08,1.0
0.0,1.0,1.2761704581976119e-08,1.0
0.0,1.0,1.2651118375117676e-08,1.0
0.0,1.0,1.2488260203724622e-08,1.0
0.0,1.0,1.2953305095209089e-08,1.0
0.0,1.0,1.239887748027968e-08,1.0
0.0,1.0,1.2307904029285055e-08,1.0
0.0,1.0,1.2674014726599125e-08,1.0
0.0,1.0,1.2455575237879657e-08,1.0
0.0,1.0,1.2527672232920395e-08,1.0
0.0,1.0,1.2166160523463532e-08,1.0
0.0,1.0,1.2559612017071231e-08,1.0
0.0,1.0,1.3142466670501562e-08,1.0
0.0,1.0,1.2694602702367774e-08,1.0
0.0,1.0,1.2389705261739437e-08,1.0
0.0,1.0,1.240228364451923e-08,1.0
0.0,1.0,1.2502559876281794e-08,1.0
0.0,1.0,4.075051588912275e-32,1.0
0.0,1.0,1.2792216175228077e-08,1.0
0.0,1.0,1.2544791871960115e-08,1.0
0.0,1.0,1.2536419902176021e-08,1.0
0.0,1.0,1.2736148136127667e-08,1.0
0.0,1.0,1.2519980607805792e-08,1.0
0.0,1.0,1.2579414843116865e-08,1.0
0.0,1.0,1.26184644955174e-08,1.0
0.0,1.0,1.2493167389493465e-08,1.0
0.0,1.0,1.2786459002711581e-08,1.0
0.0,1.0,1.2804568072510847e-08,1.0
0.0,1.0,1.2582414221640192e-08,1.0
0.0,1.0,1.521351228842382e-20,1.0
0.0,1.0,1.2509810964900225e-08,1.0
0.0,1.0,1.2726240505855912e-08,1.0
0.0,1.0,1.2623808665068736e-08,1.0
0.0,1.0,1.2566393259305642e-08,1.0
0.0,1.0,1.2888834000079896e-08,1.0
0.0,1.0,1.0059567098895004e-16,1.0
0.0,1.0,1.396441096090939e-08,1.0
0.0,1.0,1.2711781849361614e-08,1.0
0.0,1.0,1.301991137125924e-08,1.0
0.0,1.0,1.3063916171063283e-08,1.0
0.0,1.0,1.2843900165648847e-08,1.0
0.0,1.0,1.233173119175035e-08,1.0
0.0,1.0,1.2560642304038083e-08,1.0
0.0,1.0,1.3029650247631253e-08,1.0
0.0,1.0,1.2852158448595219e-08,1.0
0.0,1.0,1.2544457028695888e-08,1.0
0.0,1.0,1.2426340845195227e-08,1.0
0.0,1.0,1.237331570536071e-08,1.0
0.0,1.0,1.265560722885084e-08,1.0
0.0,1.0,1.3027636747153792e-08,1.0
0.0,1.0,7.903882909909167e-19,1.0
0.0,1.0,1.25638530690253e-08,1.0
0.0,1.0,1.254000725481319e-08,1.0
0.0,1.0,1.2485545042295598e-08,1.0
0.0,1.0,1.2726701470455737e-08,1.0
0.0,1.0,7.435989085637705e-17,1.0
0.0,1.0,1.2768546220343069e-08,1.0
0.0,1.0,1.2541322647052766e-08,1.0
0.0,1.0,1.2713648800399824e-08,1.0
0.0,1.0,2.492391262569641e-22,1.0
0.0,1.0,1.3125601716623692e-09,1.0
0.0,1.0,1.2095151546986926e-08,1.0
0.0,1.0,1.2489641321167255e-08,1.0
0.0,1.0,1.2451394582058128e-08,1.0
0.0,1.0,1.2536707671984004e-08,1.0
0.0,1.0,5.588760790958824e-13,1.0
0.0,1.0,1.2774928670467034e-08,1.0
0.0,1.0,1.2580470887257889e-08,1.0
0.0,1.0,1.2381767611202577e-08,1.0
0.0,1.0,1.285331041600557e-08,1.0
0.0,1.0,1.2243118518995288e-08,1.0
0.0,1.0,1.2433310381254614e-08,1.0
0.0,1.0,1.2725730691443005e-08,1.0
0.0,1.0,1.2092314705114404e-08,1.0
0.0,1.0,1.2406494498407028e-08,1.0
0.0,1.0,1.2799294069054667e-08,1.0
0.0,1.0,1.2812678917839548e-08,1.0
0.0,1.0,1.2274871785677988e-08,1.0
0.0,1.0,1.2365577006789863e-08,1.0
0.0,1.0,1.2684631123249801e-08,1.0
0.0,1.0,1.244878244932579e-08,1.0
0.0,1.0,1.256548198824703e-08,1.0
0.0,1.0,1.2442491481579054e-08,1.0
0.0,1.0,1.2389988590655321e-08,1.0
0.0,1.0,1.2466293775048598e-08,1.0
0.0,1.0,1.2422975537162984e-08,1.0
0.0,1.0,1.3162034129265976e-08,1.0
0.0,1.0,1.2496170320730471e-08,1.0
0.0,1.0,1.2326110798710488e-08,1.0
0.0,1.0,1.2390508175030845e-08,1.0
0.0,1.0,1.2673797122886299e-08,1.0
0.0,1.0,1.2887187317289772e-08,1.0
0.0,1.0,1.2540724902976308e-08,1.0
0.0,1.0,1.237435398593334e-08,1.0
0.0,1.0,1.2486593092830844e-08,1.0
0.0,1.0,1.3268960152856835e-08,1.0
0.0,1.0,1.2773588409231706e-08,1.0
0.0,1.0,1.4698049888295373e-08,1.0
0.0,1.0,1.2428924556218135e-08,1.0
0.0,1.0,1.2140059624243804e-08,1.0
0.0,1.0,1.2997183773677534e-08,1.0
0.0,1.0,1.243897962410756e-08,1.0
0.0,1.0,1.2526190751316335e-08,1.0
0.0,1.0,1.2093168244575736e-08,1.0
0.0,1.0,1.261588966627869e-08,1.0
0.0,1.0,6.337382387755497e-07,0.9999997615814209
0.0,1.0,1.231816693092469e-08,1.0
0.0,1.0,1.252786319128063e-08,1.0
0.0,1.0,1.031481566826642e-08,1.0
0.0,1.0,1.2328955634188787e-08,1.0
0.0,1.0,1.2388877479452276e-08,1.0
0.0,1.0,1.0959224638895648e-08,1.0
0.0,1.0,1.2592834330860114e-08,1.0
0.0,1.0,1.2211261335437484e-08,1.0
0.0,1.0,1.2253841497056328e-08,1.0
0.0,1.0,1.2718524011745558e-08,1.0
0.0,1.0,1.2707733532124621e-08,1.0
0.0,1.0,1.2404223426187855e-08,1.0
0.0,1.0,1.2621112155386527e-08,1.0
0.0,1.0,1.2618608380421392e-08,1.0
0.0,1.0,1.2483187816769714e-08,1.0
0.0,1.0,1.2289958384315014e-08,1.0
0.0,1.0,6.20376876608122e-23,1.0
0.0,1.0,1.3135650789308784e-08,1.0
0.0,1.0,3.998043140995833e-08,1.0
0.0,1.0,1.2405831917305932e-08,1.0
0.0,1.0,1.285473238965551e-08,1.0
0.0,1.0,1.23589511957789e-08,1.0
0.0,1.0,1.3179065838642146e-08,1.0
0.0,1.0,1.2476736976907432e-08,1.0
0.0,1.0,2.258278600968275e-21,1.0
0.0,1.0,1.2466032650593206e-08,1.0
0.0,1.0,1.23985222089118e-08,1.0
0.0,1.0,1.2594779441599258e-08,1.0
0.0,1.0,1.227758783528543e-08,1.0
0.0,1.0,1.2608552424353547e-08,1.0
0.0,1.0,1.2561671702826516e-08,1.0
0.0,1.0,1.2734714616158271e-08,1.0
0.0,1.0,1.2765112522572508e-08,1.0
0.0,1.0,1.2472739285840362e-08,1.0
0.0,1.0,1.2622195733058561e-08,1.0
0.0,1.0,1.327879344583546e-18,1.0
0.0,1.0,1.2398546189729132e-08,1.0
0.0,1.0,4.088975936324075e-23,1.0
0.0,1.0,1.3179770164128968e-08,1.0
0.0,1.0,1.2432741058887586e-08,1.0
0.0,1.0,1.235376689834311e-08,1.0
0.0,1.0,1.2728546217033454e-08,1.0
0.0,1.0,1.2880748911925366e-08,1.0
0.0,1.0,1.672970029176213e-08,1.0
0.0,1.0,1.2440379393297007e-08,1.0
0.0,1.0,1.2491118361879217e-08,1.0
0.0,1.0,1.2621665490542e-08,1.0
0.0,1.0,1.31542039483179e-08,1.0
0.0,1.0,1.2374967717221352e-08,1.0
0.0,1.0,1.2631347523495151e-08,1.0
0.0,1.0,1.2924233239175464e-08,1.0
0.0,1.0,1.4026635852815161e-08,1.0
0.0,1.0,1.2382334269034345e-08,1.0
0.0,1.0,1.241087321801615e-08,1.0
0.0,1.0,1.2324794518292492e-08,1.0
0.0,1.0,1.2332343146681524e-08,1.0
0.0,1.0,1.2588223796683451e-08,1.0
0.0,1.0,1.2464534293599172e-08,1.0
0.0,1.0,1.2463964083053725e-08,1.0
0.0,1.0,1.2790532188944326e-08,1.0
0.0,1.0,1.2377681990471956e-08,1.0
0.0,1.0,1.250508763206426e-08,1.0
0.0,1.0,1.2733548437893205e-08,1.0
0.0,1.0,1.3511144203448566e-08,1.0
0.0,1.0,1.2570252394539239e-08,1.0
0.0,1.0,1.1824211831878984e-08,1.0
0.0,1.0,2.9116022469720653e-21,1.0
0.0,1.0,1.164598018021934e-08,1.0
0.0,1.0,1.1965348711839852e-08,1.0
0.0,1.0,1.1836735147596755e-08,1.0
0.0,1.0,1.2127816084728238e-08,1.0
0.0,1.0,1.1931255095021243e-08,1.0
0.0,1.0,1.1728905846553062e-08,1.0
0.0,1.0,1.4961608840735607e-08,1.0
0.0,1.0,1.1966558410847483e-08,1.0
0.0,1.0,1.1911609476555896e-08,1.0
0.0,1.0,1.2066280419276154e-08,1.0
0.0,1.0,1.1872279159774735e-08,1.0
0.0,1.0,5.528990605999888e-18,1.0
0.0,1.0,1.2252463044148953e-08,1.0
0.0,1.0,1.182881348427145e-08,1.0
0.0,1.0,1.737928734257821e-08,1.0
0.0,1.0,1.602649923881927e-08,1.0
0.0,1.0,1.913094335725951e-11,1.0
0.0,1.0,5.394296120897479e-09,1.0
0.0,1.0,1.1899619956068364e-08,1.0
0.0,1.0,1.182721121040231e-08,1.0
0.0,1.0,1.2036627694556046e-08,1.0
0.0,1.0,1.0776938120283606e-19,1.0
0.0,1.0,1.1889251361196784e-08,1.0
0.0,1.0,1.1841025049363907e-08,1.0
0.0,1.0,1.2689229222928589e-08,1.0
0.0,1.0,1.1802940846905585e-08,1.0
0.0,1.0,3.3337324628278046e-18,1.0
0.0,1.0,1.1898007912236608e-08,1.0
0.0,1.0,6.572331793304559e-17,1.0
0.0,1.0,9.917071275574005e-16,1.0
0.0,1.0,5.446983439229006e-28,1.0
0.0,1.0,4.032236205523969e-31,1.0
0.0,1.0,1.6657794201005399e-28,1.0
0.0,1.0,6.478557116984568e-34,1.0
0.0,1.0,1.1980922920429293e-08,1.0
0.0,1.0,2.289326728188712e-09,1.0
0.0,1.0,1.1796436716338121e-08,1.0
0.0,1.0,7.882920336636884e-28,1.0
0.0,1.0,1.2323619458243229e-08,1.0
0.0,1.0,1.79319918913734e-08,1.0
0.0,1.0,6.730272520254362e-24,1.0
0.0,1.0,5.984765364276324e-26,1.0
0.0,1.0,1.9058899467987496e-34,1.0
0.0,1.0,2.8736836075683165e-24,1.0
0.0,1.0,1.2107685520845735e-08,1.0
0.0,1.0,1.5586116501982197e-28,1.0
0.0,1.0,3.9443066325909357e-29,1.0
0.0,1.0,4.405215672983382e-28,1.0
0.0,1.0,1.99881631174274e-29,1.0
0.0,1.0,2.7120189549357883e-28,1.0
0.0,1.0,6.745875728945248e-31,1.0
0.0,1.0,1.1575373411326855e-28,1.0
0.0,1.0,9.735241712328406e-24,1.0
0.0,1.0,7.047287664196745e-26,1.0
0.0,1.0,1.254871673239677e-08,1.0
0.0,1.0,1.1933599886049251e-08,1.0
0.0,1.0,5.900545558100412e-20,1.0
0.0,1.0,5.308471947472948e-15,1.0
0.0,1.0,1.2213124733762015e-08,1.0
0.0,1.0,1.2050525910467513e-08,1.0
0.0,1.0,1.1925431309123269e-08,1.0
0.0,1.0,1.1833146018602747e-08,1.0
0.0,1.0,1.1908997343823557e-08,1.0
0.0,1.0,1.1797967047755265e-08,1.0
0.0,1.0,1.5958537602500655e-08,1.0
0.0,1.0,1.1870965543891998e-08,1.0
0.0,1.0,1.2579151054126214e-08,1.0
0.0,1.0,1.1958093182329321e-08,1.0
0.0,1.0,1.1735082239283656e-08,1.0
0.0,1.0,1.5671741913444641e-19,1.0
0.0,1.0,1.9172819798810026e-13,1.0
0.0,1.0,2.0600066270351199e-16,1.0
0.0,1.0,1.1920336717707869e-08,1.0
0.0,1.0,1.184924869335191e-08,1.0
0.0,1.0,1.1823151346845862e-08,1.0
0.0,1.0,9.884947083094175e-09,1.0
0.0,1.0,1.2037913776907772e-08,1.0
0.0,1.0,1.1983322778519323e-08,1.0
0.0,1.0,6.69298939729758e-14,1.0
0.0,1.0,1.1976216462983302e-08,1.0
0.0,1.0,1.1920291420608464e-08,1.0
0.0,1.0,1.1881407857572412e-08,1.0
0.0,1.0,1.1942297817313374e-08,1.0
0.0,1.0,3.9775070227491834e-19,1.0
0.0,1.0,1.539674827520307e-13,1.0
0.0,1.0,1.20519274560138e-08,1.0
0.0,1.0,1.1870376681599737e-08,1.0
0.0,1.0,1.1989061299289006e-08,1.0
0.0,1.0,3.842040532710775e-17,1.0
0.0,1.0,1.1740723948605591e-08,1.0
0.0,1.0,8.40206473813084e-18,1.0
0.0,1.0,1.1788721998584606e-08,1.0
0.0,1.0,1.1948654510263168e-08,1.0
0.0,1.0,1.1851871484225285e-08,1.0
0.0,1.0,1.2145895844639654e-08,1.0
0.0,1.0,1.1886916340131393e-08,1.0
0.0,1.0,2.457182013415604e-08,1.0
0.0,1.0,1.1692764978477044e-08,1.0
0.0,1.0,1.0506089154205256e-07,0.9999999403953552
0.0,1.0,1.9072058421443217e-06,0.9999988079071045
0.0,1.0,2.011493779718876e-05,0.9999787211418152
0.0,1.0,1.1763722440605306e-08,1.0
0.0,1.0,1.1940589850212291e-08,1.0
0.0,1.0,8.523925316694658e-07,0.9999993443489075
0.0,1.0,1.187300391336521e-08,1.0
0.0,1.0,4.9317584738250986e-11,1.0
0.0,1.0,1.1806069899478189e-08,1.0
0.0,1.0,1.1740141303562268e-08,1.0
0.0,1.0,1.1917540732042653e-08,1.0
0.0,1.0,1.1799339283413701e-08,1.0
0.0,1.0,1.2296805351752482e-08,1.0
0.0,1.0,2.992260306200478e-08,0.9999999403953552
0.0,1.0,4.084684803729033e-07,0.9999995827674866
0.0,1.0,1.1982408842925452e-08,1.0
0.0,1.0,1.2035525465137198e-08,1.0
0.0,1.0,1.1951435396895249e-08,1.0
0.0,1.0,1.2515443792437964e-08,1.0
0.0,1.0,1.2129459214804683e-08,1.0
0.0,1.0,1.1819814460523048e-08,1.0
0.0,1.0,1.1745919792360837e-08,1.0
0.0,1.0,1.17547953593089e-08,1.0
0.0,1.0,1.1998714910532726e-08,1.0
0.0,1.0,3.225253113084241e-14,1.0
0.0,1.0,1.1940019639666843e-08,1.0
0.0,1.0,1.1908656283310393e-08,1.0
0.0,1.0,1.192279253103834e-08,1.0
0.0,1.0,2.6524543669868665e-14,1.0
0.0,1.0,1.2139526717191984e-08,1.0
0.0,1.0,1.177636121951764e-08,1.0
0.0,1.0,1.177535047247602e-08,1.0
0.0,1.0,1.1918609210681552e-08,1.0
0.0,1.0,8.166006759680045e-10,1.0
0.0,1.0,2.8639710603073354e-09,1.0
0.0,1.0,3.475951970699498e-08,1.0
0.0,1.0,1.2012867145472228e-08,1.0
0.0,1.0,1.1884241146731256e-08,1.0
0.0,1.0,1.1784360154365459e-08,1.0
0.0,1.0,1.1850604941798792e-08,1.0
0.0,1.0,1.2117665981747905e-08,1.0
0.0,1.0,1.1788766407505591e-08,1.0
0.0,1.0,1.1782449682584684e-08,1.0
0.0,1.0,1.1917790310178589e-08,1.0
0.0,1.0,1.1772161911949297e-08,1.0
0.0,1.0,1.1858383608398526e-08,1.0
0.0,1.0,1.1784540454584658e-08,1.0
0.0,1.0,1.1727139259676278e-08,1.0
0.0,1.0,1.2044803376909385e-08,1.0
0.0,1.0,1.1838744207182117e-08,1.0
0.0,1.0,1.1879730976716019e-08,1.0
0.0,1.0,1.2045424213624756e-08,1.0
0.0,1.0,1.2592834330860114e-08,1.0
0.0,1.0,1.2169177665555253e-08,1.0
0.0,1.0,2.548303094148524e-13,1.0
0.0,1.0,1.1876310601621753e-08,1.0
0.0,1.0,1.1821843948212063e-08,1.0
0.0,1.0,1.1706913660702867e-08,1.0
0.0,1.0,1.1343455065234223e-13,1.0
0.0,1.0,1.1794411669541205e-08,1.0
0.0,1.0,1.178838449078512e-08,1.0
0.0,1.0,8.830905977178297e-14,1.0
0.0,1.0,1.5833320432534492e-08,1.0
0.0,1.0,1.180787201349176e-08,1.0
0.0,1.0,1.1897895113577306e-08,1.0
0.0,1.0,1.1802716137765401e-08,1.0
0.0,1.0,1.1897168583629991e-08,1.0
0.0,1.0,1.1911041930545707e-08,1.0
0.0,1.0,1.2031532214962226e-08,1.0
0.0,1.0,1.2618536437969397e-08,1.0
0.0,1.0,1.2009705230298096e-08,1.0
0.0,1.0,1.1722152137849662e-08,1.0
0.0,1.0,1.1826173818008101e-08,1.0
0.0,1.0,1.1967403068524618e-08,1.0
0.0,1.0,1.1807602007252171e-08,1.0
0.0,1.0,1.1729397897397575e-08,1.0
0.0,1.0,1.1810259437083914e-08,1.0
0.0,1.0,5.344805341042126e-14,1.0
0.0,1.0,1.9359880809588503e-07,0.9999998807907104
0.0,1.0,4.0251215693842823e-08,1.0
0.0,1.0,1.1143852951533972e-08,1.0
0.0,1.0,7.529196409450378e-06,0.9999952912330627
0.0,1.0,1.1438515912232106e-08,1.0
0.0,1.0,1.114285375081181e-08,1.0
0.0,1.0,1.1141939815217938e-08,1.0
0.0,1.0,1.11438316352519e-08,1.0
0.0,1.0,1.1143257871992773e-08,1.0
0.0,1.0,1.1537335531386361e-08,1.0
0.0,1.0,1.3183337159716757e-06,0.9999993443489075
0.0,1.0,1.1142726741297793e-08,1.0
0.0,1.0,3.4303027973692224e-08,1.0
0.0,1.0,4.273494596418459e-06,0.9999971985816956
0.0,1.0,1.1149742462635004e-08,1.0
0.0,1.0,1.1275148814604563e-08,1.0
0.0,1.0,1.1141939815217938e-08,1.0
0.0,1.0,5.194755203774548e-08,0.9999999403953552
0.0,1.0,1.1143874267816045e-08,1.0
0.0,1.0,1.1145021794334298e-08,1.0
0.0,1.0,1.1255981924307434e-08,1.0
0.0,1.0,1.1145361966669043e-08,1.0
0.0,1.0,1.114451197992139e-08,1.0
0.0,1.0,1.114850878281004e-08,1.0
0.0,1.0,1.1140771860596033e-08,1.0
0.0,1.0,1.114187675455014e-08,1.0
0.0,1.0,1.1142939015940101e-08,1.0
0.0,1.0,1.119965986617899e-08,1.0
0.0,1.0,3.0960993171902373e-05,0.999975323677063
0.0,1.0,5.252792334431433e-08,1.0
0.0,1.0,8.731743626755328e-12,1.0
0.0,1.0,1.1146084943902679e-08,1.0
0.0,1.0,1.1142641476169501e-08,1.0
0.0,1.0,1.1143746370123608e-08,1.0
0.0,1.0,0.0,1.0
0.0,1.0,2.541870162531268e-05,0.9999836087226868
0.0,1.0,1.1142598843605356e-08,1.0
0.0,1.0,1.1264314814241061e-08,1.0
0.0,1.0,1.1148572731656259e-08,1.0
0.0,1.0,1.3724940117754159e-07,0.9999999403953552
0.0,1.0,1.1144278388997009e-08,1.0
0.0,1.0,1.114270542501572e-08,1.0
0.0,1.0,2.5643275876063854e-06,0.9999982714653015
0.0,1.0,1.1379869491179306e-08,1.0
0.0,1.0,1.1144597245049681e-08,1.0
0.0,1.0,1.1145319334104897e-08,1.0
0.0,1.0,1.2942332716647797e-07,0.9999999403953552
0.0,1.0,1.1144384082228953e-08,1.0
0.0,1.0,1.1142003764064157e-08,1.0
0.0,1.0,1.1143746370123608e-08,1.0
0.0,1.0,1.1142726741297793e-08,1.0
0.0,1.0,1.1144107858740426e-08,1.0
0.0,1.0,1.1143364453403137e-08,1.0
0.0,1.0,1.1141961131500011e-08,1.0
0.0,1.0,1.1143874267816045e-08,1.0
0.0,1.0,1.1131616517445764e-08,1.0
0.0,1.0,1.1143746370123608e-08,1.0
0.0,1.0,1.1142365252680975e-08,1.0
0.0,1.0,1.1142598843605356e-08,1.0
0.0,1.0,1.4081405197430286e-07,0.9999998807907104
0.0,1.0,1.1144001277330062e-08,1.0
0.0,1.0,1.1143512779199227e-08,1.0
0.0,1.0,1.1142939015940101e-08,1.0
0.0,1.0,4.796333286094523e-08,0.9999999403953552
0.0,1.0,1.0753386959549971e-05,0.9999915361404419
0.0,1.0,1.1452269355061162e-08,1.0
0.0,1.0,2.0378918108576727e-08,1.0
0.0,1.0,1.1143789002687754e-08,1.0
0.0,1.0,0.0,1.0
0.0,1.0,1.1144171807586645e-08,1.0
0.0,1.0,0.0,1.0
0.0,1.0,1.1179810854855532e-08,1.0
0.0,1.0,1.1142174294320739e-08,1.0
0.0,1.0,1.11432365557107e-08,1.0
0.0,1.0,1.1141153777316504e-08,1.0
0.0,1.0,1.1145149692026735e-08,1.0
0.0,1.0,1.1143193923146555e-08,1.0
0.0,1.0,1.3395034414998008e-08,1.0
0.0,1.0,1.1141684908011484e-08,1.0
0.0,1.0,1.114300296478632e-08,1.0
0.0,1.0,4.0703394432739515e-08,1.0
0.0,1.0,1.7455350871387054e-06,0.9999990463256836
0.0,1.0,1.1146275902262914e-08,1.0
0.0,1.0,1.1142789801965591e-08,1.0
0.0,1.0,1.1143491462917154e-08,1.0
0.0,1.0,1.1148232559321514e-08,1.0
0.0,1.0,2.9704469852731563e-06,0.9999979138374329
0.0,1.0,0.0,1.0
0.0,1.0,5.847765010003059e-07,0.9999996423721313
0.0,1.0,1.1143406197788863e-08,1.0
0.0,1.0,2.074190733720397e-14,1.0
0.0,1.0,1.1141982447782084e-08,1.0
0.0,1.0,2.7269695692666573e-06,0.9999979138374329
0.0,1.0,1.1143279188274846e-08,1.0
0.0,1.0,1.1154591916806567e-08,1.0
0.0,1.0,2.0871375454589725e-06,0.9999983906745911
0.0,1.0,1.1151081835691912e-08,1.0
0.0,1.0,1.1142960332222174e-08,1.0
0.0,1.0,6.425975698221009e-07,0.9999995827674866
0.0,1.0,1.114489478482028e-08,1.0
0.0,1.0,1.1142726741297793e-08,1.0
0.0,1.0,5.804791953778476e-07,0.9999996423721313
0.0,1.0,1.1142811118247664e-08,1.0
0.0,1.0,1.1145319334104897e-08,1.0
0.0,1.0,1.1200984140202763e-08,1.0
0.0,1.0,3.640037495354979e-19,1.0
0.0,1.0,1.1143895584098118e-08,1.0
0.0,1.0,1.1143066913632538e-08,1.0
0.0,1.0,1.1144043909894208e-08,1.0
0.0,1.0,1.1248534548258249e-08,1.0
0.0,1.0,2.3818323313662404e-08,1.0
0.0,1.0,1.1144469347357244e-08,1.0
0.0,1.0,1.1374205577396879e-08,1.0
0.0,1.0,1.1142471834091339e-08,1.0
0.0,1.0,1.1144001277330062e-08,1.0
0.0,1.0,6.603879592148587e-05,0.9999568462371826
0.0,1.0,1.1277728972913792e-08,1.0
0.0,1.0,1.1141791489421848e-08,1.0
0.0,1.0,1.1142917699658028e-08,1.0
0.0,1.0,1.1143619360609591e-08,1.0
0.0,1.0,1.1143193923146555e-08,1.0
0.0,1.0,1.765755186511342e-08,1.0
0.0,1.0,1.1144426714793099e-08,1.0
0.0,1.0,1.7992344965023221e-06,0.9999988079071045
0.0,1.0,2.2343720047501847e-06,0.9999985098838806
0.0,1.0,1.1143661993173737e-08,1.0
0.0,1.0,1.1142726741297793e-08,1.0
0.0,1.0,1.1142939015940101e-08,1.0
0.0,1.0,1.1144001277330062e-08,1.0
0.0,1.0,1.114391690038019e-08,1.0
0.0,1.0,2.5638971692387713e-06,0.9999979734420776
0.0,1.0,1.1142896383375955e-08,1.0
0.0,1.0,1.1143746370123608e-08,1.0
0.0,1.0,1.1143448830353009e-08,1.0
0.0,1.0,1.1292494939141307e-08,1.0
0.0,1.0,2.514984138372693e-14,1.0
0.0,1.0,0.0,1.0
0.0,1.0,1.1143066913632538e-08,1.0
0.0,1.0,1.1142620159887429e-08,1.0
0.0,1.0,1.1151316314794713e-08,1.0
0.0,1.0,1.1144001277330062e-08,1.0
0.0,1.0,1.1142089029192448e-08,1.0
0.0,1.0,2.907321779155314e-11,1.0
0.0,1.0,1.114338576968521e-08,1.0
0.0,1.0,1.1142131661756594e-08,1.0
0.0,1.0,1.1142046396628302e-08,1.0
0.0,1.0,1.1142174294320739e-08,1.0
0.0,1.0,1.1162850199752938e-08,1.0
0.0,1.0,1.114172754057563e-08,1.0
0.0,1.0,1.1143703737559463e-08,1.0
0.0,1.0,1.1142641476169501e-08,1.0
0.0,1.0,1.1143257871992773e-08,1.0
0.0,1.0,1.1142811118247664e-08,1.0
0.0,1.0,2.915333652708796e-06,0.9999983310699463
0.0,1.0,1.1144597245049681e-08,1.0
0.0,1.0,1.1143300504556919e-08,1.0
0.0,1.0,1.1142769373861938e-08,1.0
0.0,1.0,1.1142789801965591e-08,1.0
0.0,1.0,1.1144766887127844e-08,1.0
0.0,1.0,1.114655301392986e-08,1.0
0.0,1.0,0.0,1.0
0.0,1.0,1.1144341449664807e-08,1.0
0.0,1.0,1.1145149692026735e-08,1.0
0.0,1.0,1.114285375081181e-08,1.0
0.0,1.0,0.0,1.0
0.0,1.0,0.0,1.0
0.0,1.0,2.0412804587977007e-05,0.9999862909317017
0.0,1.0,1.1143491462917154e-08,1.0
0.0,1.0,1.1233847629910088e-08,1.0
0.0,1.0,1.1145064426898443e-08,1.0
0.0,1.0,1.1144554612485535e-08,1.0
0.0,1.0,1.114397996104799e-08,1.0
0.0,1.0,1.1142343936398902e-08,1.0
0.0,1.0,1.1143364453403137e-08,1.0
0.0,1.0,9.36404339485497e-12,1.0
0.0,1.0,2.825873431823806e-32,1.0
0.0,1.0,1.1144193123868718e-08,1.0
0.0,1.0,1.1143661993173737e-08,1.0
0.0,1.0,7.1716340830535025e-25,1.0
0.0,1.0,1.1143640676891664e-08,1.0
0.0,1.0,0.0,1.0
0.0,1.0,1.1143576728045446e-08,1.0
0.0,1.0,1.1264787325160341e-08,1.0
0.0,1.0,1.1149402290300259e-08,1.0
0.0,1.0,1.1142343936398902e-08,1.0
0.0,1.0,1.1143300504556919e-08,1.0
0.0,1.0,1.062755472958088e-06,0.9999994039535522
0.0,1.0,1.1141472633369176e-08,1.0
0.0,1.0,1.1143066913632538e-08,1.0
0.0,1.0,1.1145021794334298e-08,1.0
0.0,1.0,1.114436276594688e-08,1.0
0.0,1.0,6.923654609636287e-07,0.9999995231628418
0.0,1.0,1.1142216038706465e-08,1.0
0.0,1.0,1.1141366051958812e-08,1.0
0.0,1.0,1.1141834121985994e-08,1.0
0.0,1.0,9.862970728136133e-06,0.9999942183494568
0.0,1.0,1.1547639289233302e-08,1.0
0.0,1.0,1.1142343936398902e-08,1.0
0.0,1.0,8.086699949672038e-07,0.999999463558197
0.0,1.0,1.1142471834091339e-08,1.0
0.0,1.0,1.1142598843605356e-08,1.0
0.0,1.0,1.1142301303834756e-08,1.0
0.0,1.0,1.1144937417384426e-08,1.0
0.0,1.0,1.1144724254563698e-08,1.0
0.0,1.0,1.1142067712910375e-08,1.0
