1.0,0.0,1.0,4.822116483893524e-09
1.0,0.0,1.0,2.3271964910698273e-10
1.0,0.0,0.9999999403953552,4.5626872946513686e-08
1.0,0.0,1.0,6.757257420275664e-09
1.0,0.0,1.0,1.0588823151636007e-09
1.0,0.0,1.0,3.2715883872368174e-31
1.0,0.0,0.9999999403953552,4.115272744797949e-08
1.0,0.0,1.0,7.388694656107475e-10
1.0,0.0,1.0,1.0848427494550998e-25
1.0,0.0,1.0,1.7011760888863137e-09
1.0,0.0,1.0,6.088404891357868e-09
1.0,0.0,1.0,5.776372269394869e-09
1.0,0.0,1.0,6.040838385068525e-10
1.0,0.0,1.0,2.0247215015700704e-09
1.0,0.0,0.9999998211860657,2.2489446394047263e-07
1.0,0.0,0.9999997615814209,1.2744743571602157e-07
1.0,0.0,1.0,2.761951733987189e-08
1.0,0.0,1.0,2.4095547605795797e-12
1.0,0.0,1.0,2.8405523266883392e-08
1.0,0.0,0.9999999403953552,3.8367634402902695e-08
1.0,0.0,1.0,2.4793407327194927e-09
1.0,0.0,1.0,1.18057998932386e-08
1.0,0.0,1.0,1.8787622124705194e-08
1.0,0.0,0.9999998211860657,2.0115756171890098e-07
1.0,0.0,1.0,2.4516625174442197e-08
1.0,0.0,1.0,1.2541059746240535e-08
1.0,0.0,0.9999998211860657,1.6948945358308265e-07
1.0,0.0,1.0,7.285894554343031e-09
1.0,0.0,0.9999999403953552,1.0699396568725206e-07
1.0,0.0,1.0,4.718320709920494e-22
1.0,0.0,0.9999999403953552,3.46741657608618e-08
1.0,0.0,1.0,7.192113016252222e-10
1.0,0.0,0.9995744228363037,0.00040244878618977964
1.0,0.0,1.0,6.385383888307672e-11
1.0,0.0,0.999994695186615,5.117783530295128e-06
1.0,0.0,1.0,7.479616925820665e-09
1.0,0.0,1.0,6.302335320285124e-10
1.0,0.0,1.0,2.5071744680360553e-09
1.0,0.0,1.0,6.879934399961485e-09
1.0,0.0,1.0,2.442882340858432e-08
1.0,0.0,1.0,3.792936631441535e-09
1.0,0.0,1.0,6.190644441517179e-09
1.0,0.0,1.0,1.334802490760012e-09
1.0,0.0,1.0,1.8107758847918376e-08
1.0,0.0,0.9999999403953552,5.223708043899933e-08
1.0,0.0,1.0,1.2381409231210228e-09
1.0,0.0,1.0,2.350551087104691e-09
1.0,0.0,0.9999998807907104,1.0530343530490427e-07
1.0,0.0,1.0,2.467118953575209e-08
1.0,0.0,1.0,2.1232796854064873e-08
1.0,0.0,0.9999999403953552,5.4228738832762247e-08
1.0,0.0,1.0,4.955563515096628e-09
1.0,0.0,0.9999998211860657,1.8771704901610065e-07
1.0,0.0,0.9999999403953552,4.8973269883845205e-08
1.0,0.0,1.0,1.6614450926155655e-09
1.0,0.0,1.0,1.2113760515519711e-12
1.0,0.0,1.0,3.2733160626463587e-09
1.0,0.0,1.0,5.573433698896729e-35
1.0,0.0,1.0,7.239074673037749e-09
1.0,0.0,0.9999995231628418,5.063633921054134e-07
1.0,0.0,1.0,3.641184229130623e-11
1.0,0.0,1.0,2.373220908680196e-08
1.0,0.0,1.0,7.653923717043654e-09
1.0,0.0,1.0,1.8718496197500656e-10
1.0,0.0,1.0,1.4373845225179593e-08
1.0,0.0,1.0,9.268211087487543e-09
1.0,0.0,1.0,3.916212243382233e-09
1.0,0.0,0.9999999403953552,2.999265547032337e-08
1.0,0.0,1.0,1.9426792619015032e-08
1.0,0.0,0.9999998807907104,1.2186195874619443e-07
1.0,0.0,1.0,1.8455282857487987e-09
1.0,0.0,0.9999998807907104,1.1065678506838594e-07
1.0,0.0,1.0,1.1482628181624932e-08
1.0,0.0,1.0,1.5955851084825667e-09
1.0,0.0,0.9999999403953552,3.2346026301866004e-08
1.0,0.0,0.9999999403953552,7.362703513535962e-08
1.0,0.0,1.0,2.3928643511084147e-09
1.0,0.0,1.0,1.1347783823723034e-09
1.0,0.0,0.9999999403953552,3.016644143372105e-07
1.0,0.0,1.0,1.4389865299335725e-08
1.0,0.0,1.0,4.483045046299594e-09
1.0,0.0,0.9999998807907104,8.964559583546361e-08
1.0,0.0,1.0,0.0
1.0,0.0,1.0,2.995764969426773e-09
1.0,0.0,1.0,7.082652686563051e-09
1.0,0.0,0.9999998807907104,1.1601255778259656e-07
1.0,0.0,0.9999992251396179,7.87615022090904e-07
1.0,0.0,0.9999999403953552,5.916076872836129e-08
1.0,0.0,0.9999998211860657,2.1630405910855188e-07
1.0,0.0,1.0,5.907526468007518e-09
1.0,0.0,0.9999999403953552,3.304835161088704e-08
1.0,0.0,0.9999999403953552,6.09768164849811e-08
1.0,0.0,1.0,7.909728871879906e-09
1.0,0.0,1.0,2.7358453280612594e-09
1.0,0.0,1.0,2.2459692772258677e-08
1.0,0.0,0.9999998807907104,6.497290172546855e-08
1.0,0.0,0.9999998211860657,1.988815228060048e-07
1.0,0.0,0.9999804496765137,1.5621990314684808e-05
1.0,0.0,0.9999999403953552,4.835749578546711e-08
1.0,0.0,0.9999998211860657,1.4435572381898965e-07
1.0,0.0,0.9999999403953552,5.6283983695948336e-08
1.0,0.0,1.0,1.8222771902554058e-10
1.0,0.0,0.9999994039535522,5.759690111517557e-07
1.0,0.0,0.9999992847442627,7.10683707438875e-07
1.0,0.0,0.9999999403953552,5.6714281271297295e-08
1.0,0.0,1.0,1.7780129368816233e-08
1.0,0.0,1.0,1.251846797880804e-13
1.0,0.0,0.9999998807907104,1.199584858113667e-07
1.0,0.0,1.0,3.58052337778858e-11
1.0,0.0,1.0,4.840795764238237e-09
1.0,0.0,1.0,6.465834534452597e-10
1.0,0.0,1.0,6.310502675965779e-10
1.0,0.0,1.0,1.1175887770775716e-08
1.0,0.0,1.0,1.3789879460546217e-08
1.0,0.0,1.0,2.2587571461667177e-13
1.0,0.0,0.9999992251396179,6.578588340744318e-07
1.0,0.0,1.0,5.869348340681313e-10
1.0,0.0,1.0,4.6324859503954485e-09
1.0,0.0,1.0,1.4167635953299396e-08
1.0,0.0,0.9999999403953552,3.363075862239384e-08
1.0,0.0,1.0,1.0955087503816685e-08
1.0,0.0,1.0,1.6163506089128532e-08
1.0,0.0,1.0,3.436994688854611e-09
1.0,0.0,0.9999992251396179,8.368334079023043e-07
1.0,0.0,0.9999989867210388,1.1018780696758768e-06
1.0,0.0,1.0,2.678695487645655e-09
1.0,0.0,1.0,2.0298694280995733e-08
1.0,0.0,0.9999998807907104,1.2098468005206087e-07
1.0,0.0,0.9999999403953552,6.672105712368648e-08
1.0,0.0,0.9999996423721313,3.647968185305217e-07
1.0,0.0,1.0,2.3733703002903894e-08
1.0,0.0,1.0,8.038427701251294e-09
1.0,0.0,1.0,1.657473625016337e-08
1.0,0.0,0.9999997019767761,3.014159517533699e-07
1.0,0.0,1.0,2.9730374606629084e-08
1.0,0.0,1.0,1.2323619458243229e-08
1.0,0.0,1.0,0.0
1.0,0.0,1.0,5.096913412510058e-31
1.0,0.0,1.0,6.0505960242096535e-09
1.0,0.0,0.9999995231628418,5.347936848920654e-07
1.0,0.0,0.9999996423721313,3.538022497195925e-07
1.0,0.0,0.9999993443489075,7.319632686630939e-07
1.0,0.0,0.9999707341194153,1.853881803981494e-05
1.0,0.0,1.0,2.73056546262751e-08
1.0,0.0,1.0,7.112139144282992e-08
1.0,0.0,0.9999999403953552,4.8142975828113777e-08
1.0,0.0,1.0,2.7013707243339624e-11
1.0,0.0,1.0,4.603630365807021e-09
1.0,0.0,1.0,3.74135478153903e-09
1.0,0.0,0.9999999403953552,3.800745673743222e-08
1.0,0.0,1.0,3.810709969798154e-09
1.0,0.0,1.0,1.8079280295069111e-09
1.0,0.0,1.0,2.9318504957132063e-08
1.0,0.0,0.9999997615814209,2.593496049030364e-07
1.0,0.0,1.0,4.119086849385667e-09
1.0,0.0,0.9999967217445374,2.52648419518664e-06
1.0,0.0,1.0,8.695591802165836e-09
1.0,0.0,0.9999999403953552,3.332165832148348e-08
1.0,0.0,1.0,1.5064025582489649e-09
1.0,0.0,0.9999998807907104,1.0350449741736156e-07
1.0,0.0,1.0,3.3487029815759684e-10
1.0,0.0,1.0,1.7524016016068344e-08
1.0,0.0,0.9999999403953552,5.3952142309299234e-08
1.0,0.0,1.0,8.665210771141574e-09
1.0,0.0,1.0,1.2914574298861226e-08
1.0,0.0,1.0,1.0656393545360743e-09
1.0,0.0,1.0,3.831437389578696e-09
1.0,0.0,1.0,1.0563009134045842e-08
1.0,0.0,1.0,1.4803922532280467e-08
1.0,0.0,0.9999995827674866,4.2930591348522285e-07
1.0,0.0,0.9999999403953552,7.399927426376962e-08
1.0,0.0,0.9999995231628418,5.155573603587982e-07
1.0,0.0,1.0,2.796475051525249e-09
1.0,0.0,1.0,1.411691874508847e-09
1.0,0.0,0.9999923706054688,7.731191544735339e-06
1.0,0.0,0.9999998211860657,1.8717325644956873e-07
1.0,0.0,1.0,2.2971706314933726e-08
1.0,0.0,1.0,1.492676870995524e-09
1.0,0.0,0.9999999403953552,9.098248199279624e-08
1.0,0.0,1.0,3.215001181944288e-11
1.0,0.0,1.0,1.6580933959176036e-08
1.0,0.0,0.9999999403953552,3.722514918536035e-08
1.0,0.0,0.9999990463256836,9.742196880324627e-07
1.0,0.0,1.0,7.028165160960498e-09
1.0,0.0,0.9999998211860657,1.8160062609240413e-07
1.0,0.0,1.0,1.948644440252778e-10
1.0,0.0,1.0,8.819392993686392e-10
1.0,0.0,0.9999999403953552,2.9370893273039655e-08
1.0,0.0,1.0,0.0
1.0,0.0,1.0,2.1654495974132715e-09
1.0,0.0,1.0,5.445124351410868e-09
1.0,0.0,1.0,1.6427485798283466e-33
1.0,0.0,0.9999997615814209,1.7374044603002403e-07
1.0,0.0,1.0,2.117185182726189e-08
1.0,0.0,1.0,4.907938500053888e-09
1.0,0.0,1.0,1.0702475350399254e-08
1.0,0.0,1.0,1.2890431833056937e-08
1.0,0.0,1.0,2.5886716770173734e-08
1.0,0.0,1.0,1.5063086777900025e-08
1.0,0.0,0.9999998807907104,1.4111316204434843e-07
1.0,0.0,1.0,2.2785058284569004e-09
1.0,0.0,1.0,1.3387295716427161e-08
1.0,0.0,1.0,5.80773606984053e-09
1.0,0.0,0.9999998211860657,1.5223496063754283e-07
1.0,0.0,1.0,4.1191179356303564e-09
1.0,0.0,1.0,9.851951254802316e-09
1.0,0.0,1.0,1.6959291609941474e-11
1.0,0.0,0.9999998211860657,1.4768801293030265e-07
1.0,0.0,1.0,2.9185867056469306e-09
1.0,0.0,0.9999999403953552,6.53722977972393e-08
1.0,0.0,1.0,4.325295677176655e-09
1.0,0.0,1.0,5.878918197202177e-17
1.0,0.0,1.0,1.148245647869528e-11
1.0,0.0,1.0,3.082979704860378e-11
1.0,0.0,1.0,3.678084947722482e-09
1.0,0.0,1.0,1.6585172346594845e-08
1.0,0.0,0.9999998807907104,9.129747269298605e-08
1.0,0.0,1.0,8.010724528162427e-09
1.0,0.0,1.0,5.379168777075449e-10
1.0,0.0,0.9999994039535522,5.869068218089524e-07
1.0,0.0,1.0,3.544406101951836e-09
1.0,0.0,0.9999999403953552,7.838395532644427e-08
1.0,0.0,1.0,2.379502994642735e-08
1.0,0.0,1.0,6.513442674105363e-09
1.0,0.0,0.31349098682403564,0.82689368724823
1.0,0.0,0.9999998807907104,1.4080693233609054e-07
1.0,0.0,0.9999998807907104,1.1877300920559719e-07
1.0,0.0,1.0,8.347441848854942e-09
1.0,0.0,1.0,1.1301350966164136e-08
1.0,0.0,0.9999999403953552,5.050819140706153e-08
1.0,0.0,0.9999997615814209,2.2300051227830409e-07
1.0,0.0,1.0,8.41239788940129e-09
1.0,0.0,0.9999999403953552,4.14916314639413e-08
1.0,0.0,1.0,1.1846220893119153e-08
1.0,0.0,0.9999999403953552,4.356263616500655e-08
1.0,0.0,1.0,5.414704498829729e-21
1.0,0.0,1.0,1.8316229088988223e-10
1.0,0.0,0.9999999403953552,6.067101310236467e-08
1.0,0.0,1.0,1.7579513400534097e-09
1.0,0.0,0.9999999403953552,3.169046181028534e-08
1.0,0.0,1.0,1.57926631771943e-08
1.0,0.0,0.999960720539093,4.06549806939438e-05
1.0,0.0,0.9999999403953552,3.392997527384978e-08
1.0,0.0,1.0,2.37454749196786e-08
1.0,0.0,1.0,3.2046088005444062e-09
1.0,0.0,0.9999998807907104,1.2285381956189667e-07
1.0,0.0,0.9999999403953552,3.646061585982352e-08
1.0,0.0,1.0,4.484618454370093e-09
1.0,0.0,1.0,1.1404510225077047e-08
1.0,0.0,1.0,1.3341496044497654e-26
1.0,0.0,0.9999999403953552,3.03257756684161e-08
1.0,0.0,1.0,4.935515884874064e-10
1.0,0.0,0.9999972581863403,1.9538533706509043e-06
1.0,0.0,0.9999997019767761,2.8041441169079917e-07
1.0,0.0,0.9999999403953552,7.269919422014937e-08
1.0,0.0,0.9999993443489075,1.740181346576719e-06
1.0,0.0,0.9999999403953552,4.0232105646964555e-08
1.0,0.0,1.0,1.0114190374110876e-08
1.0,0.0,1.0,3.3590228376567666e-09
1.0,0.0,1.0,1.8930523815186007e-09
1.0,0.0,1.0,5.131882474529448e-09
1.0,0.0,1.0,1.255437160480044e-11
1.0,0.0,0.9999999403953552,4.955357368885416e-08
1.0,0.0,1.0,1.8323760286875768e-08
1.0,0.0,1.0,2.4848165192103977e-10
1.0,0.0,1.0,1.5210646964192165e-08
1.0,0.0,0.9999999403953552,5.7707918443838935e-08
1.0,0.0,1.0,1.2198225540771546e-08
1.0,0.0,1.0,4.347039173069334e-09
1.0,0.0,1.0,2.085534411833123e-08
1.0,0.0,0.9999999403953552,4.784665463830606e-08
1.0,0.0,1.0,7.497499510122907e-09
1.0,0.0,0.9999999403953552,3.067171761017562e-08
1.0,0.0,1.0,6.641769800808106e-09
1.0,0.0,1.0,1.6135569325115284e-08
1.0,0.0,1.0,4.195422933608426e-23
1.0,0.0,1.0,4.786808283085975e-09
1.0,0.0,0.9999998211860657,1.7792471851407754e-07
1.0,0.0,1.0,6.330821283873078e-12
1.0,0.0,0.9999998807907104,1.2153931550074049e-07
1.0,0.0,1.0,1.8036681481703454e-08
1.0,0.0,1.0,6.594345514088218e-09
1.0,0.0,0.9999998807907104,1.3569787427059055e-07
1.0,0.0,1.0,7.343234464940451e-09
1.0,0.0,0.9999998807907104,1.3477547611273621e-07
1.0,0.0,1.0,2.0291170965691663e-09
1.0,0.0,1.0,6.533923624374438e-09
1.0,0.0,1.0,3.1429137070659863e-09
1.0,0.0,1.0,2.7411732883564355e-09
1.0,0.0,1.0,5.464611874117509e-09
1.0,0.0,0.9999998211860657,1.7096317606046796e-07
1.0,0.0,1.0,1.7744040681222373e-09
1.0,0.0,1.0,8.852665267511384e-09
1.0,0.0,1.0,2.4554243083230176e-09
1.0,0.0,1.0,2.490920580910938e-09
1.0,0.0,1.0,2.2273167754605083e-09
1.0,0.0,0.9999994039535522,5.536304001907411e-07
1.0,0.0,0.9999999403953552,4.1821042628953364e-08
1.0,0.0,0.9999997019767761,3.039625653400435e-07
1.0,0.0,1.0,2.5018154659051106e-08
1.0,0.0,0.9999996423721313,3.569258808511222e-07
1.0,0.0,1.0,1.4311009266521069e-08
1.0,0.0,1.0,1.3019699207639235e-10
1.0,0.0,0.9999990463256836,1.0420359330964857e-06
1.0,0.0,1.0,9.993309998956867e-12
1.0,0.0,1.0,2.1600653210551712e-10
1.0,0.0,0.9999997019767761,3.1524592714049504e-07
1.0,0.0,0.9999999403953552,8.422628638982133e-08
1.0,0.0,1.0,8.438753695827472e-09
1.0,0.0,0.9999999403953552,3.671386039627578e-08
1.0,0.0,1.0,1.1781932762744418e-08
1.0,0.0,1.0,1.3224290107416437e-08
1.0,0.0,0.9999999403953552,2.321803016513968e-08
1.0,0.0,0.9999997019767761,3.118416316283401e-07
1.0,0.0,1.0,1.915010017228269e-08
1.0,0.0,0.9999998211860657,2.08249815614181e-07
1.0,0.0,1.0,8.993593370032471e-11
1.0,0.0,1.0,2.3816710226078173e-29
1.0,0.0,1.0,1.5611174575269615e-08
1.0,0.0,0.9999999403953552,3.4208419208425767e-08
1.0,0.0,0.9999993443489075,7.195487796707312e-07
1.0,0.0,1.0,1.0275228667921965e-08
1.0,0.0,1.0,1.200850252569552e-10
1.0,0.0,0.9999999403953552,8.7448292163117e-08
1.0,0.0,0.999999463558197,5.184654128242983e-07
1.0,0.0,0.9999998211860657,1.9836099340864166e-07
1.0,0.0,1.0,1.6527510027231074e-08
1.0,0.0,0.9999998211860657,1.6868607133346813e-07
1.0,0.0,1.0,9.263534050584625e-38
1.0,0.0,1.0,3.005139026512893e-09
1.0,0.0,0.9999997019767761,2.9533953238569666e-07
1.0,0.0,1.0,1.2955504224976266e-08
1.0,0.0,0.9999999403953552,5.421177817765965e-08
1.0,0.0,1.0,9.197593797694026e-09
1.0,0.0,0.9999998211860657,1.9681358764955803e-07
1.0,0.0,0.9999999403953552,5.024846316814546e-08
1.0,0.0,1.0,3.5708658182080367e-38
1.0,0.0,0.9999998807907104,1.19340484161512e-07
1.0,0.0,0.9999998807907104,1.5258234498105594e-07
1.0,0.0,0.20735786855220795,0.6635304689407349
1.0,0.0,0.9999999403953552,4.851686341567074e-08
1.0,0.0,1.0,4.884982640618318e-09
1.0,0.0,0.9999999403953552,4.894842930980303e-08
1.0,0.0,0.9999999403953552,5.610006681422419e-08
1.0,0.0,1.0,1.957385720174898e-08
1.0,0.0,1.0,6.448594547237008e-09
1.0,0.0,1.0,2.0627751950996753e-08
1.0,0.0,1.0,3.165738782229255e-10
1.0,0.0,1.0,2.4827439659702577e-08
1.0,0.0,0.9999999403953552,3.605185128208177e-08
1.0,0.0,1.0,2.626939554772889e-09
1.0,0.0,1.0,7.254776779319627e-09
1.0,0.0,0.9999999403953552,8.041698151828314e-08
1.0,0.0,1.0,7.995282231693214e-19
1.0,0.0,1.0,1.7311954884136767e-24
1.0,0.0,0.9999999403953552,6.752634362783283e-08
1.0,0.0,1.0,1.7092159909637417e-09
1.0,0.0,0.9999999403953552,7.794236722702408e-08
1.0,0.0,1.0,1.7194185630842185e-08
1.0,0.0,1.0,1.3979761348537068e-08
1.0,0.0,1.0,5.85305182099205e-09
1.0,0.0,0.9999998211860657,1.9755694324885553e-07
1.0,0.0,1.0,4.012368215455808e-11
1.0,0.0,0.9999998807907104,1.3245738728073775e-07
1.0,0.0,0.9999997019767761,2.8851724209744134e-07
1.0,0.0,1.0,2.415527511345772e-08
1.0,0.0,1.0,4.07453137896141e-09
1.0,0.0,0.9999999403953552,2.5789384849872476e-08
1.0,0.0,1.0,2.3077884048205988e-09
1.0,0.0,1.0,2.2057781379203334e-08
1.0,0.0,1.0,0.0
1.0,0.0,1.0,2.622745576275065e-08
1.0,0.0,0.9999998211860657,1.9321423394558224e-07
1.0,0.0,0.9999999403953552,4.238137663037378e-08
1.0,0.0,1.0,7.242844990429376e-09
1.0,0.0,1.0,2.5938316383644633e-08
1.0,0.0,1.0,1.0848065556956499e-08
1.0,0.0,0.9999999403953552,3.0735201050902106e-08
1.0,0.0,1.0,2.8262729934169784e-09
1.0,0.0,0.9999998211860657,1.5709798617535853e-07
1.0,0.0,0.9999998211860657,1.9296307129934576e-07
1.0,0.0,0.9999979734420776,1.3949910453447956e-06
1.0,0.0,0.9999998807907104,9.683002133442642e-08
1.0,0.0,0.9999999403953552,3.5567193634733485e-08
1.0,0.0,0.9999999403953552,3.8439196714534773e-08
1.0,0.0,0.9999999403953552,4.4013383160290687e-08
1.0,0.0,0.9999983310699463,1.6124681678775232e-06
1.0,0.0,1.0,3.784349777991025e-10
1.0,0.0,0.9999999403953552,4.171667811192492e-08
1.0,0.0,1.0,8.205700119390258e-09
1.0,0.0,0.9999998807907104,1.254528854133241e-07
1.0,0.0,0.9999999403953552,7.554706371593056e-08
1.0,0.0,0.9999999403953552,5.8708547356900453e-08
1.0,0.0,1.0,0.0
1.0,0.0,1.0,1.7565637833172332e-09
1.0,0.0,0.9999999403953552,3.6158937177788175e-08
1.0,0.0,0.9999999403953552,6.590563117470083e-08
1.0,0.0,1.0,2.8272177488020134e-08
1.0,0.0,1.0,1.0600104793923038e-08
1.0,0.0,1.0,4.888400240155022e-10
1.0,0.0,0.9999999403953552,4.836801181795636e-08
1.0,0.0,1.0,1.7178276502209215e-17
1.0,0.0,0.9999999403953552,5.062682362222404e-08
1.0,0.0,1.0,3.621116961838311e-09
1.0,0.0,0.9999999403953552,4.082227533785954e-08
1.0,0.0,1.0,1.0730089705646151e-08
1.0,0.0,0.9999997019767761,3.229292815376539e-07
1.0,0.0,1.0,2.223093709119439e-09
1.0,0.0,1.0,9.992696448080096e-09
1.0,0.0,1.0,2.512010911781548e-11
0.0,1.0,5.1062858802408684e-11,1.0
0.0,1.0,4.966354411051199e-11,1.0
0.0,1.0,4.955132484885105e-11,1.0
0.0,1.0,4.966913338955159e-11,1.0
0.0,1.0,4.9701163323812025e-11,1.0
0.0,1.0,5.0770637693986487e-11,1.0
0.0,1.0,4.96962332396933e-11,1.0
0.0,1.0,4.951514198658913e-11,1.0
0.0,1.0,4.961383734403135e-11,1.0
0.0,1.0,4.9597183998661976e-11,1.0
0.0,1.0,5.005601835805784e-11,1.0
0.0,1.0,4.959169880303094e-11,1.0
0.0,1.0,5.117967161183401e-11,1.0
0.0,1.0,4.983652726608945e-11,1.0
0.0,1.0,0.0,1.0
0.0,1.0,4.9688270858938566e-11,1.0
0.0,1.0,4.9680596442280844e-11,1.0
0.0,1.0,4.967026789870488e-11,1.0
0.0,1.0,4.9648295891158156e-11,1.0
0.0,1.0,4.950872004028106e-11,1.0
0.0,1.0,4.9823221937028705e-11,1.0
0.0,1.0,4.9604657187396484e-11,1.0
0.0,1.0,4.9611564856277823e-11,1.0
0.0,1.0,6.482767296938832e-32,1.0
0.0,1.0,4.974194320328529e-11,1.0
0.0,1.0,5.038091818732049e-11,1.0
0.0,1.0,1.5956083387897078e-37,1.0
0.0,1.0,5.017081541880408e-11,1.0
0.0,1.0,4.982189313884611e-11,1.0
0.0,1.0,5.098023739269486e-11,1.0
0.0,1.0,4.965643868315439e-11,1.0
0.0,1.0,5.0191011069511404e-11,1.0
0.0,1.0,4.949814516597151e-11,1.0
0.0,1.0,4.956616714291151e-11,1.0
0.0,1.0,4.9754277087199483e-11,1.0
0.0,1.0,4.972145264958705e-11,1.0
0.0,1.0,8.870133794136592e-11,1.0
0.0,1.0,0.0,1.0
0.0,1.0,4.9491442194460333e-11,1.0
0.0,1.0,5.012213213917427e-11,1.0
0.0,1.0,5.22462698104853e-11,1.0
0.0,1.0,4.95920769727487e-11,1.0
0.0,1.0,6.211538228217961e-11,1.0
0.0,1.0,4.961279650994577e-11,1.0
0.0,1.0,4.994577321171256e-11,1.0
0.0,1.0,4.967008054856947e-11,1.0
0.0,1.0,5.0102821197439695e-11,1.0
0.0,1.0,4.959008897964523e-11,1.0
0.0,1.0,0.0,1.0
0.0,1.0,4.969177846980699e-11,1.0
0.0,1.0,4.964791425199344e-11,1.0
0.0,1.0,4.9819422892616316e-11,1.0
0.0,1.0,5.145539896944662e-11,1.0
0.0,1.0,4.959661847880881e-11,1.0
0.0,1.0,4.970372377566257e-11,1.0
0.0,1.0,5.0026049275286866e-11,1.0
0.0,1.0,2.3983590190014693e-26,1.0
0.0,1.0,4.968192177101649e-11,1.0
0.0,1.0,3.5364144424480107e-26,1.0
0.0,1.0,4.979871029431315e-11,1.0
0.0,1.0,5.033322812163059e-32,1.0
0.0,1.0,4.9629359649694393e-11,1.0
0.0,1.0,4.9704764609748153e-11,1.0
0.0,1.0,5.0228359665949185e-11,1.0
0.0,1.0,4.972932482472103e-11,1.0
0.0,1.0,4.983747789455428e-11,1.0
0.0,1.0,2.5704775427971568e-23,1.0
0.0,1.0,0.0,1.0
0.0,1.0,4.961062116670689e-11,1.0
0.0,1.0,4.967036504321953e-11,1.0
0.0,1.0,4.955472837631092e-11,1.0
0.0,1.0,5.0887363767238014e-11,1.0
0.0,1.0,4.957051435994231e-11,1.0
0.0,1.0,4.959907831669774e-11,1.0
0.0,1.0,4.970770323131646e-11,1.0
0.0,1.0,4.9612133845577944e-11,1.0
0.0,1.0,4.9630022314062217e-11,1.0
0.0,1.0,4.99519661745218e-11,1.0
0.0,1.0,4.987123561339679e-11,1.0
0.0,1.0,4.971424660826784e-11,1.0
0.0,1.0,4.994786875767154e-11,1.0
0.0,1.0,4.952817669878762e-11,1.0
0.0,1.0,4.9631156823215505e-11,1.0
0.0,1.0,5.048875553748111e-11,1.0
0.0,1.0,2.717358745661684e-38,1.0
0.0,1.0,4.9620838687980395e-11,1.0
0.0,1.0,4.976320050475991e-11,1.0
0.0,1.0,4.9941103336115233e-11,1.0
0.0,1.0,4.960777968965324e-11,1.0
0.0,1.0,5.026947608177679e-11,1.0
0.0,1.0,4.960456351232878e-11,1.0
0.0,1.0,4.986686064079038e-11,1.0
0.0,1.0,4.963920594014404e-11,1.0
0.0,1.0,1.4617961750441563e-29,1.0
0.0,1.0,5.040187017746334e-11,1.0
0.0,1.0,5.037361500148663e-11,1.0
0.0,1.0,5.017330301226863e-11,1.0
0.0,1.0,4.9678608449177375e-11,1.0
0.0,1.0,4.977924322746574e-11,1.0
0.0,1.0,5.03127366158207e-11,1.0
0.0,1.0,4.972875583542091e-11,1.0
0.0,1.0,4.973985459622021e-11,1.0
0.0,1.0,4.9564557319525804e-11,1.0
0.0,1.0,4.96496212198938e-11,1.0
0.0,1.0,4.969083131078911e-11,1.0
0.0,1.0,5.009861969718088e-11,1.0
0.0,1.0,4.958129393162203e-11,1.0
0.0,1.0,4.960645783036455e-11,1.0
0.0,1.0,4.95746742268377e-11,1.0
0.0,1.0,4.984137755292828e-11,1.0
0.0,1.0,4.9769462856508184e-11,1.0
0.0,1.0,4.971661624053603e-11,1.0
0.0,1.0,0.0,1.0
0.0,1.0,4.951381665785348e-11,1.0
0.0,1.0,4.974668593726861e-11,1.0
0.0,1.0,4.9637120802525914e-11,1.0
0.0,1.0,9.703866761827252e-33,1.0
0.0,1.0,2.4950985721972074e-10,1.0
0.0,1.0,5.129626237665441e-11,1.0
0.0,1.0,4.95862136073999e-11,1.0
0.0,1.0,4.9761490067412595e-11,1.0
0.0,1.0,4.977459069910317e-11,1.0
0.0,1.0,6.228630602404811e-35,1.0
0.0,1.0,4.974004541580257e-11,1.0
0.0,1.0,4.9801180540542944e-11,1.0
0.0,1.0,4.980754350625283e-11,1.0
0.0,1.0,4.978959258772342e-11,1.0
0.0,1.0,5.024982513424092e-11,1.0
0.0,1.0,4.9858204370645254e-11,1.0
0.0,1.0,6.483168862869704e-11,1.0
0.0,1.0,4.991691435196621e-11,1.0
0.0,1.0,4.9534598645095684e-11,1.0
0.0,1.0,4.965984914950816e-11,1.0
0.0,1.0,5.1882515644807725e-11,1.0
0.0,1.0,4.991472513093953e-11,1.0
0.0,1.0,4.989778382147314e-11,1.0
0.0,1.0,4.993310279144403e-11,1.0
0.0,1.0,5.06922594178949e-11,1.0
0.0,1.0,4.967576350267677e-11,1.0
0.0,1.0,5.046198875424679e-11,1.0
0.0,1.0,5.0359973136071545e-11,1.0
0.0,1.0,4.9773830890220694e-11,1.0
0.0,1.0,4.977591949728577e-11,1.0
0.0,1.0,4.959623683964409e-11,1.0
0.0,1.0,4.9690168646421284e-11,1.0
0.0,1.0,0.0,1.0
0.0,1.0,5.1328361699853886e-11,1.0
0.0,1.0,4.972420392101995e-11,1.0
0.0,1.0,4.983557663762461e-11,1.0
0.0,1.0,4.966240613191175e-11,1.0
0.0,1.0,4.9803081797472615e-11,1.0
0.0,1.0,5.0047237187822446e-11,1.0
0.0,1.0,2.4458546299399586e-10,1.0
0.0,1.0,4.977838974351556e-11,1.0
0.0,1.0,4.983339088604488e-11,1.0
0.0,1.0,7.655825751691922e-27,1.0
0.0,1.0,5.290964194548664e-11,1.0
0.0,1.0,4.979016157702354e-11,1.0
0.0,1.0,5.044938425347034e-11,1.0
0.0,1.0,4.9526001355548743e-11,1.0
0.0,1.0,1.8165050808557344e-34,1.0
0.0,1.0,4.973786313366979e-11,1.0
0.0,1.0,4.967898661889514e-11,1.0
0.0,1.0,1.956914186251879e-09,1.0
0.0,1.0,1.7860847245643185e-09,1.0
0.0,1.0,4.9771364113437855e-11,1.0
0.0,1.0,4.973359571391889e-11,1.0
0.0,1.0,0.0,1.0
0.0,1.0,2.8361712978153264e-09,1.0
0.0,1.0,7.589603945312717e-11,1.0
0.0,1.0,4.6263207154062513e-10,1.0
0.0,1.0,5.0101006676683824e-11,1.0
0.0,1.0,5.007091616326953e-11,1.0
0.0,1.0,4.990710969487999e-11,1.0
0.0,1.0,5.2692312318969314e-11,1.0
0.0,1.0,5.078070949848801e-11,1.0
0.0,1.0,4.976623627084287e-11,1.0
0.0,1.0,0.0,1.0
0.0,1.0,4.973245773531865e-11,1.0
0.0,1.0,4.983709972483652e-11,1.0
0.0,1.0,0.0004078875354025513,0.9987828731536865
0.0,1.0,4.977677298123595e-11,1.0
0.0,1.0,6.452605833760857e-28,1.0
0.0,1.0,0.0,1.0
0.0,1.0,6.607028812943838e-11,1.0
0.0,1.0,1.049596035085365e-10,1.0
0.0,1.0,0.0,1.0
0.0,1.0,4.971842035295104e-11,1.0
0.0,1.0,1.4172214292609752e-29,1.0
0.0,1.0,5.728533453117586e-17,1.0
0.0,1.0,4.9830254506000315e-11,1.0
0.0,1.0,5.044938425347034e-11,1.0
0.0,1.0,5.1550489571505764e-11,1.0
0.0,1.0,4.97711732938555e-11,1.0
0.0,1.0,1.1431441444345505e-28,1.0
0.0,1.0,1.6284519532656233e-21,1.0
0.0,1.0,4.977183595822332e-11,1.0
0.0,1.0,8.187583345002778e-31,1.0
0.0,1.0,5.0775286752902105e-11,1.0
0.0,1.0,0.0,1.0
0.0,1.0,5.4367095659406725e-27,1.0
0.0,1.0,0.0,1.0
0.0,1.0,0.0,1.0
0.0,1.0,1.050776163441569e-32,1.0
0.0,1.0,3.882628593632198e-11,1.0
0.0,1.0,4.956937985078902e-11,1.0
0.0,1.0,4.9627180837008567e-11,1.0
0.0,1.0,4.96481050715758e-11,1.0
0.0,1.0,4.935202246869608e-11,1.0
0.0,1.0,4.949172321966344e-11,1.0
0.0,1.0,1.1787226205951236e-25,1.0
0.0,1.0,1.704538398110216e-16,1.0
0.0,1.0,4.9459637774251775e-11,1.0
0.0,1.0,4.942210876657249e-11,1.0
0.0,1.0,4.933470645895888e-11,1.0
0.0,1.0,4.948379553337823e-11,1.0
0.0,1.0,4.9394779932931954e-11,1.0
0.0,1.0,4.9407498925457816e-11,1.0
0.0,1.0,4.949115769981027e-11,1.0
0.0,1.0,4.941532252833447e-11,1.0
0.0,1.0,4.9487663966729656e-11,1.0
0.0,1.0,4.954130855550076e-11,1.0
0.0,1.0,4.933132027873377e-11,1.0
0.0,1.0,4.9367274157496865e-11,1.0
0.0,1.0,4.9452376221781336e-11,1.0
0.0,1.0,4.947813339595264e-11,1.0
0.0,1.0,3.817777323448086e-30,1.0
0.0,1.0,8.535209938382751e-29,1.0
0.0,1.0,2.9671002982990585e-16,1.0
0.0,1.0,4.954594026718162e-11,1.0
0.0,1.0,4.946907466996109e-11,1.0
0.0,1.0,4.250222418567052e-24,1.0
0.0,1.0,4.9426161080612374e-11,1.0
0.0,1.0,4.955983193277724e-11,1.0
0.0,1.0,5.0625007658178234e-11,1.0
0.0,1.0,4.9387147149637656e-11,1.0
0.0,1.0,4.933574035415056e-11,1.0
0.0,1.0,6.862863055623336e-11,1.0
0.0,1.0,4.9496632487100456e-11,1.0
0.0,1.0,4.951212009829398e-11,1.0
0.0,1.0,4.998780209208853e-11,1.0
0.0,1.0,4.734691405486411e-15,1.0
0.0,1.0,5.140840877992936e-11,1.0
0.0,1.0,4.973786313366979e-11,1.0
0.0,1.0,4.934929548339184e-11,1.0
0.0,1.0,4.9589901629509825e-11,1.0
0.0,1.0,4.936030750801734e-11,1.0
0.0,1.0,4.949965437539561e-11,1.0
0.0,1.0,4.94132477990572e-11,1.0
0.0,1.0,4.942606740554467e-11,1.0
0.0,1.0,5.002261452280443e-11,1.0
0.0,1.0,4.944643305915264e-11,1.0
0.0,1.0,3.9484493641854515e-35,1.0
0.0,1.0,4.937330405629936e-11,1.0
0.0,1.0,4.9506451021974485e-11,1.0
0.0,1.0,4.947568049695761e-11,1.0
0.0,1.0,4.947152756895612e-11,1.0
0.0,1.0,5.18508604108181e-11,1.0
0.0,1.0,4.96310631481478e-11,1.0
0.0,1.0,4.971396211361778e-11,1.0
0.0,1.0,4.9345059288663506e-11,1.0
0.0,1.0,5.128911878538034e-11,1.0
0.0,1.0,4.9638258781126154e-11,1.0
0.0,1.0,4.9455110145979475e-11,1.0
0.0,1.0,4.979643086766572e-11,1.0
0.0,1.0,4.959037347429529e-11,1.0
0.0,1.0,4.956824534163573e-11,1.0
0.0,1.0,4.934863628847097e-11,1.0
0.0,1.0,4.937961151085801e-11,1.0
0.0,1.0,4.959472416077304e-11,1.0
0.0,1.0,4.940260006636166e-11,1.0
0.0,1.0,4.9427104770183306e-11,1.0
0.0,1.0,4.938516956487504e-11,1.0
0.0,1.0,0.0,1.0
0.0,1.0,4.941833747773572e-11,1.0
0.0,1.0,4.942578291089461e-11,1.0
0.0,1.0,4.9475867847093014e-11,1.0
0.0,1.0,4.9331132928598365e-11,1.0
0.0,1.0,4.994958266446581e-11,1.0
0.0,1.0,4.9370382781965816e-11,1.0
0.0,1.0,4.949455775782319e-11,1.0
0.0,1.0,5.3235797714545896e-11,1.0
0.0,1.0,4.948209550437177e-11,1.0
0.0,1.0,4.944803594364444e-11,1.0
0.0,1.0,4.966060548894369e-11,1.0
0.0,1.0,4.9466243601248294e-11,1.0
0.0,1.0,4.9401656376790726e-11,1.0
0.0,1.0,4.94405870410386e-11,1.0
0.0,1.0,4.946548726181277e-11,1.0
0.0,1.0,4.9420977726866155e-11,1.0
0.0,1.0,4.945341358641997e-11,1.0
0.0,1.0,4.943700310233723e-11,1.0
0.0,1.0,4.9496916981750516e-11,1.0
0.0,1.0,4.9440774391174e-11,1.0
0.0,1.0,5.0063467260663685e-11,1.0
0.0,1.0,4.9321630113396964e-11,1.0
0.0,1.0,4.940429315647421e-11,1.0
0.0,1.0,4.947039652924978e-11,1.0
0.0,1.0,4.946162229790829e-11,1.0
0.0,1.0,4.9397888557400904e-11,1.0
0.0,1.0,4.9423146131211126e-11,1.0
0.0,1.0,4.942757661496877e-11,1.0
0.0,1.0,4.943860598682903e-11,1.0
0.0,1.0,4.9259579054661273e-11,1.0
0.0,1.0,1.6620244171545986e-25,1.0
0.0,1.0,4.943285364378269e-11,1.0
0.0,1.0,4.929445046597536e-11,1.0
0.0,1.0,5.162960337035116e-11,1.0
0.0,1.0,0.0011657746508717537,0.9988013505935669
0.0,1.0,4.9386487954716785e-11,1.0
0.0,1.0,4.9249902767112275e-11,1.0
0.0,1.0,5.0536252266253356e-11,1.0
0.0,1.0,4.9465393586745066e-11,1.0
0.0,1.0,4.9480773645083076e-11,1.0
0.0,1.0,4.9498710685824676e-11,1.0
0.0,1.0,4.9352587988549246e-11,1.0
0.0,1.0,4.942352083148194e-11,1.0
0.0,1.0,4.932586283867835e-11,1.0
0.0,1.0,4.9584416433878786e-11,1.0
0.0,1.0,4.9481058139733136e-11,1.0
0.0,1.0,4.943672207713412e-11,1.0
0.0,1.0,4.944011519625313e-11,1.0
0.0,1.0,4.938008335564348e-11,1.0
0.0,1.0,4.954310225957492e-11,1.0
0.0,1.0,5.068935896024307e-11,1.0
0.0,1.0,4.9422861636561066e-11,1.0
0.0,1.0,4.943181627914406e-11,1.0
0.0,1.0,4.953998669621207e-11,1.0
0.0,1.0,4.94815299845186e-11,1.0
0.0,1.0,4.9439268651196855e-11,1.0
0.0,1.0,4.938535691501045e-11,1.0
0.0,1.0,4.955009666463006e-11,1.0
0.0,1.0,4.9343175378968596e-11,1.0
0.0,1.0,4.9357861547916215e-11,1.0
0.0,1.0,1.1204029875313364e-17,1.0
0.0,1.0,6.858832252154556e-11,1.0
0.0,1.0,4.989721136272607e-11,1.0
0.0,1.0,4.94904985048894e-11,1.0
0.0,1.0,3.422458187855932e-36,1.0
0.0,1.0,4.944605835888183e-11,1.0
0.0,1.0,4.951693569066329e-11,1.0
0.0,1.0,4.957316154796665e-11,1.0
0.0,1.0,4.9466337276316e-11,1.0
0.0,1.0,0.0,1.0
0.0,1.0,4.948473922294916e-11,1.0
0.0,1.0,4.938451036995417e-11,1.0
0.0,1.0,4.937085462675128e-11,1.0
0.0,1.0,4.9446245709017234e-11,1.0
0.0,1.0,4.97131086296676e-11,1.0
0.0,1.0,4.9328308798779474e-11,1.0
0.0,1.0,0.0,1.0
0.0,1.0,4.984793480766747e-11,1.0
0.0,1.0,4.941126674484764e-11,1.0
0.0,1.0,5.4996132647922025e-11,1.0
0.0,1.0,4.9406274210683776e-11,1.0
0.0,1.0,4.9477755226234876e-11,1.0
0.0,1.0,4.9539039537194185e-11,1.0
0.0,1.0,0.0,1.0
0.0,1.0,4.9440774391174e-11,1.0
0.0,1.0,4.9352213288278435e-11,1.0
0.0,1.0,4.947671786159624e-11,1.0
0.0,1.0,4.9357861547916215e-11,1.0
0.0,1.0,1.3662514848161907e-34,1.0
0.0,1.0,4.955936008799178e-11,1.0
0.0,1.0,4.389148891311823e-27,1.0
0.0,1.0,0.0,1.0
0.0,1.0,4.962860331025887e-11,1.0
0.0,1.0,4.9449073308283076e-11,1.0
0.0,1.0,1.2916924265785514e-33,1.0
0.0,1.0,4.933254152406086e-11,1.0
0.0,1.0,1.0968036510483961e-14,1.0
0.0,1.0,5.034863845287951e-11,1.0
0.0,1.0,4.9623395670383985e-11,1.0
0.0,1.0,4.964195027268303e-11,1.0
0.0,1.0,7.775982117271393e-32,1.0
0.0,1.0,4.936934541732718e-11,1.0
0.0,1.0,5.742476980041822e-11,1.0
0.0,1.0,9.127994605072347e-22,1.0
0.0,1.0,4.940910180994962e-11,1.0
0.0,1.0,4.940514317097744e-11,1.0
0.0,1.0,4.9323604228712625e-11,1.0
0.0,1.0,5.589342183531798e-11,1.0
0.0,1.0,2.4615115016953285e-31,1.0
0.0,1.0,4.9380270705778884e-11,1.0
0.0,1.0,4.936181324799449e-11,1.0
0.0,1.0,4.955822557883849e-11,1.0
0.0,1.0,4.492531655168563e-27,1.0
0.0,1.0,4.987608590023562e-11,1.0
0.0,1.0,4.939138681381294e-11,1.0
0.0,1.0,4.941739378816479e-11,1.0
0.0,1.0,4.947662418652854e-11,1.0
0.0,1.0,4.942267428642566e-11,1.0
0.0,1.0,4.938780634455853e-11,1.0
0.0,1.0,4.940862996516415e-11,1.0
0.0,1.0,8.298917566763385e-34,1.0
0.0,1.0,4.973653433548719e-11,1.0
0.0,1.0,4.942606740554467e-11,1.0
0.0,1.0,4.936558106738431e-11,1.0
0.0,1.0,8.47556723581299e-31,1.0
0.0,1.0,4.937424427642334e-11,1.0
0.0,1.0,4.941371964384267e-11,1.0
0.0,1.0,4.9379330485654904e-11,1.0
0.0,1.0,2.0230295216805416e-10,1.0
0.0,1.0,1.2687806534572577e-11,1.0
0.0,1.0,4.930347449749739e-11,1.0
0.0,1.0,4.9330189239027433e-11,1.0
0.0,1.0,4.934364722375406e-11,1.0
0.0,1.0,4.940740525039011e-11,1.0
0.0,1.0,4.9396663842626864e-11,1.0
0.0,1.0,4.931231464833097e-11,1.0
0.0,1.0,4.9398922452592586e-11,1.0
0.0,1.0,4.935654315807447e-11,1.0
0.0,1.0,4.9403540286485637e-11,1.0
0.0,1.0,5.523855678424283e-11,1.0
0.0,1.0,1.0115959069956109e-28,1.0
0.0,1.0,5.094806174166244e-11,1.0
0.0,1.0,4.943549389291313e-11,1.0
0.0,1.0,4.947813339595264e-11,1.0
0.0,1.0,4.9411173069779935e-11,1.0
0.0,1.0,4.9414566188898945e-11,1.0
0.0,1.0,4.926784674674778e-11,1.0
0.0,1.0,4.9609580332621306e-11,1.0
0.0,1.0,4.9549909314494656e-11,1.0
0.0,1.0,4.9533089435671585e-11,1.0
0.0,1.0,4.9464734391824194e-11,1.0
0.0,1.0,4.983443865902437e-11,1.0
0.0,1.0,5.124775603881915e-11,1.0
0.0,1.0,5.252994914051179e-11,1.0
0.0,1.0,4.968609204625274e-11,1.0
0.0,1.0,8.191557388234933e-22,1.0
0.0,1.0,4.952212945275036e-11,1.0
0.0,1.0,1.7975095375486026e-32,1.0
0.0,1.0,4.946379070225326e-11,1.0
0.0,1.0,4.9680311947630784e-11,1.0
0.0,1.0,1.7558825492507604e-18,1.0
0.0,1.0,4.938140174548522e-11,1.0
0.0,1.0,4.958167210133979e-11,1.0
0.0,1.0,5.883502018910747e-11,1.0
0.0,1.0,5.163078645176178e-11,1.0
0.0,1.0,4.947011203459972e-11,1.0
0.0,1.0,4.9319465178498945e-11,1.0
0.0,1.0,4.9380648875496647e-11,1.0
0.0,1.0,1.3368163743426963e-30,1.0
0.0,1.0,4.941070122499447e-11,1.0
0.0,1.0,4.9393270723507854e-11,1.0
0.0,1.0,4.935522476823273e-11,1.0
0.0,1.0,4.943360998321822e-11,1.0
0.0,1.0,4.955123117378335e-11,1.0
0.0,1.0,4.943247894351188e-11,1.0
0.0,1.0,5.201965594392455e-11,1.0
0.0,1.0,4.940260006636166e-11,1.0
0.0,1.0,4.9379705185925715e-11,1.0
0.0,1.0,4.9517692030098814e-11,1.0
0.0,1.0,4.9394214413078785e-11,1.0
0.0,1.0,9.907321714592871e-15,1.0
0.0,1.0,4.961837885009146e-11,1.0
0.0,1.0,4.946360335211786e-11,1.0
0.0,1.0,4.9406180535616073e-11,1.0
0.0,1.0,4.941343514919261e-11,1.0
0.0,1.0,4.9526285850198803e-11,1.0
0.0,1.0,4.9383944850101e-11,1.0
0.0,1.0,4.939647302304451e-11,1.0
0.0,1.0,4.934524663879891e-11,1.0
0.0,1.0,4.9445114669310897e-11,1.0
0.0,1.0,4.9294259646393e-11,1.0
0.0,1.0,4.945765672004221e-11,1.0
0.0,1.0,4.965435701498322e-11,1.0
0.0,1.0,4.937273853644619e-11,1.0
0.0,1.0,2.5689536187201156e-07,0.9999999403953552
0.0,1.0,4.938950290411803e-11,1.0
0.0,1.0,4.941428516369584e-11,1.0
0.0,1.0,4.9457563044974506e-11,1.0
0.0,1.0,4.950635734690678e-11,1.0
0.0,1.0,4.9415225383819816e-11,1.0
0.0,1.0,4.938658162978449e-11,1.0
0.0,1.0,4.955822557883849e-11,1.0
0.0,1.0,4.9488513981232884e-11,1.0
0.0,1.0,4.9497766996253745e-11,1.0
0.0,1.0,4.949521695274406e-11,1.0
0.0,1.0,4.955113749871565e-11,1.0
0.0,1.0,4.962386751516945e-11,1.0
0.0,1.0,4.947520865217214e-11,1.0
0.0,1.0,4.9484551872813753e-11,1.0
0.0,1.0,4.940891099036726e-11,1.0
0.0,1.0,3.375279279572117e-27,1.0
0.0,1.0,4.941532252833447e-11,1.0
0.0,1.0,9.242803180853242e-25,1.0
0.0,1.0,4.943059156437002e-11,1.0
0.0,1.0,6.299312644841848e-07,0.9999987483024597
0.0,1.0,5.607454340861295e-07,0.9999992251396179
0.0,1.0,4.9445680189164065e-11,1.0
0.0,1.0,4.984166204757834e-11,1.0
0.0,1.0,5.4511662544998174e-11,1.0
0.0,1.0,4.940646156081918e-11,1.0
0.0,1.0,9.333215336236883e-19,1.0
0.0,1.0,4.9395154633202765e-11,1.0
0.0,1.0,4.933132027873377e-11,1.0
0.0,1.0,4.9431722604076356e-11,1.0
0.0,1.0,4.9462090673246806e-11,1.0
0.0,1.0,4.94223897917756e-11,1.0
0.0,1.0,4.9416450098593856e-11,1.0
0.0,1.0,4.93977948823332e-11,1.0
0.0,1.0,4.939185865859841e-11,1.0
0.0,1.0,4.947180859415923e-11,1.0
0.0,1.0,4.944303994003363e-11,1.0
0.0,1.0,4.955652208038508e-11,1.0
0.0,1.0,4.945916592946631e-11,1.0
0.0,1.0,4.955189036870422e-11,1.0
0.0,1.0,4.986933435646712e-11,1.0
0.0,1.0,4.9698887366611544e-11,1.0
0.0,1.0,4.950210727439064e-11,1.0
0.0,1.0,3.058643003570485e-19,1.0
0.0,1.0,4.936897071705637e-11,1.0
0.0,1.0,4.941616907339075e-11,1.0
0.0,1.0,5.1636086109870125e-31,1.0
0.0,1.0,4.32616891753346e-25,1.0
0.0,1.0,4.9452941741634504e-11,1.0
0.0,1.0,4.946246884296457e-11,1.0
0.0,1.0,4.938102357576746e-11,1.0
0.0,1.0,4.934825811875321e-11,1.0
0.0,1.0,4.943191342365871e-11,1.0
0.0,1.0,5.0704926368716485e-11,1.0
0.0,1.0,4.949974805046331e-11,1.0
0.0,1.0,4.940608339110142e-11,1.0
0.0,1.0,4.931513877814986e-11,1.0
0.0,1.0,4.937895231593714e-11,1.0
0.0,1.0,4.94934232486699e-11,1.0
0.0,1.0,4.959321148190199e-11,1.0
0.0,1.0,4.9958349956913395e-11,1.0
0.0,1.0,5.042975759206314e-11,1.0
0.0,1.0,4.9457753864556864e-11,1.0
0.0,1.0,4.944643305915264e-11,1.0
0.0,1.0,4.954886848040907e-11,1.0
0.0,1.0,4.9634563820122324e-11,1.0
0.0,1.0,4.9462659662546926e-11,1.0
0.0,1.0,4.947360229823339e-11,1.0
0.0,1.0,4.9518916744872854e-11,1.0
0.0,1.0,4.983434151450972e-11,1.0
0.0,1.0,4.955945376305948e-11,1.0
0.0,1.0,1.1565989138651034e-10,1.0
0.0,1.0,5.0975182408485864e-11,1.0
0.0,1.0,4.9384038525168705e-11,1.0
0.0,1.0,4.952912038835855e-11,1.0
0.0,1.0,1.2601526941289603e-28,1.0
0.0,1.0,4.975712550314704e-11,1.0
0.0,1.0,5.6082759963826945e-11,1.0
0.0,1.0,5.096283464678386e-11,1.0
0.0,1.0,5.089871926711176e-11,1.0
0.0,1.0,4.9342800678697785e-11,1.0
0.0,1.0,4.946548726181277e-11,1.0
0.0,1.0,4.872532698590562e-24,1.0
0.0,1.0,4.94008063622875e-11,1.0
0.0,1.0,4.9377821276230804e-11,1.0
0.0,1.0,5.164782490574282e-11,1.0
0.0,1.0,4.936981726211265e-11,1.0
0.0,1.0,4.9370663807168924e-11,1.0
0.0,1.0,4.942012771236293e-11,1.0
0.0,1.0,4.945916592946631e-11,1.0
0.0,1.0,4.934421274360723e-11,1.0
0.0,1.0,4.9438134142043566e-11,1.0
0.0,1.0,4.944954515306854e-11,1.0
0.0,1.0,4.942936684959598e-11,1.0
0.0,1.0,4.937122932702209e-11,1.0
0.0,1.0,4.945699752512134e-11,1.0
0.0,1.0,9.511050791388698e-08,0.9999999403953552
0.0,1.0,4.954688395675255e-11,1.0
0.0,1.0,4.9402881091564765e-11,1.0
0.0,1.0,1.5301240987340786e-33,1.0
0.0,1.0,4.9599737511618613e-11,1.0
0.0,1.0,4.93068606777225e-11,1.0
0.0,1.0,4.953422047537792e-11,1.0
0.0,1.0,4.935343453360552e-11,1.0
0.0,1.0,4.943181627914406e-11,1.0
0.0,1.0,4.934901098874178e-11,1.0
0.0,1.0,4.936237876784766e-11,1.0
0.0,1.0,4.963693345239051e-11,1.0
0.0,1.0,4.9489082970533005e-11,1.0
0.0,1.0,1.766376047032882e-26,1.0
0.0,1.0,4.941588457874069e-11,1.0
0.0,1.0,4.955936008799178e-11,1.0
0.0,1.0,4.9531385937218175e-11,1.0
0.0,1.0,4.9506169996771376e-11,1.0
0.0,1.0,4.949908885554244e-11,1.0
0.0,1.0,4.9457753864556864e-11,1.0
0.0,1.0,4.947662418652854e-11,1.0
0.0,1.0,7.725253881149703e-15,1.0
0.0,1.0,4.965407252033316e-11,1.0
0.0,1.0,4.93729258865816e-11,1.0
0.0,1.0,4.9310621558218415e-11,1.0
0.0,1.0,4.936765232721463e-11,1.0
0.0,1.0,4.944454914945773e-11,1.0
0.0,1.0,4.93822482905415e-11,1.0
0.0,1.0,4.952789220413756e-11,1.0
0.0,1.0,1.109591534723179e-24,1.0
0.0,1.0,4.996940361490232e-11,1.0
0.0,1.0,4.949644513696505e-11,1.0
0.0,1.0,2.1299118202477985e-07,0.9999999403953552
0.0,1.0,1.6653449925006775e-16,1.0
0.0,1.0,4.958195659598985e-11,1.0
0.0,1.0,4.961639085698799e-11,1.0
0.0,1.0,7.01905320472222e-21,1.0
0.0,1.0,4.936143854772368e-11,1.0
0.0,1.0,4.946397805238867e-11,1.0
0.0,1.0,4.9385547734592805e-11,1.0
0.0,1.0,4.99480595772539e-11,1.0
0.0,1.0,4.938347300531554e-11,1.0
0.0,1.0,4.96381616366115e-11,1.0
0.0,1.0,4.95008825596166e-11,1.0
0.0,1.0,4.9550284014765467e-11,1.0
0.0,1.0,4.9293132076133617e-11,1.0
0.0,1.0,4.9525720330345635e-11,1.0
0.0,1.0,2.895023359494181e-13,1.0
0.0,1.0,4.934741157369693e-11,1.0
0.0,1.0,5.029882413354336e-11,1.0
0.0,1.0,4.9382154615473794e-11,1.0
0.0,1.0,4.943417550307139e-11,1.0
0.0,1.0,4.967121505772276e-11,1.0
0.0,1.0,4.967310937575853e-11,1.0
0.0,1.0,4.934449376881034e-11,1.0
0.0,1.0,4.955983193277724e-11,1.0
0.0,1.0,4.9503148108476225e-11,1.0
0.0,1.0,4.954650578703479e-11,1.0
0.0,1.0,4.9528742218640787e-11,1.0
0.0,1.0,4.934138861378834e-11,1.0
0.0,1.0,4.9295578036234744e-11,1.0
0.0,1.0,4.950749185606007e-11,1.0
0.0,1.0,4.9489648490386173e-11,1.0
0.0,1.0,5.633104746549655e-11,1.0
0.0,1.0,5.296487207151479e-11,1.0
0.0,1.0,4.952534216062787e-11,1.0
0.0,1.0,4.937556266626508e-11,1.0
0.0,1.0,4.938008335564348e-11,1.0
0.0,1.0,4.9391764983530706e-11,1.0
0.0,1.0,4.951495116700677e-11,1.0
0.0,1.0,4.946945283967885e-11,1.0
0.0,1.0,4.803462837261177e-28,1.0
0.0,1.0,2.407090533819517e-21,1.0
0.0,1.0,4.939430808814649e-11,1.0
0.0,1.0,4.934261332856238e-11,1.0
0.0,1.0,4.945860040961314e-11,1.0
0.0,1.0,4.933639954907143e-11,1.0
0.0,1.0,3.463369813161421e-09,1.0
0.0,1.0,4.983538928748921e-11,1.0
0.0,1.0,4.939685119276227e-11,1.0
0.0,1.0,4.938017703071118e-11,1.0
0.0,1.0,1.0442217861807626e-27,1.0
0.0,1.0,4.959765584344744e-11,1.0
0.0,1.0,4.933451910882347e-11,1.0
0.0,1.0,4.9278938568653174e-11,1.0
0.0,1.0,1.579224960245019e-26,1.0
0.0,1.0,4.936482819739574e-11,1.0
0.0,1.0,4.925854515946959e-11,1.0
0.0,1.0,4.9295952736505555e-11,1.0
0.0,1.0,5.091625798810762e-24,1.0
0.0,1.0,4.935051672871893e-11,1.0
0.0,1.0,4.932285135872405e-11,1.0
0.0,1.0,5.125225244206888e-11,1.0
0.0,1.0,1.240807990788721e-31,1.0
0.0,1.0,4.938516956487504e-11,1.0
0.0,1.0,4.9368124172000094e-11,1.0
0.0,1.0,4.9373491406434766e-11,1.0
0.0,1.0,4.932529731882518e-11,1.0
0.0,1.0,4.933517830374434e-11,1.0
0.0,1.0,4.923684723823207e-11,1.0
0.0,1.0,5.400075872574739e-11,1.0
0.0,1.0,2.5922150825863355e-07,0.9999991655349731
0.0,1.0,4.928034716411567e-11,1.0
0.0,1.0,4.934553113344897e-11,1.0
0.0,1.0,4.923760010822065e-11,1.0
0.0,1.0,4.9292757375862806e-11,1.0
0.0,1.0,4.95217512830326e-11,1.0
0.0,1.0,7.007700638670001e-31,1.0
0.0,1.0,8.799618824744033e-17,1.0
0.0,1.0,4.926662550142069e-11,1.0
0.0,1.0,0.0,1.0
0.0,1.0,4.9287303405254335e-11,1.0
0.0,1.0,4.925403487843205e-11,1.0
0.0,1.0,4.928626951006265e-11,1.0
0.0,1.0,4.922661236972381e-11,1.0
0.0,1.0,4.92296169107842e-11,1.0
0.0,1.0,4.927264152243538e-11,1.0
0.0,1.0,4.9306485977451686e-11,1.0
0.0,1.0,4.942418002640281e-11,1.0
0.0,1.0,4.980602388848787e-11,1.0
0.0,1.0,5.0702508164190974e-11,1.0
0.0,1.0,4.930535493774535e-11,1.0
0.0,1.0,4.926888064193946e-11,1.0
0.0,1.0,4.929331942626902e-11,1.0
0.0,1.0,4.938780634455853e-11,1.0
0.0,1.0,4.932821512371177e-11,1.0
0.0,1.0,4.9316644518127006e-11,1.0
0.0,1.0,4.930949398795903e-11,1.0
0.0,1.0,4.927790467346149e-11,1.0
0.0,1.0,4.932510996868977e-11,1.0
0.0,1.0,4.9297833176753514e-11,1.0
0.0,1.0,4.92877752500398e-11,1.0
0.0,1.0,4.996006386370766e-11,1.0
0.0,1.0,4.95775122344444e-11,1.0
0.0,1.0,4.92974584764827e-11,1.0
0.0,1.0,5.00904005773517e-11,1.0
0.0,1.0,4.925760493934561e-11,1.0
0.0,1.0,4.9364075327407164e-11,1.0
0.0,1.0,4.932379157884803e-11,1.0
0.0,1.0,7.273276025898667e-08,0.9999999403953552
0.0,1.0,4.928852465058142e-11,1.0
0.0,1.0,4.926230257051856e-11,1.0
0.0,1.0,4.934581215865208e-11,1.0
0.0,1.0,4.9241447724890364e-11,1.0
0.0,1.0,4.958129393162203e-11,1.0
0.0,1.0,4.933517830374434e-11,1.0
0.0,1.0,4.921290458481664e-11,1.0
0.0,1.0,4.939091496902748e-11,1.0
0.0,1.0,4.919066542985462e-11,1.0
0.0,1.0,4.9113321048954717e-11,1.0
0.0,1.0,4.9253098127755024e-11,1.0
0.0,1.0,4.928843097551372e-11,1.0
0.0,1.0,4.932059274875833e-11,1.0
0.0,1.0,5.2638771813606766e-11,1.0
0.0,1.0,4.927207600258221e-11,1.0
0.0,1.0,4.930883826248511e-11,1.0
0.0,1.0,4.9277339153608324e-11,1.0
0.0,1.0,4.9348823638606376e-11,1.0
0.0,1.0,4.926502955582279e-11,1.0
0.0,1.0,4.92972711263473e-11,1.0
0.0,1.0,4.952212945275036e-11,1.0
0.0,1.0,4.9232621451844594e-11,1.0
0.0,1.0,4.9291817155738826e-11,1.0
0.0,1.0,4.933094210901601e-11,1.0
0.0,1.0,4.940278741649706e-11,1.0
0.0,1.0,4.927555585787502e-11,1.0
0.0,1.0,5.032665256754498e-11,1.0
0.0,1.0,4.928354252475842e-11,1.0
0.0,1.0,4.9263242790642536e-11,1.0
0.0,1.0,4.9241447724890364e-11,1.0
0.0,1.0,4.9208775942943817e-11,1.0
0.0,1.0,4.9351269598707503e-11,1.0
0.0,1.0,4.932473179897201e-11,1.0
0.0,1.0,4.931212729819556e-11,1.0
0.0,1.0,4.920051865919817e-11,1.0
0.0,1.0,4.9299151566595256e-11,1.0
0.0,1.0,4.927433114310098e-11,1.0
0.0,1.0,4.923900870368314e-11,1.0
0.0,1.0,4.925018379231538e-11,1.0
0.0,1.0,4.930404001735056e-11,1.0
0.0,1.0,8.977212888347377e-33,1.0
0.0,1.0,4.044259905032768e-27,1.0
0.0,1.0,4.9259579054661273e-11,1.0
0.0,1.0,4.9446904903938105e-11,1.0
0.0,1.0,4.93212519436792e-11,1.0
0.0,1.0,2.2046722565683363e-34,1.0
0.0,1.0,4.93605920026674e-11,1.0
0.0,1.0,4.925760493934561e-11,1.0
0.0,1.0,4.9298773396877493e-11,1.0
0.0,1.0,5.050541582174439e-11,1.0
0.0,1.0,4.9245676980724795e-11,1.0
0.0,1.0,4.930573310746311e-11,1.0
0.0,1.0,4.930460553720373e-11,1.0
0.0,1.0,4.9324169748565794e-11,1.0
0.0,1.0,2.5288029519288102e-06,0.9999974966049194
0.0,1.0,4.937330405629936e-11,1.0
0.0,1.0,4.9409667329802787e-11,1.0
0.0,1.0,4.936803049693239e-11,1.0
0.0,1.0,1.428690965534139e-22,1.0
0.0,1.0,4.9378764965801736e-11,1.0
0.0,1.0,4.926719102127386e-11,1.0
0.0,1.0,4.922492274905821e-11,1.0
0.0,1.0,5.079155845910677e-11,1.0
0.0,1.0,4.9297552151550406e-11,1.0
0.0,1.0,4.9303852667215153e-11,1.0
0.0,1.0,4.933442543375577e-11,1.0
0.0,1.0,4.9267753071680076e-11,1.0
0.0,1.0,4.928382701940848e-11,1.0
0.0,1.0,4.93401638990143e-11,1.0
0.0,1.0,6.257153685124124e-37,1.0
0.0,1.0,4.9287962600175206e-11,1.0
0.0,1.0,4.9457188344703695e-11,1.0
0.0,1.0,4.932078356834069e-11,1.0
0.0,1.0,4.931175259792475e-11,1.0
0.0,1.0,4.941532252833447e-11,1.0
0.0,1.0,4.925206423256334e-11,1.0
0.0,1.0,4.9285707459656436e-11,1.0
0.0,1.0,4.929933891673066e-11,1.0
0.0,1.0,4.935202246869608e-11,1.0
0.0,1.0,4.935936728789336e-11,1.0
0.0,1.0,5.303745637119661e-11,1.0
0.0,1.0,4.939572015305593e-11,1.0
0.0,1.0,5.0386396444057624e-11,1.0
0.0,1.0,4.9248213146446673e-11,1.0
0.0,1.0,4.92878689251075e-11,1.0
0.0,1.0,5.374982056660649e-11,1.0
0.0,1.0,4.925168953229253e-11,1.0
0.0,1.0,4.922736177026543e-11,1.0
0.0,1.0,4.96581421816078e-11,1.0
0.0,1.0,4.9331507628869176e-11,1.0
0.0,1.0,4.927142027710829e-11,1.0
0.0,1.0,4.552073575290449e-23,1.0
0.0,1.0,4.9284482744882396e-11,1.0
0.0,1.0,4.9299807292069175e-11,1.0
0.0,1.0,4.925103033737166e-11,1.0
0.0,1.0,4.931259914298103e-11,1.0
0.0,1.0,4.9264183010766516e-11,1.0
0.0,1.0,4.9433231813500456e-11,1.0
0.0,1.0,9.283128093245979e-31,1.0
0.0,1.0,4.9328308798779474e-11,1.0
0.0,1.0,4.729211156018209e-08,0.9999999403953552
0.0,1.0,4.9251498712710173e-11,1.0
0.0,1.0,4.9232621451844594e-11,1.0
0.0,1.0,4.923356167196857e-11,1.0
0.0,1.0,5.000863886653804e-32,1.0
0.0,1.0,5.35049470007376e-11,1.0
0.0,1.0,0.0,1.0
0.0,1.0,5.640749232374907e-34,1.0
0.0,1.0,4.921590912587703e-11,1.0
0.0,1.0,4.932379157884803e-11,1.0
0.0,1.0,4.926662550142069e-11,1.0
0.0,1.0,5.7638768953994106e-37,1.0
0.0,1.0,4.931175259792475e-11,1.0
0.0,1.0,4.93480707686178e-11,1.0
0.0,1.0,4.9308647442902753e-11,1.0
0.0,1.0,4.93022532521703e-11,1.0
0.0,1.0,4.930281877202347e-11,1.0
0.0,1.0,4.9285422965006376e-11,1.0
0.0,1.0,4.9321723788464666e-11,1.0
0.0,1.0,4.925140503764247e-11,1.0
0.0,1.0,4.9291723480671124e-11,1.0
0.0,1.0,4.981685550187187e-11,1.0
0.0,1.0,4.94799271000268e-11,1.0
0.0,1.0,4.980345996719038e-11,1.0
0.0,1.0,4.922736177026543e-11,1.0
0.0,1.0,4.928655053526576e-11,1.0
0.0,1.0,0.11873488873243332,0.9369897842407227
0.0,1.0,4.928974936535546e-11,1.0
0.0,1.0,4.92230457782572e-11,1.0
0.0,1.0,4.924877519685289e-11,1.0
0.0,1.0,4.933884897861951e-11,1.0
0.0,1.0,4.922567214959983e-11,1.0
0.0,1.0,4.929012406562627e-11,1.0
0.0,1.0,4.933865815903715e-11,1.0
0.0,1.0,4.934232883391232e-11,1.0
0.0,1.0,4.933536565387975e-11,1.0
0.0,1.0,4.9308931937552813e-11,1.0
0.0,1.0,5.031302457991771e-11,1.0
0.0,1.0,4.936765232721463e-11,1.0
0.0,1.0,4.937989600550807e-11,1.0
0.0,1.0,4.9337152419060004e-11,1.0
0.0,1.0,4.937575001640049e-11,1.0
0.0,1.0,4.925450672321752e-11,1.0
0.0,1.0,4.925591531868001e-11,1.0
0.0,1.0,4.943436285320679e-11,1.0
0.0,1.0,5.0086962355422315e-11,1.0
0.0,1.0,4.93274622537232e-11,1.0
0.0,1.0,4.9321064593543795e-11,1.0
0.0,1.0,1.3580386815092993e-12,1.0
0.0,1.0,4.933545932894745e-11,1.0
0.0,1.0,4.938987760438884e-11,1.0
0.0,1.0,4.92653105810259e-11,1.0
0.0,1.0,1.0572601922831382e-06,0.9999985098838806
0.0,1.0,4.93275559287909e-11,1.0
0.0,1.0,4.972486658538777e-11,1.0
0.0,1.0,4.939986614216352e-11,1.0
0.0,1.0,4.9392986228857794e-11,1.0
0.0,1.0,4.931927782836354e-11,1.0
0.0,1.0,4.9689408837538807e-11,1.0
0.0,1.0,4.92925700257274e-11,1.0
0.0,1.0,4.927884489358547e-11,1.0
0.0,1.0,4.9353528208673225e-11,1.0
0.0,1.0,4.9269258811657224e-11,1.0
0.0,1.0,4.963844613126156e-11,1.0
0.0,1.0,4.978531822907861e-11,1.0
0.0,1.0,5.0003154394850924e-11,1.0
0.0,1.0,4.9676710661694656e-11,1.0
0.0,1.0,4.96863765409028e-11,1.0
0.0,1.0,4.9683437919334494e-11,1.0
0.0,1.0,4.9747445746151087e-11,1.0
0.0,1.0,4.966610109291558e-11,1.0
0.0,1.0,4.9666763757283405e-11,1.0
0.0,1.0,4.978693499135822e-11,1.0
0.0,1.0,4.980383813690814e-11,1.0
0.0,1.0,4.969462341630759e-11,1.0
0.0,1.0,4.9761490067412595e-11,1.0
0.0,1.0,4.9603807172893255e-11,1.0
0.0,1.0,4.979567105878324e-11,1.0
0.0,1.0,4.9639486965347146e-11,1.0
0.0,1.0,4.989111901387844e-11,1.0
0.0,1.0,4.972107447986929e-11,1.0
0.0,1.0,5.003253714108702e-11,1.0
0.0,1.0,4.3998106491471844e-08,0.9999999403953552
0.0,1.0,7.702237070361662e-09,1.0
0.0,1.0,4.970324846143015e-11,1.0
0.0,1.0,4.992919966362308e-11,1.0
0.0,1.0,8.737514184398165e-11,1.0
0.0,1.0,7.545993696567166e-08,0.9999998211860657
0.0,1.0,5.6970584694227e-08,0.9999999403953552
0.0,1.0,5.001231026535713e-11,1.0
0.0,1.0,4.9580350242051097e-11,1.0
0.0,1.0,4.9864671419763695e-11,1.0
0.0,1.0,4.968808350880316e-11,1.0
0.0,1.0,3.2159874763237895e-08,0.9999999403953552
0.0,1.0,4.9575715060923287e-11,1.0
0.0,1.0,4.958592911274984e-11,1.0
0.0,1.0,4.967993377791302e-11,1.0
0.0,1.0,5.372891020982706e-11,1.0
0.0,1.0,4.9721265299451645e-11,1.0
0.0,1.0,5.175600573115169e-11,1.0
0.0,1.0,4.9872092566793924e-11,1.0
0.0,1.0,4.9705902588348394e-11,1.0
0.0,1.0,4.966269062656181e-11,1.0
0.0,1.0,4.956550447854369e-11,1.0
0.0,1.0,4.9612133845577944e-11,1.0
0.0,1.0,5.0279353597249e-11,1.0
0.0,1.0,4.967149955237282e-11,1.0
0.0,1.0,6.112998301999184e-11,1.0
0.0,1.0,1.4402018665688445e-32,1.0
0.0,1.0,4.969111580543917e-11,1.0
0.0,1.0,4.967557615254137e-11,1.0
0.0,1.0,4.982930387753548e-11,1.0
0.0,1.0,4.9827215270470404e-11,1.0
0.0,1.0,4.9684291403284675e-11,1.0
0.0,1.0,4.9796052697947957e-11,1.0
0.0,1.0,6.254840627661906e-07,0.9999992847442627
0.0,1.0,4.9832631077162404e-11,1.0
0.0,1.0,2.102998308828319e-08,1.0
0.0,1.0,1.3013908528591855e-07,0.9999998807907104
0.0,1.0,3.1156815794020076e-07,0.9999997019767761
0.0,1.0,4.552229881937819e-08,0.9999999403953552
0.0,1.0,7.167414395325977e-08,0.9999999403953552
0.0,1.0,3.8981205818799936e-08,0.9999999403953552
0.0,1.0,1.0920520503241837e-15,1.0
0.0,1.0,5.006718997724313e-11,1.0
0.0,1.0,4.9668186230533706e-11,1.0
0.0,1.0,4.956351995488717e-11,1.0
0.0,1.0,4.9696614878858014e-11,1.0
0.0,1.0,4.972980013895345e-11,1.0
0.0,1.0,4.978446474512843e-11,1.0
0.0,1.0,4.991320204372762e-11,1.0
0.0,1.0,5.0082184926969475e-11,1.0
0.0,1.0,4.9719558331551283e-11,1.0
0.0,1.0,4.976908468679042e-11,1.0
0.0,1.0,5.173794379031982e-11,1.0
0.0,1.0,4.9813719121827305e-11,1.0
0.0,1.0,4.9536676843819905e-11,1.0
0.0,1.0,5.004198444513719e-11,1.0
0.0,1.0,4.959264249260187e-11,1.0
0.0,1.0,4.9858967648974684e-11,1.0
0.0,1.0,4.955501287096098e-11,1.0
0.0,1.0,6.245836486895584e-11,1.0
0.0,1.0,4.9691022130371465e-11,1.0
0.0,1.0,4.9598887497115385e-11,1.0
0.0,1.0,4.956578897319375e-11,1.0
0.0,1.0,4.963910879562938e-11,1.0
0.0,1.0,4.9655682343718865e-11,1.0
0.0,1.0,5.013589890467962e-11,1.0
0.0,1.0,1.636986866060397e-07,0.9999998211860657
0.0,1.0,4.980108686547524e-11,1.0
0.0,1.0,5.0223762648737846e-11,1.0
0.0,1.0,4.96310631481478e-11,1.0
0.0,1.0,4.970419562044803e-11,1.0
0.0,1.0,4.9776870125750605e-11,1.0
0.0,1.0,4.999380770476236e-11,1.0
0.0,1.0,4.979871029431315e-11,1.0
0.0,1.0,4.9997242457244795e-11,1.0
0.0,1.0,4.985288223902096e-11,1.0
0.0,1.0,5.0255001549093237e-11,1.0
0.0,1.0,4.9744600799650485e-11,1.0
0.0,1.0,4.970135414339438e-11,1.0
0.0,1.0,4.9643181926350977e-11,1.0
0.0,1.0,4.969566425039318e-11,1.0
0.0,1.0,4.9992662787268216e-11,1.0
0.0,1.0,4.987304319525876e-11,1.0
0.0,1.0,4.978598436289339e-11,1.0
0.0,1.0,2.0502041309100605e-07,0.9999997019767761
0.0,1.0,4.9972644078355444e-11,1.0
0.0,1.0,5.0318877536925655e-11,1.0
0.0,1.0,6.419467041274274e-11,1.0
0.0,1.0,4.967519451337665e-11,1.0
0.0,1.0,4.9828353249070645e-11,1.0
0.0,1.0,4.9897971171608546e-11,1.0
0.0,1.0,5.003559025440474e-11,1.0
0.0,1.0,4.9757316322729395e-11,1.0
0.0,1.0,4.958942631527741e-11,1.0
0.0,1.0,4.9557847409120726e-11,1.0
0.0,1.0,4.971860770308645e-11,1.0
0.0,1.0,4.9622542186433805e-11,1.0
0.0,1.0,6.113767825333127e-11,1.0
0.0,1.0,4.992634083933467e-11,1.0
0.0,1.0,4.976547646196039e-11,1.0
0.0,1.0,4.979804762994533e-11,1.0
0.0,1.0,4.9513629307718077e-11,1.0
0.0,1.0,4.9664775764179936e-11,1.0
0.0,1.0,5.0681236984928546e-11,1.0
0.0,1.0,4.953327678580699e-11,1.0
0.0,1.0,5.0057163275551986e-11,1.0
0.0,1.0,4.95571847447529e-11,1.0
0.0,1.0,4.9789974226888134e-11,1.0
0.0,1.0,4.979187201437085e-11,1.0
0.0,1.0,4.961345917431359e-11,1.0
0.0,1.0,4.977914955239804e-11,1.0
0.0,1.0,4.991158528144801e-11,1.0
0.0,1.0,4.967841762959502e-11,1.0
0.0,1.0,4.970362663114791e-11,1.0
0.0,1.0,4.976623627084287e-11,1.0
0.0,1.0,4.961875701980922e-11,1.0
0.0,1.0,4.964166577803297e-11,1.0
0.0,1.0,4.96990781861939e-11,1.0
0.0,1.0,4.9674060004223364e-11,1.0
0.0,1.0,1.5866501168471103e-10,1.0
0.0,1.0,4.9510041899569757e-11,1.0
0.0,1.0,4.975693468356468e-11,1.0
0.0,1.0,5.04965548542291e-11,1.0
0.0,1.0,4.9681449926231025e-11,1.0
0.0,1.0,4.9742134022867646e-11,1.0
0.0,1.0,4.979890111389551e-11,1.0
0.0,1.0,4.978256695764571e-11,1.0
0.0,1.0,4.9851549971391407e-11,1.0
0.0,1.0,4.9671596696887477e-11,1.0
0.0,1.0,4.9481623659586305e-11,1.0
0.0,1.0,4.957221785839572e-11,1.0
0.0,1.0,5.056961446814334e-11,1.0
0.0,1.0,4.982958837218554e-11,1.0
0.0,1.0,4.971946118703663e-11,1.0
0.0,1.0,4.990996504972145e-11,1.0
0.0,1.0,4.971756686900086e-11,1.0
0.0,1.0,5.0038070908975385e-11,1.0
0.0,1.0,4.973093811755369e-11,1.0
0.0,1.0,4.983757503906894e-11,1.0
0.0,1.0,4.977041348497302e-11,1.0
0.0,1.0,4.9701732313112146e-11,1.0
0.0,1.0,4.960777968965324e-11,1.0
0.0,1.0,4.968846167852092e-11,1.0
0.0,1.0,4.982407889042584e-11,1.0
0.0,1.0,4.9719558331551283e-11,1.0
0.0,1.0,4.958659177711766e-11,1.0
0.0,1.0,4.997769559311749e-11,1.0
0.0,1.0,4.9925390210869836e-11,1.0
0.0,1.0,1.0923759534280097e-32,1.0
0.0,1.0,4.971803871378633e-11,1.0
0.0,1.0,4.9609580332621306e-11,1.0
0.0,1.0,4.996949728997002e-11,1.0
0.0,1.0,4.9671596696887477e-11,1.0
0.0,1.0,4.997855254651462e-11,1.0
0.0,1.0,4.9840711419113504e-11,1.0
0.0,1.0,5.011696960210976e-11,1.0
0.0,1.0,4.963759611675833e-11,1.0
0.0,1.0,4.977022266539066e-11,1.0
0.0,1.0,4.9730178308671213e-11,1.0
0.0,1.0,4.9693579112775055e-11,1.0
0.0,1.0,4.9612512015295707e-11,1.0
0.0,1.0,5.0775286752902105e-11,1.0
0.0,1.0,4.975380524241402e-11,1.0
0.0,1.0,4.9896354409328936e-11,1.0
0.0,1.0,4.9856875572462656e-11,1.0
0.0,1.0,4.9648580385808216e-11,1.0
0.0,1.0,4.9930913570417346e-11,1.0
0.0,1.0,8.209323498764576e-11,1.0
0.0,1.0,4.984004528529873e-11,1.0
0.0,1.0,5.113917622701081e-11,1.0
0.0,1.0,4.985839519022761e-11,1.0
0.0,1.0,4.9831014314882793e-11,1.0
0.0,1.0,4.9526001355548743e-11,1.0
0.0,1.0,4.9585835437682135e-11,1.0
0.0,1.0,4.971481559756796e-11,1.0
0.0,1.0,4.972553271920255e-11,1.0
0.0,1.0,4.997016689323175e-11,1.0
0.0,1.0,4.9832915571812464e-11,1.0
0.0,1.0,4.982227130856387e-11,1.0
0.0,1.0,5.0010402069533555e-11,1.0
0.0,1.0,4.9555200221096385e-11,1.0
0.0,1.0,1.952154704554232e-08,1.0
0.0,1.0,4.9673869184641006e-11,1.0
0.0,1.0,4.970780037583111e-11,1.0
0.0,1.0,4.982360357619342e-11,1.0
0.0,1.0,5.015694110044322e-11,1.0
0.0,1.0,6.176661959678142e-11,1.0
0.0,1.0,4.9615350022902405e-11,1.0
0.0,1.0,4.96079705092356e-11,1.0
0.0,1.0,4.9541971219868586e-11,1.0
0.0,1.0,4.9564557319525804e-11,1.0
0.0,1.0,4.993339075554104e-11,1.0
0.0,1.0,4.972524822455249e-11,1.0
0.0,1.0,3.0459899047485806e-09,1.0
0.0,1.0,6.35103428181516e-11,1.0
0.0,1.0,4.964696709297556e-11,1.0
0.0,1.0,1.3061186854290696e-10,1.0
0.0,1.0,4.9814766894806795e-11,1.0
0.0,1.0,4.977345272050293e-11,1.0
0.0,1.0,4.9651702888064975e-11,1.0
0.0,1.0,4.9582050271057554e-11,1.0
0.0,1.0,4.95439557435251e-11,1.0
0.0,1.0,4.9764529302942506e-11,1.0
0.0,1.0,5.075023179479388e-10,1.0
0.0,1.0,6.989443052107802e-11,1.0
0.0,1.0,7.064390739053295e-11,1.0
0.0,1.0,6.297085128371824e-17,1.0
0.0,1.0,6.682820269388046e-11,1.0
0.0,1.0,6.396720653167876e-11,1.0
0.0,1.0,6.731894902634039e-11,1.0
0.0,1.0,6.620943376889343e-11,1.0
0.0,1.0,6.966338617075962e-11,1.0
0.0,1.0,6.433980431763686e-11,1.0
0.0,1.0,6.027759541504807e-11,1.0
0.0,1.0,6.49699599675202e-11,1.0
0.0,1.0,6.072140013024807e-11,1.0
0.0,1.0,6.484133369122347e-11,1.0
0.0,1.0,6.30246341226659e-11,1.0
0.0,1.0,2.468086290896565e-10,1.0
0.0,1.0,0.0,1.0
0.0,1.0,6.60541621400057e-11,1.0
0.0,1.0,1.6248463685641923e-10,1.0
0.0,1.0,3.2764752022629295e-10,1.0
0.0,1.0,1.970499718256802e-12,1.0
0.0,1.0,6.162012566868214e-11,1.0
0.0,1.0,6.457400586468154e-11,1.0
0.0,1.0,6.499313587315925e-11,1.0
0.0,1.0,6.25655499630895e-11,1.0
0.0,1.0,6.82271600327411e-11,1.0
0.0,1.0,2.5907190281948544e-10,1.0
0.0,1.0,6.848034639350686e-11,1.0
0.0,1.0,7.764105330876347e-11,1.0
0.0,1.0,7.131894380618675e-11,1.0
0.0,1.0,6.904101595983647e-11,1.0
0.0,1.0,6.501570115613475e-11,1.0
0.0,1.0,4.076844070666219e-11,1.0
0.0,1.0,6.634127969196157e-11,1.0
0.0,1.0,6.291690085591384e-11,1.0
0.0,1.0,6.082584436128968e-11,1.0
0.0,1.0,7.365053011909595e-11,1.0
0.0,1.0,6.749817371698441e-11,1.0
0.0,1.0,6.751774833668733e-11,1.0
0.0,1.0,6.551612724559064e-11,1.0
0.0,1.0,6.693510329336405e-11,1.0
0.0,1.0,6.085461995430919e-11,1.0
0.0,1.0,6.701890431504154e-11,1.0
0.0,1.0,6.385116047002981e-11,1.0
0.0,1.0,6.24465687493192e-11,1.0
0.0,1.0,7.542127339332794e-11,1.0
0.0,1.0,6.719361872464802e-11,1.0
0.0,1.0,8.34060598364772e-11,1.0
0.0,1.0,1.4040459073161315e-10,1.0
0.0,1.0,6.568504767878736e-11,1.0
0.0,1.0,6.50072704000415e-11,1.0
0.0,1.0,6.54784004794351e-11,1.0
0.0,1.0,6.1399677009355e-11,1.0
0.0,1.0,6.54956366918924e-11,1.0
0.0,1.0,6.288954773614464e-11,1.0
0.0,1.0,7.015086428419082e-11,1.0
0.0,1.0,7.985759276074589e-11,1.0
0.0,1.0,6.300576727014118e-11,1.0
0.0,1.0,6.485568332381675e-11,1.0
0.0,1.0,6.287419196393529e-11,1.0
0.0,1.0,6.571787558584674e-11,1.0
0.0,1.0,6.088596987696704e-11,1.0
0.0,1.0,6.959724463406758e-11,1.0
0.0,1.0,6.270246127870749e-11,1.0
0.0,1.0,6.825046083847042e-11,1.0
0.0,1.0,6.578471795082308e-11,1.0
0.0,1.0,7.615066910382495e-11,1.0
0.0,1.0,6.973091548623245e-11,1.0
0.0,1.0,6.655737766481096e-11,1.0
0.0,1.0,7.179718625183185e-11,1.0
0.0,1.0,6.887884013151435e-11,1.0
0.0,1.0,6.900954807598225e-11,1.0
0.0,1.0,7.299100907021128e-11,1.0
0.0,1.0,6.732703977663235e-11,1.0
0.0,1.0,6.36952227073273e-11,1.0
0.0,1.0,7.933042431557597e-24,1.0
0.0,1.0,6.586909490069459e-11,1.0
0.0,1.0,6.31002958217941e-11,1.0
0.0,1.0,6.458016760246821e-11,1.0
0.0,1.0,6.529420060186197e-11,1.0
0.0,1.0,6.50463363727205e-11,1.0
0.0,1.0,6.427467585945479e-11,1.0
0.0,1.0,6.250901185556046e-11,1.0
0.0,1.0,7.076231267610922e-11,1.0
0.0,1.0,6.280276299008847e-11,1.0
0.0,1.0,6.556388071343733e-11,1.0
0.0,1.0,6.674361757719183e-11,1.0
0.0,1.0,6.411378372650489e-11,1.0
0.0,1.0,7.411571356641389e-11,1.0
0.0,1.0,6.379102801545855e-11,1.0
0.0,1.0,6.792449241954657e-11,1.0
0.0,1.0,6.392500417895519e-11,1.0
0.0,1.0,6.617231762540143e-11,1.0
0.0,1.0,7.388705619559843e-11,1.0
0.0,1.0,7.574693650092001e-11,1.0
0.0,1.0,6.442268940531903e-11,1.0
0.0,1.0,6.67716298918819e-11,1.0
0.0,1.0,6.580568034930678e-11,1.0
0.0,1.0,6.387710499433652e-11,1.0
0.0,1.0,6.525746609753469e-11,1.0
0.0,1.0,7.201539364842802e-11,1.0
0.0,1.0,2.9199197161040467e-15,1.0
0.0,1.0,1.1789451359600633e-10,1.0
0.0,1.0,7.833467208229195e-11,1.0
0.0,1.0,6.557863974077094e-11,1.0
0.0,1.0,6.460849910627786e-11,1.0
0.0,1.0,6.74351199880796e-11,1.0
0.0,1.0,6.943839947481933e-11,1.0
0.0,1.0,3.790443523591918e-27,1.0
0.0,1.0,6.66022029194302e-11,1.0
0.0,1.0,2.343280292027572e-10,1.0
0.0,1.0,7.660372336459886e-11,1.0
0.0,1.0,6.691595194618927e-11,1.0
0.0,1.0,2.5547677003257235e-31,1.0
0.0,1.0,6.854098538733311e-11,1.0
0.0,1.0,5.901146238329602e-11,1.0
0.0,1.0,1.3636264339922377e-09,1.0
0.0,1.0,1.299392399234378e-10,1.0
0.0,1.0,6.81785114475808e-11,1.0
0.0,1.0,6.746535274881893e-11,1.0
0.0,1.0,2.0837509495663653e-10,1.0
0.0,1.0,7.370547921992099e-11,1.0
0.0,1.0,6.69889976823157e-11,1.0
0.0,1.0,7.466282453405526e-11,1.0
0.0,1.0,6.277042774449626e-11,1.0
0.0,1.0,6.612462660759988e-11,1.0
0.0,1.0,6.99325736208678e-11,1.0
0.0,1.0,7.229656456830824e-11,1.0
0.0,1.0,6.570609334399791e-11,1.0
0.0,1.0,6.312629585725205e-11,1.0
0.0,1.0,6.395671492409605e-11,1.0
0.0,1.0,6.348745140716261e-11,1.0
0.0,1.0,6.60962534704268e-11,1.0
0.0,1.0,6.618330189445132e-11,1.0
0.0,1.0,7.004603841398449e-11,1.0
0.0,1.0,7.130738360894284e-11,1.0
0.0,1.0,6.556163251181246e-11,1.0
0.0,1.0,6.59529444946294e-11,1.0
0.0,1.0,8.382790295247133e-11,1.0
0.0,1.0,7.232484056096666e-11,1.0
0.0,1.0,1.7358453501334114e-23,1.0
0.0,1.0,2.3627561091839893e-23,1.0
0.0,1.0,6.786039785655618e-11,1.0
0.0,1.0,7.042488814335002e-11,1.0
0.0,1.0,6.674361757719183e-11,1.0
0.0,1.0,6.497900828517089e-11,1.0
0.0,1.0,6.989270273649595e-11,1.0
0.0,1.0,6.593520868181102e-11,1.0
0.0,1.0,6.068933125077913e-26,1.0
0.0,1.0,7.017655900831699e-11,1.0
0.0,1.0,6.305121008631787e-11,1.0
0.0,1.0,6.561166887575354e-11,1.0
0.0,1.0,6.407747249470575e-11,1.0
0.0,1.0,7.232180826433066e-11,1.0
0.0,1.0,6.379614198026573e-11,1.0
0.0,1.0,6.176097133714364e-11,1.0
0.0,1.0,8.080447422287307e-11,1.0
0.0,1.0,6.605768709810889e-11,1.0
0.0,1.0,6.633065624539469e-11,1.0
0.0,1.0,6.23574247793357e-11,1.0
0.0,1.0,6.643979810760925e-11,1.0
0.0,1.0,6.354402420916117e-11,1.0
0.0,1.0,6.738883062684664e-11,1.0
0.0,1.0,6.674501923376042e-11,1.0
0.0,1.0,6.600857360705703e-11,1.0
0.0,1.0,6.198862256834303e-11,1.0
0.0,1.0,6.981179135126748e-31,1.0
0.0,1.0,6.76132413945929e-11,1.0
0.0,1.0,6.669080565568919e-11,1.0
0.0,1.0,1.7892583134434983e-25,1.0
0.0,1.0,6.911875238824194e-11,1.0
0.0,1.0,6.951592079751379e-11,1.0
0.0,1.0,1.9421190960653285e-16,1.0
0.0,1.0,6.33615174217006e-11,1.0
0.0,1.0,6.677328134863103e-11,1.0
0.0,1.0,8.388180428031689e-11,1.0
0.0,1.0,7.186651274082578e-11,1.0
0.0,1.0,6.734848789768932e-11,1.0
0.0,1.0,6.016617759563303e-11,1.0
0.0,1.0,6.424954318573484e-11,1.0
0.0,1.0,7.155138981307374e-11,1.0
0.0,1.0,2.1756729040589562e-07,0.9999997615814209
0.0,1.0,6.275270580946568e-11,1.0
0.0,1.0,0.0,1.0
0.0,1.0,6.402115643178163e-11,1.0
0.0,1.0,6.934085250431821e-11,1.0
0.0,1.0,6.298846166874483e-11,1.0
0.0,1.0,6.174236122369336e-11,1.0
0.0,1.0,7.496548520835589e-11,1.0
0.0,1.0,6.388502921117478e-11,1.0
0.0,1.0,7.299017640294281e-11,1.0
0.0,1.0,6.742251895675011e-11,1.0
0.0,1.0,6.594439577733979e-11,1.0
0.0,1.0,6.478446945568095e-11,1.0
0.0,1.0,6.449350775650231e-11,1.0
0.0,1.0,6.18017373388291e-11,1.0
0.0,1.0,4.930824572052652e-35,1.0
0.0,1.0,6.480695841082351e-11,1.0
0.0,1.0,6.050521195177794e-11,1.0
0.0,1.0,7.128929391253536e-11,1.0
0.0,1.0,7.173846239272308e-11,1.0
0.0,1.0,7.156598924584756e-11,1.0
0.0,1.0,6.397526258750119e-11,1.0
0.0,1.0,6.412919500986547e-11,1.0
0.0,1.0,6.934283702797472e-11,1.0
0.0,1.0,7.044799466005003e-11,1.0
0.0,1.0,7.34558108783645e-11,1.0
0.0,1.0,7.755032727096989e-11,1.0
0.0,1.0,6.670899943550523e-11,1.0
0.0,1.0,6.872241664623857e-11,1.0
0.0,1.0,6.661262513807387e-11,1.0
0.0,1.0,6.744361319421799e-11,1.0
0.0,1.0,6.379687056412564e-11,1.0
0.0,1.0,6.614191139231451e-11,1.0
0.0,1.0,1.3224780992526775e-10,1.0
0.0,1.0,7.38239469555424e-11,1.0
0.0,1.0,1.2862715059736018e-10,1.0
0.0,1.0,6.502091226545659e-11,1.0
0.0,1.0,6.526842261100896e-11,1.0
0.0,1.0,6.406244285050988e-11,1.0
0.0,1.0,6.281689751697073e-11,1.0
0.0,1.0,6.32713048620559e-11,1.0
0.0,1.0,7.313678135334456e-11,1.0
0.0,1.0,6.535512409033828e-11,1.0
0.0,1.0,3.5602978898374715e-11,1.0
0.0,1.0,6.422688075824468e-11,1.0
0.0,1.0,6.535798985352059e-11,1.0
0.0,1.0,2.0126775801543317e-09,1.0
0.0,1.0,6.316941414397093e-11,1.0
0.0,1.0,6.72855729466626e-11,1.0
0.0,1.0,6.956273751468345e-11,1.0
0.0,1.0,6.787230499849528e-11,1.0
0.0,1.0,7.384535344323595e-11,1.0
0.0,1.0,8.568498688354964e-11,1.0
0.0,1.0,6.265965524221428e-11,1.0
0.0,1.0,6.362103899260063e-11,1.0
0.0,1.0,6.560453569282032e-11,1.0
0.0,1.0,6.764123289260127e-11,1.0
0.0,1.0,6.641547728447605e-11,1.0
0.0,1.0,6.24053725362117e-11,1.0
0.0,1.0,6.595671925291313e-11,1.0
0.0,1.0,6.35050137476334e-11,1.0
0.0,1.0,6.237359934102571e-11,1.0
0.0,1.0,6.313002898217235e-11,1.0
0.0,1.0,6.836341909233212e-11,1.0
0.0,1.0,6.952413644789601e-11,1.0
0.0,1.0,6.815042974395169e-11,1.0
0.0,1.0,6.503381166922395e-11,1.0
0.0,1.0,7.892857895042127e-11,1.0
0.0,1.0,6.49953701969963e-11,1.0
0.0,1.0,6.618620235210315e-11,1.0
0.0,1.0,2.43221470741517e-10,1.0
0.0,1.0,1.8998365210543043e-26,1.0
0.0,1.0,6.540525759879401e-11,1.0
0.0,1.0,6.364907212397242e-11,1.0
0.0,1.0,1.1873715899390902e-10,1.0
0.0,1.0,6.544044472978072e-11,1.0
0.0,1.0,6.680347247600693e-11,1.0
0.0,1.0,6.779932865130789e-11,1.0
0.0,1.0,6.562018289857363e-11,1.0
0.0,1.0,6.688787718145406e-11,1.0
0.0,1.0,2.497703155412978e-10,1.0
0.0,1.0,6.675533043010162e-11,1.0
0.0,1.0,6.689680753790839e-11,1.0
0.0,1.0,9.250963883822294e-11,1.0
0.0,1.0,1.889912127013679e-26,1.0
0.0,1.0,7.291545145449163e-11,1.0
0.0,1.0,6.740657337855893e-11,1.0
0.0,1.0,0.0,1.0
0.0,1.0,7.391341011464547e-11,1.0
0.0,1.0,1.5126873365023386e-10,1.0
0.0,1.0,1.141266303683608e-09,1.0
0.0,1.0,1.9951948981855594e-09,1.0
0.0,1.0,8.60978233152565e-11,1.0
0.0,1.0,6.865166768399433e-11,1.0
0.0,1.0,7.013106068098907e-11,1.0
0.0,1.0,6.779182770699776e-11,1.0
0.0,1.0,7.272752539089211e-11,1.0
0.0,1.0,6.451134765272926e-11,1.0
0.0,1.0,7.85086301524629e-11,1.0
0.0,1.0,6.50706571958537e-11,1.0
0.0,1.0,7.261040380068806e-11,1.0
0.0,1.0,6.925163914539567e-11,1.0
0.0,1.0,7.6815290239729e-11,1.0
0.0,1.0,6.125393248179734e-11,1.0
0.0,1.0,6.8200882441527e-11,1.0
0.0,1.0,6.653465972616956e-11,1.0
0.0,1.0,6.544469133284991e-11,1.0
0.0,1.0,6.367117250105636e-11,1.0
0.0,1.0,2.6653329687152695e-20,1.0
0.0,1.0,6.683406605922926e-11,1.0
0.0,1.0,6.513187905676787e-11,1.0
0.0,1.0,6.582902972729343e-11,1.0
0.0,1.0,6.672706831523101e-11,1.0
0.0,1.0,6.600882340723757e-11,1.0
0.0,1.0,1.434091456697928e-10,1.0
0.0,1.0,6.422589543531032e-11,1.0
0.0,1.0,6.663689738894973e-11,1.0
0.0,1.0,6.994070600452318e-11,1.0
0.0,1.0,6.326684315327569e-11,1.0
0.0,1.0,6.513436318078547e-11,1.0
0.0,1.0,9.497042735562289e-11,1.0
0.0,1.0,7.34771063437556e-11,1.0
0.0,1.0,6.780954964202834e-11,1.0
0.0,1.0,6.150950582206605e-11,1.0
0.0,1.0,6.527638846121064e-11,1.0
0.0,1.0,6.676233177405066e-11,1.0
0.0,1.0,7.066345425466025e-11,1.0
0.0,1.0,6.628815552023326e-11,1.0
0.0,1.0,6.762446158603552e-11,1.0
0.0,1.0,6.721143086529935e-11,1.0
0.0,1.0,6.680921094126546e-11,1.0
0.0,1.0,6.625908155477589e-11,1.0
0.0,1.0,6.663295609721231e-11,1.0
0.0,1.0,6.288978365853737e-11,1.0
0.0,1.0,6.59969856542375e-11,1.0
0.0,1.0,7.194043971647801e-11,1.0
0.0,1.0,6.504497634951534e-11,1.0
0.0,1.0,6.663486429303589e-11,1.0
0.0,1.0,6.953037451351562e-11,1.0
0.0,1.0,6.264101737318839e-11,1.0
0.0,1.0,2.1315552101164315e-10,1.0
0.0,1.0,8.91875462372127e-11,1.0
0.0,1.0,6.372827959788552e-11,1.0
0.0,1.0,7.349672953571584e-11,1.0
0.0,1.0,6.55011322958643e-11,1.0
0.0,1.0,7.103520549556208e-11,1.0
0.0,1.0,6.704754113018296e-11,1.0
0.0,1.0,6.839236815769922e-11,1.0
0.0,1.0,6.969368832043799e-11,1.0
0.0,1.0,3.319116875929755e-24,1.0
0.0,1.0,6.409055230971461e-11,1.0
0.0,1.0,6.793732243437489e-11,1.0
0.0,1.0,8.495836673061419e-11,1.0
0.0,1.0,6.751452868991592e-11,1.0
0.0,1.0,2.0106544207365573e-10,1.0
0.0,1.0,6.990936302075923e-11,1.0
0.0,1.0,6.193898172135448e-11,1.0
0.0,1.0,6.472851421523984e-11,1.0
0.0,1.0,9.515736809628805e-11,1.0
0.0,1.0,6.813977160291529e-11,1.0
0.0,1.0,9.885713359025772e-10,1.0
0.0,1.0,6.872687141612488e-11,1.0
0.0,1.0,6.248850742407441e-11,1.0
0.0,1.0,6.21977747083946e-11,1.0
0.0,1.0,6.360987431230924e-11,1.0
0.0,1.0,1.0097370162220898e-10,1.0
0.0,1.0,8.23284357354126e-11,1.0
0.0,1.0,1.483646139323713e-19,1.0
0.0,1.0,6.60736951263452e-11,1.0
0.0,1.0,6.805274399557248e-11,1.0
0.0,1.0,7.769231091803164e-11,1.0
0.0,1.0,1.6593477980553217e-10,1.0
0.0,1.0,1.7134654609156e-21,1.0
0.0,1.0,6.495707444154064e-11,1.0
0.0,1.0,4.584471840232386e-22,1.0
0.0,1.0,4.315203027670154e-35,1.0
0.0,1.0,6.30779109500601e-11,1.0
0.0,1.0,6.866175683573061e-11,1.0
0.0,1.0,6.492945070490919e-11,1.0
0.0,1.0,7.005392099745933e-11,1.0
0.0,1.0,1.2855397218339202e-23,1.0
0.0,1.0,6.7647679125038e-11,1.0
0.0,1.0,6.430410370850126e-11,1.0
0.0,1.0,6.508580480124593e-11,1.0
0.0,1.0,8.013452401645083e-11,1.0
0.0,1.0,6.459938139968813e-11,1.0
0.0,1.0,6.409019148723161e-11,1.0
0.0,1.0,6.423560414050428e-14,1.0
0.0,1.0,6.355251047640564e-11,1.0
0.0,1.0,6.917427741726101e-11,1.0
0.0,1.0,9.734316651355268e-12,1.0
0.0,1.0,6.660944712466588e-11,1.0
0.0,1.0,7.170358057306814e-11,1.0
0.0,1.0,5.121358337412119e-10,1.0
0.0,1.0,6.254789047810405e-11,1.0
0.0,1.0,6.663498919312616e-11,1.0
0.0,1.0,6.199536023432373e-11,1.0
0.0,1.0,6.757108067523276e-11,1.0
0.0,1.0,2.0661632127438878e-10,1.0
0.0,1.0,6.456846168845232e-11,1.0
0.0,1.0,7.044181904447555e-11,1.0
0.0,1.0,7.538013963026557e-11,1.0
0.0,1.0,4.0140077373074234e-10,1.0
0.0,1.0,6.738561791896913e-11,1.0
0.0,1.0,6.282695891313139e-11,1.0
0.0,1.0,6.51843232168936e-11,1.0
0.0,1.0,3.009531790443276e-10,1.0
0.0,1.0,1.4420294125461197e-10,1.0
0.0,1.0,2.498257378746871e-09,1.0
0.0,1.0,4.071693815443922e-10,1.0
0.0,1.0,5.918290857387376e-11,1.0
0.0,1.0,8.164215831163446e-14,1.0
0.0,1.0,5.930619190186448e-11,1.0
0.0,1.0,5.6139908694019525e-11,1.0
0.0,1.0,3.862125249452451e-26,1.0
0.0,1.0,5.827748006392852e-11,1.0
0.0,1.0,6.771829624829806e-11,1.0
0.0,1.0,6.008097491738695e-11,1.0
0.0,1.0,5.881818643249659e-11,1.0
0.0,1.0,5.999726410133022e-11,1.0
0.0,1.0,5.937025177038535e-11,1.0
0.0,1.0,5.723494247988903e-11,1.0
0.0,1.0,5.716948095479957e-11,1.0
0.0,1.0,7.858027090252572e-29,1.0
0.0,1.0,6.831687993091862e-11,1.0
0.0,1.0,6.6922916097666985e-09,1.0
0.0,1.0,9.886279979470416e-25,1.0
0.0,1.0,5.6143336507608055e-11,1.0
0.0,1.0,5.866491320505318e-11,1.0
0.0,1.0,6.111948447351523e-11,1.0
0.0,1.0,5.670316646777529e-11,1.0
0.0,1.0,5.984526069147122e-11,1.0
0.0,1.0,5.949619269474127e-11,1.0
0.0,1.0,6.603954882944407e-11,1.0
0.0,1.0,1.938164498774144e-34,1.0
0.0,1.0,5.782903669815376e-11,1.0
0.0,1.0,1.716068731047927e-29,1.0
0.0,1.0,1.7017959385904548e-32,1.0
0.0,1.0,6.82010831474911e-32,1.0
0.0,1.0,2.6761799038843023e-30,1.0
0.0,1.0,1.4591520104530212e-26,1.0
0.0,1.0,4.8448752720209075e-33,1.0
0.0,1.0,1.4328588472328454e-32,1.0
0.0,1.0,5.3760150393012754e-27,1.0
0.0,1.0,9.04252320754227e-31,1.0
0.0,1.0,1.753863526342119e-30,1.0
0.0,1.0,7.383235516023046e-12,1.0
0.0,1.0,5.6563604494686004e-11,1.0
0.0,1.0,6.246562989087323e-11,1.0
0.0,1.0,6.252141165896674e-11,1.0
0.0,1.0,4.558300140542946e-28,1.0
0.0,1.0,1.8598496328992638e-29,1.0
0.0,1.0,1.1374956877795909e-32,1.0
0.0,1.0,1.624919883458048e-30,1.0
0.0,1.0,7.936137164099577e-11,1.0
0.0,1.0,2.4986728748056138e-31,1.0
0.0,1.0,1.2209123990078134e-34,1.0
0.0,1.0,3.9559273564460415e-35,1.0
0.0,1.0,1.4751895507904197e-30,1.0
0.0,1.0,8.027042437478491e-32,1.0
0.0,1.0,3.4666597563489954e-29,1.0
0.0,1.0,3.02095042214997e-31,1.0
0.0,1.0,5.859357443682711e-11,1.0
0.0,1.0,7.176050031976189e-11,1.0
0.0,1.0,2.8129389479132055e-29,1.0
0.0,1.0,6.114467265838641e-11,1.0
0.0,1.0,6.011135339489826e-11,1.0
0.0,1.0,5.812938672078438e-11,1.0
0.0,1.0,6.250185785594553e-11,1.0
0.0,1.0,5.781888856581929e-11,1.0
0.0,1.0,5.755866269718801e-11,1.0
0.0,1.0,2.441857880132405e-27,1.0
0.0,1.0,6.239251476580776e-11,1.0
0.0,1.0,1.46983435807512e-25,1.0
0.0,1.0,5.626286242454981e-11,1.0
0.0,1.0,5.8025039634257425e-11,1.0
0.0,1.0,5.952082576810014e-11,1.0
0.0,1.0,5.690153903614714e-11,1.0
0.0,1.0,5.6616277638310564e-11,1.0
0.0,1.0,6.036895289218691e-11,1.0
0.0,1.0,6.128290930274005e-11,1.0
0.0,1.0,6.85650979097485e-21,1.0
0.0,1.0,9.89286606083897e-21,1.0
0.0,1.0,5.925203383494448e-11,1.0
0.0,1.0,5.7296327404809944e-11,1.0
0.0,1.0,5.888385612440317e-11,1.0
0.0,1.0,5.821193527211221e-11,1.0
0.0,1.0,5.875180897341181e-11,1.0
0.0,1.0,5.741360165067988e-11,1.0
0.0,1.0,4.199456063872459e-24,1.0
0.0,1.0,7.407571778195177e-11,1.0
0.0,1.0,5.781447889874336e-11,1.0
0.0,1.0,8.864140480016294e-24,1.0
0.0,1.0,4.1150500433399795e-13,1.0
0.0,1.0,5.596745636382572e-11,1.0
0.0,1.0,5.7289332999754805e-11,1.0
0.0,1.0,7.613602526213015e-10,1.0
0.0,1.0,1.3044381833971355e-18,1.0
0.0,1.0,5.886689746770202e-11,1.0
0.0,1.0,5.69911479120222e-11,1.0
0.0,1.0,5.909729650088735e-11,1.0
0.0,1.0,5.7790883190023123e-11,1.0
0.0,1.0,5.826036181266758e-11,1.0
0.0,1.0,6.209358721642744e-11,1.0
0.0,1.0,5.6238510376394046e-11,1.0
0.0,1.0,5.962331323106085e-11,1.0
0.0,1.0,6.097917309988432e-11,1.0
0.0,1.0,5.995184904072914e-11,1.0
0.0,1.0,7.952315021764189e-12,1.0
0.0,1.0,5.896038518526936e-11,1.0
0.0,1.0,5.6873002834967323e-11,1.0
0.0,1.0,5.578617082169224e-11,1.0
0.0,1.0,1.1279488147148504e-20,1.0
0.0,1.0,6.524129153584468e-11,1.0
0.0,1.0,5.771795888454001e-11,1.0
0.0,1.0,3.726956937510906e-11,1.0
0.0,1.0,5.6510116031027735e-11,1.0
0.0,1.0,5.708601646947642e-11,1.0
0.0,1.0,6.690517822920128e-13,1.0
0.0,1.0,5.736149749635544e-11,1.0
0.0,1.0,5.653178619668964e-11,1.0
0.0,1.0,5.639081909758481e-11,1.0
0.0,1.0,5.7228066036030256e-11,1.0
0.0,1.0,6.215093023564933e-11,1.0
0.0,1.0,6.01219005136322e-11,1.0
0.0,1.0,6.261449692068766e-11,1.0
0.0,1.0,8.823185928314608e-16,1.0
0.0,1.0,5.756173662718744e-11,1.0
0.0,1.0,5.877916209318101e-11,1.0
0.0,1.0,7.53226508942717e-11,1.0
0.0,1.0,6.067046171009949e-11,1.0
0.0,1.0,3.686919103351727e-10,1.0
0.0,1.0,5.808416941865957e-11,1.0
0.0,1.0,5.7828925675851295e-11,1.0
0.0,1.0,5.796972971094938e-11,1.0
0.0,1.0,5.575319719786087e-11,1.0
0.0,1.0,5.603421546207521e-11,1.0
0.0,1.0,5.7457857915999e-11,1.0
0.0,1.0,1.2709266172805656e-07,0.9999999403953552
0.0,1.0,5.723734333717978e-11,1.0
0.0,1.0,1.5552121368500593e-08,1.0
0.0,1.0,5.796884500197663e-11,1.0
0.0,1.0,7.169866089729027e-11,1.0
0.0,1.0,5.933323277140801e-11,1.0
0.0,1.0,6.290418186338798e-11,1.0
0.0,1.0,6.706493693720006e-11,1.0
0.0,1.0,6.0031146720263e-11,1.0
0.0,1.0,4.910388762269235e-10,1.0
0.0,1.0,6.171763100581984e-11,1.0
0.0,1.0,5.6915541724045227e-11,1.0
0.0,1.0,5.821204629441468e-11,1.0
0.0,1.0,5.76994667322861e-11,1.0
0.0,1.0,5.900763905275497e-11,1.0
0.0,1.0,5.5643770840996254e-11,1.0
0.0,1.0,6.056848078639376e-11,1.0
0.0,1.0,1.1039412439739493e-11,1.0
0.0,1.0,9.993408214121167e-15,1.0
0.0,1.0,3.219534860932072e-08,1.0
0.0,1.0,1.9479600224525662e-11,1.0
0.0,1.0,6.107660210918908e-11,1.0
0.0,1.0,1.5092955832324257e-17,1.0
0.0,1.0,5.891418602965715e-11,1.0
0.0,1.0,5.6082971600091014e-11,1.0
0.0,1.0,6.008693542725041e-11,1.0
0.0,1.0,5.7620502119659633e-11,1.0
0.0,1.0,5.5486601424625803e-11,1.0
0.0,1.0,5.894307264497911e-11,1.0
0.0,1.0,5.62065533005196e-11,1.0
0.0,1.0,6.136233188236417e-11,1.0
0.0,1.0,5.60209656441657e-11,1.0
0.0,1.0,5.650321877048725e-11,1.0
0.0,1.0,5.6186187646911634e-11,1.0
0.0,1.0,5.744032680055078e-11,1.0
0.0,1.0,5.769242375497363e-11,1.0
0.0,1.0,0.5863947868347168,0.4056546092033386
0.0,1.0,5.493239196852073e-11,1.0
0.0,1.0,4.905508985131313e-11,1.0
0.0,1.0,4.906191772291457e-11,1.0
0.0,1.0,4.8415934456036425e-11,1.0
0.0,1.0,5.411830358847958e-11,1.0
0.0,1.0,5.349790749287209e-11,1.0
0.0,1.0,4.908663059355334e-11,1.0
0.0,1.0,0.0,1.0
0.0,1.0,4.9035442373224214e-11,1.0
0.0,1.0,4.9062386098253086e-11,1.0
0.0,1.0,4.904255127002877e-11,1.0
0.0,1.0,4.911388309936093e-11,1.0
0.0,1.0,4.915174170450065e-11,1.0
0.0,1.0,4.90296449273675e-11,1.0
0.0,1.0,4.9056397832814014e-11,1.0
0.0,1.0,4.9053591050229883e-11,1.0
0.0,1.0,9.490385144417246e-10,1.0
0.0,1.0,5.022414428790256e-11,1.0
0.0,1.0,4.914762000152173e-11,1.0
0.0,1.0,2.382374441367574e-05,0.9999780058860779
0.0,1.0,7.771877221784962e-07,0.999999463558197
0.0,1.0,0.004658042918890715,0.9959377646446228
0.0,1.0,4.93338599139026e-11,1.0
0.0,1.0,3.6013992144035e-07,0.9999997019767761
0.0,1.0,2.8291378839639947e-05,0.9999761581420898
0.0,1.0,4.904507702740979e-11,1.0
0.0,1.0,2.358220809326992e-28,1.0
0.0,1.0,5.0258835287975145e-11,1.0
0.0,1.0,4.9504376292697216e-11,1.0
0.0,1.0,4.9071371965858646e-11,1.0
0.0,1.0,0.0,1.0
0.0,1.0,5.076327899700139e-11,1.0
0.0,1.0,4.902291420028071e-11,1.0
0.0,1.0,4.9040774913189367e-11,1.0
0.0,1.0,4.914855675219876e-11,1.0
0.0,1.0,4.917312390606554e-11,1.0
0.0,1.0,4.9051158967916564e-11,1.0
0.0,1.0,4.62450328031494e-10,1.0
0.0,1.0,4.922989793598731e-11,1.0
0.0,1.0,7.87746500918729e-07,0.9999992847442627
0.0,1.0,4.052926050522126e-26,1.0
0.0,1.0,4.948757029166195e-11,1.0
0.0,1.0,4.9027028964365726e-11,1.0
0.0,1.0,4.969376993235741e-11,1.0
0.0,1.0,4.522421022556955e-06,0.9999969005584717
0.0,1.0,6.06285611866042e-05,0.999942421913147
0.0,1.0,5.4242416114291814e-11,1.0
0.0,1.0,4.902814959573121e-11,1.0
0.0,1.0,4.9074834473916695e-11,1.0
0.0,1.0,4.9036191773765836e-11,1.0
0.0,1.0,1.3749984262290127e-08,1.0
0.0,1.0,6.685220710345163e-10,1.0
0.0,1.0,4.890495994280819e-11,1.0
0.0,1.0,5.0475176122111165e-11,1.0
0.0,1.0,0.0,1.0
0.0,1.0,7.079329319584031e-17,1.0
0.0,1.0,4.904648215342533e-11,1.0
0.0,1.0,1.3468362442538286e-26,1.0
0.0,1.0,0.0,1.0
0.0,1.0,4.9037874455537533e-11,1.0
0.0,1.0,4.9063697549200924e-11,1.0
0.0,1.0,4.9030206977773716e-11,1.0
0.0,1.0,4.729833744931966e-05,0.9999591112136841
0.0,1.0,0.0,1.0
0.0,1.0,4.9034790117197247e-11,1.0
0.0,1.0,4.903675382417205e-11,1.0
0.0,1.0,4.9052283068729e-11,1.0
0.0,1.0,4.9092434978303956e-11,1.0
0.0,1.0,4.90297386024352e-11,1.0
0.0,1.0,4.9073804048171965e-11,1.0
0.0,1.0,1.436849515812355e-06,0.9999987483024597
0.0,1.0,4.930178487683179e-11,1.0
0.0,1.0,4.9056116807610906e-11,1.0
0.0,1.0,4.936341613248629e-11,1.0
0.0,1.0,4.9093371728980983e-11,1.0
0.0,1.0,4.9131591156603704e-11,1.0
0.0,1.0,1.1184086577127375e-25,1.0
0.0,1.0,4.904086858825707e-11,1.0
0.0,1.0,9.836122671913472e-07,0.9999991655349731
0.0,1.0,3.601767772920539e-09,1.0
0.0,1.0,4.92263313445207e-11,1.0
0.0,1.0,5.2462260230479174e-11,1.0
0.0,1.0,5.4544112282339796e-11,1.0
0.0,1.0,6.589862683314962e-11,1.0
0.0,1.0,4.92214498326593e-11,1.0
0.0,1.0,4.9124187356808235e-11,1.0
0.0,1.0,4.903525849253576e-11,1.0
0.0,1.0,5.703122418765361e-09,1.0
0.0,1.0,4.903974795689159e-11,1.0
0.0,1.0,0.0,1.0
0.0,1.0,4.904816483519703e-11,1.0
0.0,1.0,4.9055370876516236e-11,1.0
0.0,1.0,5.21465135647854e-34,1.0
0.0,1.0,8.661073138682696e-07,0.9999993443489075
0.0,1.0,1.8626954953186498e-30,1.0
0.0,1.0,4.905284164968826e-11,1.0
0.0,1.0,4.904236391989336e-11,1.0
0.0,1.0,1.4826493952568853e-06,0.9999985098838806
0.0,1.0,4.720821504518004e-38,1.0
0.0,1.0,4.903170230941001e-11,1.0
0.0,1.0,4.903769057484908e-11,1.0
0.0,1.0,4.904330067057039e-11,1.0
0.0,1.0,0.0,1.0
0.0,1.0,4.904161798879869e-11,1.0
0.0,1.0,4.907333567283345e-11,1.0
0.0,1.0,4.905321634995907e-11,1.0
0.0,1.0,4.947237758345935e-11,1.0
0.0,1.0,4.983633991595404e-11,1.0
0.0,1.0,4.9269633511928035e-11,1.0
0.0,1.0,4.9085881193011716e-11,1.0
0.0,1.0,2.7212281565880403e-06,0.9999982118606567
0.0,1.0,4.906875253340992e-11,1.0
0.0,1.0,6.401945574907586e-05,0.9999628067016602
0.0,1.0,4.9118379502610665e-11,1.0
0.0,1.0,3.366108503044529e-10,1.0
0.0,1.0,3.128561232301763e-08,1.0
0.0,1.0,1.4996107133846692e-10,1.0
0.0,1.0,4.9341860458573805e-11,1.0
0.0,1.0,4.9279972463844857e-11,1.0
0.0,1.0,4.908606854314712e-11,1.0
0.0,1.0,4.948594778397819e-08,1.0
0.0,1.0,5.171455971786365e-11,1.0
0.0,1.0,5.410867061073077e-07,0.9999996423721313
0.0,1.0,1.0491676971646768e-10,1.0
0.0,1.0,1.0804215161419606e-10,1.0
0.0,1.0,4.9060890766616794e-11,1.0
0.0,1.0,4.9433797333353624e-11,1.0
0.0,1.0,4.948870480081524e-11,1.0
0.0,1.0,2.712224522838369e-05,0.9999707937240601
0.0,1.0,4.907361669803656e-11,1.0
0.0,1.0,4.9043488020705794e-11,1.0
0.0,1.0,4.90419926890695e-11,1.0
0.0,1.0,4.904218003920491e-11,1.0
0.0,1.0,5.321204588071282e-11,1.0
0.0,1.0,4.903918590648537e-11,1.0
0.0,1.0,1.8261288314835866e-10,1.0
0.0,1.0,4.9131310131400596e-11,1.0
0.0,1.0,5.0816753582871854e-11,1.0
0.0,1.0,0.0,1.0
0.0,1.0,1.1982590876868926e-05,0.9999916553497314
0.0,1.0,4.906781578273289e-11,1.0
0.0,1.0,5.5434660334308106e-11,1.0
0.0,1.0,7.270594505826011e-05,0.9999388456344604
0.0,1.0,4.901842473592488e-11,1.0
0.0,1.0,4.90436753708412e-11,1.0
0.0,1.0,4.9048071160129325e-11,1.0
0.0,1.0,4.90455454027483e-11,1.0
0.0,1.0,4.917987544983404e-11,1.0
0.0,1.0,4.903357234131711e-11,1.0
0.0,1.0,4.90418053389341e-11,1.0
0.0,1.0,4.9032264359816224e-11,1.0
0.0,1.0,5.763523339141763e-11,1.0
0.0,1.0,4.903394704158792e-11,1.0
0.0,1.0,4.9037874455537533e-11,1.0
0.0,1.0,4.9062386098253086e-11,1.0
0.0,1.0,4.906070341648139e-11,1.0
0.0,1.0,4.913374568316087e-11,1.0
0.0,1.0,4.9059579315668955e-11,1.0
0.0,1.0,4.9396663842626864e-11,1.0
0.0,1.0,4.9037128524442863e-11,1.0
0.0,1.0,3.615223231889786e-09,1.0
0.0,1.0,1.8414784364040315e-08,1.0
0.0,1.0,5.161089611238623e-11,1.0
0.0,1.0,5.011314627156871e-11,1.0
0.0,1.0,1.8714715679379879e-06,0.9999980330467224
0.0,1.0,4.9068939883545326e-11,1.0
0.0,1.0,4.903422806679103e-11,1.0
0.0,1.0,2.669006704536514e-08,1.0
0.0,1.0,4.907764472594778e-11,1.0
0.0,1.0,4.05851269258406e-10,1.0
0.0,1.0,5.0594892858635276e-11,1.0
0.0,1.0,4.9052935324755964e-11,1.0
0.0,1.0,2.2827488521670602e-07,0.9999998211860657
0.0,1.0,4.908634956835023e-11,1.0
0.0,1.0,4.979861661924545e-11,1.0
0.0,1.0,2.4528401354473317e-06,0.9999984502792358
0.0,1.0,4.905621048267861e-11,1.0
0.0,1.0,4.902375380644308e-11,1.0
0.0,1.0,4.9025904863553293e-11,1.0
0.0,1.0,3.618306209318689e-06,0.9999967217445374
0.0,1.0,2.4129024712387397e-35,1.0
0.0,1.0,0.0,1.0
0.0,1.0,4.908841041983969e-11,1.0
0.0,1.0,4.909833650756923e-11,1.0
0.0,1.0,4.903881120621456e-11,1.0
0.0,1.0,7.883531907282304e-06,0.9999926686286926
0.0,1.0,4.9113227373887014e-11,1.0
0.0,1.0,1.70842071156585e-07,0.9999998807907104
0.0,1.0,0.0,1.0
0.0,1.0,4.903600442363043e-11,1.0
0.0,1.0,2.4320676583755585e-09,1.0
0.0,1.0,5.1991681793150946e-11,1.0
0.0,1.0,4.90315149592746e-11,1.0
0.0,1.0,1.0785174975325162e-09,1.0
0.0,1.0,4.90453580526129e-11,1.0
0.0,1.0,4.121067043172388e-09,1.0
0.0,1.0,2.3166098372939814e-08,1.0
0.0,1.0,6.35006872471422e-05,0.999923050403595
0.0,1.0,6.036826594169042e-11,1.0
0.0,1.0,1.4052622954174865e-10,1.0
0.0,1.0,2.6353794146949383e-10,1.0
0.0,1.0,4.9056397832814014e-11,1.0
0.0,1.0,4.905508985131313e-11,1.0
0.0,1.0,5.2635056035921224e-11,1.0
0.0,1.0,4.903843650594375e-11,1.0
0.0,1.0,2.1949681467958726e-05,0.9999833703041077
0.0,1.0,4.9077176350609264e-11,1.0
0.0,1.0,5.207644038218717e-11,1.0
0.0,1.0,4.906575493124343e-11,1.0
0.0,1.0,5.2754255824849494e-11,1.0
0.0,1.0,1.2416756511868243e-10,1.0
0.0,1.0,4.902684161423032e-11,1.0
0.0,1.0,4.946831833052556e-11,1.0
0.0,1.0,4.911304002375161e-11,1.0
0.0,1.0,2.3382297058560653e-06,0.9999978542327881
