1.0,0.0,5.171034156425947e-10,1.0
1.0,0.0,7.129192236554616e-10,1.0
1.0,0.0,6.197163893162383e-10,1.0
1.0,0.0,1.130889160094739e-09,1.0
1.0,0.0,6.185567613670173e-10,1.0
1.0,0.0,1.0,2.959267702155006e-38
1.0,0.0,6.658624207567243e-10,1.0
1.0,0.0,6.136377517229619e-10,1.0
1.0,0.0,5.84370163370096e-10,1.0
1.0,0.0,6.892172388361928e-10,1.0
1.0,0.0,8.014861552219088e-10,1.0
1.0,0.0,6.501238991596381e-10,1.0
1.0,0.0,5.58983526133261e-10,1.0
1.0,0.0,5.459659391249261e-10,1.0
1.0,0.0,1.1780062481037135e-09,1.0
1.0,0.0,8.542344054340845e-10,1.0
1.0,0.0,1.2695882123381352e-09,1.0
1.0,0.0,7.456010808759572e-10,1.0
1.0,0.0,2.041442348499345e-09,1.0
1.0,0.0,6.443145461609845e-10,1.0
1.0,0.0,9.842028303452821e-10,1.0
1.0,0.0,1.0523527604888727e-09,1.0
1.0,0.0,7.781557620489821e-10,1.0
1.0,0.0,7.156248371664731e-10,1.0
1.0,0.0,7.140500413171935e-10,1.0
1.0,0.0,6.451372214222317e-10,1.0
1.0,0.0,6.964283594257381e-10,1.0
1.0,0.0,2.0575321446614225e-09,1.0
1.0,0.0,5.571527128545029e-10,1.0
1.0,0.0,2.6354209925472105e-09,1.0
1.0,0.0,6.899524840342508e-10,1.0
1.0,0.0,9.944945977835573e-10,1.0
1.0,0.0,6.596078128140448e-10,1.0
1.0,0.0,7.156958359288978e-10,1.0
1.0,0.0,7.080299124773148e-10,1.0
1.0,0.0,0.9996036887168884,0.00015040553989820182
1.0,0.0,7.59967422325758e-10,1.0
1.0,0.0,1.1302551117253756e-09,1.0
1.0,0.0,8.861970046680767e-10,1.0
1.0,0.0,8.112648886005047e-10,1.0
1.0,0.0,5.435449867974285e-10,1.0
1.0,0.0,7.692161352323978e-10,1.0
1.0,0.0,5.454038887187096e-10,1.0
1.0,0.0,9.833284186910873e-10,1.0
1.0,0.0,9.08206343464002e-10,1.0
1.0,0.0,0.8068610429763794,0.11354517191648483
1.0,0.0,7.676010382873244e-10,1.0
1.0,0.0,7.547569791377384e-10,1.0
1.0,0.0,7.677181668164224e-10,1.0
1.0,0.0,1.0528546923183058e-09,1.0
1.0,0.0,7.55020435061482e-10,1.0
1.0,0.0,7.681326685826662e-10,1.0
1.0,0.0,9.004548218172204e-10,1.0
1.0,0.0,6.714779288152783e-10,1.0
1.0,0.0,5.899675192821974e-10,1.0
1.0,0.0,1.7957558995362888e-08,1.0
1.0,0.0,8.662033867956609e-10,1.0
1.0,0.0,3.1666398392360406e-09,1.0
1.0,0.0,1.0635884395426842e-09,1.0
1.0,0.0,9.528674516090518e-10,1.0
1.0,0.0,1.3128855780308868e-09,1.0
1.0,0.0,6.331831170491853e-10,1.0
1.0,0.0,8.166115561536458e-10,1.0
1.0,0.0,8.253523420265196e-10,1.0
1.0,0.0,9.988440075048288e-10,1.0
1.0,0.0,4.836543212149991e-06,0.9999944567680359
1.0,0.0,1.25551291585424e-09,1.0
1.0,0.0,7.478984653808141e-10,1.0
1.0,0.0,7.042909588861335e-10,1.0
1.0,0.0,1.0400033056967573e-09,1.0
1.0,0.0,1.1838648950046604e-09,1.0
1.0,0.0,1.949184369465229e-09,1.0
1.0,0.0,8.264787187961531e-10,1.0
1.0,0.0,8.558407871284146e-10,1.0
1.0,0.0,1.246153513712045e-09,1.0
1.0,0.0,1.0786512794069836e-09,1.0
1.0,0.0,1.3615472083117197e-09,1.0
1.0,0.0,2.727108538991274e-09,1.0
1.0,0.0,5.239458866768132e-10,1.0
1.0,0.0,2.026691925394175e-09,1.0
1.0,0.0,6.203384472769358e-10,1.0
1.0,0.0,8.970811316011407e-10,1.0
1.0,0.0,7.330188678267291e-10,1.0
1.0,0.0,1.897100698755594e-09,1.0
1.0,0.0,1.6024106486156597e-09,1.0
1.0,0.0,7.275947622176204e-10,1.0
1.0,0.0,2.1842241348934976e-09,1.0
1.0,0.0,8.777120696912277e-10,1.0
1.0,0.0,1.1142598843605356e-08,1.0
1.0,0.0,7.953809277871926e-10,1.0
1.0,0.0,2.883224965444242e-07,0.9999998211860657
1.0,0.0,0.9299612045288086,0.029478032141923904
1.0,0.0,9.836379488703528e-10,1.0
1.0,0.0,1.2348273514817265e-09,1.0
1.0,0.0,7.579336047669472e-10,1.0
1.0,0.0,1.2140610738953228e-09,1.0
1.0,0.0,1.0024416852161266e-09,1.0
1.0,0.0,6.519542683491863e-10,1.0
1.0,0.0,8.23474843869576e-10,1.0
1.0,0.0,1.401430194114539e-09,1.0
1.0,0.0,1.3893814987397946e-09,1.0
1.0,0.0,1.0544624062802654e-09,1.0
1.0,0.0,7.988946171266775e-10,1.0
1.0,0.0,6.92548574043883e-10,1.0
1.0,0.0,1.7493985149386049e-09,1.0
1.0,0.0,8.979267884789977e-10,1.0
1.0,0.0,1.1673795263789088e-09,1.0
1.0,0.0,1.1643175312769927e-09,1.0
1.0,0.0,8.863559330940518e-10,1.0
1.0,0.0,1.0,0.0
1.0,0.0,8.516801708324806e-10,1.0
1.0,0.0,6.219378345662108e-10,1.0
1.0,0.0,9.990307470175708e-10,1.0
1.0,0.0,8.354063552040714e-10,1.0
1.0,0.0,3.6229614863714232e-09,1.0
1.0,0.0,7.123401313258171e-10,1.0
1.0,0.0,6.485139092404779e-10,1.0
1.0,0.0,7.453394568202043e-10,1.0
1.0,0.0,6.688358200612754e-10,1.0
1.0,0.0,1.8621159725284997e-08,1.0
1.0,0.0,7.276683144930018e-10,1.0
1.0,0.0,1.6034592542624182e-09,1.0
1.0,0.0,5.391238011576149e-10,1.0
1.0,0.0,8.399951845206033e-10,1.0
1.0,0.0,1.0275927886382874e-09,1.0
1.0,0.0,5.429191540784473e-10,1.0
1.0,0.0,1.0,0.0
1.0,0.0,1.1057734727870638e-09,1.0
1.0,0.0,7.70302599484296e-10,1.0
1.0,0.0,7.263288304137916e-10,1.0
1.0,0.0,1.1436261937447512e-09,1.0
1.0,0.0,9.163181879934257e-10,1.0
1.0,0.0,0.9996877908706665,0.0008532317006029189
1.0,0.0,5.263297020441371e-10,1.0
1.0,0.0,6.411859376775908e-10,1.0
1.0,0.0,0.7975350022315979,0.09312629699707031
1.0,0.0,7.035404481214869e-10,1.0
1.0,0.0,1.4645097357046666e-09,1.0
1.0,0.0,7.883381725193317e-10,1.0
1.0,0.0,1.0,1.3941152236127383e-23
1.0,0.0,1.5616318238542704e-09,1.0
1.0,0.0,8.175996546455622e-10,1.0
1.0,0.0,1.5827303911919444e-09,1.0
1.0,0.0,7.58405005463203e-10,1.0
1.0,0.0,8.407517460007341e-10,1.0
1.0,0.0,1.8286602232464588e-09,1.0
1.0,0.0,9.290064273415055e-10,1.0
1.0,0.0,7.590272854685054e-10,1.0
1.0,0.0,8.466640721849217e-10,1.0
1.0,0.0,2.548750988040638e-09,1.0
1.0,0.0,6.717686962254277e-10,1.0
1.0,0.0,3.693945815896882e-09,1.0
1.0,0.0,1.1482511608207346e-09,1.0
1.0,0.0,1.424191986565404e-09,1.0
1.0,0.0,7.813891200747491e-10,1.0
1.0,0.0,8.663124662078303e-10,1.0
1.0,0.0,6.514632722165459e-10,1.0
1.0,0.0,8.594264744310465e-10,1.0
1.0,0.0,8.667421780295115e-10,1.0
1.0,0.0,6.463208301887846e-10,1.0
1.0,0.0,6.344076930453468e-10,1.0
1.0,0.0,1.969401752788258e-09,1.0
1.0,0.0,1.114697001369791e-09,1.0
1.0,0.0,2.9659561473494023e-09,1.0
1.0,0.0,8.632642378714195e-10,1.0
1.0,0.0,8.195888412387831e-10,1.0
1.0,0.0,1.7166291721437688e-09,1.0
1.0,0.0,0.46262988448143005,0.3669012784957886
1.0,0.0,9.358535058012762e-10,1.0
1.0,0.0,1.1521364973177128e-09,1.0
1.0,0.0,7.750717290200271e-10,1.0
1.0,0.0,2.0430901415124936e-09,1.0
1.0,0.0,1.025816653843492e-09,1.0
1.0,0.0,8.584533084388113e-10,1.0
1.0,0.0,7.939425228364883e-10,1.0
1.0,0.0,1.1418955780939655e-09,1.0
1.0,0.0,5.610343301043486e-10,1.0
1.0,0.0,7.627774523122355e-10,1.0
1.0,0.0,6.703147481523786e-10,1.0
1.0,0.0,6.683499309545482e-10,1.0
1.0,0.0,5.950916981412036e-10,1.0
1.0,0.0,6.415921127711499e-10,1.0
1.0,0.0,1.014366479701323e-09,1.0
1.0,0.0,1.216012401883404e-09,1.0
1.0,0.0,1.2577346941711198e-09,1.0
1.0,0.0,2.640674123810527e-09,1.0
1.0,0.0,6.583019129813295e-10,1.0
1.0,0.0,6.272654062833283e-10,1.0
1.0,0.0,1.0573848463479862e-09,1.0
1.0,0.0,6.691510123779665e-10,1.0
1.0,0.0,7.5734402082972e-10,1.0
1.0,0.0,6.277705022483815e-10,1.0
1.0,0.0,5.480327303075683e-10,1.0
1.0,0.0,9.047794735650427e-10,1.0
1.0,0.0,8.138795193346482e-10,1.0
1.0,0.0,6.347126713102114e-10,1.0
1.0,0.0,7.501528842546179e-10,1.0
1.0,0.0,6.170390309812035e-10,1.0
1.0,0.0,5.856041762619668e-10,1.0
1.0,0.0,1.9062920131318606e-09,1.0
1.0,0.0,8.286870079032838e-10,1.0
1.0,0.0,5.635353295119216e-10,1.0
1.0,0.0,5.56326540390728e-10,1.0
1.0,0.0,6.843038913295629e-10,1.0
1.0,0.0,3.0912026272034154e-09,1.0
1.0,0.0,8.661637518336818e-10,1.0
1.0,0.0,1.1061679350277132e-09,1.0
1.0,0.0,6.507963612456535e-10,1.0
1.0,0.0,6.611041158954833e-10,1.0
1.0,0.0,0.9995355010032654,0.00024892829242162406
1.0,0.0,4.956174914916289e-10,1.0
1.0,0.0,2.2968627000352626e-09,1.0
1.0,0.0,1.2085416001283988e-09,1.0
1.0,0.0,7.312733196762622e-10,1.0
1.0,0.0,8.242888593912312e-10,1.0
1.0,0.0,1.213915190589887e-09,1.0
1.0,0.0,7.158514891969503e-10,1.0
1.0,0.0,9.239701226348984e-10,1.0
1.0,0.0,6.849620315385607e-10,1.0
1.0,0.0,6.599337187829235e-10,1.0
1.0,0.0,9.805621870029313e-10,1.0
1.0,0.0,7.418560765692916e-10,1.0
1.0,0.0,5.72574598844966e-10,1.0
1.0,0.0,1.3356072914305628e-09,1.0
1.0,0.0,8.986429933521833e-10,1.0
1.0,0.0,5.749767884033474e-10,1.0
1.0,0.0,6.165872257213323e-10,1.0
1.0,0.0,8.688591512928667e-10,1.0
1.0,0.0,0.9981529712677002,0.0008782255463302135
1.0,0.0,6.229968763094007e-10,1.0
1.0,0.0,6.095549065499029e-10,1.0
1.0,0.0,0.9999817609786987,1.777388752088882e-05
1.0,0.0,5.248680934322181e-10,1.0
1.0,0.0,5.629229860026896e-10,1.0
1.0,0.0,6.342673608550342e-10,1.0
1.0,0.0,1.3512531094050928e-09,1.0
1.0,0.0,5.973490035948714e-10,1.0
1.0,0.0,8.69698146832576e-10,1.0
1.0,0.0,5.595339191977189e-10,1.0
1.0,0.0,0.9999999403953552,1.0631858060605737e-07
1.0,0.0,1.0321795640422238e-09,1.0
1.0,0.0,6.206425928745318e-10,1.0
1.0,0.0,0.99996417760849,1.4555758752976544e-05
1.0,0.0,5.392780666468866e-10,1.0
1.0,0.0,9.483996921133553e-10,1.0
1.0,0.0,1.0302874109413551e-09,1.0
1.0,0.0,5.791969126534013e-10,1.0
1.0,0.0,7.052010086994187e-10,1.0
1.0,0.0,7.018972070227392e-10,1.0
1.0,0.0,1.1772178787339271e-09,1.0
1.0,0.0,1.0,0.0
1.0,0.0,1.0897456270697603e-09,1.0
1.0,0.0,1.2422000095213548e-09,1.0
1.0,0.0,1.434275587186562e-09,1.0
1.0,0.0,6.300652777291305e-10,1.0
1.0,0.0,9.058673255957217e-10,1.0
1.0,0.0,1.381908418807143e-07,0.9999998807907104
1.0,0.0,7.612702135340044e-10,1.0
1.0,0.0,7.880390229253464e-10,1.0
1.0,0.0,6.993274848099418e-10,1.0
1.0,0.0,0.9996961951255798,0.0008349019917659461
1.0,0.0,6.682632780474762e-10,1.0
1.0,0.0,6.189839751868931e-10,1.0
1.0,0.0,1.5277861198370601e-09,1.0
1.0,0.0,4.5005483784166245e-09,1.0
1.0,0.0,1.0,1.2529299568461882e-19
1.0,0.0,1.066512638203676e-07,0.9999998807907104
1.0,0.0,7.995988871023485e-10,1.0
1.0,0.0,0.9690491557121277,0.013861782848834991
1.0,0.0,5.90295090585613e-10,1.0
1.0,0.0,6.675511254883304e-10,1.0
1.0,0.0,3.845450180506305e-09,1.0
1.0,0.0,9.841765180595985e-10,1.0
1.0,0.0,1.1222189844062314e-09,1.0
1.0,0.0,5.045864837072145e-10,1.0
1.0,0.0,1.0,0.0
1.0,0.0,2.0280801482641664e-09,1.0
1.0,0.0,8.25951218530463e-09,1.0
1.0,0.0,5.40365308054902e-10,1.0
1.0,0.0,5.591893059708752e-10,1.0
1.0,0.0,8.217567737389686e-10,1.0
1.0,0.0,1.1513565656429137e-09,1.0
1.0,0.0,9.191486460835563e-10,1.0
1.0,0.0,6.308866207227481e-10,1.0
1.0,0.0,6.026993348839937e-10,1.0
1.0,0.0,8.545733565235025e-10,1.0
1.0,0.0,6.341016045574577e-10,1.0
1.0,0.0,5.901881205971904e-10,1.0
1.0,0.0,6.799894536335671e-10,1.0
1.0,0.0,1.0738968603263288e-09,1.0
1.0,0.0,1.8326267170465371e-09,1.0
1.0,0.0,2.6815938358737412e-09,1.0
1.0,0.0,1.2368993607125844e-09,1.0
1.0,0.0,0.5821722745895386,0.6216853857040405
1.0,0.0,8.680425267471037e-10,1.0
1.0,0.0,1.0415357465376474e-09,1.0
1.0,0.0,1.5599082026085398e-09,1.0
1.0,0.0,1.1538320299209204e-09,1.0
1.0,0.0,5.700889760262839e-10,1.0
1.0,0.0,6.757705506288403e-10,1.0
1.0,0.0,7.195447571106683e-10,1.0
1.0,0.0,1.0879097622762401e-09,1.0
1.0,0.0,6.084479031720491e-10,1.0
1.0,0.0,7.423656689375946e-10,1.0
1.0,0.0,1.5969825462036624e-09,1.0
1.0,0.0,5.686727755360721e-10,1.0
1.0,0.0,5.651660806016423e-10,1.0
1.0,0.0,6.83462564321502e-10,1.0
1.0,0.0,9.670222400615103e-10,1.0
1.0,0.0,2.156326104341133e-07,0.9999997615814209
1.0,0.0,6.984903211382232e-10,1.0
1.0,0.0,6.625570647678103e-10,1.0
1.0,0.0,6.50930420675877e-10,1.0
1.0,0.0,6.041589450944684e-09,1.0
1.0,0.0,8.458376776765419e-10,1.0
1.0,0.0,1.090525447722257e-09,1.0
1.0,0.0,5.48375678199875e-10,1.0
1.0,0.0,5.109601075581338e-10,1.0
1.0,0.0,9.041118964603356e-10,1.0
1.0,0.0,3.173175500137404e-09,1.0
1.0,0.0,8.456343958407331e-10,1.0
1.0,0.0,6.887467818295079e-10,1.0
1.0,0.0,1.0575723630168454e-09,1.0
1.0,0.0,6.104589056477039e-10,1.0
1.0,0.0,5.141412295905923e-10,1.0
1.0,0.0,6.607385749646255e-10,1.0
1.0,0.0,5.261099333964125e-10,1.0
1.0,0.0,1.134694005422432e-09,1.0
1.0,0.0,5.818177051253315e-10,1.0
1.0,0.0,9.77002055151388e-05,0.9998447299003601
1.0,0.0,1.147137254520203e-06,0.9999986886978149
1.0,0.0,5.840447570015783e-10,1.0
1.0,0.0,8.323811639954215e-10,1.0
1.0,0.0,6.896367366060474e-10,1.0
1.0,0.0,7.729974438319687e-10,1.0
1.0,0.0,1.5608456749305333e-09,1.0
1.0,0.0,6.523896423082931e-10,1.0
1.0,0.0,7.468934359877721e-10,1.0
1.0,0.0,4.948665366377725e-10,1.0
1.0,0.0,6.590343271106747e-10,1.0
1.0,0.0,9.361391661855123e-10,1.0
1.0,0.0,2.0863011318539293e-09,1.0
1.0,0.0,7.880074925914471e-10,1.0
1.0,0.0,1.3039315183149824e-09,1.0
1.0,0.0,1.4148375804268198e-09,1.0
1.0,0.0,0.983343780040741,0.018681468442082405
1.0,0.0,1.094461632433763e-09,1.0
1.0,0.0,5.976840689037033e-10,1.0
1.0,0.0,5.6792415215056735e-09,1.0
1.0,0.0,1.2918904834791078e-09,1.0
1.0,0.0,3.0927088801036007e-07,0.9999997019767761
1.0,0.0,1.4140983939370244e-09,1.0
1.0,0.0,8.671423024075864e-10,1.0
1.0,0.0,7.003032598262848e-10,1.0
1.0,0.0,6.479674019566062e-10,1.0
1.0,0.0,0.999999463558197,3.9898498016555095e-07
1.0,0.0,1.1859894177845831e-09,1.0
1.0,0.0,6.356431492271497e-10,1.0
1.0,0.0,0.9998672604560852,6.244375254027545e-05
1.0,0.0,6.463972690440301e-10,1.0
1.0,0.0,9.436073034052583e-10,1.0
1.0,0.0,0.9991223216056824,0.0009660637006163597
1.0,0.0,9.555574109754161e-10,1.0
1.0,0.0,2.6770559102828884e-09,1.0
1.0,0.0,2.4791610986341084e-09,1.0
1.0,0.0,7.952383196396795e-10,1.0
1.0,0.0,8.991196120966549e-10,1.0
1.0,0.0,8.259633532681221e-10,1.0
1.0,0.0,7.394968526419632e-10,1.0
1.0,0.0,5.706285444162518e-10,1.0
1.0,0.0,1.2108488656181748e-09,1.0
1.0,0.0,6.758569259801561e-10,1.0
1.0,0.0,9.077041340788128e-10,1.0
1.0,0.0,5.993624707656409e-09,1.0
1.0,0.0,7.451717021211834e-10,1.0
1.0,0.0,5.319613638476994e-10,1.0
1.0,0.0,6.234200378152366e-10,1.0
1.0,0.0,1.230020196807402e-09,1.0
1.0,0.0,1.2623635470276895e-09,1.0
1.0,0.0,1.4332500741787157e-09,1.0
1.0,0.0,7.757461339963356e-10,1.0
1.0,0.0,1.174869312947635e-09,1.0
1.0,0.0,8.473506896145011e-10,1.0
1.0,0.0,2.2070518745920253e-09,1.0
1.0,0.0,8.694576170142909e-10,1.0
1.0,0.0,7.910131993860148e-10,1.0
1.0,0.0,6.443735545147433e-10,1.0
1.0,0.0,3.945236315416878e-08,0.9999999403953552
1.0,0.0,1.8944537050202825e-09,1.0
1.0,0.0,6.873268620921635e-10,1.0
1.0,0.0,6.623372406089345e-10,1.0
1.0,0.0,6.685335618428212e-10,1.0
1.0,0.0,7.272534241486994e-10,1.0
1.0,0.0,5.856648055413416e-09,1.0
1.0,0.0,8.859739053512783e-10,1.0
1.0,0.0,8.841676280013644e-10,1.0
1.0,0.0,1.3852403668579427e-09,1.0
1.0,0.0,6.171378963415464e-10,1.0
1.0,0.0,6.888650760927817e-10,1.0
1.0,0.0,1.2364511636775433e-09,1.0
1.0,0.0,1.2524203896191466e-09,1.0
1.0,0.0,1.0798780758491944e-09,1.0
1.0,0.0,2.6909088290949512e-09,1.0
1.0,0.0,7.940515467375064e-10,1.0
1.0,0.0,1.1808767297338818e-09,1.0
1.0,0.0,0.9793012142181396,0.011574401520192623
1.0,0.0,8.701577236536195e-10,1.0
1.0,0.0,0.004279514774680138,0.9918121695518494
1.0,0.0,7.242454413969313e-10,1.0
1.0,0.0,3.0302746978350115e-09,1.0
0.0,1.0,1.6744210185049013e-10,1.0
0.0,1.0,1.6744784725464257e-10,1.0
0.0,1.0,4.7980757279623976e-14,1.0
0.0,1.0,1.6746382058840936e-10,1.0
0.0,1.0,1.674427402287293e-10,1.0
0.0,1.0,1.6743506581207157e-10,1.0
0.0,1.0,1.5174896928646302e-22,1.0
0.0,1.0,0.0,1.0
0.0,1.0,1.6743730013590863e-10,1.0
0.0,1.0,1.6743698094678905e-10,1.0
0.0,1.0,1.67440811216224e-10,1.0
0.0,1.0,1.674331506773541e-10,1.0
0.0,1.0,1.674344274338324e-10,1.0
0.0,1.0,1.8163086730168046e-14,1.0
0.0,1.0,1.6751589004826428e-10,1.0
0.0,1.0,1.674459321199251e-10,1.0
0.0,1.0,1.674440169852076e-10,1.0
0.0,1.0,1.6780817013728466e-10,1.0
0.0,1.0,0.0,1.0
0.0,1.0,1.6743219310999535e-10,1.0
0.0,1.0,1.6744305941784887e-10,1.0
0.0,1.0,1.67440811216224e-10,1.0
0.0,1.0,1.6743506581207157e-10,1.0
0.0,1.0,1.6749288067607893e-10,1.0
0.0,1.0,1.6744337860696845e-10,1.0
0.0,1.0,1.6745582698263206e-10,1.0
0.0,1.0,1.675507232956619e-10,1.0
0.0,1.0,1.6744337860696845e-10,1.0
0.0,1.0,1.674328314882345e-10,1.0
0.0,1.0,1.674427402287293e-10,1.0
0.0,1.0,1.6742900121879956e-10,1.0
0.0,1.0,1.6748617770456775e-10,1.0
0.0,1.0,1.674376193250282e-10,1.0
0.0,1.0,1.6744017283798485e-10,1.0
0.0,1.0,1.6744529374168593e-10,1.0
0.0,1.0,2.814729547209299e-23,1.0
0.0,1.0,1.67440811216224e-10,1.0
0.0,1.0,1.6745933806294744e-10,1.0
0.0,1.0,1.6742932040791914e-10,1.0
0.0,1.0,4.1808240780483175e-07,0.9999997019767761
0.0,1.0,1.6743698094678905e-10,1.0
0.0,1.0,1.6743091635351703e-10,1.0
0.0,1.0,2.510488765115025e-14,1.0
0.0,1.0,1.6744210185049013e-10,1.0
0.0,1.0,1.6744529374168593e-10,1.0
0.0,1.0,1.6743378905559325e-10,1.0
0.0,1.0,1.6743251229911493e-10,1.0
0.0,1.0,1.6745806130646912e-10,1.0
0.0,1.0,1.6749736320154085e-10,1.0
0.0,1.0,1.6746509734488768e-10,1.0
0.0,1.0,1.6792343904281637e-10,1.0
0.0,1.0,1.6744529374168593e-10,1.0
0.0,1.0,1.6744657049816425e-10,1.0
0.0,1.0,1.6744017283798485e-10,1.0
0.0,1.0,1.674376193250282e-10,1.0
0.0,1.0,1.6743506581207157e-10,1.0
0.0,1.0,1.674440169852076e-10,1.0
0.0,1.0,1.6742708608408208e-10,1.0
0.0,1.0,1.6750566211864992e-10,1.0
0.0,1.0,0.0,1.0
0.0,1.0,1.6743091635351703e-10,1.0
0.0,1.0,1.674299587861583e-10,1.0
0.0,1.0,1.6744369779608803e-10,1.0
0.0,1.0,1.6743506581207157e-10,1.0
0.0,1.0,5.479797823429697e-24,1.0
0.0,1.0,1.6743698094678905e-10,1.0
0.0,1.0,1.674440169852076e-10,1.0
0.0,1.0,1.6745263509143626e-10,1.0
0.0,1.0,1.674331506773541e-10,1.0
0.0,1.0,1.6746126707545272e-10,1.0
0.0,1.0,1.6745869968470828e-10,1.0
0.0,1.0,1.6746062869721356e-10,1.0
0.0,1.0,1.6744146347225097e-10,1.0
0.0,1.0,1.6745486941527332e-10,1.0
0.0,1.0,1.6745327346967542e-10,1.0
0.0,1.0,1.6743890995929434e-10,1.0
0.0,1.0,1.6743571806809854e-10,1.0
0.0,1.0,1.6744146347225097e-10,1.0
0.0,1.0,1.6742740527320166e-10,1.0
0.0,1.0,1.6744210185049013e-10,1.0
0.0,1.0,1.6744657049816425e-10,1.0
0.0,1.0,1.6744049202710443e-10,1.0
0.0,1.0,1.674504007675992e-10,1.0
0.0,1.0,1.674344274338324e-10,1.0
0.0,1.0,1.6743378905559325e-10,1.0
0.0,1.0,1.6744465536344677e-10,1.0
0.0,1.0,1.6743571806809854e-10,1.0
0.0,1.0,1.6754241050076502e-10,1.0
0.0,1.0,1.674283628405604e-10,1.0
0.0,1.0,1.2112141121178865e-06,0.9999989867210388
0.0,1.0,1.6747020437080096e-10,1.0
0.0,1.0,1.6743378905559325e-10,1.0
0.0,1.0,1.674472088764034e-10,1.0
0.0,1.0,1.6743123554263661e-10,1.0
0.0,1.0,1.6743698094678905e-10,1.0
0.0,1.0,1.6744784725464257e-10,1.0
0.0,1.0,1.6744210185049013e-10,1.0
0.0,1.0,1.6745806130646912e-10,1.0
0.0,1.0,1.6744912401112089e-10,1.0
0.0,1.0,1.6745103914583837e-10,1.0
0.0,1.0,1.6743251229911493e-10,1.0
0.0,1.0,1.6744337860696845e-10,1.0
0.0,1.0,1.6743890995929434e-10,1.0
0.0,1.0,1.674459321199251e-10,1.0
0.0,1.0,1.6745295428055584e-10,1.0
0.0,1.0,1.6743571806809854e-10,1.0
0.0,1.0,1.6743059716439745e-10,1.0
0.0,1.0,1.67453592658795e-10,1.0
0.0,1.0,1.674299587861583e-10,1.0
0.0,1.0,1.6743378905559325e-10,1.0
0.0,1.0,1.6744657049816425e-10,1.0
0.0,1.0,1.5118204031597336e-16,1.0
0.0,1.0,1.6744305941784887e-10,1.0
0.0,1.0,1.6744944320024047e-10,1.0
0.0,1.0,1.6743410824471283e-10,1.0
0.0,1.0,1.6743187392087577e-10,1.0
0.0,1.0,1.674775457205513e-10,1.0
0.0,1.0,1.674459321199251e-10,1.0
0.0,1.0,1.674395483375335e-10,1.0
0.0,1.0,1.6746892761432264e-10,1.0
0.0,1.0,1.6744976238936005e-10,1.0
0.0,1.0,1.6744848563288173e-10,1.0
0.0,1.0,1.674363425685499e-10,1.0
0.0,1.0,1.674363425685499e-10,1.0
0.0,1.0,1.674395483375335e-10,1.0
0.0,1.0,1.6743378905559325e-10,1.0
0.0,1.0,1.6744497455256635e-10,1.0
0.0,1.0,1.6743059716439745e-10,1.0
0.0,1.0,1.6743571806809854e-10,1.0
0.0,1.0,1.6743890995929434e-10,1.0
0.0,1.0,1.674328314882345e-10,1.0
0.0,1.0,1.674440169852076e-10,1.0
0.0,1.0,1.6744369779608803e-10,1.0
0.0,1.0,1.6742804365144082e-10,1.0
0.0,1.0,1.6744912401112089e-10,1.0
0.0,1.0,1.6743986752665307e-10,1.0
0.0,1.0,1.674331506773541e-10,1.0
0.0,1.0,1.674427402287293e-10,1.0
0.0,1.0,1.6743219310999535e-10,1.0
0.0,1.0,1.6743378905559325e-10,1.0
0.0,1.0,1.6778738121114856e-10,1.0
0.0,1.0,1.6744178266137055e-10,1.0
0.0,1.0,1.674459321199251e-10,1.0
0.0,1.0,1.674472088764034e-10,1.0
0.0,1.0,1.6743890995929434e-10,1.0
0.0,1.0,1.6743922914841392e-10,1.0
0.0,1.0,2.168672602609334e-10,1.0
0.0,1.0,1.6743859077017476e-10,1.0
0.0,1.0,2.0640086861867246e-10,1.0
0.0,1.0,1.6803974878243366e-10,1.0
0.0,1.0,1.6744017283798485e-10,1.0
0.0,1.0,1.6743730013590863e-10,1.0
0.0,1.0,1.6743059716439745e-10,1.0
0.0,1.0,1.6743251229911493e-10,1.0
0.0,1.0,1.6744816644376215e-10,1.0
0.0,1.0,1.675139749135468e-10,1.0
0.0,1.0,8.433764797644017e-09,1.0
0.0,1.0,1.67453592658795e-10,1.0
0.0,1.0,3.129544420919089e-13,1.0
0.0,1.0,1.674631822101702e-10,1.0
0.0,1.0,1.6745869968470828e-10,1.0
0.0,1.0,1.674695659925618e-10,1.0
0.0,1.0,0.0,1.0
0.0,1.0,1.6759642285091303e-10,1.0
0.0,1.0,1.674759497749534e-10,1.0
0.0,1.0,1.6743698094678905e-10,1.0
0.0,1.0,4.772739642067554e-21,1.0
0.0,1.0,1.6743123554263661e-10,1.0
0.0,1.0,8.622653702161642e-10,1.0
0.0,1.0,1.674567845499908e-10,1.0
0.0,1.0,1.6745933806294744e-10,1.0
0.0,1.0,1.6743825770326737e-10,1.0
0.0,1.0,1.674376193250282e-10,1.0
0.0,1.0,1.67453592658795e-10,1.0
0.0,1.0,0.00016259466065093875,0.9998976588249207
0.0,1.0,1.675331401385094e-10,1.0
0.0,1.0,1.6751301734618806e-10,1.0
0.0,1.0,0.0,1.0
0.0,1.0,1.8274389347371624e-25,1.0
0.0,1.0,1.6742868202967998e-10,1.0
0.0,1.0,0.0,1.0
0.0,1.0,0.0,1.0
0.0,1.0,1.173266453609323e-12,1.0
0.0,1.0,0.0,1.0
0.0,1.0,1.6744210185049013e-10,1.0
0.0,1.0,1.674472088764034e-10,1.0
0.0,1.0,1.674395483375335e-10,1.0
0.0,1.0,1.6745933806294744e-10,1.0
0.0,1.0,1.67453592658795e-10,1.0
0.0,1.0,1.7492268607775479e-22,1.0
0.0,1.0,1.6745167752407752e-10,1.0
0.0,1.0,0.0,1.0
0.0,1.0,0.0,1.0
0.0,1.0,1.6745933806294744e-10,1.0
0.0,1.0,0.0,1.0
0.0,1.0,1.674504007675992e-10,1.0
0.0,1.0,1.6743378905559325e-10,1.0
0.0,1.0,1.674331506773541e-10,1.0
0.0,1.0,1.015069717169581e-08,1.0
0.0,1.0,0.0,1.0
0.0,1.0,1.3690161893009645e-08,1.0
0.0,1.0,1.674395483375335e-10,1.0
0.0,1.0,1.674363425685499e-10,1.0
0.0,1.0,1.674999167144975e-10,1.0
0.0,1.0,1.6746382058840936e-10,1.0
0.0,1.0,1.6742421338200586e-10,1.0
0.0,1.0,1.9116417959678378e-19,1.0
0.0,1.0,1.6742293662552754e-10,1.0
0.0,1.0,1.674235750037667e-10,1.0
0.0,1.0,1.4351451858441574e-25,1.0
0.0,1.0,1.674251709493646e-10,1.0
0.0,1.0,1.6742261743640796e-10,1.0
0.0,1.0,1.6742293662552754e-10,1.0
0.0,1.0,1.6741910635609258e-10,1.0
0.0,1.0,1.6742102149081006e-10,1.0
0.0,1.0,1.6743027797527787e-10,1.0
0.0,1.0,1.6742644770584292e-10,1.0
0.0,1.0,1.6741974473433174e-10,1.0
0.0,1.0,1.6772977451395832e-10,1.0
0.0,1.0,1.6742549013848418e-10,1.0
0.0,1.0,0.0,1.0
0.0,1.0,1.6743506581207157e-10,1.0
0.0,1.0,1.674267668949625e-10,1.0
0.0,1.0,1.674331506773541e-10,1.0
0.0,1.0,1.6742612851672334e-10,1.0
0.0,1.0,1.6742389419288628e-10,1.0
0.0,1.0,1.6741910635609258e-10,1.0
0.0,1.0,1.6742868202967998e-10,1.0
0.0,1.0,1.6742229824728838e-10,1.0
0.0,1.0,1.6742261743640796e-10,1.0
0.0,1.0,1.6742804365144082e-10,1.0
0.0,1.0,1.6742549013848418e-10,1.0
0.0,1.0,1.674267668949625e-10,1.0
0.0,1.0,1.6741687203225553e-10,1.0
0.0,1.0,1.674395483375335e-10,1.0
0.0,1.0,1.674235750037667e-10,1.0
0.0,1.0,1.6745008157847963e-10,1.0
0.0,1.0,1.6744305941784887e-10,1.0
0.0,1.0,1.6743378905559325e-10,1.0
0.0,1.0,1.674328314882345e-10,1.0
0.0,1.0,1.6745295428055584e-10,1.0
0.0,1.0,1.67453592658795e-10,1.0
0.0,1.0,1.674267668949625e-10,1.0
0.0,1.0,1.6743123554263661e-10,1.0
0.0,1.0,1.674344274338324e-10,1.0
0.0,1.0,1.6742102149081006e-10,1.0
0.0,1.0,1.6742868202967998e-10,1.0
0.0,1.0,1.6745486941527332e-10,1.0
0.0,1.0,1.6742165986904922e-10,1.0
0.0,1.0,1.6748649689368733e-10,1.0
0.0,1.0,1.2242046883586065e-19,1.0
0.0,1.0,1.6742070230169048e-10,1.0
0.0,1.0,7.915670614637438e-14,1.0
0.0,1.0,1.674203831125709e-10,1.0
0.0,1.0,1.674235750037667e-10,1.0
0.0,1.0,1.6742421338200586e-10,1.0
0.0,1.0,1.674267668949625e-10,1.0
0.0,1.0,1.6742708608408208e-10,1.0
0.0,1.0,1.674315547317562e-10,1.0
0.0,1.0,1.6743698094678905e-10,1.0
0.0,1.0,1.6743059716439745e-10,1.0
0.0,1.0,1.67418787166973e-10,1.0
0.0,1.0,1.674235750037667e-10,1.0
0.0,1.0,1.6743219310999535e-10,1.0
0.0,1.0,1.6741910635609258e-10,1.0
0.0,1.0,1.6742134067992964e-10,1.0
0.0,1.0,1.6742453257112544e-10,1.0
0.0,1.0,1.6742708608408208e-10,1.0
0.0,1.0,1.6742389419288628e-10,1.0
0.0,1.0,1.6742006392345132e-10,1.0
0.0,1.0,1.6741910635609258e-10,1.0
0.0,1.0,1.6743825770326737e-10,1.0
0.0,1.0,1.6742229824728838e-10,1.0
0.0,1.0,1.674331506773541e-10,1.0
0.0,1.0,1.674219790581688e-10,1.0
0.0,1.0,1.674283628405604e-10,1.0
0.0,1.0,1.6742165986904922e-10,1.0
0.0,1.0,1.6742070230169048e-10,1.0
0.0,1.0,1.674171912213751e-10,1.0
0.0,1.0,1.674203831125709e-10,1.0
0.0,1.0,1.674203831125709e-10,1.0
0.0,1.0,1.6742740527320166e-10,1.0
0.0,1.0,1.674235750037667e-10,1.0
0.0,1.0,1.67418787166973e-10,1.0
0.0,1.0,1.6741687203225553e-10,1.0
0.0,1.0,1.674344274338324e-10,1.0
0.0,1.0,1.6742421338200586e-10,1.0
0.0,1.0,1.6741974473433174e-10,1.0
0.0,1.0,1.6742165986904922e-10,1.0
0.0,1.0,1.674219790581688e-10,1.0
0.0,1.0,1.674235750037667e-10,1.0
0.0,1.0,1.6741846797785342e-10,1.0
0.0,1.0,1.6742549013848418e-10,1.0
0.0,1.0,1.6750151266009539e-10,1.0
0.0,1.0,1.6793465229536508e-10,1.0
0.0,1.0,1.6746252995414324e-10,1.0
0.0,1.0,1.6742165986904922e-10,1.0
0.0,1.0,1.6742453257112544e-10,1.0
0.0,1.0,1.6746701247960516e-10,1.0
0.0,1.0,1.6741846797785342e-10,1.0
0.0,1.0,1.6741910635609258e-10,1.0
0.0,1.0,1.6785331458102348e-10,1.0
0.0,1.0,1.6741974473433174e-10,1.0
0.0,1.0,1.6741846797785342e-10,1.0
0.0,1.0,1.6755646869981433e-10,1.0
0.0,1.0,1.6742325581464712e-10,1.0
0.0,1.0,1.6742772446232124e-10,1.0
0.0,1.0,1.6742549013848418e-10,1.0
0.0,1.0,1.6742102149081006e-10,1.0
0.0,1.0,1.6742102149081006e-10,1.0
0.0,1.0,1.6742740527320166e-10,1.0
0.0,1.0,2.6468923340515923e-20,1.0
0.0,1.0,1.6742229824728838e-10,1.0
0.0,1.0,2.3122248473533835e-13,1.0
0.0,1.0,1.6742612851672334e-10,1.0
0.0,1.0,1.6742134067992964e-10,1.0
0.0,1.0,1.6741846797785342e-10,1.0
0.0,1.0,1.6741655284313595e-10,1.0
0.0,1.0,1.6742070230169048e-10,1.0
0.0,1.0,1.6742740527320166e-10,1.0
0.0,1.0,3.508292180699717e-18,1.0
0.0,1.0,1.6742134067992964e-10,1.0
0.0,1.0,1.6742229824728838e-10,1.0
0.0,1.0,6.164585934954761e-15,1.0
0.0,1.0,1.6743059716439745e-10,1.0
0.0,1.0,1.674299587861583e-10,1.0
0.0,1.0,2.253830001015745e-20,1.0
0.0,1.0,1.3102470219905626e-08,1.0
0.0,1.0,1.6742293662552754e-10,1.0
0.0,1.0,1.6742421338200586e-10,1.0
0.0,1.0,1.6742134067992964e-10,1.0
0.0,1.0,1.6742549013848418e-10,1.0
0.0,1.0,1.674315547317562e-10,1.0
0.0,1.0,1.6744529374168593e-10,1.0
0.0,1.0,1.6742932040791914e-10,1.0
0.0,1.0,1.6742485176024502e-10,1.0
0.0,1.0,1.3341194815552626e-10,1.0
0.0,1.0,1.6744146347225097e-10,1.0
0.0,1.0,1.674395483375335e-10,1.0
0.0,1.0,1.674203831125709e-10,1.0
0.0,1.0,1.6741782959961427e-10,1.0
0.0,1.0,1.6742963959703872e-10,1.0
0.0,1.0,1.6742612851672334e-10,1.0
0.0,1.0,1.6742804365144082e-10,1.0
0.0,1.0,1.6742549013848418e-10,1.0
0.0,1.0,1.6741974473433174e-10,1.0
0.0,1.0,1.674759497749534e-10,1.0
0.0,1.0,1.6742293662552754e-10,1.0
0.0,1.0,1.6745103914583837e-10,1.0
0.0,1.0,1.6742549013848418e-10,1.0
0.0,1.0,1.6743825770326737e-10,1.0
0.0,1.0,1.6746126707545272e-10,1.0
0.0,1.0,1.6741463770841847e-10,1.0
0.0,1.0,1.674219790581688e-10,1.0
0.0,1.0,1.6742549013848418e-10,1.0
0.0,1.0,1.2102730316955294e-14,1.0
0.0,1.0,1.6743378905559325e-10,1.0
0.0,1.0,1.674379385141478e-10,1.0
0.0,1.0,1.6742932040791914e-10,1.0
0.0,1.0,1.6742868202967998e-10,1.0
0.0,1.0,1.6742389419288628e-10,1.0
0.0,1.0,1.674251709493646e-10,1.0
0.0,1.0,1.6741814878873384e-10,1.0
0.0,1.0,1.674203831125709e-10,1.0
0.0,1.0,1.6743890995929434e-10,1.0
0.0,1.0,1.674567845499908e-10,1.0
0.0,1.0,1.6743346986647367e-10,1.0
0.0,1.0,1.6741846797785342e-10,1.0
0.0,1.0,1.6742102149081006e-10,1.0
0.0,1.0,1.6742102149081006e-10,1.0
0.0,1.0,1.6742485176024502e-10,1.0
0.0,1.0,1.6742612851672334e-10,1.0
0.0,1.0,1.6742804365144082e-10,1.0
0.0,1.0,1.6798205881851658e-10,1.0
0.0,1.0,0.0024725105613470078,0.9979367852210999
0.0,1.0,1.677995381532682e-10,1.0
0.0,1.0,4.087369518401829e-07,0.9999998211860657
0.0,1.0,1.6743091635351703e-10,1.0
0.0,1.0,1.622349414809592e-15,1.0
0.0,1.0,1.674203831125709e-10,1.0
0.0,1.0,1.6742612851672334e-10,1.0
0.0,1.0,1.674203831125709e-10,1.0
0.0,1.0,1.674599764411866e-10,1.0
0.0,1.0,1.674203831125709e-10,1.0
0.0,1.0,1.6742612851672334e-10,1.0
0.0,1.0,1.6743346986647367e-10,1.0
0.0,1.0,1.6741910635609258e-10,1.0
0.0,1.0,1.674315547317562e-10,1.0
0.0,1.0,1.6742006392345132e-10,1.0
0.0,1.0,1.674219790581688e-10,1.0
0.0,1.0,1.6742421338200586e-10,1.0
0.0,1.0,1.29300439666206e-17,1.0
0.0,1.0,1.6742293662552754e-10,1.0
0.0,1.0,1.674328314882345e-10,1.0
0.0,1.0,1.6741910635609258e-10,1.0
0.0,1.0,2.1171665594010847e-06,0.9999989867210388
0.0,1.0,1.6747786490967087e-10,1.0
0.0,1.0,1.6743059716439745e-10,1.0
0.0,1.0,1.6742006392345132e-10,1.0
0.0,1.0,1.6742708608408208e-10,1.0
0.0,1.0,1.6742740527320166e-10,1.0
0.0,1.0,1.6742549013848418e-10,1.0
0.0,1.0,1.6742102149081006e-10,1.0
0.0,1.0,1.6770675126398515e-10,1.0
0.0,1.0,1.6741846797785342e-10,1.0
0.0,1.0,1.6741974473433174e-10,1.0
0.0,1.0,1.674203831125709e-10,1.0
0.0,1.0,1.6741782959961427e-10,1.0
0.0,1.0,1.6743378905559325e-10,1.0
0.0,1.0,1.674267668949625e-10,1.0
0.0,1.0,1.6742165986904922e-10,1.0
0.0,1.0,0.0,1.0
0.0,1.0,1.6743219310999535e-10,1.0
0.0,1.0,1.6742804365144082e-10,1.0
0.0,1.0,1.6742165986904922e-10,1.0
0.0,1.0,2.385578298691091e-16,1.0
0.0,1.0,1.6742549013848418e-10,1.0
0.0,1.0,1.6742325581464712e-10,1.0
0.0,1.0,1.674203831125709e-10,1.0
0.0,1.0,1.6742804365144082e-10,1.0
0.0,1.0,1.674395483375335e-10,1.0
0.0,1.0,0.0,1.0
0.0,1.0,1.674203831125709e-10,1.0
0.0,1.0,1.674235750037667e-10,1.0
0.0,1.0,1.6759738041827177e-10,1.0
0.0,1.0,1.6742868202967998e-10,1.0
0.0,1.0,4.4077750990643764e-26,1.0
0.0,1.0,5.616554552743585e-25,1.0
0.0,1.0,1.6748298581337195e-10,1.0
0.0,1.0,1.6742134067992964e-10,1.0
0.0,1.0,1.6744816644376215e-10,1.0
0.0,1.0,1.6742421338200586e-10,1.0
0.0,1.0,0.0,1.0
0.0,1.0,1.674344274338324e-10,1.0
0.0,1.0,1.6742102149081006e-10,1.0
0.0,1.0,1.6742165986904922e-10,1.0
0.0,1.0,1.6742229824728838e-10,1.0
0.0,1.0,1.6742612851672334e-10,1.0
0.0,1.0,1.6742804365144082e-10,1.0
0.0,1.0,1.6742549013848418e-10,1.0
0.0,1.0,2.0758743706871787e-20,1.0
0.0,1.0,1.6742293662552754e-10,1.0
0.0,1.0,1.6742389419288628e-10,1.0
0.0,1.0,1.6742421338200586e-10,1.0
0.0,1.0,1.674440169852076e-10,1.0
0.0,1.0,1.6742293662552754e-10,1.0
0.0,1.0,1.674235750037667e-10,1.0
0.0,1.0,1.674251709493646e-10,1.0
0.0,1.0,1.6742485176024502e-10,1.0
0.0,1.0,1.674267668949625e-10,1.0
0.0,1.0,1.6742932040791914e-10,1.0
0.0,1.0,1.6742325581464712e-10,1.0
0.0,1.0,1.6743187392087577e-10,1.0
0.0,1.0,1.6741910635609258e-10,1.0
0.0,1.0,1.6741974473433174e-10,1.0
0.0,1.0,1.6742485176024502e-10,1.0
0.0,1.0,1.674344274338324e-10,1.0
0.0,1.0,1.2059056010704783e-12,1.0
0.0,1.0,0.0,1.0
0.0,1.0,1.6742772446232124e-10,1.0
0.0,1.0,1.6742485176024502e-10,1.0
0.0,1.0,3.5084508959797505e-19,1.0
0.0,1.0,9.112307020053834e-10,1.0
0.0,1.0,1.6743027797527787e-10,1.0
0.0,1.0,1.6742102149081006e-10,1.0
0.0,1.0,1.674344274338324e-10,1.0
0.0,1.0,1.6741846797785342e-10,1.0
0.0,1.0,1.6741974473433174e-10,1.0
0.0,1.0,1.6742549013848418e-10,1.0
0.0,1.0,1.6742102149081006e-10,1.0
0.0,1.0,1.6742644770584292e-10,1.0
0.0,1.0,1.6742549013848418e-10,1.0
0.0,1.0,1.6742261743640796e-10,1.0
0.0,1.0,1.674331506773541e-10,1.0
0.0,1.0,1.6742165986904922e-10,1.0
0.0,1.0,1.6742070230169048e-10,1.0
0.0,1.0,1.674283628405604e-10,1.0
0.0,1.0,1.6742708608408208e-10,1.0
0.0,1.0,1.6742772446232124e-10,1.0
0.0,1.0,1.6742165986904922e-10,1.0
0.0,1.0,1.6742165986904922e-10,1.0
0.0,1.0,1.6742932040791914e-10,1.0
0.0,1.0,1.674363425685499e-10,1.0
0.0,1.0,1.6742229824728838e-10,1.0
0.0,1.0,6.251222574937674e-19,1.0
0.0,1.0,1.6742421338200586e-10,1.0
0.0,1.0,1.674235750037667e-10,1.0
0.0,1.0,1.6742229824728838e-10,1.0
0.0,1.0,1.6741974473433174e-10,1.0
0.0,1.0,1.6742102149081006e-10,1.0
0.0,1.0,1.0050406169869509e-30,1.0
0.0,1.0,1.674235750037667e-10,1.0
0.0,1.0,1.6742102149081006e-10,1.0
0.0,1.0,1.6742453257112544e-10,1.0
0.0,1.0,1.6745295428055584e-10,1.0
0.0,1.0,1.6762614907239737e-10,1.0
0.0,1.0,1.6748362419161111e-10,1.0
0.0,1.0,1.6742740527320166e-10,1.0
0.0,1.0,1.6742644770584292e-10,1.0
0.0,1.0,1.6742165986904922e-10,1.0
0.0,1.0,1.6742293662552754e-10,1.0
0.0,1.0,1.6742485176024502e-10,1.0
0.0,1.0,1.674283628405604e-10,1.0
0.0,1.0,0.0,1.0
0.0,1.0,1.6742485176024502e-10,1.0
0.0,1.0,1.6745774211734954e-10,1.0
0.0,1.0,1.6742932040791914e-10,1.0
0.0,1.0,1.6742165986904922e-10,1.0
0.0,1.0,1.674267668949625e-10,1.0
0.0,1.0,5.303599337480591e-09,1.0
0.0,1.0,1.6742804365144082e-10,1.0
0.0,1.0,1.6742070230169048e-10,1.0
0.0,1.0,1.6742612851672334e-10,1.0
0.0,1.0,1.6743123554263661e-10,1.0
0.0,1.0,1.6778417544216495e-10,1.0
0.0,1.0,3.394758252284191e-08,1.0
0.0,1.0,2.239437435491709e-08,1.0
0.0,1.0,1.6744784725464257e-10,1.0
0.0,1.0,1.6743506581207157e-10,1.0
0.0,1.0,1.6742485176024502e-10,1.0
0.0,1.0,3.7354031974246027e-06,0.9999982714653015
0.0,1.0,1.674235750037667e-10,1.0
0.0,1.0,1.6741942554521216e-10,1.0
0.0,1.0,1.6742740527320166e-10,1.0
0.0,1.0,1.676079275370057e-10,1.0
0.0,1.0,1.6742485176024502e-10,1.0
0.0,1.0,1.6745550779351248e-10,1.0
0.0,1.0,2.057987626503949e-24,1.0
0.0,1.0,1.6742293662552754e-10,1.0
0.0,1.0,1.6743027797527787e-10,1.0
0.0,1.0,1.674235750037667e-10,1.0
0.0,1.0,1.674376193250282e-10,1.0
0.0,1.0,1.6744017283798485e-10,1.0
0.0,1.0,1.67418787166973e-10,1.0
0.0,1.0,1.674695659925618e-10,1.0
0.0,1.0,1.674235750037667e-10,1.0
0.0,1.0,1.674395483375335e-10,1.0
0.0,1.0,4.494659191459529e-26,1.0
0.0,1.0,1.674235750037667e-10,1.0
0.0,1.0,1.6742485176024502e-10,1.0
0.0,1.0,1.2185454867363887e-09,1.0
0.0,1.0,1.6742165986904922e-10,1.0
0.0,1.0,1.6741782959961427e-10,1.0
0.0,1.0,1.676290356522614e-10,1.0
0.0,1.0,1.6742293662552754e-10,1.0
0.0,1.0,1.674235750037667e-10,1.0
0.0,1.0,1.6742293662552754e-10,1.0
0.0,1.0,1.674363425685499e-10,1.0
0.0,1.0,1.6742804365144082e-10,1.0
0.0,1.0,1.6742740527320166e-10,1.0
0.0,1.0,1.6742293662552754e-10,1.0
0.0,1.0,1.6742293662552754e-10,1.0
0.0,1.0,1.674376193250282e-10,1.0
0.0,1.0,1.6742644770584292e-10,1.0
0.0,1.0,1.674299587861583e-10,1.0
0.0,1.0,1.6746189157590408e-10,1.0
0.0,1.0,1.6743123554263661e-10,1.0
0.0,1.0,1.6742549013848418e-10,1.0
0.0,1.0,1.6741814878873384e-10,1.0
0.0,1.0,1.6743506581207157e-10,1.0
0.0,1.0,1.6742900121879956e-10,1.0
0.0,1.0,1.6742102149081006e-10,1.0
0.0,1.0,1.6742740527320166e-10,1.0
0.0,1.0,1.67418787166973e-10,1.0
0.0,1.0,1.6744657049816425e-10,1.0
0.0,1.0,1.6742932040791914e-10,1.0
0.0,1.0,1.6741974473433174e-10,1.0
0.0,1.0,1.6747850328791003e-10,1.0
0.0,1.0,7.098256427084948e-10,1.0
0.0,1.0,1.674376193250282e-10,1.0
0.0,1.0,1.6741814878873384e-10,1.0
0.0,1.0,1.6743571806809854e-10,1.0
0.0,1.0,1.6741782959961427e-10,1.0
0.0,1.0,5.1547093286389355e-17,1.0
0.0,1.0,1.6742612851672334e-10,1.0
0.0,1.0,1.6745008157847963e-10,1.0
0.0,1.0,1.6741782959961427e-10,1.0
0.0,1.0,1.6741910635609258e-10,1.0
0.0,1.0,1.6742165986904922e-10,1.0
0.0,1.0,1.6742932040791914e-10,1.0
0.0,1.0,1.674235750037667e-10,1.0
0.0,1.0,1.6742165986904922e-10,1.0
0.0,1.0,1.6742165986904922e-10,1.0
0.0,1.0,1.6742229824728838e-10,1.0
0.0,1.0,1.6742293662552754e-10,1.0
0.0,1.0,1.6743123554263661e-10,1.0
0.0,1.0,1.674251709493646e-10,1.0
0.0,1.0,1.6742389419288628e-10,1.0
0.0,1.0,1.6741814878873384e-10,1.0
0.0,1.0,3.6471081710232056e-10,1.0
0.0,1.0,1.6743538500119115e-10,1.0
0.0,1.0,1.674267668949625e-10,1.0
0.0,1.0,1.6742070230169048e-10,1.0
0.0,1.0,1.6742102149081006e-10,1.0
0.0,1.0,7.366745017819976e-13,1.0
0.0,1.0,1.6742580932760376e-10,1.0
0.0,1.0,1.6742804365144082e-10,1.0
0.0,1.0,1.6742070230169048e-10,1.0
0.0,1.0,1.6742229824728838e-10,1.0
0.0,1.0,1.6743378905559325e-10,1.0
0.0,1.0,1.6742421338200586e-10,1.0
0.0,1.0,1.6742740527320166e-10,1.0
0.0,1.0,1.6911781897848213e-14,1.0
0.0,1.0,1.146029798837489e-10,1.0
0.0,1.0,1.6751461329178596e-10,1.0
0.0,1.0,1.6742453257112544e-10,1.0
0.0,1.0,1.6745167752407752e-10,1.0
0.0,1.0,1.674376193250282e-10,1.0
0.0,1.0,1.6742612851672334e-10,1.0
0.0,1.0,1.6743251229911493e-10,1.0
0.0,1.0,1.6742229824728838e-10,1.0
0.0,1.0,1.6742868202967998e-10,1.0
0.0,1.0,1.6741846797785342e-10,1.0
0.0,1.0,1.6743187392087577e-10,1.0
0.0,1.0,1.674299587861583e-10,1.0
0.0,1.0,1.36348045484333e-13,1.0
0.0,1.0,1.674235750037667e-10,1.0
0.0,1.0,1.6756127041439584e-10,1.0
0.0,1.0,1.6742102149081006e-10,1.0
0.0,1.0,1.6742485176024502e-10,1.0
0.0,1.0,1.674344274338324e-10,1.0
0.0,1.0,1.674411442831314e-10,1.0
0.0,1.0,1.6742070230169048e-10,1.0
0.0,1.0,3.6218231969087356e-08,0.9999999403953552
0.0,1.0,1.6741846797785342e-10,1.0
0.0,1.0,1.674363425685499e-10,1.0
0.0,1.0,1.6742485176024502e-10,1.0
0.0,1.0,1.674267668949625e-10,1.0
0.0,1.0,1.6747979392217616e-10,1.0
0.0,1.0,1.6744784725464257e-10,1.0
0.0,1.0,1.674251709493646e-10,1.0
0.0,1.0,3.099325476796366e-05,0.9999715685844421
0.0,1.0,1.674235750037667e-10,1.0
0.0,1.0,1.6741974473433174e-10,1.0
0.0,1.0,1.674267668949625e-10,1.0
0.0,1.0,1.67615921142783e-10,1.0
0.0,1.0,1.6742325581464712e-10,1.0
0.0,1.0,1.6742963959703872e-10,1.0
0.0,1.0,1.6742229824728838e-10,1.0
0.0,1.0,1.6742612851672334e-10,1.0
0.0,1.0,1.6742612851672334e-10,1.0
0.0,1.0,1.6741336095194015e-10,1.0
0.0,1.0,1.674143185192989e-10,1.0
0.0,1.0,1.674171912213751e-10,1.0
0.0,1.0,2.7985739878386325e-15,1.0
0.0,1.0,1.6741336095194015e-10,1.0
0.0,1.0,1.6741846797785342e-10,1.0
0.0,1.0,1.674235750037667e-10,1.0
0.0,1.0,1.6742070230169048e-10,1.0
0.0,1.0,1.6741751041049469e-10,1.0
0.0,1.0,1.6742453257112544e-10,1.0
0.0,1.0,1.67418787166973e-10,1.0
0.0,1.0,1.674171912213751e-10,1.0
0.0,1.0,2.7803244832333517e-23,1.0
0.0,1.0,1.6741176500634225e-10,1.0
0.0,1.0,1.674171912213751e-10,1.0
0.0,1.0,1.6741623365401637e-10,1.0
0.0,1.0,1.6742932040791914e-10,1.0
0.0,1.0,1.674139993301793e-10,1.0
0.0,1.0,1.6741208419546183e-10,1.0
0.0,1.0,1.6741591446489679e-10,1.0
0.0,1.0,1.674124033845814e-10,1.0
0.0,1.0,1.6741304176282057e-10,1.0
0.0,1.0,1.6741814878873384e-10,1.0
0.0,1.0,3.3964896230868515e-26,1.0
0.0,1.0,6.254481795756744e-14,1.0
0.0,1.0,1.6741336095194015e-10,1.0
0.0,1.0,1.674171912213751e-10,1.0
0.0,1.0,1.6743571806809854e-10,1.0
0.0,1.0,1.6741304176282057e-10,1.0
0.0,1.0,1.674395483375335e-10,1.0
0.0,1.0,1.6746252995414324e-10,1.0
0.0,1.0,1.6742549013848418e-10,1.0
0.0,1.0,1.6741463770841847e-10,1.0
0.0,1.0,1.674139993301793e-10,1.0
0.0,1.0,1.6742612851672334e-10,1.0
0.0,1.0,1.67412722573701e-10,1.0
0.0,1.0,2.457668513144995e-09,1.0
0.0,1.0,1.6741910635609258e-10,1.0
0.0,1.0,1.6741782959961427e-10,1.0
0.0,1.0,1.6741463770841847e-10,1.0
0.0,1.0,1.674203831125709e-10,1.0
0.0,1.0,9.609440939029724e-28,1.0
0.0,1.0,1.6741527608665763e-10,1.0
0.0,1.0,1.674139993301793e-10,1.0
0.0,1.0,0.0,1.0
0.0,1.0,1.6741910635609258e-10,1.0
0.0,1.0,1.67412722573701e-10,1.0
0.0,1.0,1.6741942554521216e-10,1.0
0.0,1.0,1.6741463770841847e-10,1.0
0.0,1.0,1.674203831125709e-10,1.0
0.0,1.0,1.6741336095194015e-10,1.0
0.0,1.0,1.675331401385094e-10,1.0
0.0,1.0,1.6741942554521216e-10,1.0
0.0,1.0,1.6741687203225553e-10,1.0
0.0,1.0,1.6741111275031528e-10,1.0
0.0,1.0,1.6742485176024502e-10,1.0
0.0,1.0,1.6755742626717307e-10,1.0
0.0,1.0,1.674171912213751e-10,1.0
0.0,1.0,1.674203831125709e-10,1.0
0.0,1.0,1.523764225908053e-09,1.0
0.0,1.0,1.6741591446489679e-10,1.0
0.0,1.0,6.887034276203963e-10,1.0
0.0,1.0,7.995035189445332e-12,1.0
0.0,1.0,1.6741463770841847e-10,1.0
0.0,1.0,1.6741304176282057e-10,1.0
0.0,1.0,1.6756861176414617e-10,1.0
0.0,1.0,1.6757148446622239e-10,1.0
0.0,1.0,1.6755902221277097e-10,1.0
0.0,1.0,1.6741016906074435e-10,1.0
0.0,1.0,1.6741495689753805e-10,1.0
0.0,1.0,1.6742229824728838e-10,1.0
0.0,1.0,1.674139993301793e-10,1.0
0.0,1.0,1.6741623365401637e-10,1.0
0.0,1.0,1.6741336095194015e-10,1.0
0.0,1.0,1.6741208419546183e-10,1.0
0.0,1.0,1.6741846797785342e-10,1.0
0.0,1.0,1.6741463770841847e-10,1.0
0.0,1.0,1.6741591446489679e-10,1.0
0.0,1.0,1.674155952757772e-10,1.0
0.0,1.0,1.9120953431706056e-10,1.0
0.0,1.0,1.6741782959961427e-10,1.0
0.0,1.0,1.6742165986904922e-10,1.0
0.0,1.0,1.6742102149081006e-10,1.0
0.0,1.0,1.6741591446489679e-10,1.0
0.0,1.0,1.6741655284313595e-10,1.0
0.0,1.0,1.6741368014105973e-10,1.0
0.0,1.0,1.6741336095194015e-10,1.0
0.0,1.0,1.6741846797785342e-10,1.0
0.0,1.0,1.6741751041049469e-10,1.0
0.0,1.0,1.6741782959961427e-10,1.0
0.0,1.0,1.6741336095194015e-10,1.0
0.0,1.0,1.6741111275031528e-10,1.0
0.0,1.0,1.6743730013590863e-10,1.0
0.0,1.0,1.6745582698263206e-10,1.0
0.0,1.0,1.6742772446232124e-10,1.0
0.0,1.0,1.6741591446489679e-10,1.0
0.0,1.0,2.1831929049553585e-15,1.0
0.0,1.0,1.6742102149081006e-10,1.0
0.0,1.0,1.6742261743640796e-10,1.0
0.0,1.0,1.6741368014105973e-10,1.0
0.0,1.0,1.6741974473433174e-10,1.0
0.0,1.0,1.6747020437080096e-10,1.0
0.0,1.0,1.6742293662552754e-10,1.0
0.0,1.0,1.6742612851672334e-10,1.0
0.0,1.0,1.6741208419546183e-10,1.0
0.0,1.0,1.6742102149081006e-10,1.0
0.0,1.0,1.674171912213751e-10,1.0
0.0,1.0,1.6741208419546183e-10,1.0
0.0,1.0,7.553906389290432e-10,1.0
0.0,1.0,1.9241831739069681e-10,1.0
0.0,1.0,1.6741208419546183e-10,1.0
0.0,1.0,1.6741942554521216e-10,1.0
0.0,1.0,1.6741782959961427e-10,1.0
0.0,1.0,1.6741910635609258e-10,1.0
0.0,1.0,1.6741527608665763e-10,1.0
0.0,1.0,1.6742261743640796e-10,1.0
0.0,1.0,3.2906261206896146e-16,1.0
0.0,1.0,1.674139993301793e-10,1.0
0.0,1.0,1.6742165986904922e-10,1.0
0.0,1.0,5.896292026678907e-13,1.0
0.0,1.0,1.6741751041049469e-10,1.0
0.0,1.0,1.674203831125709e-10,1.0
0.0,1.0,2.363764679103042e-06,0.9999987483024597
0.0,1.0,1.674095306825052e-10,1.0
0.0,1.0,1.6741463770841847e-10,1.0
0.0,1.0,1.6741623365401637e-10,1.0
0.0,1.0,1.674107935611957e-10,1.0
0.0,1.0,1.6742229824728838e-10,1.0
0.0,1.0,1.6761880772264703e-10,1.0
0.0,1.0,1.6742612851672334e-10,1.0
0.0,1.0,1.6741463770841847e-10,1.0
0.0,1.0,1.674124033845814e-10,1.0
0.0,1.0,1.674203831125709e-10,1.0
0.0,1.0,1.1892120621581626e-10,1.0
0.0,1.0,1.6741527608665763e-10,1.0
0.0,1.0,1.6741527608665763e-10,1.0
0.0,1.0,1.6742932040791914e-10,1.0
0.0,1.0,1.6742293662552754e-10,1.0
0.0,1.0,1.6742165986904922e-10,1.0
0.0,1.0,1.674171912213751e-10,1.0
0.0,1.0,1.6741143193943486e-10,1.0
0.0,1.0,1.6741336095194015e-10,1.0
0.0,1.0,1.674143185192989e-10,1.0
0.0,1.0,1.6741111275031528e-10,1.0
0.0,1.0,1.6741527608665763e-10,1.0
0.0,1.0,1.6741751041049469e-10,1.0
0.0,1.0,1.674344274338324e-10,1.0
0.0,1.0,1.674203831125709e-10,1.0
0.0,1.0,1.6741463770841847e-10,1.0
0.0,1.0,1.674171912213751e-10,1.0
0.0,1.0,1.6741336095194015e-10,1.0
0.0,1.0,1.6742229824728838e-10,1.0
0.0,1.0,1.674139993301793e-10,1.0
0.0,1.0,1.6741751041049469e-10,1.0
0.0,1.0,1.6770226873852323e-10,1.0
0.0,1.0,1.6742453257112544e-10,1.0
0.0,1.0,1.6742868202967998e-10,1.0
0.0,1.0,4.713988531121482e-13,1.0
0.0,1.0,1.6741368014105973e-10,1.0
0.0,1.0,1.674171912213751e-10,1.0
0.0,1.0,1.6742485176024502e-10,1.0
0.0,1.0,1.6741591446489679e-10,1.0
0.0,1.0,1.6742134067992964e-10,1.0
0.0,1.0,1.6741463770841847e-10,1.0
0.0,1.0,1.6742070230169048e-10,1.0
0.0,1.0,1.6741463770841847e-10,1.0
0.0,1.0,1.674124033845814e-10,1.0
0.0,1.0,1.674171912213751e-10,1.0
0.0,1.0,1.676306315978593e-10,1.0
0.0,1.0,1.674143185192989e-10,1.0
0.0,1.0,1.67412722573701e-10,1.0
0.0,1.0,1.6741846797785342e-10,1.0
0.0,1.0,1.674139993301793e-10,1.0
0.0,1.0,1.6741974473433174e-10,1.0
0.0,1.0,1.6742102149081006e-10,1.0
0.0,1.0,1.6741974473433174e-10,1.0
0.0,1.0,1.6742868202967998e-10,1.0
0.0,1.0,1.674139993301793e-10,1.0
0.0,1.0,1.6741846797785342e-10,1.0
0.0,1.0,1.674155952757772e-10,1.0
0.0,1.0,1.67412722573701e-10,1.0
0.0,1.0,1.6741336095194015e-10,1.0
0.0,1.0,1.6746573572312684e-10,1.0
0.0,1.0,1.6750661968600866e-10,1.0
0.0,1.0,1.674376193250282e-10,1.0
0.0,1.0,3.755412905687817e-19,1.0
0.0,1.0,1.6744017283798485e-10,1.0
0.0,1.0,1.6744497455256635e-10,1.0
0.0,1.0,1.6743922914841392e-10,1.0
0.0,1.0,1.6745742292822996e-10,1.0
0.0,1.0,1.674472088764034e-10,1.0
0.0,1.0,1.674427402287293e-10,1.0
0.0,1.0,1.674695659925618e-10,1.0
0.0,1.0,1.6743378905559325e-10,1.0
0.0,1.0,1.6743571806809854e-10,1.0
0.0,1.0,1.6743698094678905e-10,1.0
0.0,1.0,1.6743059716439745e-10,1.0
0.0,1.0,1.6743378905559325e-10,1.0
0.0,1.0,1.6743410824471283e-10,1.0
0.0,1.0,1.674424210396097e-10,1.0
0.0,1.0,5.721564888538921e-10,1.0
0.0,1.0,1.6743922914841392e-10,1.0
0.0,1.0,1.6744210185049013e-10,1.0
0.0,1.0,1.6744017283798485e-10,1.0
0.0,1.0,1.6799904523079334e-10,1.0
0.0,1.0,1.6743378905559325e-10,1.0
0.0,1.0,8.285827024501202e-10,1.0
0.0,1.0,8.175684573785702e-10,1.0
0.0,1.0,1.2691426798383532e-09,1.0
0.0,1.0,4.810110532105227e-09,1.0
0.0,1.0,7.784867750437741e-10,1.0
0.0,1.0,1.7079287983889913e-09,1.0
0.0,1.0,1.6743986752665307e-10,1.0
0.0,1.0,1.6744337860696845e-10,1.0
0.0,1.0,1.6743506581207157e-10,1.0
0.0,1.0,1.6742900121879956e-10,1.0
0.0,1.0,1.674395483375335e-10,1.0
0.0,1.0,1.6745295428055584e-10,1.0
0.0,1.0,1.674331506773541e-10,1.0
0.0,1.0,1.6114684030993836e-16,1.0
0.0,1.0,9.615283097936852e-18,1.0
0.0,1.0,1.6743986752665307e-10,1.0
0.0,1.0,1.6743825770326737e-10,1.0
0.0,1.0,1.6742900121879956e-10,1.0
0.0,1.0,1.674344274338324e-10,1.0
0.0,1.0,1.6873283326113153e-10,1.0
0.0,1.0,1.6743378905559325e-10,1.0
0.0,1.0,1.674328314882345e-10,1.0
0.0,1.0,1.6743378905559325e-10,1.0
0.0,1.0,1.674427402287293e-10,1.0
0.0,1.0,1.6745869968470828e-10,1.0
0.0,1.0,2.427751333300421e-10,1.0
0.0,1.0,4.4281189826023137e-10,1.0
0.0,1.0,2.4925445041290573e-10,1.0
0.0,1.0,5.592373231166903e-10,1.0
0.0,1.0,5.248100287680302e-10,1.0
0.0,1.0,9.28627286178596e-10,1.0
0.0,1.0,6.807239771866591e-10,1.0
0.0,1.0,9.359534258734925e-10,1.0
0.0,1.0,1.6744337860696845e-10,1.0
0.0,1.0,1.831437433196507e-18,1.0
0.0,1.0,2.5736682229826613e-10,1.0
0.0,1.0,1.6743922914841392e-10,1.0
0.0,1.0,1.6786740053564841e-10,1.0
0.0,1.0,1.6744912401112089e-10,1.0
0.0,1.0,1.0516023607465286e-09,1.0
0.0,1.0,1.674379385141478e-10,1.0
0.0,1.0,1.6744210185049013e-10,1.0
0.0,1.0,1.67447528065523e-10,1.0
0.0,1.0,1.6743825770326737e-10,1.0
0.0,1.0,1.6743666175766947e-10,1.0
0.0,1.0,1.6782769618473026e-10,1.0
0.0,1.0,1.6743378905559325e-10,1.0
0.0,1.0,1.6745742292822996e-10,1.0
0.0,1.0,7.107048283216955e-10,1.0
0.0,1.0,1.674459321199251e-10,1.0
0.0,1.0,1.6743187392087577e-10,1.0
0.0,1.0,1.6744688968728383e-10,1.0
0.0,1.0,1.6751461329178596e-10,1.0
0.0,1.0,1.674424210396097e-10,1.0
0.0,1.0,2.580229918613952e-10,1.0
0.0,1.0,1.674411442831314e-10,1.0
0.0,1.0,1.6743410824471283e-10,1.0
0.0,1.0,1.674328314882345e-10,1.0
0.0,1.0,1.6744146347225097e-10,1.0
0.0,1.0,1.6745486941527332e-10,1.0
0.0,1.0,1.6744784725464257e-10,1.0
0.0,1.0,1.6743603725721812e-10,1.0
0.0,1.0,1.6744976238936005e-10,1.0
0.0,1.0,1.6743187392087577e-10,1.0
0.0,1.0,1.6752323139801462e-10,1.0
0.0,1.0,2.109252861259847e-08,1.0
0.0,1.0,1.6744017283798485e-10,1.0
0.0,1.0,1.674472088764034e-10,1.0
0.0,1.0,8.588077640123192e-16,1.0
0.0,1.0,1.6747979392217616e-10,1.0
0.0,1.0,1.6744976238936005e-10,1.0
0.0,1.0,4.5264156312008197e-10,1.0
0.0,1.0,1.674299587861583e-10,1.0
0.0,1.0,1.6745550779351248e-10,1.0
0.0,1.0,1.674376193250282e-10,1.0
0.0,1.0,1.6744178266137055e-10,1.0
0.0,1.0,1.6743730013590863e-10,1.0
0.0,1.0,1.674459321199251e-10,1.0
0.0,1.0,1.6743571806809854e-10,1.0
0.0,1.0,1.6747371545111633e-10,1.0
0.0,1.0,1.6742900121879956e-10,1.0
0.0,1.0,1.6743825770326737e-10,1.0
0.0,1.0,1.674395483375335e-10,1.0
0.0,1.0,1.6742963959703872e-10,1.0
0.0,1.0,1.674440169852076e-10,1.0
0.0,1.0,1.6743506581207157e-10,1.0
0.0,1.0,1.6744017283798485e-10,1.0
0.0,1.0,1.674567845499908e-10,1.0
0.0,1.0,1.6743410824471283e-10,1.0
0.0,1.0,1.6744657049816425e-10,1.0
0.0,1.0,1.6745869968470828e-10,1.0
0.0,1.0,3.669809123252321e-09,1.0
0.0,1.0,1.6744146347225097e-10,1.0
0.0,1.0,1.6743123554263661e-10,1.0
0.0,1.0,1.674395483375335e-10,1.0
0.0,1.0,1.674427402287293e-10,1.0
0.0,1.0,1.674427402287293e-10,1.0
0.0,1.0,1.6744146347225097e-10,1.0
0.0,1.0,1.6801730839954843e-10,1.0
0.0,1.0,1.6746892761432264e-10,1.0
0.0,1.0,1.6745423103703416e-10,1.0
0.0,1.0,1.674459321199251e-10,1.0
0.0,1.0,1.674599764411866e-10,1.0
0.0,1.0,1.6743187392087577e-10,1.0
0.0,1.0,1.6744976238936005e-10,1.0
0.0,1.0,1.6744210185049013e-10,1.0
0.0,1.0,1.674504007675992e-10,1.0
0.0,1.0,1.6745901887382786e-10,1.0
0.0,1.0,1.6744017283798485e-10,1.0
0.0,1.0,1.6743666175766947e-10,1.0
0.0,1.0,1.6744210185049013e-10,1.0
0.0,1.0,1.6744337860696845e-10,1.0
0.0,1.0,1.674395483375335e-10,1.0
0.0,1.0,2.6565976085635157e-09,1.0
0.0,1.0,1.6744529374168593e-10,1.0
0.0,1.0,1.674363425685499e-10,1.0
0.0,1.0,1.6748169517910583e-10,1.0
0.0,1.0,1.6745295428055584e-10,1.0
0.0,1.0,1.6745869968470828e-10,1.0
0.0,1.0,1.6743346986647367e-10,1.0
0.0,1.0,1.674344274338324e-10,1.0
0.0,1.0,1.6743187392087577e-10,1.0
0.0,1.0,1.6744305941784887e-10,1.0
0.0,1.0,1.675539151868577e-10,1.0
0.0,1.0,1.674363425685499e-10,1.0
0.0,1.0,1.6744688968728383e-10,1.0
0.0,1.0,1.6743506581207157e-10,1.0
0.0,1.0,1.674328314882345e-10,1.0
0.0,1.0,1.6743890995929434e-10,1.0
0.0,1.0,1.6764374610733768e-10,1.0
0.0,1.0,1.6743698094678905e-10,1.0
0.0,1.0,1.6743571806809854e-10,1.0
0.0,1.0,1.674459321199251e-10,1.0
0.0,1.0,1.6760920429348403e-10,1.0
0.0,1.0,1.6743123554263661e-10,1.0
0.0,1.0,1.6744848563288173e-10,1.0
0.0,1.0,1.674395483375335e-10,1.0
0.0,1.0,1.6745710373911038e-10,1.0
0.0,1.0,1.232645985282943e-09,1.0
0.0,1.0,1.6744017283798485e-10,1.0
0.0,1.0,1.674395483375335e-10,1.0
0.0,1.0,1.6744848563288173e-10,1.0
0.0,1.0,1.6744017283798485e-10,1.0
0.0,1.0,1.6807308322874803e-10,1.0
0.0,1.0,1.674395483375335e-10,1.0
0.0,1.0,1.674283628405604e-10,1.0
0.0,1.0,1.6743825770326737e-10,1.0
0.0,1.0,1.6742932040791914e-10,1.0
0.0,1.0,1.6745423103703416e-10,1.0
0.0,1.0,1.6744529374168593e-10,1.0
0.0,1.0,1.674424210396097e-10,1.0
0.0,1.0,6.652849554130471e-17,1.0
0.0,1.0,1.674395483375335e-10,1.0
0.0,1.0,1.674427402287293e-10,1.0
0.0,1.0,1.6745455022615374e-10,1.0
0.0,1.0,1.674459321199251e-10,1.0
0.0,1.0,1.6743123554263661e-10,1.0
0.0,1.0,1.6743890995929434e-10,1.0
0.0,1.0,1.6744529374168593e-10,1.0
0.0,1.0,1.6743922914841392e-10,1.0
0.0,1.0,1.6747052355992054e-10,1.0
0.0,1.0,1.6742868202967998e-10,1.0
0.0,1.0,4.862293735641288e-06,0.9999971985816956
0.0,1.0,1.674599764411866e-10,1.0
0.0,1.0,1.67440811216224e-10,1.0
0.0,1.0,1.674376193250282e-10,1.0
0.0,1.0,1.6744146347225097e-10,1.0
0.0,1.0,1.6744784725464257e-10,1.0
0.0,1.0,1.6743346986647367e-10,1.0
0.0,1.0,1.6745869968470828e-10,1.0
0.0,1.0,1.6743603725721812e-10,1.0
0.0,1.0,1.6744337860696845e-10,1.0
0.0,1.0,1.6744369779608803e-10,1.0
0.0,1.0,1.6744625130904467e-10,1.0
0.0,1.0,1.67434746622952e-10,1.0
0.0,1.0,1.6744017283798485e-10,1.0
0.0,1.0,1.6745167752407752e-10,1.0
0.0,1.0,1.6743378905559325e-10,1.0
0.0,1.0,1.6744657049816425e-10,1.0
0.0,1.0,1.675251604105199e-10,1.0
0.0,1.0,1.6744976238936005e-10,1.0
0.0,1.0,1.6743571806809854e-10,1.0
0.0,1.0,1.6743698094678905e-10,1.0
0.0,1.0,1.6745008157847963e-10,1.0
0.0,1.0,1.674440169852076e-10,1.0
0.0,1.0,1.674440169852076e-10,1.0
0.0,1.0,1.674331506773541e-10,1.0
0.0,1.0,1.674363425685499e-10,1.0
0.0,1.0,1.6744657049816425e-10,1.0
0.0,1.0,1.6744146347225097e-10,1.0
0.0,1.0,1.6744529374168593e-10,1.0
0.0,1.0,1.6745295428055584e-10,1.0
0.0,1.0,1.6743538500119115e-10,1.0
0.0,1.0,1.6744657049816425e-10,1.0
0.0,1.0,1.6744912401112089e-10,1.0
0.0,1.0,1.68872887895688e-10,1.0
0.0,1.0,1.6826265381020278e-10,1.0
0.0,1.0,1.683072708980049e-10,1.0
0.0,1.0,1.6810706993108937e-10,1.0
0.0,1.0,1.6831079585610809e-10,1.0
0.0,1.0,1.6804552194216171e-10,1.0
0.0,1.0,1.6842351124868316e-10,1.0
0.0,1.0,1.681314393264799e-10,1.0
0.0,1.0,1.6813721248620794e-10,1.0
0.0,1.0,9.651614360159377e-13,1.0
0.0,1.0,1.6836955440968637e-10,1.0
0.0,1.0,1.6833809346472606e-10,1.0
0.0,1.0,1.6856041562540724e-10,1.0
0.0,1.0,1.6840039085419534e-10,1.0
0.0,1.0,1.6800737190347803e-10,1.0
0.0,1.0,1.681064315528502e-10,1.0
0.0,1.0,1.684482553443445e-10,1.0
0.0,1.0,1.708814478806886e-10,1.0
0.0,1.0,1.6842834071884027e-10,1.0
0.0,1.0,1.6820521364646623e-10,1.0
0.0,1.0,1.6841483763130327e-10,1.0
0.0,1.0,1.686376038811943e-10,1.0
0.0,1.0,1.684717088057397e-10,1.0
0.0,1.0,1.6807437386301416e-10,1.0
0.0,1.0,1.6884423026386486e-10,1.0
0.0,1.0,1.6862859719690704e-10,1.0
0.0,1.0,1.6826329218844194e-10,1.0
0.0,1.0,1.6822382375991651e-10,1.0
0.0,1.0,1.6843218486606304e-10,1.0
0.0,1.0,1.6829442006649487e-10,1.0
0.0,1.0,1.6833423543971548e-10,1.0
0.0,1.0,1.6866269492155084e-10,1.0
0.0,1.0,1.6827131354979485e-10,1.0
0.0,1.0,1.686700917824524e-10,1.0
0.0,1.0,1.6842544026118844e-10,1.0
0.0,1.0,1.68349001405943e-10,1.0
0.0,1.0,1.686736306183434e-10,1.0
0.0,1.0,1.6859322271578492e-10,1.0
0.0,1.0,1.6822959691964456e-10,1.0
0.0,1.0,1.6883069942075224e-10,1.0
0.0,1.0,3.688459537798394e-10,1.0
0.0,1.0,5.5414424160460385e-09,1.0
0.0,1.0,1.6814073744431113e-10,1.0
0.0,1.0,1.681513261964085e-10,1.0
0.0,1.0,1.6811027570007298e-10,1.0
0.0,1.0,1.6857777673795482e-10,1.0
0.0,1.0,1.6831304405773295e-10,1.0
0.0,1.0,1.681593475577614e-10,1.0
0.0,1.0,1.6823120674303027e-10,1.0
0.0,1.0,1.6834450500269327e-10,1.0
0.0,1.0,1.6845275174759422e-10,1.0
0.0,1.0,1.6895053411847272e-10,1.0
0.0,1.0,1.6855142281890778e-10,1.0
0.0,1.0,2.235913953985147e-10,1.0
0.0,1.0,5.584091127275315e-07,0.9999992847442627
0.0,1.0,1.6855206119714694e-10,1.0
0.0,1.0,1.682507744238393e-10,1.0
0.0,1.0,1.681115663343391e-10,1.0
0.0,1.0,1.6825815740695305e-10,1.0
0.0,1.0,1.6827260418406098e-10,1.0
0.0,1.0,1.6831111504522767e-10,1.0
0.0,1.0,1.684347661345953e-10,1.0
0.0,1.0,1.6811732561627935e-10,1.0
0.0,1.0,1.6830116467136946e-10,1.0
0.0,1.0,1.6824756865485568e-10,1.0
0.0,1.0,1.6888931919645245e-10,1.0
0.0,1.0,1.6830854765448322e-10,1.0
0.0,1.0,1.6829186655353823e-10,1.0
0.0,1.0,1.6860061957668648e-10,1.0
0.0,1.0,1.6807501224125332e-10,1.0
0.0,1.0,1.6819880210849902e-10,1.0
0.0,1.0,1.7998039170130653e-10,1.0
0.0,1.0,1.6814843961654447e-10,1.0
0.0,1.0,1.6840359662317894e-10,1.0
0.0,1.0,1.685372674753438e-10,1.0
0.0,1.0,1.6825815740695305e-10,1.0
0.0,1.0,1.680865446829216e-10,1.0
0.0,1.0,1.6813914149871323e-10,1.0
0.0,1.0,1.6833841265384564e-10,1.0
0.0,1.0,1.6810738912020895e-10,1.0
0.0,1.0,1.684498651677302e-10,1.0
0.0,1.0,1.686376038811943e-10,1.0
0.0,1.0,1.6884552089813099e-10,1.0
0.0,1.0,1.68113162279937e-10,1.0
0.0,1.0,1.6803333724446645e-10,1.0
0.0,1.0,1.68192376692744e-10,1.0
0.0,1.0,1.6881203379615073e-10,1.0
0.0,1.0,1.0617338442892726e-13,1.0
0.0,1.0,1.682289585414054e-10,1.0
0.0,1.0,4.779046949843213e-12,1.0
0.0,1.0,1.6813848924268626e-10,1.0
0.0,1.0,1.682591288520996e-10,1.0
0.0,1.0,1.6883264231104533e-10,1.0
0.0,1.0,1.1922331566438515e-07,0.9999997615814209
0.0,1.0,1.6850063011553118e-10,1.0
0.0,1.0,1.6835349780919273e-10,1.0
0.0,1.0,1.681032257838666e-10,1.0
0.0,1.0,1.681641492723429e-10,1.0
0.0,1.0,1.6812373715424656e-10,1.0
0.0,1.0,1.6833937022120438e-10,1.0
0.0,1.0,5.81115711106861e-10,1.0
0.0,1.0,1.6820778103721068e-10,1.0
0.0,1.0,1.6838978822431017e-10,1.0
0.0,1.0,1.6853149431561576e-10,1.0
0.0,1.0,1.6814362402417515e-10,1.0
0.0,1.0,1.6858807405650822e-10,1.0
0.0,1.0,1.6809584280075285e-10,1.0
0.0,1.0,1.682058520247054e-10,1.0
0.0,1.0,1.6820328463396095e-10,1.0
0.0,1.0,1.6816735504132652e-10,1.0
0.0,1.0,1.683875400226853e-10,1.0
0.0,1.0,1.6831111504522767e-10,1.0
0.0,1.0,1.6815548953275083e-10,1.0
0.0,1.0,1.6838817840092446e-10,1.0
0.0,1.0,1.682674694025721e-10,1.0
0.0,1.0,1.6832171767511284e-10,1.0
0.0,1.0,1.6850321138406343e-10,1.0
0.0,1.0,1.7011461683758e-10,1.0
0.0,1.0,1.681708938772175e-10,1.0
0.0,1.0,1.682790157220282e-10,1.0
0.0,1.0,1.6837212180043082e-10,1.0
0.0,1.0,1.6832203686423242e-10,1.0
0.0,1.0,1.6831593063759698e-10,1.0
0.0,1.0,1.6824788784397526e-10,1.0
0.0,1.0,1.6870548014136233e-10,1.0
0.0,1.0,1.6841195105143925e-10,1.0
0.0,1.0,1.691749657029007e-10,1.0
0.0,1.0,1.682706751715557e-10,1.0
0.0,1.0,1.6840874528245564e-10,1.0
0.0,1.0,1.683091999105102e-10,1.0
0.0,1.0,1.682472494657361e-10,1.0
0.0,1.0,1.6831624982671656e-10,1.0
0.0,1.0,1.6825463244884986e-10,1.0
0.0,1.0,1.6905819799628574e-10,1.0
0.0,1.0,1.22165550279238e-15,1.0
0.0,1.0,1.6834483806960066e-10,1.0
0.0,1.0,1.6846239681012065e-10,1.0
0.0,1.0,1.6846785078072912e-10,1.0
0.0,1.0,1.7013408737387437e-10,1.0
0.0,1.0,1.6832524263321602e-10,1.0
0.0,1.0,1.6098899836719549e-15,1.0
0.0,1.0,1.680984101914973e-10,1.0
0.0,1.0,1.6848135386826613e-10,1.0
0.0,1.0,1.682007172432165e-10,1.0
0.0,1.0,5.077426174880351e-17,1.0
0.0,1.0,1.6854499740315276e-10,1.0
0.0,1.0,1.6818564596565722e-10,1.0
0.0,1.0,1.807420536532301e-21,1.0
0.0,1.0,1.6834675320431813e-10,1.0
0.0,1.0,1.6818853254552124e-10,1.0
0.0,1.0,1.6860672580332192e-10,1.0
0.0,1.0,1.7495513371379445e-10,1.0
0.0,1.0,1.6833166804897104e-10,1.0
0.0,1.0,1.6817217063369583e-10,1.0
0.0,1.0,1.6820039805409692e-10,1.0
0.0,1.0,1.6839653282918476e-10,1.0
0.0,1.0,1.682472494657361e-10,1.0
0.0,1.0,1.685478839830168e-10,1.0
0.0,1.0,1.682440436967525e-10,1.0
0.0,1.0,1.6805128122410196e-10,1.0
0.0,1.0,1.6813336833898518e-10,1.0
0.0,1.0,1.6847202799485927e-10,1.0
0.0,1.0,1.6847107042750054e-10,1.0
0.0,1.0,1.6827099436067527e-10,1.0
0.0,1.0,1.6821836978930804e-10,1.0
0.0,1.0,1.6831433469199908e-10,1.0
0.0,1.0,1.6874152075629922e-10,1.0
0.0,1.0,1.6829314331001655e-10,1.0
0.0,1.0,1.6829186655353823e-10,1.0
0.0,1.0,1.681859651547768e-10,1.0
0.0,1.0,1.6818532677653764e-10,1.0
0.0,1.0,1.6904401489714616e-10,1.0
0.0,1.0,1.6835285943095357e-10,1.0
0.0,1.0,1.682989164697446e-10,1.0
0.0,1.0,1.6852698403457822e-10,1.0
0.0,1.0,1.6821612158768318e-10,1.0
0.0,1.0,1.6818980930199956e-10,1.0
0.0,1.0,1.9329747524832186e-10,1.0
0.0,1.0,1.682141925751779e-10,1.0
0.0,1.0,1.6866011365301858e-10,1.0
0.0,1.0,1.6832460425497686e-10,1.0
0.0,1.0,1.6825847659607263e-10,1.0
0.0,1.0,1.685105943671772e-10,1.0
0.0,1.0,1.6937320990173532e-10,1.0
0.0,1.0,1.6831369631375992e-10,1.0
0.0,1.0,1.6814394321329473e-10,1.0
0.0,1.0,1.6837212180043082e-10,1.0
0.0,1.0,1.6820328463396095e-10,1.0
0.0,1.0,1.682324834995086e-10,1.0
0.0,1.0,1.6835863259068162e-10,1.0
0.0,1.0,1.6855077056288081e-10,1.0
0.0,1.0,1.682604056085779e-10,1.0
0.0,1.0,1.6890801257662957e-10,1.0
0.0,1.0,1.681641492723429e-10,1.0
0.0,1.0,1.683323064272102e-10,1.0
0.0,1.0,1.6855655760039667e-10,1.0
0.0,1.0,1.6845531913833867e-10,1.0
0.0,1.0,1.6824114323910067e-10,1.0
0.0,1.0,1.6828030635629432e-10,1.0
0.0,1.0,1.6818980930199956e-10,1.0
0.0,1.0,1.6810450254034492e-10,1.0
0.0,1.0,1.6811925462878463e-10,1.0
0.0,1.0,1.6842897909707943e-10,1.0
0.0,1.0,1.683358452631012e-10,1.0
0.0,1.0,1.6898599186632168e-10,1.0
0.0,1.0,1.682138733860583e-10,1.0
0.0,1.0,1.6834129923370966e-10,1.0
0.0,1.0,1.685205586188232e-10,1.0
0.0,1.0,1.6840552563568423e-10,1.0
0.0,1.0,3.5792152813467066e-36,1.0
0.0,1.0,1.6826104398681707e-10,1.0
0.0,1.0,1.6832106541908587e-10,1.0
0.0,1.0,1.6828480275954405e-10,1.0
0.0,1.0,1.6821675996592234e-10,1.0
0.0,1.0,1.6863148377677106e-10,1.0
0.0,1.0,1.6808270053569885e-10,1.0
0.0,1.0,1.6842865990795985e-10,1.0
0.0,1.0,1.6853470008459936e-10,1.0
0.0,1.0,1.7495212223384016e-10,1.0
0.0,1.0,1.6815901449085402e-10,1.0
0.0,1.0,1.6811091407831213e-10,1.0
0.0,1.0,6.297629518564607e-12,1.0
0.0,1.0,1.6805321023660724e-10,1.0
0.0,1.0,1.6844568795360004e-10,1.0
0.0,1.0,1.6829186655353823e-10,1.0
0.0,1.0,1.682424338733668e-10,1.0
0.0,1.0,1.6983547901361362e-10,1.0
0.0,1.0,1.6814169501166987e-10,1.0
0.0,1.0,1.68476524398109e-10,1.0
0.0,1.0,1.6836891603144721e-10,1.0
0.0,1.0,1.6816223413762543e-10,1.0
0.0,1.0,1.6810577929682324e-10,1.0
0.0,1.0,1.683072708980049e-10,1.0
0.0,1.0,1.6818885173464082e-10,1.0
0.0,1.0,1.6811284309081742e-10,1.0
0.0,1.0,1.703665958308065e-10,1.0
0.0,1.0,1.6829186655353823e-10,1.0
0.0,1.0,1.6851413320306818e-10,1.0
0.0,1.0,1.6818692272213553e-10,1.0
0.0,1.0,1.6830148386048904e-10,1.0
0.0,1.0,1.6843347550032917e-10,1.0
0.0,1.0,1.6824949766736097e-10,1.0
0.0,1.0,1.6812373715424656e-10,1.0
0.0,1.0,1.6875537078853142e-10,1.0
0.0,1.0,9.954802663232299e-20,1.0
0.0,1.0,1.684212769248461e-10,1.0
0.0,1.0,1.6841644745468898e-10,1.0
0.0,1.0,1.6879979358730424e-10,1.0
0.0,1.0,9.74543308984721e-06,0.9999951124191284
0.0,1.0,1.6842480188294928e-10,1.0
0.0,1.0,1.685494938064025e-10,1.0
0.0,1.0,3.853835411414927e-28,1.0
0.0,1.0,1.6859449947226324e-10,1.0
0.0,1.0,1.6813914149871323e-10,1.0
0.0,1.0,1.6818853254552124e-10,1.0
0.0,1.0,1.6817024162119054e-10,1.0
0.0,1.0,1.6830629945285835e-10,1.0
0.0,1.0,1.682989164697446e-10,1.0
0.0,1.0,0.0001678976695984602,0.9998602867126465
0.0,1.0,1.6859771911903465e-10,1.0
0.0,1.0,1.6842673089545457e-10,1.0
0.0,1.0,1.684395817269646e-10,1.0
0.0,1.0,1.680968142458994e-10,1.0
0.0,1.0,1.681282335574963e-10,1.0
0.0,1.0,1.6827966797805516e-10,1.0
0.0,1.0,1.6823023529788372e-10,1.0
0.0,1.0,1.6822639115066096e-10,1.0
0.0,1.0,1.2812181524685022e-21,1.0
0.0,1.0,1.6817923442769e-10,1.0
0.0,1.0,1.6829442006649487e-10,1.0
0.0,1.0,1.7313202260726968e-10,1.0
0.0,1.0,1.6832267524247158e-10,1.0
0.0,1.0,1.6806667169078082e-10,1.0
0.0,1.0,1.682604056085779e-10,1.0
0.0,1.0,1.6815324133112597e-10,1.0
0.0,1.0,1.6813336833898518e-10,1.0
0.0,1.0,6.139286483630713e-07,0.9999997019767761
0.0,1.0,1.5392929526569787e-06,0.9999985694885254
0.0,1.0,1.682822214910118e-10,1.0
0.0,1.0,1.6815196457464765e-10,1.0
0.0,1.0,1.682674694025721e-10,1.0
0.0,1.0,1.681891709237604e-10,1.0
0.0,1.0,1.6854112550035438e-10,1.0
0.0,1.0,1.684697797932344e-10,1.0
0.0,1.0,5.482925189426169e-07,0.9999997615814209
0.0,1.0,1.6820007886497734e-10,1.0
0.0,1.0,1.3204162763180705e-10,1.0
0.0,1.0,1.6841195105143925e-10,1.0
0.0,1.0,1.6416828727610902e-19,1.0
0.0,1.0,5.1142676056263246e-23,1.0
0.0,1.0,1.6851928186234488e-10,1.0
0.0,1.0,1.6835093041844829e-10,1.0
0.0,1.0,1.684530709367138e-10,1.0
0.0,1.0,1.683274908348409e-10,1.0
0.0,1.0,1.6848970829652643e-10,1.0
0.0,1.0,1.683775896488271e-10,1.0
0.0,1.0,2.0458563085412607e-05,0.9999762773513794
0.0,1.0,1.6807116809403055e-10,1.0
0.0,1.0,1.720798364912568e-10,1.0
0.0,1.0,1.6821323500781915e-10,1.0
0.0,1.0,1.6840681626995035e-10,1.0
0.0,1.0,1.6819687309599374e-10,1.0
0.0,1.0,1.681628725158646e-10,1.0
0.0,1.0,1.92215184943336e-17,1.0
0.0,1.0,1.6935834679099315e-10,1.0
0.0,1.0,1.6887707898760596e-10,1.0
0.0,1.0,1.684681838476365e-10,1.0
0.0,1.0,1.6867619800908784e-10,1.0
0.0,1.0,1.6827324256230014e-10,1.0
0.0,1.0,1.701201401971275e-10,1.0
0.0,1.0,1.683172212718631e-10,1.0
0.0,1.0,1.6825141280207845e-10,1.0
0.0,1.0,1.6884101061709345e-10,1.0
0.0,1.0,1.7092120774275799e-10,1.0
0.0,1.0,1.681032257838666e-10,1.0
0.0,1.0,1.6818853254552124e-10,1.0
0.0,1.0,1.6823184512126943e-10,1.0
0.0,1.0,1.6812182201952908e-10,1.0
0.0,1.0,1.6827483850789804e-10,1.0
0.0,1.0,1.6830020710401072e-10,1.0
0.0,1.0,1.6841709971071595e-10,1.0
0.0,1.0,1.6833873184296522e-10,1.0
0.0,1.0,1.6834643401519855e-10,1.0
0.0,1.0,1.6808429648129675e-10,1.0
0.0,1.0,1.6811668723804019e-10,1.0
0.0,1.0,1.6852988449223005e-10,1.0
0.0,1.0,1.7009904595965963e-10,1.0
0.0,1.0,1.7078369274337035e-10,1.0
0.0,1.0,1.6824468207499166e-10,1.0
0.0,1.0,1.6813014869221377e-10,1.0
0.0,1.0,1.680884736954269e-10,1.0
0.0,1.0,1.683910788585763e-10,1.0
0.0,1.0,1.7010035047171357e-10,1.0
0.0,1.0,1.6824146242822025e-10,1.0
0.0,1.0,1.6855142281890778e-10,1.0
0.0,1.0,1.6832588101145518e-10,1.0
0.0,1.0,1.6847717665413597e-10,1.0
0.0,1.0,1.6857393259073206e-10,1.0
0.0,1.0,1.6889641074602224e-10,1.0
0.0,1.0,1.6821355419693873e-10,1.0
0.0,1.0,1.6828864690676681e-10,1.0
0.0,1.0,1.6851638140469305e-10,1.0
0.0,1.0,1.684919564981513e-10,1.0
0.0,1.0,3.3067171223422065e-10,1.0
0.0,1.0,1.6817505721355985e-10,1.0
0.0,1.0,1.6854659334875066e-10,1.0
0.0,1.0,1.682039230122001e-10,1.0
0.0,1.0,1.6822830628537844e-10,1.0
0.0,1.0,1.6832460425497686e-10,1.0
0.0,1.0,1.681378508644471e-10,1.0
0.0,1.0,1.68083338913938e-10,1.0
0.0,1.0,1.6805641600559085e-10,1.0
0.0,1.0,1.6808975045190522e-10,1.0
0.0,1.0,1.6834932059506258e-10,1.0
0.0,1.0,1.725662807094963e-10,1.0
0.0,1.0,1.6822446213815567e-10,1.0
0.0,1.0,1.683522210527144e-10,1.0
0.0,1.0,2.0249151108215583e-16,1.0
0.0,1.0,1.682687461590504e-10,1.0
0.0,1.0,1.6839621364006518e-10,1.0
0.0,1.0,1.6859449947226324e-10,1.0
0.0,1.0,1.6815548953275083e-10,1.0
0.0,1.0,1.6850480732966133e-10,1.0
0.0,1.0,1.4974298190306712e-10,1.0
0.0,1.0,1.6824852622221442e-10,1.0
0.0,1.0,1.6968491889368664e-10,1.0
0.0,1.0,1.6856234463791253e-10,1.0
0.0,1.0,1.6843315631120959e-10,1.0
0.0,1.0,1.6822478132727525e-10,1.0
0.0,1.0,1.6813080094824073e-10,1.0
0.0,1.0,1.681840361422715e-10,1.0
0.0,1.0,1.6852184925308933e-10,1.0
0.0,1.0,1.6819173831450485e-10,1.0
0.0,1.0,1.6811732561627935e-10,1.0
0.0,1.0,1.6811604885980103e-10,1.0
0.0,1.0,1.6842030547969955e-10,1.0
0.0,1.0,1.6822959691964456e-10,1.0
0.0,1.0,1.6847878647752168e-10,1.0
0.0,1.0,9.043889271456913e-19,1.0
0.0,1.0,1.6829827809150544e-10,1.0
0.0,1.0,1.682706751715557e-10,1.0
0.0,1.0,1.6812021219614337e-10,1.0
0.0,1.0,1.682571998395943e-10,1.0
0.0,1.0,1.6863824225943347e-10,1.0
0.0,1.0,1.6821548320944402e-10,1.0
0.0,1.0,1.682655403900668e-10,1.0
0.0,1.0,1.6837180261131124e-10,1.0
0.0,1.0,1.6818980930199956e-10,1.0
0.0,1.0,1.7602094226631948e-09,1.0
0.0,1.0,1.683005262931303e-10,1.0
0.0,1.0,1.68142985645936e-10,1.0
0.0,1.0,4.070080716900293e-09,1.0
0.0,1.0,1.7295379017845391e-10,1.0
0.0,1.0,1.6805416780396598e-10,1.0
0.0,1.0,1.686256967392552e-10,1.0
0.0,1.0,4.282023269297497e-08,1.0
0.0,1.0,1.6846110617585452e-10,1.0
0.0,1.0,1.6841034122805354e-10,1.0
0.0,1.0,1.6833198723809062e-10,1.0
0.0,1.0,1.6996089258203284e-10,1.0
0.0,1.0,1.6977039218879497e-10,1.0
0.0,1.0,1.6835799421244246e-10,1.0
0.0,1.0,1.6841324168570537e-10,1.0
0.0,1.0,1.6843058892046514e-10,1.0
0.0,1.0,1.6839717120742392e-10,1.0
0.0,1.0,1.6911819167297892e-10,1.0
0.0,1.0,1.682042560791075e-10,1.0
0.0,1.0,1.6822510051639483e-10,1.0
0.0,1.0,1.683958944509456e-10,1.0
0.0,1.0,1.6832781002396047e-10,1.0
0.0,1.0,1.6806796232504695e-10,1.0
0.0,1.0,1.7330117896285913e-10,1.0
0.0,1.0,1.6826297299932236e-10,1.0
0.0,1.0,1.6840231986670062e-10,1.0
0.0,1.0,1.6998845386861916e-10,1.0
0.0,1.0,5.3024468797957525e-06,0.9999958872795105
0.0,1.0,1.6824275306248637e-10,1.0
0.0,1.0,1.6836312899393135e-10,1.0
0.0,1.0,1.6844728389919794e-10,1.0
0.0,1.0,1.3130031187736507e-13,1.0
0.0,1.0,1.685662026629231e-10,1.0
0.0,1.0,1.6810963732183382e-10,1.0
0.0,1.0,1.6912431177740217e-10,1.0
0.0,1.0,1.6779569400604544e-10,1.0
0.0,1.0,2.4872413018073303e-09,1.0
0.0,1.0,5.939004062843756e-12,1.0
0.0,1.0,1.6799679702916848e-10,1.0
0.0,1.0,1.6797757629305465e-10,1.0
0.0,1.0,1.2103284276502799e-14,1.0
0.0,1.0,1.6788116730115377e-10,1.0
0.0,1.0,1.6782898681899638e-10,1.0
0.0,1.0,1.6884069142797387e-10,1.0
0.0,1.0,1.6804679869864003e-10,1.0
0.0,1.0,1.6801218749584734e-10,1.0
0.0,1.0,9.188676939285694e-15,1.0
0.0,1.0,2.1759008816957248e-08,0.9999999403953552
0.0,1.0,1.283130757201434e-07,0.9999998807907104
0.0,1.0,1.6786484702269178e-10,1.0
0.0,1.0,1.6793337553888676e-10,1.0
0.0,1.0,7.913424500313512e-17,1.0
0.0,1.0,1.6808590630468245e-10,1.0
0.0,1.0,1.6792248147545763e-10,1.0
0.0,1.0,9.326559634233128e-19,1.0
0.0,1.0,4.356870404735843e-19,1.0
0.0,1.0,1.6823023529788372e-10,1.0
0.0,1.0,3.4555257007676937e-16,1.0
0.0,1.0,1.0834309881230121e-20,1.0
0.0,1.0,1.8060625217586335e-10,1.0
0.0,1.0,1.6792600643356081e-10,1.0
0.0,1.0,7.874522452766541e-06,0.9999974370002747
0.0,1.0,1.6784050538287687e-10,1.0
0.0,1.0,1.6786963485948547e-10,1.0
0.0,1.0,5.1308656303471837e-20,1.0
0.0,1.0,5.463763278797019e-18,1.0
0.0,1.0,4.604845193706404e-19,1.0
0.0,1.0,9.564965688350555e-21,1.0
0.0,1.0,4.024147084600103e-19,1.0
0.0,1.0,3.645685126821876e-16,1.0
0.0,1.0,1.5165377356109653e-18,1.0
0.0,1.0,6.062868896568404e-19,1.0
0.0,1.0,5.744349560019907e-19,1.0
0.0,1.0,6.22468972281427e-19,1.0
0.0,1.0,5.2479139488454246e-20,1.0
0.0,1.0,8.269054716017772e-19,1.0
0.0,1.0,1.6814971637302278e-10,1.0
0.0,1.0,4.683921203540054e-16,1.0
0.0,1.0,1.0466841152481643e-12,1.0
0.0,1.0,1.7200764423908055e-10,1.0
0.0,1.0,1.678366612356541e-10,1.0
0.0,1.0,1.6797757629305465e-10,1.0
0.0,1.0,1.6784466871921921e-10,1.0
0.0,1.0,1.678302635754747e-10,1.0
0.0,1.0,1.6833841265384564e-10,1.0
0.0,1.0,9.326508315643522e-11,1.0
0.0,1.0,3.471694638582448e-14,1.0
0.0,1.0,1.6778609057688243e-10,1.0
0.0,1.0,1.680423161731781e-10,1.0
0.0,1.0,3.8507606825444185e-11,1.0
0.0,1.0,6.761664006482704e-10,1.0
0.0,1.0,6.1155813455116e-05,0.9999590516090393
0.0,1.0,1.6792696400091955e-10,1.0
0.0,1.0,1.6780338230049097e-10,1.0
0.0,1.0,1.6788341550277863e-10,1.0
0.0,1.0,1.6782322753705614e-10,1.0
0.0,1.0,1.0045739795572217e-09,1.0
0.0,1.0,1.6781681599908893e-10,1.0
0.0,1.0,1.6798590296573934e-10,1.0
0.0,1.0,1.6805416780396598e-10,1.0
0.0,1.0,1.6801507407571137e-10,1.0
0.0,1.0,1.678110567171487e-10,1.0
0.0,1.0,1.6793721968610953e-10,1.0
0.0,1.0,1.6797052637684828e-10,1.0
0.0,1.0,1.681628725158646e-10,1.0
0.0,1.0,1.679000549703602e-10,1.0
0.0,1.0,1.6797982449467952e-10,1.0
0.0,1.0,1.6799231450370655e-10,1.0
0.0,1.0,1.6789813983564272e-10,1.0
0.0,1.0,1.679000549703602e-10,1.0
0.0,1.0,1.6789718226828398e-10,1.0
0.0,1.0,1.6788821721736014e-10,1.0
0.0,1.0,4.383365226345859e-09,1.0
0.0,1.0,1.6787476964097436e-10,1.0
0.0,1.0,1.6798526458750018e-10,1.0
0.0,1.0,2.1812098568302352e-13,1.0
0.0,1.0,1.6781009914978995e-10,1.0
0.0,1.0,1.6789557244489828e-10,1.0
0.0,1.0,1.678888555955993e-10,1.0
0.0,1.0,1.680060951469997e-10,1.0
0.0,1.0,1.678238659152953e-10,1.0
0.0,1.0,1.5241903383866884e-05,0.9999897480010986
0.0,1.0,1.0592358101746413e-09,1.0
0.0,1.0,1.6790614731920783e-10,1.0
0.0,1.0,4.667877817610133e-07,0.9999997019767761
0.0,1.0,1.677560174107029e-10,1.0
0.0,1.0,1.6807083502712317e-10,1.0
0.0,1.0,1.6789813983564272e-10,1.0
0.0,1.0,1.6791704138263697e-10,1.0
0.0,1.0,1.6785395295926264e-10,1.0
0.0,1.0,1.678142624861323e-10,1.0
0.0,1.0,1.6778770040026814e-10,1.0
0.0,1.0,1.6788660739397443e-10,1.0
0.0,1.0,1.6787315981758866e-10,1.0
0.0,1.0,3.482221400119556e-09,1.0
0.0,1.0,1.677720185000453e-10,1.0
0.0,1.0,1.6783283096621915e-10,1.0
0.0,1.0,1.6782769618473026e-10,1.0
0.0,1.0,1.6785074719027904e-10,1.0
0.0,1.0,1.6828832771764723e-10,1.0
0.0,1.0,1.6786068368634943e-10,1.0
0.0,1.0,1.8287090730595423e-09,1.0
0.0,1.0,1.6821548320944402e-10,1.0
0.0,1.0,1.6785042800115946e-10,1.0
0.0,1.0,1.6782450429353446e-10,1.0
0.0,1.0,1.6784626466481711e-10,1.0
0.0,1.0,3.5973326539817663e-09,1.0
0.0,1.0,2.849580793551354e-09,1.0
0.0,1.0,1.6783474610093663e-10,1.0
0.0,1.0,1.7689391618169736e-10,1.0
0.0,1.0,1.6784243439538216e-10,1.0
0.0,1.0,1.684447165084535e-10,1.0
0.0,1.0,1.6798462620926102e-10,1.0
0.0,1.0,1.6803974878243366e-10,1.0
0.0,1.0,1.6781330491877355e-10,1.0
0.0,1.0,1.6783698042477369e-10,1.0
0.0,1.0,1.6782673861737152e-10,1.0
0.0,1.0,1.678385902481594e-10,1.0
0.0,1.0,1.6785715872824625e-10,1.0
0.0,1.0,1.680192374120537e-10,1.0
0.0,1.0,1.6780657419168676e-10,1.0
0.0,1.0,3.3046787149219187e-15,1.0
0.0,1.0,1.6801025848334206e-10,1.0
0.0,1.0,1.6808943126278564e-10,1.0
0.0,1.0,1.6796283808240275e-10,1.0
0.0,1.0,1.6778738121114856e-10,1.0
0.0,1.0,1.679458655479138e-10,1.0
0.0,1.0,1.6784434953009963e-10,1.0
0.0,1.0,1.6779377887132796e-10,1.0
0.0,1.0,1.677784161602247e-10,1.0
0.0,1.0,1.6787540801921352e-10,1.0
0.0,1.0,1.6784883205556156e-10,1.0
0.0,1.0,1.6783763268080065e-10,1.0
0.0,1.0,1.6788116730115377e-10,1.0
0.0,1.0,1.6796765367477207e-10,1.0
0.0,1.0,1.6786867729212673e-10,1.0
0.0,1.0,1.678158584317302e-10,1.0
0.0,1.0,1.6779697076252376e-10,1.0
0.0,1.0,1.6799263369282613e-10,1.0
0.0,1.0,1.6789941659212104e-10,1.0
0.0,1.0,0.016678782179951668,0.9825984835624695
0.0,1.0,1.6790423218449035e-10,1.0
0.0,1.0,1.6787060630463202e-10,1.0
0.0,1.0,1.6788180567939293e-10,1.0
0.0,1.0,1.677816080514205e-10,1.0
0.0,1.0,1.6778192724054009e-10,1.0
0.0,1.0,1.678302635754747e-10,1.0
0.0,1.0,1.6789429568841996e-10,1.0
0.0,1.0,1.6821451176429747e-10,1.0
0.0,1.0,1.6780209166622484e-10,1.0
0.0,1.0,1.6774513722506157e-10,1.0
0.0,1.0,1.6776016686925743e-10,1.0
0.0,1.0,1.679000549703602e-10,1.0
0.0,1.0,1.6841388006394453e-10,1.0
0.0,1.0,1.6785267620278432e-10,1.0
0.0,1.0,1.6787445045185478e-10,1.0
0.0,1.0,1.680474370768792e-10,1.0
0.0,1.0,1.6774577560330073e-10,1.0
0.0,1.0,1.683255618223356e-10,1.0
0.0,1.0,1.7316768852193576e-10,1.0
0.0,1.0,1.6792889301342484e-10,1.0
0.0,1.0,1.6782257528102917e-10,1.0
0.0,1.0,6.193124679754192e-09,1.0
0.0,1.0,1.3458155700973862e-09,1.0
0.0,1.0,1.6806410430003638e-10,1.0
0.0,1.0,1.6780721256992592e-10,1.0
0.0,1.0,1.677720185000453e-10,1.0
0.0,1.0,1.3176075341903015e-08,1.0
0.0,1.0,1.6813336833898518e-10,1.0
0.0,1.0,8.080039606284117e-07,0.9999994039535522
0.0,1.0,1.681676742304461e-10,1.0
0.0,1.0,1.6794041157730533e-10,1.0
0.0,1.0,1.6775537903246374e-10,1.0
0.0,1.0,1.674031330223258e-10,1.0
0.0,1.0,1.6740377140056495e-10,1.0
0.0,1.0,1.6740377140056495e-10,1.0
0.0,1.0,1.674031330223258e-10,1.0
0.0,1.0,1.7718228273455594e-10,1.0
0.0,1.0,1.674012178876083e-10,1.0
0.0,1.0,1.6740185626584747e-10,1.0
0.0,1.0,2.0272862555348325e-10,1.0
0.0,1.0,1.6755327680861853e-10,1.0
0.0,1.0,1.674015370767279e-10,1.0
0.0,1.0,1.6740217545496705e-10,1.0
0.0,1.0,1.674047289679237e-10,1.0
0.0,1.0,1.67412722573701e-10,1.0
0.0,1.0,8.151413571910737e-13,1.0
0.0,1.0,1.7993988243869552e-10,1.0
0.0,1.0,1.4171738227375386e-09,1.0
0.0,1.0,1.674028138332062e-10,1.0
0.0,1.0,3.573431772707636e-09,1.0
0.0,1.0,1.6740057950936915e-10,1.0
0.0,1.0,1.673652216815924e-09,1.0
0.0,1.0,1.674235750037667e-10,1.0
0.0,1.0,1.6740377140056495e-10,1.0
0.0,1.0,6.864362411818092e-09,1.0
0.0,1.0,1.674031330223258e-10,1.0
0.0,1.0,2.1605185696049745e-10,1.0
0.0,1.0,1.6740249464408663e-10,1.0
0.0,1.0,1.6741336095194015e-10,1.0
0.0,1.0,1.6741368014105973e-10,1.0
0.0,1.0,1.6753728959706393e-10,1.0
0.0,1.0,1.6745933806294744e-10,1.0
0.0,1.0,1.6740504815704327e-10,1.0
0.0,1.0,1.6740057950936915e-10,1.0
0.0,1.0,1.6741143193943486e-10,1.0
0.0,1.0,1.674376193250282e-10,1.0
0.0,1.0,1.674012178876083e-10,1.0
0.0,1.0,1.6740089869848873e-10,1.0
0.0,1.0,0.0,1.0
0.0,1.0,1.674031330223258e-10,1.0
0.0,1.0,1.674012178876083e-10,1.0
0.0,1.0,1.674044097788041e-10,1.0
0.0,1.0,1.674012178876083e-10,1.0
0.0,1.0,1.6740345221144537e-10,1.0
0.0,1.0,1.6741016906074435e-10,1.0
0.0,1.0,5.617474818642165e-10,1.0
0.0,1.0,7.370089781522093e-13,1.0
0.0,1.0,1.6741336095194015e-10,1.0
0.0,1.0,4.5487968947099944e-10,1.0
0.0,1.0,2.9147523283867827e-10,1.0
0.0,1.0,1.6740568653528243e-10,1.0
0.0,1.0,1.6740889230426603e-10,1.0
0.0,1.0,1.6740377140056495e-10,1.0
0.0,1.0,1.674012178876083e-10,1.0
0.0,1.0,1.6740697716954855e-10,1.0
0.0,1.0,1.6740089869848873e-10,1.0
0.0,1.0,1.6740185626584747e-10,1.0
0.0,1.0,5.349982715094346e-23,1.0
0.0,1.0,1.7440086754124524e-31,1.0
0.0,1.0,1.6740249464408663e-10,1.0
0.0,1.0,1.674031330223258e-10,1.0
0.0,1.0,1.6740057950936915e-10,1.0
0.0,1.0,1.674076016699999e-10,1.0
0.0,1.0,0.0,1.0
0.0,1.0,1.6740185626584747e-10,1.0
0.0,1.0,1.6741016906074435e-10,1.0
0.0,1.0,1.674044097788041e-10,1.0
0.0,1.0,1.6745742292822996e-10,1.0
0.0,1.0,1.6740089869848873e-10,1.0
0.0,1.0,1.8309348481793108e-10,1.0
0.0,1.0,1.9003879025980552e-10,1.0
0.0,1.0,1.1585064851882265e-10,1.0
0.0,1.0,1.6740057950936915e-10,1.0
0.0,1.0,1.6740249464408663e-10,1.0
0.0,1.0,1.6740377140056495e-10,1.0
0.0,1.0,8.164215969941324e-10,1.0
0.0,1.0,1.6740792085911949e-10,1.0
0.0,1.0,1.6740185626584747e-10,1.0
0.0,1.0,1.6740249464408663e-10,1.0
0.0,1.0,1.6740185626584747e-10,1.0
0.0,1.0,1.8544298041600626e-10,1.0
0.0,1.0,1.674012178876083e-10,1.0
0.0,1.0,3.088131417250395e-10,1.0
0.0,1.0,9.318141955726747e-32,1.0
0.0,1.0,3.889688127145519e-09,1.0
0.0,1.0,1.6740217545496705e-10,1.0
0.0,1.0,1.6740185626584747e-10,1.0
0.0,1.0,1.6740026032024957e-10,1.0
0.0,1.0,1.6740057950936915e-10,1.0
0.0,1.0,1.6744465536344677e-10,1.0
0.0,1.0,2.1706549058198021e-10,1.0
0.0,1.0,8.358592970116618e-32,1.0
0.0,1.0,1.7590943979239881e-10,1.0
0.0,1.0,1.674031330223258e-10,1.0
0.0,1.0,9.106837950412228e-09,1.0
0.0,1.0,1.6751046383323143e-10,1.0
0.0,1.0,7.648738864496352e-10,1.0
0.0,1.0,1.674015370767279e-10,1.0
0.0,1.0,1.674063387913094e-10,1.0
0.0,1.0,1.674015370767279e-10,1.0
0.0,1.0,1.674012178876083e-10,1.0
0.0,1.0,1.7439708011046662e-10,1.0
0.0,1.0,7.048500116901835e-10,1.0
0.0,1.0,7.626989040332433e-10,1.0
0.0,1.0,1.6740185626584747e-10,1.0
0.0,1.0,1.6746509734488768e-10,1.0
0.0,1.0,1.6752323139801462e-10,1.0
0.0,1.0,1.6744529374168593e-10,1.0
0.0,1.0,3.562631266996174e-32,1.0
0.0,1.0,1.6747148112727928e-10,1.0
0.0,1.0,1.6740824004823907e-10,1.0
0.0,1.0,1.7542628460986975e-10,1.0
0.0,1.0,1.674031330223258e-10,1.0
0.0,1.0,1.6744912401112089e-10,1.0
0.0,1.0,1.674047289679237e-10,1.0
0.0,1.0,1.6740185626584747e-10,1.0
0.0,1.0,1.6740057950936915e-10,1.0
0.0,1.0,1.7517717831871948e-10,1.0
0.0,1.0,4.128800856761927e-09,1.0
0.0,1.0,1.6740089869848873e-10,1.0
0.0,1.0,1.674047289679237e-10,1.0
0.0,1.0,3.0566422634930985e-23,1.0
0.0,1.0,1.674063387913094e-10,1.0
0.0,1.0,1.6740249464408663e-10,1.0
0.0,1.0,1.674012178876083e-10,1.0
0.0,1.0,0.0,1.0
0.0,1.0,1.6740504815704327e-10,1.0
0.0,1.0,1.6740568653528243e-10,1.0
0.0,1.0,2.1853566178897665e-10,1.0
0.0,1.0,1.674012178876083e-10,1.0
0.0,1.0,1.674251709493646e-10,1.0
0.0,1.0,1.7063489510249497e-10,1.0
0.0,1.0,3.4846463492499424e-09,1.0
0.0,1.0,1.6740889230426603e-10,1.0
0.0,1.0,2.607172921997858e-09,1.0
0.0,1.0,0.0,1.0
0.0,1.0,1.6741782959961427e-10,1.0
0.0,1.0,1.674012178876083e-10,1.0
0.0,1.0,4.748780213503778e-08,0.9999999403953552
0.0,1.0,2.948893733367708e-12,1.0
0.0,1.0,1.674076016699999e-10,1.0
0.0,1.0,1.674063387913094e-10,1.0
0.0,1.0,1.674015370767279e-10,1.0
0.0,1.0,1.674012178876083e-10,1.0
0.0,1.0,1.6740249464408663e-10,1.0
0.0,1.0,1.6766932287026748e-10,1.0
0.0,1.0,1.6740536734616285e-10,1.0
0.0,1.0,1.926559189957544e-10,1.0
0.0,1.0,1.0248153436975826e-09,1.0
0.0,1.0,1.6750630049688908e-10,1.0
0.0,1.0,1.674076016699999e-10,1.0
0.0,1.0,1.8463722217809675e-10,1.0
0.0,1.0,2.114894648297394e-10,1.0
0.0,1.0,1.7466372792540596e-10,1.0
0.0,1.0,1.6741143193943486e-10,1.0
0.0,1.0,1.7481036063138333e-10,1.0
0.0,1.0,1.6740409058968453e-10,1.0
0.0,1.0,1.6740185626584747e-10,1.0
0.0,1.0,1.1991576620573596e-08,1.0
0.0,1.0,1.6742421338200586e-10,1.0
0.0,1.0,1.674015370767279e-10,1.0
0.0,1.0,1.6740249464408663e-10,1.0
0.0,1.0,1.3915483210169555e-09,1.0
0.0,1.0,1.4636726497485597e-08,1.0
0.0,1.0,1.6909529332309603e-10,1.0
0.0,1.0,1.6740185626584747e-10,1.0
0.0,1.0,1.6746126707545272e-10,1.0
0.0,1.0,1.6740057950936915e-10,1.0
0.0,1.0,1.8306449411920056e-10,1.0
0.0,1.0,1.6740249464408663e-10,1.0
0.0,1.0,8.33579094638992e-10,1.0
0.0,1.0,9.207120066356822e-10,1.0
0.0,1.0,1.5327027277942316e-30,1.0
0.0,1.0,1.6740568653528243e-10,1.0
0.0,1.0,2.517212882580111e-09,1.0
0.0,1.0,1.3474450061837353e-30,1.0
0.0,1.0,1.674328314882345e-10,1.0
0.0,1.0,1.674012178876083e-10,1.0
0.0,1.0,1.815539801830468e-10,1.0
0.0,1.0,1.8786633360079463e-10,1.0
0.0,1.0,1.6740089869848873e-10,1.0
0.0,1.0,1.674012178876083e-10,1.0
0.0,1.0,1.674107935611957e-10,1.0
0.0,1.0,1.674012178876083e-10,1.0
0.0,1.0,8.803087425679479e-11,1.0
0.0,1.0,6.354031190092257e-10,1.0
0.0,1.0,1.674012178876083e-10,1.0
0.0,1.0,1.674012178876083e-10,1.0
0.0,1.0,1.6740249464408663e-10,1.0
0.0,1.0,1.704989066597662e-10,1.0
0.0,1.0,1.2051491360409727e-08,1.0
0.0,1.0,1.6740185626584747e-10,1.0
0.0,1.0,1.674015370767279e-10,1.0
0.0,1.0,1.6742644770584292e-10,1.0
0.0,1.0,3.046779217807938e-10,1.0
0.0,1.0,1.6740345221144537e-10,1.0
0.0,1.0,1.674012178876083e-10,1.0
0.0,1.0,1.674063387913094e-10,1.0
0.0,1.0,9.241515023942007e-14,1.0
0.0,1.0,1.6742293662552754e-10,1.0
0.0,1.0,1.674331506773541e-10,1.0
0.0,1.0,1.6740217545496705e-10,1.0
0.0,1.0,1.67406005724402e-10,1.0
0.0,1.0,1.674015370767279e-10,1.0
0.0,1.0,1.6743890995929434e-10,1.0
0.0,1.0,1.67440811216224e-10,1.0
0.0,1.0,0.0,1.0
0.0,1.0,1.674044097788041e-10,1.0
0.0,1.0,2.4412375535047574e-24,1.0
0.0,1.0,1.3390079267594501e-08,1.0
0.0,1.0,1.6740057950936915e-10,1.0
0.0,1.0,1.8756629582838968e-10,1.0
0.0,1.0,6.957356024628325e-09,1.0
0.0,1.0,1.6740249464408663e-10,1.0
0.0,1.0,1.674012178876083e-10,1.0
0.0,1.0,1.674028138332062e-10,1.0
0.0,1.0,1.6745167752407752e-10,1.0
0.0,1.0,1.6742102149081006e-10,1.0
0.0,1.0,1.6746445896664852e-10,1.0
