1.0,0.0,1.0,8.486953737933014e-24
1.0,0.0,1.0,2.665878865112958e-15
1.0,0.0,1.0,2.5061196173847833e-11
1.0,0.0,1.0,4.0101911311195344e-17
1.0,0.0,1.0,0.0
1.0,0.0,1.0,2.636279256419509e-14
1.0,0.0,1.0,2.6754205655323244e-18
1.0,0.0,1.0,1.027258066500619e-16
1.0,0.0,1.0,3.016059014408594e-14
1.0,0.0,1.0,2.6255779374551047e-16
1.0,0.0,1.0,2.764978120051685e-15
1.0,0.0,1.0,2.4338478687947404e-14
1.0,0.0,1.0,3.476918460174755e-13
1.0,0.0,1.0,2.850698697018822e-33
1.0,0.0,1.0,8.882704142544606e-13
1.0,0.0,1.0,6.250674050793975e-19
1.0,0.0,1.0,1.23488165756596e-16
1.0,0.0,1.0,3.934002634764511e-08
1.0,0.0,1.0,1.1007976655045843e-15
1.0,0.0,1.0,2.1087738760056096e-12
1.0,0.0,1.0,2.922414810468862e-16
1.0,0.0,1.0,2.298360036090321e-14
1.0,0.0,1.0,1.0707378426350685e-15
1.0,0.0,1.0,8.661364160611473e-12
1.0,0.0,0.9999998807907104,1.7117608308581111e-07
1.0,0.0,1.0,3.3212168638104694e-14
1.0,0.0,1.0,6.085254678690773e-18
1.0,0.0,1.0,2.7882368722892403e-12
1.0,0.0,1.0,1.9314063792138278e-16
1.0,0.0,1.0,1.4806738057870916e-09
1.0,0.0,1.0,2.4588858239023986e-14
1.0,0.0,1.0,2.582278870505996e-17
1.0,0.0,1.0,8.220910695056624e-17
1.0,0.0,1.0,3.5413276477935796e-11
1.0,0.0,1.0,7.475550818230402e-17
1.0,0.0,1.0,1.2672719962986394e-14
1.0,0.0,1.0,7.641753896336922e-10
1.0,0.0,1.0,1.8832969038429237e-12
1.0,0.0,1.0,1.6273803138400211e-10
1.0,0.0,1.0,2.8235852840157215e-27
1.0,0.0,1.0,4.18130401179731e-13
1.0,0.0,1.0,6.659756181373044e-17
1.0,0.0,1.0,1.28737442928184e-09
1.0,0.0,1.0,1.0496482735545894e-21
1.0,0.0,1.0,1.732668641809404e-13
1.0,0.0,1.0,1.1154994029177745e-12
1.0,0.0,1.0,6.786916948581245e-12
1.0,0.0,1.0,2.1609009720480188e-11
1.0,0.0,1.0,4.735674092454234e-12
1.0,0.0,1.0,1.6481304168647348e-11
1.0,0.0,1.0,4.731408884214746e-21
1.0,0.0,1.0,5.792446600497159e-13
1.0,0.0,1.0,1.6945697774682633e-13
1.0,0.0,1.0,1.9067135159167928e-17
1.0,0.0,1.0,7.961466555461705e-12
1.0,0.0,1.0,9.441322672418735e-19
1.0,0.0,1.0,1.2696416397900103e-16
1.0,0.0,1.0,3.015561700189437e-16
1.0,0.0,1.0,1.4228449961208728e-13
1.0,0.0,1.0,8.378552605675053e-15
1.0,0.0,1.0,4.503231182319701e-15
1.0,0.0,1.0,1.4548812390826997e-14
1.0,0.0,1.0,1.0561536690539133e-16
1.0,0.0,1.0,1.395537602578295e-13
1.0,0.0,1.0,1.3557467052217193e-14
1.0,0.0,1.0,3.155884089907341e-16
1.0,0.0,1.0,2.0624214650281827e-15
1.0,0.0,1.0,5.849440127148747e-15
1.0,0.0,1.0,6.511957639787624e-11
1.0,0.0,1.0,1.2476090160973285e-09
1.0,0.0,1.0,1.605828884206344e-16
1.0,0.0,1.0,2.8988524905168567e-13
1.0,0.0,1.0,7.319615361363335e-17
1.0,0.0,0.9999971389770508,3.137688736387645e-06
1.0,0.0,1.0,2.4230537281483278e-12
1.0,0.0,1.0,6.014602149662096e-10
1.0,0.0,1.0,2.533958069414477e-12
1.0,0.0,1.0,1.6148573537972073e-18
1.0,0.0,1.0,2.247524369085053e-16
1.0,0.0,1.0,5.832918870130044e-11
1.0,0.0,1.0,1.243693711893161e-16
1.0,0.0,1.0,5.181313819831168e-13
1.0,0.0,1.0,2.4070737870919622e-35
1.0,0.0,1.0,3.063351894643566e-17
1.0,0.0,1.0,8.00088551726301e-14
1.0,0.0,1.0,1.5692118828306012e-14
1.0,0.0,1.0,2.4190103926576868e-14
1.0,0.0,1.0,6.167780773812856e-24
1.0,0.0,1.0,5.522938125457838e-19
1.0,0.0,1.0,9.117374390188449e-12
1.0,0.0,1.0,3.9095017438759046e-17
1.0,0.0,1.0,8.81871954475956e-14
1.0,0.0,1.0,1.559200557980365e-20
1.0,0.0,1.0,3.650482460046051e-18
1.0,0.0,1.0,8.13911973783187e-18
1.0,0.0,1.0,4.8255834273269464e-17
1.0,0.0,1.0,6.192371268531893e-12
1.0,0.0,1.0,1.9225390376909068e-11
1.0,0.0,1.0,9.843543521796411e-15
1.0,0.0,1.0,8.095236022727737e-20
1.0,0.0,1.0,7.626349232030608e-14
1.0,0.0,1.0,1.10359211322436e-18
1.0,0.0,1.0,3.664403849801268e-12
1.0,0.0,1.0,2.2863495818814528e-10
1.0,0.0,1.0,8.322830317734377e-32
1.0,0.0,1.0,3.1112282942535735e-30
1.0,0.0,1.0,2.62361831614372e-14
1.0,0.0,1.0,1.5814739986357922e-18
1.0,0.0,1.0,1.355903732598354e-19
1.0,0.0,1.0,1.5695155229663682e-16
1.0,0.0,1.0,5.899605984322128e-18
1.0,0.0,1.0,3.3973721058622175e-10
1.0,0.0,1.0,8.136946734362694e-18
1.0,0.0,1.0,4.587317029731252e-17
1.0,0.0,1.0,9.535990093813111e-16
1.0,0.0,1.0,0.0
1.0,0.0,1.0,5.283279917072184e-15
1.0,0.0,1.0,1.2951438695379264e-14
1.0,0.0,1.0,8.567966214984013e-13
1.0,0.0,1.0,2.3872478429817767e-13
1.0,0.0,1.0,9.513170695640838e-09
1.0,0.0,1.0,5.123116151141763e-14
1.0,0.0,1.0,5.873586918892599e-16
1.0,0.0,1.0,2.1479864463708545e-14
1.0,0.0,1.0,2.4935483642502902e-17
1.0,0.0,1.0,1.2036740521133554e-16
1.0,0.0,1.0,5.541388203335329e-13
1.0,0.0,1.0,7.742923489872933e-12
1.0,0.0,1.0,7.144197749662726e-16
1.0,0.0,1.0,1.325464824702971e-11
1.0,0.0,1.0,1.4301229835186477e-17
1.0,0.0,1.0,2.792793835006569e-15
1.0,0.0,1.0,2.1132261793319757e-13
1.0,0.0,1.0,2.7893313026187126e-24
1.0,0.0,1.0,9.424326418002935e-14
1.0,0.0,1.0,9.049622759060155e-14
1.0,0.0,1.0,0.0
1.0,0.0,1.0,4.198379187250656e-18
1.0,0.0,1.0,2.8413638109014983e-09
1.0,0.0,1.0,1.1073120773173045e-13
1.0,0.0,1.0,3.2026929719375374e-11
1.0,0.0,1.0,6.350228502760569e-13
1.0,0.0,1.0,2.4253965806228517e-13
1.0,0.0,1.0,5.2311448006304726e-20
1.0,0.0,1.0,2.849472832913854e-16
1.0,0.0,1.0,1.2873292965949715e-18
1.0,0.0,1.0,4.477861698516487e-15
1.0,0.0,1.0,9.275022419137613e-16
1.0,0.0,1.0,1.5832888927876099e-13
1.0,0.0,1.0,1.6345483451994658e-13
1.0,0.0,1.0,9.398682876689637e-16
1.0,0.0,1.0,6.976789734450912e-15
1.0,0.0,1.0,2.5868279482994978e-14
1.0,0.0,1.0,2.5753326947657203e-14
1.0,0.0,1.0,7.360385439394849e-16
1.0,0.0,1.0,5.100152672697031e-19
1.0,0.0,1.0,9.885693744724269e-14
1.0,0.0,1.0,2.7675193248200003e-09
1.0,0.0,1.0,4.613675139950254e-18
1.0,0.0,1.0,1.3084541969698687e-19
1.0,0.0,1.0,2.1719010442154237e-18
1.0,0.0,1.0,1.0638099247199562e-20
1.0,0.0,1.0,1.7633947140607526e-17
1.0,0.0,1.0,9.532773875831069e-12
1.0,0.0,1.0,1.33341139927333e-19
1.0,0.0,1.0,1.7782255973698008e-13
1.0,0.0,1.0,1.9988236055461933e-14
1.0,0.0,1.0,4.4263278301937315e-18
1.0,0.0,1.0,1.1996923365755613e-13
1.0,0.0,1.0,5.501489021286776e-12
1.0,0.0,1.0,3.1061640499969014e-15
1.0,0.0,1.0,1.4810463726970047e-17
1.0,0.0,1.0,3.857926949965162e-19
1.0,0.0,1.0,1.5683680686085465e-14
1.0,0.0,1.0,1.2244039129479835e-14
1.0,0.0,1.0,1.0288753356235691e-13
1.0,0.0,1.0,1.3356970694419767e-12
1.0,0.0,1.0,5.340566110547708e-14
1.0,0.0,1.0,2.814213922661124e-12
1.0,0.0,1.0,1.81182928221206e-16
1.0,0.0,1.0,5.37468099330631e-20
1.0,0.0,1.0,1.1860423233811535e-11
1.0,0.0,1.0,8.775616690345704e-17
1.0,0.0,1.0,3.648859118093916e-15
1.0,0.0,1.0,4.4817085833497375e-14
1.0,0.0,1.0,0.0
1.0,0.0,1.0,1.4347890930910268e-10
1.0,0.0,1.0,2.8049868742822948e-15
1.0,0.0,1.0,7.115150872319008e-16
1.0,0.0,1.0,1.4732296979569348e-11
1.0,0.0,1.0,4.927017012424078e-16
1.0,0.0,1.0,2.197873812346068e-16
1.0,0.0,1.0,3.474578209785445e-13
1.0,0.0,1.0,1.8443660487754698e-10
1.0,0.0,1.0,1.2029168893618047e-12
1.0,0.0,1.0,3.155428121483922e-15
1.0,0.0,1.0,5.901256308905845e-16
1.0,0.0,1.0,1.0223697444189384e-08
1.0,0.0,1.0,2.9961948212460596e-16
1.0,0.0,1.0,9.493027475215854e-10
1.0,0.0,1.0,1.019159952421857e-14
1.0,0.0,1.0,2.8598138582250554e-19
1.0,0.0,1.0,3.5291734812314957e-13
1.0,0.0,1.0,1.5374135992063387e-11
1.0,0.0,1.0,4.203128679656923e-15
1.0,0.0,1.0,7.494223924250419e-17
1.0,0.0,1.0,1.8368803006429957e-11
1.0,0.0,1.0,3.5416557205839606e-24
1.0,0.0,1.0,3.740457162754174e-12
1.0,0.0,1.0,8.710897129483863e-13
1.0,0.0,1.0,1.0732804105495993e-17
1.0,0.0,1.0,1.7864338480721997e-11
1.0,0.0,1.0,4.9740296012677154e-20
1.0,0.0,1.0,1.5550305184144908e-13
1.0,0.0,1.0,2.078955463455292e-14
1.0,0.0,1.0,6.638920099430456e-13
1.0,0.0,1.0,1.9477376655974155e-10
1.0,0.0,1.0,3.049237633765724e-14
1.0,0.0,1.0,1.7046294541520459e-16
1.0,0.0,1.0,2.4607938214507803e-19
1.0,0.0,1.0,6.897654814468397e-18
1.0,0.0,1.0,1.2534249679840848e-11
1.0,0.0,1.0,1.0021082054445518e-11
1.0,0.0,1.0,2.5737096915473545e-12
1.0,0.0,1.0,2.852048607166895e-17
1.0,0.0,1.0,2.093115399592198e-18
1.0,0.0,1.0,8.620272171308246e-17
1.0,0.0,1.0,1.2998712620605063e-13
1.0,0.0,1.0,5.943281890935515e-14
1.0,0.0,1.0,1.004394960859694e-26
1.0,0.0,1.0,2.596579396410481e-19
1.0,0.0,1.0,9.166676613733479e-14
1.0,0.0,1.0,2.832937877339514e-13
1.0,0.0,1.0,2.699999335220582e-08
1.0,0.0,1.0,1.80439896692368e-18
1.0,0.0,1.0,4.5343844234935204e-09
1.0,0.0,1.6465895646830442e-24,1.0
1.0,0.0,1.0,5.148644368919292e-14
1.0,0.0,1.0,6.885020490879487e-15
1.0,0.0,1.0,1.2269995945928674e-13
1.0,0.0,1.0,2.64334736519952e-15
1.0,0.0,1.0,3.4856464570698527e-15
1.0,0.0,1.0,4.4455345166779375e-14
1.0,0.0,1.0,1.321529702031765e-22
1.0,0.0,1.0,3.9573557172639835e-15
1.0,0.0,1.0,1.7723445766780049e-16
1.0,0.0,1.0,2.2221930892629693e-11
1.0,0.0,1.0,2.127987109101586e-15
1.0,0.0,1.0,1.7190402969989242e-17
1.0,0.0,1.0,4.716949135735867e-16
1.0,0.0,1.0,5.03619390114507e-13
1.0,0.0,1.0,4.9290071428034315e-17
1.0,0.0,1.0,1.5512487280632372e-15
1.0,0.0,1.0,1.2256441521418804e-11
1.0,0.0,1.0,1.995645410873153e-15
1.0,0.0,1.0,2.9730849672362364e-14
1.0,0.0,1.0,1.9725886234774753e-14
1.0,0.0,1.0,4.519026123324507e-16
1.0,0.0,1.0,1.880399183801576e-13
1.0,0.0,1.0,2.6239646374756058e-17
1.0,0.0,1.0,1.5701687061664416e-08
1.0,0.0,1.0,2.6182749504496213e-25
1.0,0.0,1.0,1.186885726749877e-16
1.0,0.0,1.0,3.8621088649495004e-19
1.0,0.0,1.0,9.815153094986815e-16
1.0,0.0,1.0,1.164668405120861e-13
1.0,0.0,1.0,6.572376481737153e-19
1.0,0.0,1.0,1.1489718681687022e-13
1.0,0.0,1.0,8.095537044547352e-14
1.0,0.0,1.0,1.2249679310117364e-16
1.0,0.0,1.0,4.2057208287773704e-18
1.0,0.0,1.0,5.70228890487052e-15
1.0,0.0,1.0,0.0
1.0,0.0,1.0,1.1432558537301962e-16
1.0,0.0,1.0,1.783658898680293e-15
1.0,0.0,1.0,7.791306569167778e-16
1.0,0.0,1.0,1.504605576414797e-12
1.0,0.0,1.0,2.839400936593961e-10
1.0,0.0,1.0,3.0888906341584865e-14
1.0,0.0,1.0,2.1456265702281567e-15
1.0,0.0,1.0,4.413402491230435e-15
1.0,0.0,1.0,2.103423121443959e-12
1.0,0.0,1.0,0.0
1.0,0.0,1.0,3.99413965443407e-12
1.0,0.0,1.0,6.8691692334255094e-09
1.0,0.0,1.0,2.792058822166589e-15
1.0,0.0,1.0,8.106028733445222e-14
1.0,0.0,1.0,2.125548435177871e-12
1.0,0.0,1.0,5.382956043799639e-14
1.0,0.0,0.9999997019767761,3.812507998190995e-07
1.0,0.0,1.0,3.952067599997998e-19
1.0,0.0,1.0,6.814665498566796e-11
1.0,0.0,1.0,6.48816607333306e-15
1.0,0.0,1.0,2.852859550157849e-13
1.0,0.0,1.0,6.590106912051589e-17
1.0,0.0,1.0,1.7664867879823697e-15
1.0,0.0,1.0,2.1360012283228036e-12
1.0,0.0,1.0,3.0758006818593087e-12
1.0,0.0,1.0,1.4384360944117575e-14
1.0,0.0,1.0,3.0539855498966156e-15
1.0,0.0,1.0,1.3138457335970521e-12
1.0,0.0,1.0,3.0928079108177853e-12
1.0,0.0,1.0,4.846385851138336e-35
1.0,0.0,1.0,3.219490007921877e-09
1.0,0.0,1.0,2.806818667734027e-14
1.0,0.0,1.0,4.46788656419117e-12
1.0,0.0,1.0,1.3930788776906526e-15
1.0,0.0,1.0,2.2478453815956665e-20
1.0,0.0,1.0,2.0438920263839318e-14
1.0,0.0,1.0,1.0228472747766902e-16
1.0,0.0,1.0,1.2383312521832123e-14
1.0,0.0,1.0,9.045585946942936e-10
1.0,0.0,1.0,1.2214490550550991e-17
1.0,0.0,1.0,1.1393451340455863e-18
1.0,0.0,1.0,2.023069042217687e-17
1.0,0.0,1.0,2.4987143972844683e-13
1.0,0.0,1.0,2.4782487864040697e-20
1.0,0.0,1.0,1.7588106535418313e-12
1.0,0.0,1.0,1.0904214198248496e-09
1.0,0.0,1.0,1.209063616877616e-15
1.0,0.0,1.0,2.856228301833033e-14
1.0,0.0,1.0,2.013104526826792e-12
1.0,0.0,1.0,1.89383944229914e-17
1.0,0.0,1.0,7.394494397389595e-16
1.0,0.0,1.0,1.6524054260308452e-14
1.0,0.0,1.0,1.0324000693424323e-17
1.0,0.0,1.0,2.98841287544975e-14
1.0,0.0,1.0,6.533851584777928e-12
1.0,0.0,1.0,1.0612078707103456e-12
1.0,0.0,1.0,3.4282357768561367e-12
1.0,0.0,1.0,1.732998804399634e-17
1.0,0.0,1.0,4.882125957803953e-19
1.0,0.0,1.0,4.939481966775912e-21
1.0,0.0,1.0,4.202568501532333e-11
1.0,0.0,1.0,8.823825438189785e-16
1.0,0.0,1.0,1.566771411502972e-14
1.0,0.0,1.0,1.213653336900114e-13
1.0,0.0,1.0,5.980356208749561e-20
1.0,0.0,1.0,5.906000917637776e-18
1.0,0.0,1.0,2.7206446188803024e-13
1.0,0.0,1.0,2.9878629287208335e-16
1.0,0.0,1.0,3.4139624460749474e-10
1.0,0.0,1.0,2.547434702418472e-12
1.0,0.0,1.0,9.112998927243947e-22
1.0,0.0,1.0,7.791538275030499e-14
1.0,0.0,1.0,1.383414231762481e-15
1.0,0.0,1.0,3.07683057905548e-14
1.0,0.0,1.0,4.657429718719084e-15
1.0,0.0,1.0,1.2770291402098847e-17
1.0,0.0,1.0,8.087287938904808e-16
1.0,0.0,1.0,1.1210562859964579e-11
1.0,0.0,1.0,1.434636411812982e-17
1.0,0.0,1.0,1.3211404488896837e-16
1.0,0.0,1.0,9.299999728564461e-31
1.0,0.0,1.0,9.411374945426237e-14
1.0,0.0,1.0,4.867111454262465e-15
1.0,0.0,1.0,5.037456979735356e-15
1.0,0.0,1.0,3.070568105334459e-11
1.0,0.0,1.0,7.163873795631851e-16
1.0,0.0,1.0,1.214741740356018e-13
1.0,0.0,1.0,3.2593898120697544e-18
1.0,0.0,1.0,3.560498030699776e-17
1.0,0.0,1.0,1.724789579450527e-15
1.0,0.0,1.0,3.571465294186817e-15
1.0,0.0,1.0,1.4010896690935421e-22
1.0,0.0,1.0,5.725814245481631e-13
1.0,0.0,1.0,4.44350360695613e-16
1.0,0.0,1.0,1.3734190312266435e-14
1.0,0.0,1.0,6.659095760371981e-17
1.0,0.0,1.0,1.0059144905910357e-16
1.0,0.0,1.0,2.1995220315235153e-12
1.0,0.0,1.0,9.494864526641547e-16
1.0,0.0,1.0,1.6407477115777842e-14
1.0,0.0,1.0,3.6140250948141217e-12
1.0,0.0,1.0,1.012975614492518e-18
1.0,0.0,1.0,1.3765077368688063e-15
1.0,0.0,1.0,9.916578937673413e-16
1.0,0.0,1.0,1.2924293830518605e-14
1.0,0.0,1.0,9.047002737923532e-17
1.0,0.0,1.0,3.276705960058614e-14
1.0,0.0,1.0,3.370931311863501e-11
1.0,0.0,0.9999993443489075,9.806599337025546e-07
1.0,0.0,1.0,1.04396413735941e-09
1.0,0.0,1.0,2.15481327781584e-15
1.0,0.0,1.0,1.9115020677418215e-09
1.0,0.0,1.0,1.7993093993917686e-14
1.0,0.0,1.0,8.825170751298376e-24
1.0,0.0,1.0,2.5795251266898028e-15
1.0,0.0,1.0,5.3014318331318436e-14
1.0,0.0,1.0,7.292272341530293e-10
1.0,0.0,1.0,2.208652126880907e-28
1.0,0.0,1.0,1.1777781007416e-11
1.0,0.0,1.0,2.9726428160377696e-14
1.0,0.0,1.0,2.8236644007555053e-17
1.0,0.0,1.0,2.551329146881161e-16
1.0,0.0,1.0,2.7045154259690155e-15
1.0,0.0,1.0,7.543197295088733e-13
1.0,0.0,1.0,0.0
1.0,0.0,1.0,5.921195337429269e-14
1.0,0.0,1.0,1.622781242716087e-09
1.0,0.0,1.0,0.0
1.0,0.0,1.0,2.7258936905247668e-15
1.0,0.0,1.0,1.1262479284576973e-17
1.0,0.0,1.0,2.0814131348457062e-16
1.0,0.0,1.0,1.374432449072571e-19
1.0,0.0,1.0,3.3383251024643457e-11
1.0,0.0,1.0,2.476295031033659e-18
1.0,0.0,1.0,2.1562325890524442e-18
1.0,0.0,1.0,6.28887870260191e-16
1.0,0.0,1.0,3.9460386455809904e-13
0.0,1.0,3.1305473079286383e-13,1.0
0.0,1.0,3.2317453834557197e-13,1.0
0.0,1.0,3.2187837464836555e-13,1.0
0.0,1.0,3.231381633626851e-13,1.0
0.0,1.0,1.5432576765614935e-22,1.0
0.0,1.0,3.215923892203182e-13,1.0
0.0,1.0,3.2260240485915137e-13,1.0
0.0,1.0,3.227297986144184e-13,1.0
0.0,1.0,3.233644634611371e-13,1.0
0.0,1.0,3.2263379251204483e-13,1.0
0.0,1.0,3.2400097145154905e-13,1.0
0.0,1.0,3.235729826439604e-13,1.0
0.0,1.0,3.230913258288337e-13,1.0
0.0,1.0,3.230321826003246e-13,1.0
0.0,1.0,3.233977484678324e-13,1.0
0.0,1.0,3.314207632290622e-13,1.0
0.0,1.0,3.231221442755866e-13,1.0
0.0,1.0,3.226627136049959e-13,1.0
0.0,1.0,3.236303911489935e-13,1.0
0.0,1.0,3.2355571672436356e-13,1.0
0.0,1.0,3.22671929323462e-13,1.0
0.0,1.0,3.2359211881230476e-13,1.0
0.0,1.0,3.229249821105201e-13,1.0
0.0,1.0,3.2499559141953294e-13,1.0
0.0,1.0,6.632093855482229e-18,1.0
0.0,1.0,3.242371377897707e-13,1.0
0.0,1.0,3.2255440180796457e-13,1.0
0.0,1.0,3.221301806029253e-13,1.0
0.0,1.0,3.2255440180796457e-13,1.0
0.0,1.0,3.226374787994313e-13,1.0
0.0,1.0,3.2797281058517813e-13,1.0
0.0,1.0,3.990498039763422e-36,1.0
0.0,1.0,3.2314927643495306e-13,1.0
0.0,1.0,3.236748434380654e-13,1.0
0.0,1.0,3.206540664501406e-13,1.0
0.0,1.0,3.2383910006719696e-13,1.0
0.0,1.0,3.2530629665711297e-13,1.0
0.0,1.0,3.221455491687203e-13,1.0
0.0,1.0,3.257434198680048e-13,1.0
0.0,1.0,3.280973312046881e-13,1.0
0.0,1.0,3.222322040273562e-13,1.0
0.0,1.0,3.234921553720016e-13,1.0
0.0,1.0,3.228030635762241e-13,1.0
0.0,1.0,3.2434845824783065e-13,1.0
0.0,1.0,3.2266639989238233e-13,1.0
0.0,1.0,3.231067486047373e-13,1.0
0.0,1.0,3.3402330922895074e-13,1.0
0.0,1.0,3.220933177290608e-13,1.0
0.0,1.0,3.307873452148419e-13,1.0
0.0,1.0,3.2269101128169775e-13,1.0
0.0,1.0,3.2178751850631127e-13,1.0
0.0,1.0,3.231295439554138e-13,1.0
0.0,1.0,3.2276980567458313e-13,1.0
0.0,1.0,3.2451306724266826e-13,1.0
0.0,1.0,3.2265347078147544e-13,1.0
0.0,1.0,3.234613098201944e-13,1.0
0.0,1.0,1.0868889806875333e-25,1.0
0.0,1.0,3.222936511854818e-13,1.0
0.0,1.0,3.2295948684465947e-13,1.0
0.0,1.0,3.2317022864193634e-13,1.0
0.0,1.0,3.7318111383195796e-13,1.0
0.0,1.0,3.2392063207056787e-13,1.0
0.0,1.0,3.230740870142912e-13,1.0
0.0,1.0,3.2269900727271983e-13,1.0
0.0,1.0,3.218329465773384e-13,1.0
0.0,1.0,3.2549001471524064e-13,1.0
0.0,1.0,3.2271933606345393e-13,1.0
0.0,1.0,3.2486296638878365e-13,1.0
0.0,1.0,3.229126764158624e-13,1.0
0.0,1.0,3.570283988157258e-13,1.0
0.0,1.0,3.2349028512325406e-13,1.0
0.0,1.0,3.2276918225833395e-13,1.0
0.0,1.0,3.6880950225227915e-13,1.0
0.0,1.0,3.2344957333167723e-13,1.0
0.0,1.0,3.2244983050842835e-13,1.0
0.0,1.0,3.228892576489367e-13,1.0
0.0,1.0,3.38442841579146e-30,1.0
0.0,1.0,3.2207244683724046e-13,1.0
0.0,1.0,3.9528032539856706e-13,1.0
0.0,1.0,3.2321584644834367e-13,1.0
0.0,1.0,5.561769104655728e-29,1.0
0.0,1.0,3.2256795433512064e-13,1.0
0.0,1.0,3.232386417990202e-13,1.0
0.0,1.0,3.228751088105858e-13,1.0
0.0,1.0,3.228141495434378e-13,1.0
0.0,1.0,3.2265040791033817e-13,1.0
0.0,1.0,3.2256979747881387e-13,1.0
0.0,1.0,3.262520462121721e-13,1.0
0.0,1.0,3.2255255866427135e-13,1.0
0.0,1.0,3.240627709753807e-13,1.0
0.0,1.0,3.2161079355219613e-13,1.0
0.0,1.0,3.236489039010887e-13,1.0
0.0,1.0,3.2299767786618527e-13,1.0
0.0,1.0,3.2294468748500504e-13,1.0
0.0,1.0,3.2194714017115544e-13,1.0
0.0,1.0,3.2358534254872673e-13,1.0
0.0,1.0,3.2525108366147915e-13,1.0
0.0,1.0,3.2355877959550083e-13,1.0
0.0,1.0,3.2518348365602467e-13,1.0
0.0,1.0,3.2198888195479614e-13,1.0
0.0,1.0,3.229693530844291e-13,1.0
0.0,1.0,3.218427586069994e-13,1.0
0.0,1.0,3.2300629727345653e-13,1.0
0.0,1.0,3.2230042744905985e-13,1.0
0.0,1.0,3.227907578815664e-13,1.0
0.0,1.0,3.2499559141953294e-13,1.0
0.0,1.0,3.24255054230671e-13,1.0
0.0,1.0,3.235544698918652e-13,1.0
0.0,1.0,3.233441075653487e-13,1.0
0.0,1.0,3.2612760690782505e-13,1.0
0.0,1.0,3.224867475924015e-13,1.0
0.0,1.0,3.2287879509797224e-13,1.0
0.0,1.0,3.2249290043973033e-13,1.0
0.0,1.0,3.231998273612452e-13,1.0
0.0,1.0,3.225008964307524e-13,1.0
0.0,1.0,3.2330895230990586e-13,1.0
0.0,1.0,3.2286895596325693e-13,1.0
0.0,1.0,3.2446725970088075e-13,1.0
0.0,1.0,3.2369953614254376e-13,1.0
0.0,1.0,3.223317608918447e-13,1.0
0.0,1.0,3.242507445270354e-13,1.0
0.0,1.0,3.438331312441513e-21,1.0
0.0,1.0,3.2204295653814885e-13,1.0
0.0,1.0,1.315080172385107e-33,1.0
0.0,1.0,3.232997094863854e-13,1.0
0.0,1.0,3.230173832406702e-13,1.0
0.0,1.0,3.23518067803924e-13,1.0
0.0,1.0,1.4097264969371363e-22,1.0
0.0,1.0,3.2337123972471515e-13,1.0
0.0,1.0,3.2434352512794584e-13,1.0
0.0,1.0,3.2415056424629773e-13,1.0
0.0,1.0,3.228867910889943e-13,1.0
0.0,1.0,3.224104739695671e-13,1.0
0.0,1.0,3.28547573261867e-13,1.0
0.0,1.0,3.223213254459345e-13,1.0
0.0,1.0,3.246703307677873e-13,1.0
0.0,1.0,3.231474061862055e-13,1.0
0.0,1.0,3.239416384876598e-13,1.0
0.0,1.0,3.245198706113006e-13,1.0
0.0,1.0,1.7345364765007354e-36,1.0
0.0,1.0,3.233847922518712e-13,1.0
0.0,1.0,3.240813108325302e-13,1.0
0.0,1.0,3.232762636144054e-13,1.0
0.0,1.0,3.3622792592648276e-13,1.0
0.0,1.0,3.2351928753136805e-13,1.0
0.0,1.0,3.23541513675904e-13,1.0
0.0,1.0,3.276464386262057e-13,1.0
0.0,1.0,3.2360507502826596e-13,1.0
0.0,1.0,3.226922581141961e-13,1.0
0.0,1.0,3.236939796064098e-13,1.0
0.0,1.0,3.2302846920788386e-13,1.0
0.0,1.0,3.2281290271093943e-13,1.0
0.0,1.0,3.293934135867316e-13,1.0
0.0,1.0,3.2387121955655684e-13,1.0
0.0,1.0,3.2442641238403236e-13,1.0
0.0,1.0,3.236797765579502e-13,1.0
0.0,1.0,3.2274888057265416e-13,1.0
0.0,1.0,3.226073379790362e-13,1.0
0.0,1.0,3.3568324986008036e-13,1.0
0.0,1.0,3.220220585412742e-13,1.0
0.0,1.0,3.1384571048780063e-13,1.0
0.0,1.0,3.2368964279771983e-13,1.0
0.0,1.0,6.024708726695693e-13,1.0
0.0,1.0,3.2201346623905724e-13,1.0
0.0,1.0,3.232762636144054e-13,1.0
0.0,1.0,3.2505140072636163e-13,1.0
0.0,1.0,3.2230471004764116e-13,1.0
0.0,1.0,3.223311645806498e-13,1.0
0.0,1.0,3.231295439554138e-13,1.0
0.0,1.0,3.2379462067307074e-13,1.0
0.0,1.0,3.2229733747286826e-13,1.0
0.0,1.0,3.1007058248482096e-23,1.0
0.0,1.0,3.233058623337143e-13,1.0
0.0,1.0,3.230556013672503e-13,1.0
0.0,1.0,3.2410790089081043e-13,1.0
0.0,1.0,3.2282523551065145e-13,1.0
0.0,1.0,3.239601783448093e-13,1.0
0.0,1.0,3.2550616932761067e-13,1.0
0.0,1.0,3.229533339973306e-13,1.0
0.0,1.0,3.206852643676539e-13,1.0
0.0,1.0,5.996083620069692e-24,1.0
0.0,1.0,3.236464373411463e-13,1.0
0.0,1.0,3.1845562970499175e-13,1.0
0.0,1.0,3.004302535913883e-13,1.0
0.0,1.0,0.0,1.0
0.0,1.0,7.612047870543132e-37,1.0
0.0,1.0,3.232355789278829e-13,1.0
0.0,1.0,3.2632859088554955e-13,1.0
0.0,1.0,0.0,1.0
0.0,1.0,3.5266734812466893e-06,0.9999961853027344
0.0,1.0,3.240528776305568e-13,1.0
0.0,1.0,3.22727332054476e-13,1.0
0.0,1.0,3.237594112075193e-13,1.0
0.0,1.0,3.240312477972157e-13,1.0
0.0,1.0,3.2409616440229327e-13,1.0
0.0,1.0,1.0998097264758847e-18,1.0
0.0,1.0,0.0,1.0
0.0,1.0,1.0893438300359576e-22,1.0
0.0,1.0,3.238508365557141e-13,1.0
0.0,1.0,3.2611952960164003e-13,1.0
0.0,1.0,3.2749587004950176e-13,1.0
0.0,1.0,3.731006230856101e-21,1.0
0.0,1.0,3.2801035108540044e-13,1.0
0.0,1.0,3.246480233080884e-13,1.0
0.0,1.0,1.9996360115776857e-33,1.0
0.0,1.0,3.655368922047403e-13,1.0
0.0,1.0,3.2337123972471515e-13,1.0
0.0,1.0,3.240763777126454e-13,1.0
0.0,1.0,3.2867670174061003e-13,1.0
0.0,1.0,1.595824444890245e-18,1.0
0.0,1.0,1.2383422390029034e-19,1.0
0.0,1.0,3.2794405212255295e-13,1.0
0.0,1.0,3.2215904748576774e-13,1.0
0.0,1.0,3.2239204253263487e-13,1.0
0.0,1.0,3.383012186358725e-13,1.0
0.0,1.0,3.222493886317901e-13,1.0
0.0,1.0,3.223059568801395e-13,1.0
0.0,1.0,4.764146410707326e-09,1.0
0.0,1.0,9.249045973547254e-10,1.0
0.0,1.0,1.0875303789165513e-20,1.0
0.0,1.0,3.6406736458015343e-13,1.0
0.0,1.0,3.222616943264478e-13,1.0
0.0,1.0,9.555995645115992e-36,1.0
0.0,1.0,6.826984658423923e-23,1.0
0.0,1.0,3.219459204437114e-13,1.0
0.0,1.0,0.0,1.0
0.0,1.0,3.278227027943975e-13,1.0
0.0,1.0,1.9447280092352043e-32,1.0
0.0,1.0,3.329674047331671e-13,1.0
0.0,1.0,3.2065772563247275e-13,1.0
0.0,1.0,3.2471987880706987e-13,1.0
0.0,1.0,3.223041137364463e-13,1.0
0.0,1.0,3.2393917192771737e-13,1.0
0.0,1.0,3.2234531341900075e-13,1.0
0.0,1.0,3.2254209611330686e-13,1.0
0.0,1.0,3.209037040003554e-13,1.0
0.0,1.0,3.2114431556748424e-13,1.0
0.0,1.0,3.2101388604613423e-13,1.0
0.0,1.0,3.2202821138860305e-13,1.0
0.0,1.0,3.246257429534438e-13,1.0
0.0,1.0,0.0,1.0
0.0,1.0,3.204559827132275e-13,1.0
0.0,1.0,3.2160098152253513e-13,1.0
0.0,1.0,3.215752317209386e-13,1.0
0.0,1.0,3.218353860322265e-13,1.0
0.0,1.0,0.0,1.0
0.0,1.0,3.214163961026695e-13,1.0
0.0,1.0,3.2064550125297797e-13,1.0
0.0,1.0,3.2182004457148583e-13,1.0
0.0,1.0,3.211069648026421e-13,1.0
0.0,1.0,3.1998690264330165e-13,1.0
0.0,1.0,3.208608509094879e-13,1.0
0.0,1.0,3.210426445087594e-13,1.0
0.0,1.0,3.2041074437758055e-13,1.0
0.0,1.0,2.2909631290422657e-37,1.0
0.0,1.0,3.2084372051516263e-13,1.0
0.0,1.0,3.225944088681293e-13,1.0
0.0,1.0,3.2236249802343464e-13,1.0
0.0,1.0,3.2182679373000955e-13,1.0
0.0,1.0,3.20997975379253e-13,1.0
0.0,1.0,3.2129014075968354e-13,1.0
0.0,1.0,3.2089023278836226e-13,1.0
0.0,1.0,3.2161201327964017e-13,1.0
0.0,1.0,3.2143358070710337e-13,1.0
0.0,1.0,0.0,1.0
0.0,1.0,3.20267765216084e-13,1.0
0.0,1.0,3.2398427473809277e-13,1.0
0.0,1.0,3.20525669807864e-13,1.0
0.0,1.0,3.214182392463627e-13,1.0
0.0,1.0,1.5342337739213471e-32,1.0
0.0,1.0,3.2163900991373506e-13,1.0
0.0,1.0,3.216144798395826e-13,1.0
0.0,1.0,3.2101754522846637e-13,1.0
0.0,1.0,3.213250791746919e-13,1.0
0.0,1.0,3.2045229642584105e-13,1.0
0.0,1.0,3.2263316909579565e-13,1.0
0.0,1.0,3.506989891630813e-13,1.0
0.0,1.0,3.213845205587984e-13,1.0
0.0,1.0,3.2238710941275006e-13,1.0
0.0,1.0,3.2103226327295786e-13,1.0
0.0,1.0,3.213802379602171e-13,1.0
0.0,1.0,3.20974095826404e-13,1.0
0.0,1.0,3.23871842972806e-13,1.0
0.0,1.0,3.1147699979146293e-13,1.0
0.0,1.0,3.206491604353101e-13,1.0
0.0,1.0,3.2162182530930117e-13,1.0
0.0,1.0,3.2208288228315063e-13,1.0
0.0,1.0,3.20873102394037e-13,1.0
0.0,1.0,4.08355367452027e-37,1.0
0.0,1.0,3.205977963573886e-13,1.0
0.0,1.0,3.2169300318192484e-13,1.0
0.0,1.0,3.211069648026421e-13,1.0
0.0,1.0,3.209416510763924e-13,1.0
0.0,1.0,3.214427693205152e-13,1.0
0.0,1.0,3.215335170423522e-13,1.0
0.0,1.0,3.2201099967911484e-13,1.0
0.0,1.0,3.2135695471856296e-13,1.0
0.0,1.0,3.157755361447162e-13,1.0
0.0,1.0,1.804677174233461e-15,1.0
0.0,1.0,3.2142254894999833e-13,1.0
0.0,1.0,3.732885853723056e-13,1.0
0.0,1.0,1.840327308675737e-15,1.0
0.0,1.0,8.354493311316713e-29,1.0
0.0,1.0,3.2020241493013746e-13,1.0
0.0,1.0,3.2104695421239504e-13,1.0
0.0,1.0,3.211002156441184e-13,1.0
0.0,1.0,3.203997397255298e-13,1.0
0.0,1.0,3.210720534926881e-13,1.0
0.0,1.0,3.2114371925628937e-13,1.0
0.0,1.0,1.9863128842810984e-21,1.0
0.0,1.0,3.216071072648097e-13,1.0
0.0,1.0,1.3963889553935804e-14,1.0
0.0,1.0,3.209367450615619e-13,1.0
0.0,1.0,3.217795496203435e-13,1.0
0.0,1.0,3.2132383234219353e-13,1.0
0.0,1.0,3.2225247860798167e-13,1.0
0.0,1.0,3.2141517637522543e-13,1.0
0.0,1.0,3.2066263164730324e-13,1.0
0.0,1.0,3.220638274299692e-13,1.0
0.0,1.0,3.2069014327743006e-13,1.0
0.0,1.0,3.215482350868437e-13,1.0
0.0,1.0,3.2099428909186656e-13,1.0
0.0,1.0,3.2201777594269287e-13,1.0
0.0,1.0,1.1028672549859286e-12,1.0
0.0,1.0,3.222936511854818e-13,1.0
0.0,1.0,3.213416132578223e-13,1.0
0.0,1.0,3.212797324188277e-13,1.0
0.0,1.0,3.2138392424760354e-13,1.0
0.0,1.0,3.213753319453866e-13,1.0
0.0,1.0,3.2109227386320494e-13,1.0
0.0,1.0,3.2190783784240284e-13,1.0
0.0,1.0,3.97112348576664e-27,1.0
0.0,1.0,3.2528520892485813e-13,1.0
0.0,1.0,3.248945708821116e-13,1.0
0.0,1.0,3.709237506987345e-13,1.0
0.0,1.0,3.211241223020217e-13,1.0
0.0,1.0,3.20901237440413e-13,1.0
0.0,1.0,3.2095143600099907e-13,1.0
0.0,1.0,3.215874832054877e-13,1.0
0.0,1.0,3.2030441124951403e-13,1.0
0.0,1.0,3.20525669807864e-13,1.0
0.0,1.0,2.140828011574505e-37,1.0
0.0,1.0,3.2103714218273405e-13,1.0
0.0,1.0,3.2064856412411524e-13,1.0
0.0,1.0,3.2171265434630114e-13,1.0
0.0,1.0,3.2176296132710447e-13,1.0
0.0,1.0,3.2099491250811574e-13,1.0
0.0,1.0,3.2038507589114695e-13,1.0
0.0,1.0,3.218476646218299e-13,1.0
0.0,1.0,3.2120619640647885e-13,1.0
0.0,1.0,3.210573625532509e-13,1.0
0.0,1.0,3.2120129039164835e-13,1.0
0.0,1.0,3.204810277834119e-13,1.0
0.0,1.0,3.326017846555507e-13,1.0
0.0,1.0,3.2078373702996987e-13,1.0
0.0,1.0,3.207757952490564e-13,1.0
0.0,1.0,3.2095634201582957e-13,1.0
0.0,1.0,3.234687095000216e-13,1.0
0.0,1.0,4.037099930949932e-31,1.0
0.0,1.0,3.208143386362883e-13,1.0
0.0,1.0,3.205984197736378e-13,1.0
0.0,1.0,5.738331010682553e-25,1.0
0.0,1.0,3.222666003412783e-13,1.0
0.0,1.0,3.214108937766441e-13,1.0
0.0,1.0,3.2157154543355215e-13,1.0
0.0,1.0,1.9698109461783544e-36,1.0
0.0,1.0,3.2442147926414755e-13,1.0
0.0,1.0,3.208229038334509e-13,1.0
0.0,1.0,0.0,1.0
0.0,1.0,1.4173228929349816e-16,1.0
0.0,1.0,3.894713598937699e-13,1.0
0.0,1.0,3.223981682749094e-13,1.0
0.0,1.0,3.2180714256563325e-13,1.0
0.0,1.0,3.2125582576092437e-13,1.0
0.0,1.0,3.2118659945221117e-13,1.0
0.0,1.0,3.2956057045667453e-13,1.0
0.0,1.0,3.2081924465111877e-13,1.0
0.0,1.0,3.2149489233995743e-13,1.0
0.0,1.0,3.208204643785628e-13,1.0
0.0,1.0,3.215077672407557e-13,1.0
0.0,1.0,3.227002541052182e-13,1.0
0.0,1.0,3.202885276876871e-13,1.0
0.0,1.0,3.2111615341605393e-13,1.0
0.0,1.0,3.215243284289404e-13,1.0
0.0,1.0,3.251574356988307e-13,1.0
0.0,1.0,3.2084125395522023e-13,1.0
0.0,1.0,3.770568384429962e-13,1.0
0.0,1.0,3.217813927640367e-13,1.0
0.0,1.0,3.2100407401647324e-13,1.0
0.0,1.0,3.235600264279992e-13,1.0
0.0,1.0,3.275339526508103e-13,1.0
0.0,1.0,1.0863363616026714e-35,1.0
0.0,1.0,3.212288562318838e-13,1.0
0.0,1.0,3.2128951734343436e-13,1.0
0.0,1.0,3.213532684311765e-13,1.0
0.0,1.0,3.209061434552435e-13,1.0
0.0,1.0,3.2072074488374847e-13,1.0
0.0,1.0,3.296234270776244e-13,1.0
0.0,1.0,3.21461769963588e-13,1.0
0.0,1.0,3.213802379602171e-13,1.0
0.0,1.0,1.3698571545092814e-27,1.0
0.0,1.0,3.2162244872555035e-13,1.0
0.0,1.0,3.214207058063051e-13,1.0
0.0,1.0,0.0,1.0
0.0,1.0,3.208443168263575e-13,1.0
0.0,1.0,3.213072982590631e-13,1.0
0.0,1.0,3.20863290364376e-13,1.0
0.0,1.0,3.27935703838357e-33,1.0
0.0,1.0,3.2100163456158515e-13,1.0
0.0,1.0,0.0,1.0
0.0,1.0,3.2072990639210597e-13,1.0
0.0,1.0,3.216451627610639e-13,1.0
0.0,1.0,3.2116759880913837e-13,1.0
0.0,1.0,3.215335170423522e-13,1.0
0.0,1.0,3.210212315158528e-13,1.0
0.0,1.0,3.215507016467861e-13,1.0
0.0,1.0,3.2104695421239504e-13,1.0
0.0,1.0,3.2047308600249846e-13,1.0
0.0,1.0,3.215556076616166e-13,1.0
0.0,1.0,3.211853526197128e-13,1.0
0.0,1.0,3.222690669012207e-13,1.0
0.0,1.0,3.215825771906572e-13,1.0
0.0,1.0,3.216353507314029e-13,1.0
0.0,1.0,6.6104696236659065e-34,1.0
0.0,1.0,3.2182741714625873e-13,1.0
0.0,1.0,3.216721322901045e-13,1.0
0.0,1.0,3.2055071487804843e-13,1.0
0.0,1.0,3.215556076616166e-13,1.0
0.0,1.0,3.3678824160922327e-13,1.0
0.0,1.0,3.2180776598188243e-13,1.0
0.0,1.0,3.237723945285348e-13,1.0
0.0,1.0,3.2154454879945726e-13,1.0
0.0,1.0,3.2117922687743827e-13,1.0
0.0,1.0,3.2192992846166724e-13,1.0
0.0,1.0,3.215482350868437e-13,1.0
0.0,1.0,3.2185625692404685e-13,1.0
0.0,1.0,3.2106042542438817e-13,1.0
0.0,1.0,3.2188328066319605e-13,1.0
0.0,1.0,3.2245966964314365e-13,1.0
0.0,1.0,3.3336836980160656e-13,1.0
0.0,1.0,3.2131098454644957e-13,1.0
0.0,1.0,3.2524241004409926e-13,1.0
0.0,1.0,3.215850437505996e-13,1.0
0.0,1.0,8.734030668037894e-26,1.0
0.0,1.0,3.2126623410178023e-13,1.0
0.0,1.0,3.2189555925279945e-13,1.0
0.0,1.0,3.210334830004019e-13,1.0
0.0,1.0,3.213630804608375e-13,1.0
0.0,1.0,3.2171018778635874e-13,1.0
0.0,1.0,3.2392125548681705e-13,1.0
0.0,1.0,3.1883241706498477e-13,1.0
0.0,1.0,3.212429508601261e-13,1.0
0.0,1.0,3.189637952632357e-13,1.0
0.0,1.0,1.4824399303600688e-13,1.0
0.0,1.0,3.206149267517139e-13,1.0
0.0,1.0,3.2121844789102794e-13,1.0
0.0,1.0,3.2134283298526634e-13,1.0
0.0,1.0,3.2148936290887775e-13,1.0
0.0,1.0,3.2055011856685356e-13,1.0
0.0,1.0,3.2270334408140977e-13,1.0
0.0,1.0,3.2081311890884423e-13,1.0
0.0,1.0,3.210004148341411e-13,1.0
0.0,1.0,3.2249290043973033e-13,1.0
0.0,1.0,3.2091226919751803e-13,1.0
0.0,1.0,3.2137104934680527e-13,1.0
0.0,1.0,3.2447742241711186e-34,1.0
0.0,1.0,3.2266761961982637e-13,1.0
0.0,1.0,3.214157997914746e-13,1.0
0.0,1.0,3.2163226075521134e-13,1.0
0.0,1.0,3.21358174446007e-13,1.0
0.0,1.0,3.2092083439468067e-13,1.0
0.0,1.0,3.2106348829552545e-13,1.0
0.0,1.0,3.207250274823298e-13,1.0
0.0,1.0,3.214636131072812e-13,1.0
0.0,1.0,3.6572936519541077e-13,1.0
0.0,1.0,3.2107021034899486e-13,1.0
0.0,1.0,3.209581851595228e-13,1.0
0.0,1.0,3.2060329868341397e-13,1.0
0.0,1.0,0.0,1.0
0.0,1.0,3.2129688991820726e-13,1.0
0.0,1.0,3.471279524675658e-13,1.0
0.0,1.0,3.4407988068994866e-13,1.0
0.0,1.0,3.203728515116522e-13,1.0
0.0,1.0,3.2176602419824174e-13,1.0
0.0,1.0,3.2162182530930117e-13,1.0
0.0,1.0,8.661294337991565e-13,1.0
0.0,1.0,3.2044129177379033e-13,1.0
0.0,1.0,3.2132323603099866e-13,1.0
0.0,1.0,3.2193730103644014e-13,1.0
0.0,1.0,3.1445207765781746e-13,1.0
0.0,1.0,3.215249247401353e-13,1.0
0.0,1.0,3.2073725186182456e-13,1.0
0.0,1.0,3.202940300137125e-13,1.0
0.0,1.0,3.216985326130045e-13,1.0
0.0,1.0,3.201602665706821e-13,1.0
0.0,1.0,3.2140536434556444e-13,1.0
0.0,1.0,3.209526557284431e-13,1.0
0.0,1.0,3.2093552533411784e-13,1.0
0.0,1.0,3.2097593897009724e-13,1.0
0.0,1.0,3.214476753353457e-13,1.0
0.0,1.0,3.219649481918385e-13,1.0
0.0,1.0,3.209930693644225e-13,1.0
0.0,1.0,3.211473784386215e-13,1.0
0.0,1.0,3.210861481209304e-13,1.0
0.0,1.0,3.2098694362214797e-13,1.0
0.0,1.0,3.219164301446198e-13,1.0
0.0,1.0,3.215776711758267e-13,1.0
0.0,1.0,3.2090001771296894e-13,1.0
0.0,1.0,3.213624570445883e-13,1.0
0.0,1.0,3.2148139402291e-13,1.0
0.0,1.0,3.216966894693113e-13,1.0
0.0,1.0,4.2064294270005576e-09,1.0
0.0,1.0,3.303226561637146e-13,1.0
0.0,1.0,3.217353412767604e-13,1.0
0.0,1.0,3.2109899591667435e-13,1.0
0.0,1.0,3.217795496203435e-13,1.0
0.0,1.0,3.2044375833373273e-13,1.0
0.0,1.0,3.2083575162919487e-13,1.0
0.0,1.0,3.2157889090327074e-13,1.0
0.0,1.0,3.216862540234011e-13,1.0
0.0,1.0,3.208535054397693e-13,1.0
0.0,1.0,3.222985843053666e-13,1.0
0.0,1.0,3.206944258760114e-13,1.0
0.0,1.0,3.195569080616939e-13,1.0
0.0,1.0,3.2123988798898884e-13,1.0
0.0,1.0,3.2093246246298057e-13,1.0
0.0,1.0,3.4306089327813816e-13,1.0
0.0,1.0,3.2104695421239504e-13,1.0
0.0,1.0,3.2100163456158515e-13,1.0
0.0,1.0,3.207739521053632e-13,1.0
0.0,1.0,3.3483532244603376e-13,1.0
0.0,1.0,3.598080221354355e-13,1.0
0.0,1.0,3.5508813771290004e-13,1.0
0.0,1.0,8.155765771844871e-21,1.0
0.0,1.0,3.205916977201684e-13,1.0
0.0,1.0,3.2128095214627173e-13,1.0
0.0,1.0,3.214832371666032e-13,1.0
0.0,1.0,3.194356400487014e-13,1.0
0.0,1.0,3.7414895400628145e-13,1.0
0.0,1.0,3.211596299231706e-13,1.0
0.0,1.0,3.209716292664616e-13,1.0
0.0,1.0,3.215096103844489e-13,1.0
0.0,1.0,3.2132567548588675e-13,1.0
0.0,1.0,3.2104633079614586e-13,1.0
0.0,1.0,3.1924257074683604e-13,1.0
0.0,1.0,4.694592906399883e-27,1.0
0.0,1.0,3.2128217187371577e-13,1.0
0.0,1.0,3.211743479676621e-13,1.0
0.0,1.0,3.21512049839337e-13,1.0
0.0,1.0,3.2661753076451694e-13,1.0
0.0,1.0,3.220957842890032e-13,1.0
0.0,1.0,3.2089082909955713e-13,1.0
0.0,1.0,3.2121110242130935e-13,1.0
0.0,1.0,3.5788472879660915e-13,1.0
0.0,1.0,3.2130976481900553e-13,1.0
0.0,1.0,3.2437816538735675e-13,1.0
0.0,1.0,3.222487923205952e-13,1.0
0.0,1.0,3.3027541205404853e-13,1.0
0.0,1.0,3.217525258811943e-13,1.0
0.0,1.0,3.2122335390585843e-13,1.0
0.0,1.0,2.7705211308202804e-30,1.0
0.0,1.0,3.2121844789102794e-13,1.0
0.0,1.0,3.207574451272871e-13,1.0
0.0,1.0,3.2457063837802724e-13,1.0
0.0,1.0,3.4013417082867647e-13,1.0
0.0,1.0,3.3001346880917604e-13,1.0
0.0,1.0,0.0,1.0
0.0,1.0,3.2086941610665054e-13,1.0
0.0,1.0,3.2231454918235647e-13,1.0
0.0,1.0,3.208749184326759e-13,1.0
0.0,1.0,3.2357422947645875e-13,1.0
0.0,1.0,3.2083393559055595e-13,1.0
0.0,1.0,0.0,1.0
0.0,1.0,3.2146973884955576e-13,1.0
0.0,1.0,3.2181451514040615e-13,1.0
0.0,1.0,3.215249247401353e-13,1.0
0.0,1.0,0.0,1.0
0.0,1.0,3.215151127104743e-13,1.0
0.0,1.0,3.2094531025872453e-13,1.0
0.0,1.0,3.2135511157486973e-13,1.0
0.0,1.0,0.0,1.0
0.0,1.0,3.2066873028452347e-13,1.0
0.0,1.0,3.2129504677451404e-13,1.0
0.0,1.0,3.212552023446752e-13,1.0
0.0,1.0,3.2129748622940213e-13,1.0
0.0,1.0,1.5570515886387463e-32,1.0
0.0,1.0,3.209673466678803e-13,1.0
0.0,1.0,3.2300002810764767e-29,1.0
0.0,1.0,1.2537641679133463e-23,1.0
0.0,1.0,3.2136001758970023e-13,1.0
0.0,1.0,3.206913901099284e-13,1.0
0.0,1.0,3.2192992846166724e-13,1.0
0.0,1.0,3.2089023278836226e-13,1.0
0.0,1.0,3.2149673548365065e-13,1.0
0.0,1.0,1.721358568474085e-30,1.0
0.0,1.0,3.212956430857089e-13,1.0
0.0,1.0,3.2169546974186725e-13,1.0
0.0,1.0,3.272617094852992e-13,1.0
0.0,1.0,5.253900484353319e-36,1.0
0.0,1.0,3.445540565100852e-13,1.0
0.0,1.0,3.2708135245390624e-13,1.0
0.0,1.0,3.207268435209687e-13,1.0
0.0,1.0,3.2278704448912565e-13,1.0
0.0,1.0,3.2229489801798017e-13,1.0
0.0,1.0,3.2071155627033665e-13,1.0
0.0,1.0,3.2152861102752173e-13,1.0
0.0,1.0,3.211473784386215e-13,1.0
0.0,1.0,3.2191705356086897e-13,1.0
0.0,1.0,3.5227644911393907e-13,1.0
0.0,1.0,3.2138574028624245e-13,1.0
0.0,1.0,3.2266886645232473e-13,1.0
0.0,1.0,3.221080628786066e-13,1.0
0.0,1.0,3.2098510047845474e-13,1.0
0.0,1.0,3.2104939366728313e-13,1.0
0.0,1.0,3.2085228571232527e-13,1.0
0.0,1.0,3.2142620813233047e-13,1.0
0.0,1.0,3.219606384882029e-13,1.0
0.0,1.0,3.2194467361121304e-13,1.0
0.0,1.0,3.213367343480461e-13,1.0
0.0,1.0,3.210004148341411e-13,1.0
0.0,1.0,3.2027389095835856e-13,1.0
0.0,1.0,3.205171046107014e-13,1.0
0.0,1.0,3.21738431252952e-13,1.0
0.0,1.0,3.214133332315322e-13,1.0
0.0,1.0,3.221547648871864e-13,1.0
0.0,1.0,3.281955870265696e-13,1.0
0.0,1.0,3.209434671150313e-13,1.0
0.0,1.0,3.195459305146975e-13,1.0
0.0,1.0,3.2212896087548126e-13,1.0
0.0,1.0,3.217764596441519e-13,1.0
0.0,1.0,3.214954886511523e-13,1.0
0.0,1.0,1.2653773428378257e-12,1.0
0.0,1.0,3.2155192137423017e-13,1.0
0.0,1.0,3.231819380253992e-13,1.0
0.0,1.0,3.228621796996789e-13,1.0
0.0,1.0,3.291810996963046e-13,1.0
0.0,1.0,3.341208061093115e-13,1.0
0.0,1.0,3.2070177134572997e-13,1.0
0.0,1.0,3.2065590959383383e-13,1.0
0.0,1.0,3.2024212383470474e-13,1.0
0.0,1.0,3.212882976159903e-13,1.0
0.0,1.0,3.211902586345433e-13,1.0
0.0,1.0,3.2172246637596214e-13,1.0
0.0,1.0,3.220392431457081e-13,1.0
0.0,1.0,3.332634732414186e-13,1.0
0.0,1.0,3.304253843195576e-13,1.0
0.0,1.0,2.6286594638933336e-20,1.0
0.0,1.0,3.2229489801798017e-13,1.0
0.0,1.0,3.222198983326985e-13,1.0
0.0,1.0,3.2023906096356747e-13,1.0
0.0,1.0,3.207788581201937e-13,1.0
0.0,1.0,3.2077273237791915e-13,1.0
0.0,1.0,3.20081499282851e-13,1.0
0.0,1.0,3.202195182194084e-13,1.0
0.0,1.0,3.199039069669979e-13,1.0
0.0,1.0,3.3572743109860914e-13,1.0
0.0,1.0,2.788683996716739e-38,1.0
0.0,1.0,3.204113406887754e-13,1.0
0.0,1.0,3.200088848423488e-13,1.0
0.0,1.0,3.3612853169232015e-13,1.0
0.0,1.0,3.2141455295897625e-13,1.0
0.0,1.0,3.2018471532967163e-13,1.0
0.0,1.0,3.1996857962658665e-13,1.0
0.0,1.0,3.202708280872213e-13,1.0
0.0,1.0,3.202066975287188e-13,1.0
0.0,1.0,3.201444101139095e-13,1.0
0.0,1.0,3.4402542663583557e-13,1.0
0.0,1.0,3.204791846397187e-13,1.0
0.0,1.0,3.215261444675793e-13,1.0
0.0,1.0,3.2036675287443195e-13,1.0
0.0,1.0,3.2041012096133137e-13,1.0
0.0,1.0,3.205073196860947e-13,1.0
0.0,1.0,3.202567876690876e-13,1.0
0.0,1.0,3.2058557197789384e-13,1.0
0.0,1.0,3.1995760207959023e-13,1.0
0.0,1.0,3.202983126122938e-13,1.0
0.0,1.0,3.282331546318462e-13,1.0
0.0,1.0,3.2043150684918364e-13,1.0
0.0,1.0,3.204168430148008e-13,1.0
0.0,1.0,3.2061614647915793e-13,1.0
0.0,1.0,3.201163292776421e-13,1.0
0.0,1.0,3.1944599417944863e-13,1.0
0.0,1.0,3.2062471167632056e-13,1.0
0.0,1.0,3.2226047459900375e-13,1.0
0.0,1.0,3.200882213363204e-13,1.0
0.0,1.0,3.202335586375421e-13,1.0
0.0,1.0,3.205464322794671e-13,1.0
0.0,1.0,3.212717635328599e-13,1.0
0.0,1.0,3.2112043601463525e-13,1.0
0.0,1.0,3.21083681560988e-13,1.0
0.0,1.0,3.2027633041324666e-13,1.0
0.0,1.0,3.199722388089188e-13,1.0
0.0,1.0,3.202634826175027e-13,1.0
0.0,1.0,3.20231119182654e-13,1.0
0.0,1.0,3.210028542890292e-13,1.0
0.0,1.0,3.199307680758212e-13,1.0
0.0,1.0,3.20194473149224e-13,1.0
0.0,1.0,3.200613602274971e-13,1.0
0.0,1.0,3.2027145150347047e-13,1.0
0.0,1.0,3.2023721781987424e-13,1.0
0.0,1.0,3.5705222415846616e-13,1.0
0.0,1.0,7.437710800044189e-19,1.0
0.0,1.0,3.2035086931260504e-13,1.0
0.0,1.0,3.199832434609695e-13,1.0
0.0,1.0,3.202934337025176e-13,1.0
0.0,1.0,3.2094531025872453e-13,1.0
0.0,1.0,3.201163292776421e-13,1.0
0.0,1.0,3.3389072724281937e-21,1.0
0.0,1.0,3.2029953233973785e-13,1.0
0.0,1.0,3.214881431814337e-13,1.0
0.0,1.0,3.201834956022276e-13,1.0
0.0,1.0,3.20284868505355e-13,1.0
0.0,1.0,3.209508125847499e-13,1.0
0.0,1.0,0.0,1.0
0.0,1.0,3.2119638437681786e-13,1.0
0.0,1.0,3.2057334759839906e-13,1.0
0.0,1.0,3.217605218722164e-13,1.0
0.0,1.0,3.206357163283713e-13,1.0
0.0,1.0,0.0,1.0
0.0,1.0,3.196196833674808e-13,1.0
0.0,1.0,3.207335926794924e-13,1.0
0.0,1.0,3.2037529096654027e-13,1.0
0.0,1.0,3.2023477836498615e-13,1.0
0.0,1.0,3.2053176844508424e-13,1.0
0.0,1.0,3.201950965654732e-13,1.0
0.0,1.0,3.202799895955788e-13,1.0
0.0,1.0,3.207225609223874e-13,1.0
0.0,1.0,3.1995760207959023e-13,1.0
0.0,1.0,3.2002108211678926e-13,1.0
0.0,1.0,3.211767874225502e-13,1.0
0.0,1.0,3.2081311890884423e-13,1.0
0.0,1.0,3.201779932762022e-13,1.0
0.0,1.0,3.2010592093678625e-13,1.0
0.0,1.0,3.727777759506192e-28,1.0
0.0,1.0,3.197489473714954e-13,1.0
0.0,1.0,3.2062227222143247e-13,1.0
0.0,1.0,3.212380448452956e-13,1.0
0.0,1.0,3.201468495687976e-13,1.0
0.0,1.0,3.2082718643203223e-13,1.0
0.0,1.0,3.2025982343517057e-13,1.0
0.0,1.0,3.2045291984209023e-13,1.0
0.0,1.0,3.2058069306811765e-13,1.0
0.0,1.0,3.199673598991426e-13,1.0
0.0,1.0,3.2067363629935397e-13,1.0
0.0,1.0,3.228646462596213e-13,1.0
0.0,1.0,3.2066873028452347e-13,1.0
0.0,1.0,3.203215416438393e-13,1.0
0.0,1.0,3.2038263643625886e-13,1.0
0.0,1.0,3.244802701269506e-13,1.0
0.0,1.0,3.2060454551591233e-13,1.0
0.0,1.0,3.203349857507781e-13,1.0
0.0,1.0,3.205121985958709e-13,1.0
0.0,1.0,3.212932036308208e-13,1.0
0.0,1.0,3.2029953233973785e-13,1.0
0.0,1.0,3.2020913698360687e-13,1.0
0.0,1.0,3.203190750838969e-13,1.0
0.0,1.0,3.0451480203814207e-28,1.0
0.0,1.0,3.2019081396689186e-13,1.0
0.0,1.0,3.203141961741207e-13,1.0
0.0,1.0,3.2090248427291135e-13,1.0
0.0,1.0,4.458104622032703e-24,1.0
0.0,1.0,3.209030805841062e-13,1.0
0.0,1.0,3.214084272167017e-13,1.0
0.0,1.0,3.203215416438393e-13,1.0
0.0,1.0,3.3660327671859724e-13,1.0
0.0,1.0,3.2960835666742683e-13,1.0
0.0,1.0,3.2060392209966315e-13,1.0
0.0,1.0,3.1985265130929363e-13,1.0
0.0,1.0,3.20911049470074e-13,1.0
0.0,1.0,3.202842721941601e-13,1.0
0.0,1.0,3.200516024079447e-13,1.0
0.0,1.0,3.207274669372179e-13,1.0
0.0,1.0,3.20386295618591e-13,1.0
0.0,1.0,3.2127604613144123e-13,1.0
0.0,1.0,3.2004916295305663e-13,1.0
0.0,1.0,3.205030370875134e-13,1.0
0.0,1.0,3.2063205714603915e-13,1.0
0.0,1.0,3.213630804608375e-13,1.0
0.0,1.0,3.2023965727476233e-13,1.0
0.0,1.0,3.215200187253048e-13,1.0
0.0,1.0,3.2052504639161483e-13,1.0
0.0,1.0,3.3729738294942246e-13,1.0
0.0,1.0,3.2000094306143534e-13,1.0
0.0,1.0,3.202702046709721e-13,1.0
0.0,1.0,3.201236476423064e-13,1.0
0.0,1.0,3.2017493040506495e-13,1.0
0.0,1.0,3.205977963573886e-13,1.0
0.0,1.0,3.2068830013373684e-13,1.0
0.0,1.0,3.2085719172715577e-13,1.0
0.0,1.0,2.0327308902778896e-07,0.9999997019767761
0.0,1.0,0.0,1.0
0.0,1.0,3.206565059050287e-13,1.0
0.0,1.0,3.198898665488642e-13,1.0
0.0,1.0,3.392031935282175e-13,1.0
0.0,1.0,3.3884494602537396e-13,1.0
0.0,1.0,3.2044985697095296e-13,1.0
0.0,1.0,3.2029465342996166e-13,1.0
0.0,1.0,3.2156417285877925e-13,1.0
0.0,1.0,3.2010166544325924e-13,1.0
0.0,1.0,3.2086453719687436e-13,1.0
0.0,1.0,3.1970384456112e-13,1.0
0.0,1.0,3.200882213363204e-13,1.0
0.0,1.0,3.2043397340912605e-13,1.0
0.0,1.0,3.2062959058609675e-13,1.0
0.0,1.0,3.2062715113120865e-13,1.0
0.0,1.0,3.201114232628116e-13,1.0
0.0,1.0,1.1959220314197061e-37,1.0
0.0,1.0,3.200516024079447e-13,1.0
0.0,1.0,1.1669638588784892e-08,1.0
0.0,1.0,3.198648485837341e-13,1.0
0.0,1.0,3.1832747700820396e-13,1.0
0.0,1.0,3.2030869384809535e-13,1.0
0.0,1.0,1.364562141146398e-29,1.0
0.0,1.0,5.145401421200501e-23,1.0
0.0,1.0,3.204119641050246e-13,1.0
0.0,1.0,3.201529482060178e-13,1.0
0.0,1.0,3.208400342277762e-13,1.0
0.0,1.0,3.205091357247336e-13,1.0
0.0,1.0,3.200662391372733e-13,1.0
0.0,1.0,3.2045901847931046e-13,1.0
0.0,1.0,3.3784273664218267e-13,1.0
0.0,1.0,3.200882213363204e-13,1.0
0.0,1.0,3.201096072241727e-13,1.0
0.0,1.0,3.200412211721432e-13,1.0
0.0,1.0,5.093934135647011e-18,1.0
0.0,1.0,3.2044985697095296e-13,1.0
0.0,1.0,1.0815814910358768e-08,1.0
0.0,1.0,3.2085719172715577e-13,1.0
0.0,1.0,3.200961631172339e-13,1.0
0.0,1.0,3.1990268723955384e-13,1.0
0.0,1.0,2.410682185966552e-22,1.0
0.0,1.0,3.2055746403657215e-13,1.0
0.0,1.0,3.2031053699178857e-13,1.0
0.0,1.0,3.199441850777057e-13,1.0
0.0,1.0,3.220736665646845e-13,1.0
0.0,1.0,3.2220637291059673e-13,1.0
0.0,1.0,3.199649204442545e-13,1.0
0.0,1.0,3.201370646441909e-13,1.0
0.0,1.0,3.2134529954520874e-13,1.0
0.0,1.0,3.2114678212742664e-13,1.0
0.0,1.0,4.45386045040685e-29,1.0
0.0,1.0,3.2023540178123533e-13,1.0
0.0,1.0,3.204467940998157e-13,1.0
0.0,1.0,3.201028851707033e-13,1.0
0.0,1.0,3.2107021034899486e-13,1.0
0.0,1.0,3.218237308588723e-13,1.0
0.0,1.0,3.2152801471632686e-13,1.0
0.0,1.0,3.2031113330298344e-13,1.0
0.0,1.0,3.205562172040738e-13,1.0
0.0,1.0,3.208014908405443e-13,1.0
0.0,1.0,0.0,1.0
0.0,1.0,3.2018837451200377e-13,1.0
0.0,1.0,3.2135204870373246e-13,1.0
0.0,1.0,3.219256458630859e-13,1.0
0.0,1.0,3.2101632550102233e-13,1.0
0.0,1.0,3.2018165245853436e-13,1.0
0.0,1.0,3.2123191910302107e-13,1.0
0.0,1.0,3.231591426747227e-13,1.0
0.0,1.0,3.2403311804596324e-13,1.0
0.0,1.0,3.2463812996326447e-13,1.0
0.0,1.0,3.237223857033289e-13,1.0
0.0,1.0,3.246486467243376e-13,1.0
0.0,1.0,3.2264363164676013e-13,1.0
0.0,1.0,3.2272180262339634e-13,1.0
0.0,1.0,3.228474074450788e-13,1.0
0.0,1.0,3.2232254517337855e-13,1.0
0.0,1.0,3.243144414046689e-13,1.0
0.0,1.0,3.5087292229660227e-13,1.0
0.0,1.0,3.1975507311376994e-13,1.0
0.0,1.0,3.229619534046019e-13,1.0
0.0,1.0,3.233293082056943e-13,1.0
0.0,1.0,3.2484128234533394e-13,1.0
0.0,1.0,3.2282276895070905e-13,1.0
0.0,1.0,3.231252342517782e-13,1.0
0.0,1.0,3.233977484678324e-13,1.0
0.0,1.0,3.236359476851275e-13,1.0
0.0,1.0,3.2521199817316104e-13,1.0
0.0,1.0,3.232775104469038e-13,1.0
0.0,1.0,1.9765167280638707e-10,1.0
0.0,1.0,3.228116829834954e-13,1.0
0.0,1.0,3.2268054873073326e-13,1.0
0.0,1.0,3.2235515255371605e-13,1.0
0.0,1.0,3.219870388111029e-13,1.0
0.0,1.0,3.2445923660480436e-13,1.0
0.0,1.0,3.22460916475642e-13,1.0
0.0,1.0,3.236118783968983e-13,1.0
0.0,1.0,3.227956638963969e-13,1.0
0.0,1.0,3.2449943340034926e-13,1.0
0.0,1.0,3.2285602685235004e-13,1.0
0.0,1.0,3.255396982797948e-13,1.0
0.0,1.0,1.2412958268758756e-23,1.0
0.0,1.0,3.2419013762559346e-13,1.0
0.0,1.0,3.24555161392015e-13,1.0
0.0,1.0,3.2287879509797224e-13,1.0
0.0,1.0,3.228005970162817e-13,1.0
0.0,1.0,3.2223095719485784e-13,1.0
0.0,1.0,3.2257042089506305e-13,1.0
0.0,1.0,3.2361556468428476e-13,1.0
0.0,1.0,3.261779952037913e-13,1.0
0.0,1.0,3.2303402574401785e-13,1.0
0.0,1.0,3.173256146737913e-08,0.9999999403953552
0.0,1.0,5.684595016930416e-09,1.0
0.0,1.0,1.0385152293679312e-08,1.0
0.0,1.0,3.6735279262956055e-09,1.0
0.0,1.0,1.1788469089779596e-09,1.0
0.0,1.0,4.6265236086640016e-10,1.0
0.0,1.0,3.6851627977473045e-13,1.0
0.0,1.0,3.935210912686671e-08,0.9999999403953552
0.0,1.0,9.224926933448785e-10,1.0
0.0,1.0,4.7410875225750715e-08,0.9999999403953552
0.0,1.0,1.5344825410323892e-09,1.0
0.0,1.0,1.0578083964318807e-09,1.0
0.0,1.0,2.2296711976400465e-21,1.0
0.0,1.0,1.926762527304504e-09,1.0
0.0,1.0,1.413062733490733e-07,0.9999998211860657
0.0,1.0,3.2270334408140977e-13,1.0
0.0,1.0,3.7255311682860004e-13,1.0
0.0,1.0,2.8565134702063233e-09,1.0
0.0,1.0,3.2273473173430323e-13,1.0
0.0,1.0,3.2418517740065433e-13,1.0
0.0,1.0,3.2287079910695016e-13,1.0
0.0,1.0,3.287632210739744e-13,1.0
0.0,1.0,3.22491653607232e-13,1.0
0.0,1.0,3.24796044009687e-13,1.0
0.0,1.0,3.2299027818635806e-13,1.0
0.0,1.0,3.3575047039477446e-13,1.0
0.0,1.0,3.2337186314096433e-13,1.0
0.0,1.0,3.2291636270324886e-13,1.0
0.0,1.0,3.2440044574200133e-13,1.0
0.0,1.0,3.2336075006869636e-13,1.0
0.0,1.0,3.2394535188010054e-13,1.0
0.0,1.0,3.236254580291087e-13,1.0
0.0,1.0,3.235785391800944e-13,1.0
0.0,1.0,3.2462449612094546e-13,1.0
0.0,1.0,3.2308023986162004e-13,1.0
0.0,1.0,3.2385021313946494e-13,1.0
0.0,1.0,3.2322384243936575e-13,1.0
0.0,1.0,3.2259809515551574e-13,1.0
0.0,1.0,3.2253225697859156e-13,1.0
0.0,1.0,3.2515122864139323e-13,1.0
0.0,1.0,3.2281230639974456e-13,1.0
0.0,1.0,3.316351099985626e-13,1.0
0.0,1.0,3.238984059260319e-13,1.0
0.0,1.0,3.2182679373000955e-13,1.0
0.0,1.0,3.249416794665061e-13,1.0
0.0,1.0,3.226639333324399e-13,1.0
0.0,1.0,3.2255009210432894e-13,1.0
0.0,1.0,3.2443261944146984e-13,1.0
0.0,1.0,3.23112278035817e-13,1.0
0.0,1.0,3.231116817246221e-13,1.0
0.0,1.0,3.228880379214927e-13,1.0
0.0,1.0,3.2499746166828047e-13,1.0
0.0,1.0,3.2276733911464073e-13,1.0
0.0,1.0,3.226873249943113e-13,1.0
0.0,1.0,3.2321337988840126e-13,1.0
0.0,1.0,3.2382674016243063e-13,1.0
0.0,1.0,3.2362361488541547e-13,1.0
0.0,1.0,3.2374523526411403e-13,1.0
0.0,1.0,3.2624705888217864e-13,1.0
0.0,1.0,3.236143449568407e-13,1.0
0.0,1.0,3.239230986305103e-13,1.0
0.0,1.0,3.246566969254683e-13,1.0
0.0,1.0,3.232947492614463e-13,1.0
0.0,1.0,3.2346746266752324e-13,1.0
0.0,1.0,3.2203680369082e-13,1.0
0.0,1.0,3.229841253390292e-13,1.0
0.0,1.0,3.26278175484529e-13,1.0
0.0,1.0,3.2474836621915193e-13,1.0
0.0,1.0,3.234717994762132e-13,1.0
0.0,1.0,3.236310145652427e-13,1.0
0.0,1.0,3.2220637291059673e-13,1.0
0.0,1.0,4.7582130022118946e-14,1.0
0.0,1.0,3.98094182401873e-13,1.0
0.0,1.0,3.233416410054063e-13,1.0
0.0,1.0,7.830840603783099e-14,1.0
0.0,1.0,3.2242708936786046e-13,1.0
0.0,1.0,3.2187837464836555e-13,1.0
0.0,1.0,3.230044541297633e-13,1.0
0.0,1.0,3.2183416630478245e-13,1.0
0.0,1.0,3.238434368758869e-13,1.0
0.0,1.0,4.361816463571699e-12,1.0
0.0,1.0,3.285870653259998e-13,1.0
0.0,1.0,3.2512889407664003e-13,1.0
0.0,1.0,4.2092463412371495e-13,1.0
0.0,1.0,3.244152993117644e-13,1.0
0.0,1.0,3.245848685315411e-13,1.0
0.0,1.0,3.2232563514957013e-13,1.0
0.0,1.0,3.227076266799911e-13,1.0
0.0,1.0,3.234378639482144e-13,1.0
0.0,1.0,3.2346437269133166e-13,1.0
0.0,1.0,3.2223280033855106e-13,1.0
0.0,1.0,3.226627136049959e-13,1.0
0.0,1.0,3.231092151646797e-13,1.0
0.0,1.0,1.0192483792734186e-12,1.0
0.0,1.0,3.226368553831821e-13,1.0
0.0,1.0,3.2346499610758084e-13,1.0
0.0,1.0,3.2350324133921526e-13,1.0
0.0,1.0,3.232306458079981e-13,1.0
0.0,1.0,3.408394443418783e-13,1.0
0.0,1.0,3.248040942108177e-13,1.0
0.0,1.0,3.2269163469794693e-13,1.0
0.0,1.0,3.264711634712314e-13,1.0
0.0,1.0,3.236563035809159e-13,1.0
0.0,1.0,3.219772267814419e-13,1.0
0.0,1.0,3.254211136671792e-13,1.0
0.0,1.0,3.244251926565883e-13,1.0
0.0,1.0,3.2474153574546527e-13,1.0
0.0,1.0,3.235748257876536e-13,1.0
0.0,1.0,3.2311536801200857e-13,1.0
0.0,1.0,3.117074130819068e-14,1.0
0.0,1.0,3.227451942852677e-13,1.0
0.0,1.0,3.226196165686396e-13,1.0
0.0,1.0,4.113198226029374e-13,1.0
0.0,1.0,3.2498133416096475e-13,1.0
0.0,1.0,3.219778501976911e-13,1.0
0.0,1.0,3.3984623383671864e-13,1.0
0.0,1.0,3.226750192996536e-13,1.0
0.0,1.0,3.234582198440028e-13,1.0
0.0,1.0,3.8877963890772416e-13,1.0
0.0,1.0,3.187722167393575e-13,1.0
0.0,1.0,3.2252732385870675e-13,1.0
0.0,1.0,3.2384403318708177e-13,1.0
0.0,1.0,3.2303958228015184e-13,1.0
0.0,1.0,3.266331161707464e-13,1.0
0.0,1.0,3.230765535742336e-13,1.0
0.0,1.0,3.238637927716753e-13,1.0
0.0,1.0,3.220392431457081e-13,1.0
0.0,1.0,3.2313694363524104e-13,1.0
0.0,1.0,3.2265040791033817e-13,1.0
0.0,1.0,3.2396389173725004e-13,1.0
0.0,1.0,3.22622083128582e-13,1.0
0.0,1.0,3.2326764420713416e-13,1.0
0.0,1.0,3.2351682097142564e-13,1.0
0.0,1.0,3.2298537217152756e-13,1.0
0.0,1.0,3.2262885939216e-13,1.0
0.0,1.0,3.242964978587143e-13,1.0
0.0,1.0,9.084924667669903e-21,1.0
0.0,1.0,3.234088615401004e-13,1.0
0.0,1.0,3.2470749179724923e-13,1.0
0.0,1.0,3.227070303687962e-13,1.0
0.0,1.0,4.3088850629896536e-13,1.0
0.0,1.0,4.4054256770342803e-13,1.0
0.0,1.0,4.1164394484240197e-13,1.0
0.0,1.0,3.8255363503728046e-13,1.0
0.0,1.0,4.44034186589809e-13,1.0
0.0,1.0,5.215556668323887e-15,1.0
0.0,1.0,4.3003626918128313e-13,1.0
0.0,1.0,4.2136322100753965e-13,1.0
0.0,1.0,9.716892004560385e-13,1.0
0.0,1.0,4.2404477824074804e-13,1.0
0.0,1.0,4.2828127112468084e-13,1.0
0.0,1.0,4.999776634373454e-13,1.0
0.0,1.0,4.5392560695488304e-13,1.0
0.0,1.0,4.443010629545663e-13,1.0
0.0,1.0,7.707232204876013e-13,1.0
0.0,1.0,5.726043554241111e-13,1.0
0.0,1.0,4.964455495998221e-13,1.0
0.0,1.0,4.5174646900840443e-13,1.0
0.0,1.0,4.3778422185135335e-13,1.0
0.0,1.0,4.676188906579948e-13,1.0
0.0,1.0,8.849068343506943e-17,1.0
0.0,1.0,4.3799637311145445e-13,1.0
0.0,1.0,4.400378444870817e-13,1.0
0.0,1.0,4.4839341115966713e-13,1.0
0.0,1.0,4.4783358336790424e-13,1.0
0.0,1.0,4.142217981378121e-13,1.0
0.0,1.0,4.627257778333504e-13,1.0
0.0,1.0,4.314789899071553e-13,1.0
0.0,1.0,4.19074144960771e-13,1.0
0.0,1.0,4.038167912036317e-13,1.0
0.0,1.0,4.3876813532288395e-13,1.0
0.0,1.0,4.100930749498244e-13,1.0
0.0,1.0,4.7737321069374274e-17,1.0
0.0,1.0,3.9350876615378005e-13,1.0
0.0,1.0,4.810265141937109e-13,1.0
0.0,1.0,2.5155669104924288e-20,1.0
0.0,1.0,4.413608963981658e-13,1.0
0.0,1.0,1.7516423686465527e-24,1.0
0.0,1.0,4.3013140792191873e-13,1.0
0.0,1.0,4.3698001488991223e-13,1.0
0.0,1.0,4.200248005306606e-13,1.0
0.0,1.0,4.4578739571282666e-13,1.0
0.0,1.0,4.3445276673090283e-13,1.0
0.0,1.0,4.074476758590684e-13,1.0
0.0,1.0,4.4022589935389933e-13,1.0
0.0,1.0,7.73727924178319e-13,1.0
0.0,1.0,3.158503623576503e-12,1.0
0.0,1.0,4.2036301739836746e-13,1.0
0.0,1.0,4.1553379118673683e-13,1.0
0.0,1.0,4.4460962689285566e-13,1.0
0.0,1.0,4.563328339333983e-13,1.0
0.0,1.0,4.040772165654627e-13,1.0
0.0,1.0,4.2510889556798825e-13,1.0
0.0,1.0,6.707562565273772e-13,1.0
0.0,1.0,4.784078406865067e-13,1.0
0.0,1.0,4.144209389718434e-13,1.0
0.0,1.0,4.506466272195808e-13,1.0
0.0,1.0,4.4662995632611946e-13,1.0
0.0,1.0,4.4396135530887226e-13,1.0
0.0,1.0,4.2910957447940545e-13,1.0
0.0,1.0,4.494328899925376e-13,1.0
0.0,1.0,4.2952802230787623e-13,1.0
0.0,1.0,4.692449770762885e-13,1.0
0.0,1.0,4.273037815510222e-13,1.0
0.0,1.0,4.429565167354127e-13,1.0
0.0,1.0,2.2392847993673725e-22,1.0
0.0,1.0,4.159810516879414e-13,1.0
0.0,1.0,4.368383367710227e-13,1.0
0.0,1.0,4.2507807712123535e-13,1.0
0.0,1.0,4.758124775260109e-13,1.0
0.0,1.0,4.0782476137465884e-13,1.0
0.0,1.0,4.519886526686834e-13,1.0
0.0,1.0,4.275826112447312e-13,1.0
0.0,1.0,4.4593026645410594e-13,1.0
0.0,1.0,2.230002293934774e-10,1.0
0.0,1.0,2.8943797669201982e-15,1.0
0.0,1.0,4.5461272008169573e-13,1.0
0.0,1.0,4.3593942474981495e-13,1.0
0.0,1.0,4.459813052713757e-13,1.0
0.0,1.0,4.353660715359503e-13,1.0
0.0,1.0,4.846800044644439e-13,1.0
0.0,1.0,4.261366379123416e-13,1.0
0.0,1.0,4.311581473792625e-13,1.0
0.0,1.0,4.617154640389198e-13,1.0
0.0,1.0,4.660722220488356e-13,1.0
0.0,1.0,4.464085351374436e-13,1.0
0.0,1.0,4.218537682804807e-13,1.0
0.0,1.0,4.900613335273585e-13,1.0
0.0,1.0,4.227510539984297e-13,1.0
0.0,1.0,3.46478679080775e-11,1.0
0.0,1.0,4.4972958191703827e-13,1.0
0.0,1.0,4.5087533966786664e-13,1.0
0.0,1.0,4.196628396353763e-13,1.0
0.0,1.0,5.376288607014668e-13,1.0
0.0,1.0,4.747102233873535e-13,1.0
0.0,1.0,3.3450707448381727e-25,1.0
0.0,1.0,7.059215625243587e-12,1.0
0.0,1.0,4.3219393992474653e-13,1.0
0.0,1.0,4.316987847925724e-13,1.0
0.0,1.0,4.297738651504873e-13,1.0
0.0,1.0,4.554206946456862e-13,1.0
0.0,1.0,3.960530904970061e-13,1.0
0.0,1.0,4.2006887334897214e-13,1.0
0.0,1.0,4.776574643629294e-13,1.0
0.0,1.0,4.5038368108769877e-13,1.0
0.0,1.0,4.3558367091196815e-13,1.0
0.0,1.0,4.4183425906667295e-13,1.0
0.0,1.0,4.010160259415585e-13,1.0
0.0,1.0,4.719530430526142e-13,1.0
0.0,1.0,4.703686984179611e-13,1.0
0.0,1.0,8.14106175487972e-29,1.0
0.0,1.0,4.334553820473791e-13,1.0
0.0,1.0,4.488589133624238e-13,1.0
0.0,1.0,4.5186711360514775e-13,1.0
0.0,1.0,4.643392875064434e-13,1.0
0.0,1.0,4.942243446090511e-13,1.0
0.0,1.0,4.3781929579163326e-13,1.0
0.0,1.0,3.900765073363427e-13,1.0
0.0,1.0,4.2227880263714934e-13,1.0
0.0,1.0,4.005621602828132e-31,1.0
0.0,1.0,4.614161158190966e-13,1.0
0.0,1.0,4.674663976224347e-13,1.0
0.0,1.0,4.549596918819454e-13,1.0
0.0,1.0,4.766154376549536e-13,1.0
0.0,1.0,4.781150518898269e-13,1.0
0.0,1.0,4.3004610831599843e-13,1.0
0.0,1.0,4.168881223304971e-13,1.0
0.0,1.0,4.226994459750194e-13,1.0
0.0,1.0,4.127902989044252e-13,1.0
0.0,1.0,4.3388385874594537e-13,1.0
0.0,1.0,1.2672685166872921e-12,1.0
0.0,1.0,4.492374896560014e-13,1.0
0.0,1.0,4.723997343476782e-13,1.0
0.0,1.0,4.318091565737314e-13,1.0
0.0,1.0,4.0765600530651147e-13,1.0
0.0,1.0,4.4930259599645916e-13,1.0
0.0,1.0,4.169771895389668e-13,1.0
0.0,1.0,1.9994747943641803e-34,1.0
0.0,1.0,4.249564838475911e-13,1.0
0.0,1.0,6.362060943169989e-13,1.0
0.0,1.0,4.2725651033630185e-13,1.0
0.0,1.0,4.764400137434455e-13,1.0
0.0,1.0,4.333066024042598e-13,1.0
0.0,1.0,4.3523488307307956e-13,1.0
0.0,1.0,4.205009550197619e-13,1.0
0.0,1.0,4.735562528050685e-13,1.0
0.0,1.0,4.36145667108076e-13,1.0
0.0,1.0,4.1946277722949843e-13,1.0
0.0,1.0,4.2855256561329103e-13,1.0
0.0,1.0,4.746956950782422e-13,1.0
0.0,1.0,4.039077015557946e-13,1.0
0.0,1.0,4.3606914953975284e-13,1.0
0.0,1.0,4.2332232012311233e-13,1.0
0.0,1.0,4.446664390866939e-13,1.0
0.0,1.0,4.5181799924673416e-13,1.0
0.0,1.0,4.729433533169625e-13,1.0
0.0,1.0,4.585236270532311e-13,1.0
0.0,1.0,5.078230587776678e-13,1.0
0.0,1.0,4.1411671184224397e-13,1.0
0.0,1.0,4.3589784559650013e-13,1.0
0.0,1.0,5.117454311871772e-13,1.0
0.0,1.0,4.369500095947887e-13,1.0
0.0,1.0,3.6859800723348067e-35,1.0
0.0,1.0,4.4275209041579056e-13,1.0
0.0,1.0,4.797254715867283e-13,1.0
0.0,1.0,4.3100687407114646e-13,1.0
0.0,1.0,3.335420047795301e-13,1.0
0.0,1.0,4.628228681378965e-13,1.0
0.0,1.0,4.2348383914175836e-13,1.0
0.0,1.0,4.3840926440379124e-13,1.0
0.0,1.0,4.221531978154669e-13,1.0
0.0,1.0,4.524829133340652e-13,1.0
0.0,1.0,1.8575818917105748e-20,1.0
0.0,1.0,4.658526711089073e-13,1.0
0.0,1.0,4.3043097298217647e-13,1.0
0.0,1.0,1.1200437109001078e-33,1.0
0.0,1.0,4.945977980473637e-13,1.0
0.0,1.0,4.2224177713295896e-13,1.0
0.0,1.0,4.1698513131988024e-13,1.0
0.0,1.0,4.676100002001804e-13,1.0
0.0,1.0,4.3039074908157726e-13,1.0
0.0,1.0,4.174339368091806e-13,1.0
0.0,1.0,4.2606998658378803e-13,1.0
0.0,1.0,4.3613569244808914e-13,1.0
0.0,1.0,4.5037338116706016e-13,1.0
0.0,1.0,4.374077868570664e-13,1.0
0.0,1.0,5.855262563865538e-13,1.0
0.0,1.0,4.769582623818935e-13,1.0
0.0,1.0,0.0,1.0
0.0,1.0,4.171625339003532e-13,1.0
0.0,1.0,4.606794546530013e-12,1.0
0.0,1.0,4.307570196804972e-13,1.0
0.0,1.0,4.40282142341597e-13,1.0
0.0,1.0,4.1237637762002455e-13,1.0
0.0,1.0,2.8279317591662945e-33,1.0
0.0,1.0,4.629985630999478e-13,1.0
0.0,1.0,4.4260940940989146e-13,1.0
0.0,1.0,4.268077048470015e-13,1.0
0.0,1.0,8.322148309022892e-13,1.0
0.0,1.0,5.120988810954075e-13,1.0
0.0,1.0,1.1753629753502581e-12,1.0
0.0,1.0,4.749040245256853e-13,1.0
0.0,1.0,4.672827879845243e-13,1.0
0.0,1.0,4.848639935731147e-13,1.0
0.0,1.0,4.748252030277456e-13,1.0
0.0,1.0,4.735662274650554e-13,1.0
0.0,1.0,4.458783873801525e-13,1.0
0.0,1.0,4.832925509443142e-13,1.0
0.0,1.0,9.747334233159433e-13,1.0
0.0,1.0,4.2715221008730875e-13,1.0
0.0,1.0,4.305902693863689e-13,1.0
0.0,1.0,4.3335701780528035e-13,1.0
0.0,1.0,4.412733470727376e-13,1.0
0.0,1.0,4.167815723619961e-13,1.0
0.0,1.0,4.5397409789704746e-13,1.0
0.0,1.0,4.414956085180971e-13,1.0
0.0,1.0,4.418511184104551e-13,1.0
0.0,1.0,4.591931218947409e-13,1.0
0.0,1.0,5.113843918637395e-13,1.0
0.0,1.0,4.604894482222732e-13,1.0
0.0,1.0,4.266994472600788e-13,1.0
0.0,1.0,4.304785965626029e-13,1.0
0.0,1.0,4.272410333502896e-13,1.0
0.0,1.0,4.276968048385482e-13,1.0
0.0,1.0,4.62210619171094e-13,1.0
0.0,1.0,4.782126300853506e-13,1.0
0.0,1.0,4.2814243903649407e-13,1.0
0.0,1.0,4.615587426148871e-13,1.0
0.0,1.0,1.6850122993066312e-18,1.0
0.0,1.0,1.6640209175855514e-12,1.0
0.0,1.0,4.601707469936711e-13,1.0
0.0,1.0,6.216308934617332e-13,1.0
0.0,1.0,4.4552897612501474e-13,1.0
0.0,1.0,4.148796378059677e-13,1.0
0.0,1.0,5.359231938437126e-13,1.0
0.0,1.0,1.1740678958552242e-12,1.0
0.0,1.0,4.3734522839171397e-13,1.0
0.0,1.0,4.433926912694036e-13,1.0
0.0,1.0,7.115052904488328e-13,1.0
0.0,1.0,4.477234013221254e-13,1.0
0.0,1.0,4.1294542113025356e-13,1.0
0.0,1.0,4.922966331463718e-13,1.0
0.0,1.0,5.280755758889366e-13,1.0
0.0,1.0,4.317992632289075e-13,1.0
0.0,1.0,4.4158150443521227e-13,1.0
0.0,1.0,6.561524327347579e-13,1.0
0.0,1.0,4.98091097447112e-13,1.0
0.0,1.0,4.852692141350812e-13,1.0
0.0,1.0,4.4024267738251854e-13,1.0
0.0,1.0,4.471874259781572e-13,1.0
0.0,1.0,1.2517401394920857e-12,1.0
0.0,1.0,4.521309270987678e-13,1.0
0.0,1.0,4.2533598171301534e-13,1.0
0.0,1.0,5.045597186587036e-13,1.0
0.0,1.0,4.4443835005465726e-13,1.0
0.0,1.0,4.230382049438125e-13,1.0
0.0,1.0,4.206565651365679e-13,1.0
0.0,1.0,5.801557693453641e-13,1.0
0.0,1.0,4.295640720301114e-13,1.0
0.0,1.0,4.851100532561603e-13,1.0
0.0,1.0,4.382771543690739e-13,1.0
0.0,1.0,4.559430632523898e-13,1.0
0.0,1.0,4.4490059965089646e-13,1.0
0.0,1.0,3.934742614196407e-13,1.0
0.0,1.0,4.707321771962869e-13,1.0
0.0,1.0,4.56933807197607e-13,1.0
0.0,1.0,7.391755935635957e-13,1.0
0.0,1.0,4.720295335158831e-13,1.0
0.0,1.0,4.743671818199791e-13,1.0
0.0,1.0,4.4246507499567933e-13,1.0
0.0,1.0,4.669067866711063e-13,1.0
0.0,1.0,4.2391700501472063e-13,1.0
0.0,1.0,1.455919532069444e-14,1.0
0.0,1.0,4.3385323003457266e-13,1.0
0.0,1.0,4.1804187607234755e-13,1.0
0.0,1.0,4.942799641804996e-13,1.0
0.0,1.0,4.557900281157434e-13,1.0
0.0,1.0,7.098407690635244e-13,1.0
0.0,1.0,4.461642372829283e-13,1.0
0.0,1.0,4.273738752214734e-13,1.0
0.0,1.0,4.3650353514015916e-13,1.0
0.0,1.0,4.81270622312846e-13,1.0
0.0,1.0,4.605263653062464e-13,1.0
0.0,1.0,4.385522706703421e-13,1.0
0.0,1.0,5.071367588024844e-13,1.0
0.0,1.0,4.230091754306442e-13,1.0
0.0,1.0,4.346425563211964e-13,1.0
0.0,1.0,4.552374644785362e-13,1.0
0.0,1.0,4.2590749178318676e-13,1.0
0.0,1.0,4.880548547768482e-13,1.0
0.0,1.0,4.590617708015443e-13,1.0
0.0,1.0,4.4968155176079716e-13,1.0
0.0,1.0,4.1596438207953945e-13,1.0
0.0,1.0,4.0647197521899436e-13,1.0
0.0,1.0,1.1001360412932204e-12,1.0
0.0,1.0,4.60956956199049e-13,1.0
0.0,1.0,4.176808367489099e-13,1.0
0.0,1.0,4.617911955606679e-13,1.0
0.0,1.0,4.356185822219222e-13,1.0
0.0,1.0,5.248653074663157e-13,1.0
0.0,1.0,4.646422678035445e-13,1.0
0.0,1.0,4.601101943023378e-13,1.0
0.0,1.0,4.3376635833550226e-13,1.0
0.0,1.0,4.635313942576158e-13,1.0
0.0,1.0,4.3556873602704216e-13,1.0
0.0,1.0,3.288494032882257e-15,1.0
0.0,1.0,4.4602724833843477e-13,1.0
0.0,1.0,9.129960676368398e-11,1.0
0.0,1.0,4.874082908112864e-13,1.0
0.0,1.0,4.589830035137132e-13,1.0
0.0,1.0,4.229091306751781e-13,1.0
0.0,1.0,4.1974930475863204e-13,1.0
0.0,1.0,4.36893332926222e-13,1.0
0.0,1.0,4.4154109079923287e-13,1.0
0.0,1.0,4.4015873302931385e-13,1.0
0.0,1.0,5.536211041699088e-25,1.0
0.0,1.0,4.1206266372141587e-13,1.0
0.0,1.0,4.312469706422434e-13,1.0
0.0,1.0,4.284495935119592e-13,1.0
0.0,1.0,4.2719940644725016e-21,1.0
0.0,1.0,4.532205502821157e-13,1.0
0.0,1.0,4.036543235080847e-13,1.0
0.0,1.0,1.5453866581083275e-05,0.9999797940254211
0.0,1.0,4.238660746176681e-13,1.0
0.0,1.0,4.232666192365009e-13,1.0
0.0,1.0,4.650847307101358e-13,1.0
0.0,1.0,4.1102730485680083e-13,1.0
0.0,1.0,4.701570079437833e-13,1.0
0.0,1.0,4.913707244910692e-13,1.0
0.0,1.0,4.3480342481853895e-13,1.0
0.0,1.0,2.4996189366655282e-37,1.0
0.0,1.0,4.311713204356582e-13,1.0
0.0,1.0,4.514897841440685e-13,1.0
0.0,1.0,4.3133419470701984e-13,1.0
0.0,1.0,4.1029335419613677e-13,1.0
0.0,1.0,4.4450193851207354e-13,1.0
0.0,1.0,4.1433241386445996e-13,1.0
0.0,1.0,4.179757126347716e-13,1.0
0.0,1.0,4.3709171481873255e-13,1.0
0.0,1.0,4.593815020222103e-13,1.0
0.0,1.0,4.54540756162497e-13,1.0
0.0,1.0,4.4592855883568427e-13,1.0
0.0,1.0,1.613573329773784e-22,1.0
0.0,1.0,1.3568473874789848e-16,1.0
0.0,1.0,4.2313342499961104e-13,1.0
0.0,1.0,4.707932177785978e-13,1.0
0.0,1.0,5.008204137860184e-13,1.0
0.0,1.0,4.451110975026845e-13,1.0
0.0,1.0,1.234865140061597e-20,1.0
0.0,1.0,4.925689847321002e-13,1.0
0.0,1.0,4.60754806703989e-13,1.0
0.0,1.0,4.366217673870687e-13,1.0
0.0,1.0,4.4195056685472633e-13,1.0
0.0,1.0,4.151931348641419e-13,1.0
0.0,1.0,7.647312145510343e-13,1.0
0.0,1.0,4.4613103359139594e-13,1.0
0.0,1.0,4.628061172143316e-13,1.0
0.0,1.0,5.167526562904756e-13,1.0
0.0,1.0,3.972257364617121e-13,1.0
0.0,1.0,5.001464737156014e-13,1.0
0.0,1.0,4.473392955974681e-13,1.0
0.0,1.0,4.231786362302037e-13,1.0
0.0,1.0,4.294518300002048e-13,1.0
0.0,1.0,4.5465692842527883e-13,1.0
0.0,1.0,4.609877475407476e-13,1.0
0.0,1.0,4.2458945430715045e-13,1.0
0.0,1.0,4.2985995080298267e-13,1.0
0.0,1.0,4.528377456000654e-13,1.0
0.0,1.0,1.750491418484046e-11,1.0
0.0,1.0,4.480164069592396e-13,1.0
0.0,1.0,5.107965916559265e-13,1.0
0.0,1.0,4.593140104369731e-13,1.0
0.0,1.0,0.0,1.0
0.0,1.0,5.416864331218851e-13,1.0
0.0,1.0,6.770997608082641e-13,1.0
0.0,1.0,4.494534627287605e-13,1.0
0.0,1.0,4.056053453174724e-13,1.0
0.0,1.0,4.882680631340675e-13,1.0
0.0,1.0,1.0504291901092862e-14,1.0
0.0,1.0,3.880942232121576e-25,1.0
0.0,1.0,5.617166345776858e-13,1.0
0.0,1.0,4.627752174524158e-13,1.0
0.0,1.0,4.627134179285841e-13,1.0
0.0,1.0,4.2916115539776145e-13,1.0
0.0,1.0,4.454822470113806e-13,1.0
0.0,1.0,5.08150542043867e-13,1.0
0.0,1.0,4.4509242212026345e-13,1.0
0.0,1.0,4.0713848850452983e-13,1.0
0.0,1.0,4.556501118253842e-13,1.0
0.0,1.0,4.555796928942812e-13,1.0
0.0,1.0,5.19579225564254e-13,1.0
0.0,1.0,4.2236098516182374e-13,1.0
0.0,1.0,4.418544794371898e-13,1.0
0.0,1.0,2.8996218605806845e-20,1.0
0.0,1.0,4.5195848474323397e-13,1.0
0.0,1.0,4.108697431760844e-13,1.0
0.0,1.0,4.470782739244422e-13,1.0
0.0,1.0,4.534168179803899e-13,1.0
0.0,1.0,4.4784298882175055e-13,1.0
0.0,1.0,4.2546256231665303e-13,1.0
0.0,1.0,4.4953575367365217e-13,1.0
0.0,1.0,4.623852299309728e-13,1.0
0.0,1.0,4.5437519849075847e-13,1.0
0.0,1.0,0.0,1.0
0.0,1.0,1.0702942070999791e-35,1.0
0.0,1.0,4.4565986643228805e-13,1.0
0.0,1.0,4.627875773571821e-13,1.0
0.0,1.0,5.801424878687511e-13,1.0
0.0,1.0,4.192724184330643e-13,1.0
0.0,1.0,4.853729180728794e-13,1.0
0.0,1.0,4.875812752679065e-13,1.0
0.0,1.0,4.4530300128721445e-13,1.0
0.0,1.0,4.848214386378447e-13,1.0
0.0,1.0,4.574395333009629e-13,1.0
0.0,1.0,4.55663122251454e-13,1.0
0.0,1.0,3.678098407441932e-13,1.0
0.0,1.0,3.848127599990342e-13,1.0
0.0,1.0,3.842252850518729e-13,1.0
0.0,1.0,3.834565586065264e-13,1.0
0.0,1.0,3.8311880252474284e-13,1.0
0.0,1.0,3.816448296712488e-13,1.0
0.0,1.0,2.9718996746593463e-18,1.0
0.0,1.0,4.032605310750128e-31,1.0
0.0,1.0,4.041319416701189e-13,1.0
0.0,1.0,3.7585199167376737e-13,1.0
0.0,1.0,3.8362482678369614e-13,1.0
0.0,1.0,1.7144229004101905e-25,1.0
0.0,1.0,3.80091682954109e-13,1.0
0.0,1.0,4.0712450229650476e-13,1.0
0.0,1.0,4.1037789486053633e-13,1.0
0.0,1.0,3.86098623775602e-13,1.0
0.0,1.0,3.974682453826428e-13,1.0
0.0,1.0,3.7653506614748755e-13,1.0
0.0,1.0,3.7409829465977207e-13,1.0
0.0,1.0,3.867317165291706e-13,1.0
0.0,1.0,8.112788501443008e-29,1.0
0.0,1.0,5.116888358337734e-13,1.0
0.0,1.0,3.8768296841025507e-13,1.0
0.0,1.0,3.9425778722464166e-13,1.0
0.0,1.0,3.7129183733629334e-13,1.0
0.0,1.0,3.7761100127840785e-13,1.0
0.0,1.0,4.0863143489604237e-13,1.0
0.0,1.0,3.901613461563397e-13,1.0
0.0,1.0,1.2414756722645137e-12,1.0
0.0,1.0,3.655424758459286e-13,1.0
0.0,1.0,3.377286676353152e-28,1.0
0.0,1.0,4.00332057001046e-13,1.0
0.0,1.0,2.8870978795920342e-33,1.0
0.0,1.0,1.7128000406874122e-12,1.0
0.0,1.0,6.949663284086527e-13,1.0
0.0,1.0,0.0,1.0
0.0,1.0,0.0,1.0
0.0,1.0,3.0786135059075803e-34,1.0
0.0,1.0,1.8345175076344802e-37,1.0
0.0,1.0,3.8500878375181957e-13,1.0
0.0,1.0,3.854217021492107e-13,1.0
0.0,1.0,2.5492666216545966e-16,1.0
0.0,1.0,3.904010361516219e-13,1.0
0.0,1.0,4.0584601109470986e-13,1.0
0.0,1.0,3.774425162608036e-13,1.0
0.0,1.0,8.068585753441808e-38,1.0
0.0,1.0,3.791749900172725e-13,1.0
0.0,1.0,0.0,1.0
0.0,1.0,3.970579308077753e-34,1.0
0.0,1.0,9.690781070551822e-31,1.0
0.0,1.0,3.8628277551459866e-13,1.0
0.0,1.0,0.0,1.0
0.0,1.0,3.1367752306953897e-32,1.0
0.0,1.0,1.7667994342447397e-35,1.0
0.0,1.0,1.3428479511964089e-37,1.0
0.0,1.0,3.9005121832066947e-13,1.0
0.0,1.0,1.7153751437203333e-36,1.0
0.0,1.0,6.862325716814313e-34,1.0
0.0,1.0,1.1922087666052517e-12,1.0
0.0,1.0,1.1019752276485162e-13,1.0
0.0,1.0,4.831971466455748e-34,1.0
0.0,1.0,5.8908277203515085e-36,1.0
0.0,1.0,8.74435639993092e-36,1.0
0.0,1.0,1.003960008540127e-30,1.0
0.0,1.0,3.2760457442657004e-32,1.0
0.0,1.0,3.070483320724571e-13,1.0
0.0,1.0,3.884653558029749e-13,1.0
0.0,1.0,4.08404674011667e-13,1.0
0.0,1.0,3.802852943570606e-13,1.0
0.0,1.0,3.9460988188015633e-13,1.0
0.0,1.0,4.176306652933781e-13,1.0
0.0,1.0,3.88299418660476e-13,1.0
0.0,1.0,3.9918678714119527e-13,1.0
0.0,1.0,1.2009888526384738e-12,1.0
0.0,1.0,3.7086292695685807e-13,1.0
0.0,1.0,3.769619165427951e-13,1.0
0.0,1.0,3.832642753512361e-13,1.0
0.0,1.0,3.682689461541322e-13,1.0
0.0,1.0,3.9065430577911453e-13,1.0
0.0,1.0,4.4787714119018385e-13,1.0
0.0,1.0,1.0991709265543178e-20,1.0
0.0,1.0,4.602822029770026e-13,1.0
0.0,1.0,3.805871633469349e-13,1.0
0.0,1.0,3.7629383116410953e-13,1.0
0.0,1.0,3.149244580895325e-32,1.0
0.0,1.0,3.799648312999282e-13,1.0
0.0,1.0,7.66924840571108e-33,1.0
0.0,1.0,3.8641984577425514e-13,1.0
0.0,1.0,3.9556994290389225e-13,1.0
0.0,1.0,1.3425816956390193e-14,1.0
0.0,1.0,6.94120174210726e-27,1.0
0.0,1.0,6.140703212604294e-27,1.0
0.0,1.0,3.764072658164058e-13,1.0
0.0,1.0,3.964778809081859e-13,1.0
0.0,1.0,4.244671834071484e-13,1.0
0.0,1.0,3.8265725765991576e-13,1.0
0.0,1.0,4.0147597160818116e-13,1.0
0.0,1.0,6.401111229210656e-31,1.0
0.0,1.0,4.0635027352513287e-13,1.0
0.0,1.0,3.856430420227236e-13,1.0
0.0,1.0,3.8428025410201794e-13,1.0
0.0,1.0,3.953557045546091e-13,1.0
0.0,1.0,3.8977160258038546e-13,1.0
0.0,1.0,4.103912034422036e-13,1.0
0.0,1.0,5.335105429510602e-23,1.0
0.0,1.0,4.1682561417544246e-23,1.0
0.0,1.0,4.100711740659402e-13,1.0
0.0,1.0,5.762975681519386e-14,1.0
0.0,1.0,3.8482230097815207e-13,1.0
0.0,1.0,3.8026935658512506e-13,1.0
0.0,1.0,1.925484728257376e-12,1.0
0.0,1.0,2.9400314648098114e-12,1.0
0.0,1.0,2.4390118501563016e-17,1.0
0.0,1.0,4.1259587434984424e-13,1.0
0.0,1.0,4.646485019660362e-13,1.0
0.0,1.0,3.8521884792273864e-13,1.0
0.0,1.0,3.9301146972231527e-13,1.0
0.0,1.0,3.970772549741902e-13,1.0
0.0,1.0,3.762815059538127e-10,1.0
0.0,1.0,3.8820907751445366e-13,1.0
0.0,1.0,3.8581152704032784e-13,1.0
0.0,1.0,3.7933992427276186e-13,1.0
0.0,1.0,4.0795857902779786e-13,1.0
0.0,1.0,3.819179130934436e-13,1.0
0.0,1.0,3.821007908948876e-13,1.0
0.0,1.0,1.0481531441397518e-11,1.0
0.0,1.0,7.381342964942675e-21,1.0
0.0,1.0,4.654823076467862e-13,1.0
0.0,1.0,3.7378588180377037e-13,1.0
0.0,1.0,3.963644462558896e-13,1.0
0.0,1.0,6.690913156859324e-09,1.0
0.0,1.0,3.787138517282601e-13,1.0
0.0,1.0,3.791655845634262e-13,1.0
0.0,1.0,3.9531046621896215e-13,1.0
0.0,1.0,3.862584622808807e-13,1.0
0.0,1.0,3.816470251806481e-13,1.0
0.0,1.0,3.905500055301214e-13,1.0
0.0,1.0,3.7245507784715304e-13,1.0
0.0,1.0,3.702346046928484e-13,1.0
0.0,1.0,1.2809756833543946e-33,1.0
0.0,1.0,3.3315990195383863e-32,1.0
0.0,1.0,1.3305484503850157e-30,1.0
0.0,1.0,3.895523497960546e-13,1.0
0.0,1.0,3.9303846635641015e-13,1.0
0.0,1.0,2.3929293876262525e-12,1.0
0.0,1.0,2.662950589205071e-12,1.0
0.0,1.0,3.6782106223667843e-13,1.0
0.0,1.0,1.0187689464066336e-26,1.0
0.0,1.0,3.8044418418543835e-13,1.0
0.0,1.0,3.757480437904803e-13,1.0
0.0,1.0,3.833870883523244e-13,1.0
0.0,1.0,3.8245733077930943e-13,1.0
0.0,1.0,3.8528294163530795e-16,1.0
0.0,1.0,5.591788967626576e-13,1.0
0.0,1.0,4.600269817855995e-16,1.0
0.0,1.0,5.5709424703551114e-14,1.0
0.0,1.0,3.9198510973573186e-13,1.0
0.0,1.0,3.6524556708099343e-13,1.0
0.0,1.0,3.8696341053343075e-13,1.0
0.0,1.0,3.7885908060926454e-13,1.0
0.0,1.0,3.756857021655624e-13,1.0
0.0,1.0,3.7778246785198644e-13,1.0
0.0,1.0,4.207175515087702e-13,1.0
0.0,1.0,1.3082008261593771e-25,1.0
0.0,1.0,3.9206810541203563e-13,1.0
0.0,1.0,4.959703979977304e-13,1.0
0.0,1.0,3.88366801825496e-13,1.0
0.0,1.0,4.933588260147559e-13,1.0
0.0,1.0,3.878286580771828e-13,1.0
0.0,1.0,4.039400649906433e-13,1.0
0.0,1.0,3.8249890993262425e-13,1.0
0.0,1.0,4.679614985445002e-13,1.0
0.0,1.0,4.100758632403362e-13,1.0
0.0,1.0,1.1016930640331268e-14,1.0
0.0,1.0,3.835735982310462e-13,1.0
0.0,1.0,3.823435437613071e-13,1.0
0.0,1.0,3.73314931485097e-13,1.0
0.0,1.0,3.6593452335149934e-13,1.0
0.0,1.0,3.205569983802094e-16,1.0
0.0,1.0,3.963342241203316e-13,1.0
0.0,1.0,3.6494613754600724e-13,1.0
0.0,1.0,1.9536514496421958e-16,1.0
0.0,1.0,3.7518873099474936e-13,1.0
0.0,1.0,3.9099271238220157e-13,1.0
0.0,1.0,3.905671359244467e-13,1.0
0.0,1.0,3.9629416285005825e-13,1.0
0.0,1.0,3.784603923653873e-13,1.0
0.0,1.0,3.924796143466025e-13,1.0
0.0,1.0,3.849206652202508e-13,1.0
0.0,1.0,3.89729969216962e-13,1.0
0.0,1.0,3.765235736044592e-13,1.0
0.0,1.0,3.793768142516807e-13,1.0
0.0,1.0,1.3426999266939616e-21,1.0
0.0,1.0,4.0646034715069446e-13,1.0
0.0,1.0,3.7028897743179856e-13,1.0
0.0,1.0,2.608128529346074e-16,1.0
0.0,1.0,1.439176316504363e-15,1.0
0.0,1.0,3.7613597132779564e-13,1.0
0.0,1.0,3.847489004910748e-13,1.0
0.0,1.0,3.785094796187466e-13,1.0
0.0,1.0,3.1845985809346444e-13,1.0
0.0,1.0,3.408830021641579e-13,1.0
0.0,1.0,3.1876918097327456e-13,1.0
0.0,1.0,2.603128574550345e-24,1.0
0.0,1.0,2.5540087406072942e-11,1.0
0.0,1.0,3.1869683758331546e-13,1.0
0.0,1.0,3.1863850750643574e-13,1.0
0.0,1.0,3.184440829518548e-13,1.0
0.0,1.0,3.190167314343073e-13,1.0
0.0,1.0,3.1864213958371357e-13,1.0
0.0,1.0,3.187923015846028e-13,1.0
0.0,1.0,4.559699975169436e-32,1.0
0.0,1.0,8.708903281688662e-13,1.0
0.0,1.0,3.1850298223487505e-13,1.0
0.0,1.0,3.187162990123116e-13,1.0
0.0,1.0,2.671930232622799e-08,0.9999999403953552
0.0,1.0,6.503734940441963e-28,1.0
0.0,1.0,7.404908270429393e-17,1.0
0.0,1.0,3.1858562554547276e-13,1.0
0.0,1.0,3.184112858361371e-13,1.0
0.0,1.0,3.186324088692155e-13,1.0
0.0,1.0,2.7206666502072605e-16,1.0
0.0,1.0,5.354772528165519e-11,1.0
0.0,1.0,2.0373381914851052e-07,0.9999998807907104
0.0,1.0,3.1860386724702483e-13,1.0
0.0,1.0,3.5641536380234817e-13,1.0
0.0,1.0,3.1851634502665094e-13,1.0
0.0,1.0,3.187284420766434e-13,1.0
0.0,1.0,1.0355743172707488e-11,1.0
0.0,1.0,3.223133294549124e-13,1.0
0.0,1.0,3.1854429033764675e-13,1.0
0.0,1.0,3.52721844787407e-11,1.0
0.0,1.0,3.229274486704625e-13,1.0
0.0,1.0,1.2792117625587407e-12,1.0
0.0,1.0,0.0,1.0
0.0,1.0,6.322289891613764e-08,0.9999998807907104
0.0,1.0,3.2428104797775636e-13,1.0
0.0,1.0,4.4490398778268547e-13,1.0
0.0,1.0,3.1864032354507466e-13,1.0
0.0,1.0,7.735795156547446e-19,1.0
0.0,1.0,3.1960810950928953e-13,1.0
0.0,1.0,2.883426962715055e-22,1.0
0.0,1.0,3.1856434807783773e-13,1.0
0.0,1.0,2.4383682876661697e-26,1.0
0.0,1.0,3.1864032354507466e-13,1.0
0.0,1.0,1.1695178679660412e-11,1.0
0.0,1.0,3.1860568328566374e-13,1.0
0.0,1.0,9.757751247632673e-13,1.0
0.0,1.0,3.184956909752651e-13,1.0
0.0,1.0,3.185479495199789e-13,1.0
0.0,1.0,3.1891451827449624e-13,1.0
0.0,1.0,2.804294796376894e-09,1.0
0.0,1.0,3.1857893059705766e-13,1.0
0.0,1.0,5.180582525465827e-13,1.0
0.0,1.0,3.1859717229860973e-13,1.0
0.0,1.0,1.1578923930777307e-10,1.0
0.0,1.0,0.0,1.0
0.0,1.0,1.6932866903715757e-17,1.0
0.0,1.0,3.1932721983145285e-13,1.0
0.0,1.0,3.1866463677879264e-13,1.0
0.0,1.0,3.1868832659626145e-13,1.0
0.0,1.0,9.361569433273975e-18,1.0
0.0,1.0,5.316521962256404e-13,1.0
0.0,1.0,3.189327870811026e-13,1.0
0.0,1.0,7.955520964220142e-11,1.0
0.0,1.0,3.186956178558714e-13,1.0
0.0,1.0,3.7389332965366525e-18,1.0
0.0,1.0,3.890853417232165e-09,1.0
0.0,1.0,3.1878923871346554e-13,1.0
0.0,1.0,3.184780726899622e-13,1.0
0.0,1.0,8.352764751575806e-31,1.0
0.0,1.0,2.597996535769198e-05,0.9999667406082153
0.0,1.0,1.419181287244664e-12,1.0
0.0,1.0,3.1870171649309165e-13,1.0
0.0,1.0,3.1854916924742294e-13,1.0
0.0,1.0,3.186585381415724e-13,1.0
0.0,1.0,3.1866401336254346e-13,1.0
0.0,1.0,3.186372877789917e-13,1.0
0.0,1.0,3.189790011987048e-13,1.0
0.0,1.0,3.8784196665885007e-13,1.0
0.0,1.0,5.206184094941335e-11,1.0
0.0,1.0,3.1859413653252677e-13,1.0
0.0,1.0,3.1860083148094187e-13,1.0
0.0,1.0,3.1861844976624476e-13,1.0
0.0,1.0,2.7917194584162718e-14,1.0
0.0,1.0,3.3325203490849886e-13,1.0
0.0,1.0,3.1895165219890387e-13,1.0
0.0,1.0,3.185825897793898e-13,1.0
0.0,1.0,3.1865794183037754e-13,1.0
0.0,1.0,3.188804743262802e-13,1.0
0.0,1.0,7.752893921471327e-13,1.0
0.0,1.0,1.1326614091089482e-09,1.0
0.0,1.0,3.212478568749566e-13,1.0
0.0,1.0,3.1846592962563036e-13,1.0
0.0,1.0,1.2069357557646654e-13,1.0
0.0,1.0,0.0,1.0
0.0,1.0,1.353474515623787e-12,1.0
0.0,1.0,3.186676725448756e-13,1.0
0.0,1.0,3.1857041961000365e-13,1.0
0.0,1.0,3.258235695136058e-13,1.0
0.0,1.0,3.1857893059705766e-13,1.0
0.0,1.0,6.560147390588522e-13,1.0
0.0,1.0,3.2053911391480283e-13,1.0
0.0,1.0,3.2933749585968564e-13,1.0
0.0,1.0,3.1859232049388786e-13,1.0
0.0,1.0,3.185048253785683e-13,1.0
0.0,1.0,0.0,1.0
0.0,1.0,3.6068888219047135e-13,1.0
0.0,1.0,3.1849024285934835e-13,1.0
0.0,1.0,3.176227455960884e-13,1.0
0.0,1.0,3.185607160005599e-13,1.0
0.0,1.0,3.184258412503027e-13,1.0
0.0,1.0,3.1919993449640305e-13,1.0
0.0,1.0,3.185607160005599e-13,1.0
0.0,1.0,3.183220017872329e-13,1.0
0.0,1.0,3.1877587592168966e-13,1.0
0.0,1.0,3.185497655586178e-13,1.0
0.0,1.0,2.1210854253550515e-12,1.0
0.0,1.0,3.237952440893199e-13,1.0
0.0,1.0,3.2317269520187875e-13,1.0
0.0,1.0,3.013916156577312e-13,1.0
0.0,1.0,7.647758815121364e-11,1.0
0.0,1.0,3.184495310677715e-13,1.0
0.0,1.0,1.8496950815460877e-07,0.9999997615814209
0.0,1.0,3.1845744574363066e-13,1.0
0.0,1.0,3.185765182472239e-13,1.0
0.0,1.0,3.5524800332323303e-13,1.0
0.0,1.0,3.3089777120610953e-13,1.0
0.0,1.0,3.198441132171853e-13,1.0
0.0,1.0,3.186616010127097e-13,1.0
0.0,1.0,9.764613345760597e-26,1.0
0.0,1.0,3.1845744574363066e-13,1.0
0.0,1.0,3.1853762249428597e-13,1.0
0.0,1.0,8.032578771537464e-19,1.0
0.0,1.0,3.1896319895204084e-13,1.0
0.0,1.0,3.5728180396848996e-13,1.0
0.0,1.0,1.5915951916377835e-23,1.0
0.0,1.0,3.1867496380448557e-13,1.0
0.0,1.0,3.1863850750643574e-13,1.0
0.0,1.0,2.324603400397085e-12,1.0
0.0,1.0,3.4699121847998936e-15,1.0
0.0,1.0,2.6828439558812534e-07,0.9999997615814209
0.0,1.0,3.2279444416895287e-13,1.0
0.0,1.0,3.185722627536969e-13,1.0
0.0,1.0,3.1897170993909485e-13,1.0
0.0,1.0,3.185394385329249e-13,1.0
0.0,1.0,1.3338585453243774e-20,1.0
0.0,1.0,3.186542826480454e-13,1.0
0.0,1.0,3.1849631439151427e-13,1.0
0.0,1.0,3.187029091154814e-13,1.0
0.0,1.0,3.3784983816641245e-13,1.0
0.0,1.0,3.677572912863525e-09,1.0
0.0,1.0,3.219925682421826e-13,1.0
0.0,1.0,3.1845744574363066e-13,1.0
0.0,1.0,3.186652330899875e-13,1.0
0.0,1.0,6.111962742557167e-14,1.0
0.0,1.0,3.186245212984107e-13,1.0
0.0,1.0,3.186901697399547e-13,1.0
0.0,1.0,3.2672158706802124e-13,1.0
0.0,1.0,3.459131581434044e-13,1.0
0.0,1.0,3.185935131162776e-13,1.0
0.0,1.0,3.185825897793898e-13,1.0
0.0,1.0,3.2076966950678187e-13,1.0
0.0,1.0,3.1862267815471745e-13,1.0
0.0,1.0,3.2890183632172665e-13,1.0
0.0,1.0,3.1866401336254346e-13,1.0
0.0,1.0,3.1873210125897555e-13,1.0
0.0,1.0,4.000127352984374e-22,1.0
0.0,1.0,3.237174525834441e-13,1.0
0.0,1.0,5.365728783264349e-35,1.0
0.0,1.0,3.1865187029821163e-13,1.0
0.0,1.0,3.1862330157096663e-13,1.0
0.0,1.0,3.1854916924742294e-13,1.0
0.0,1.0,3.1878864240227067e-13,1.0
0.0,1.0,3.36039631049207e-23,1.0
0.0,1.0,3.1846229754835254e-13,1.0
0.0,1.0,3.1857041961000365e-13,1.0
0.0,1.0,3.1868895001251063e-13,1.0
0.0,1.0,3.1859717229860973e-13,1.0
0.0,1.0,3.18526075741149e-13,1.0
0.0,1.0,3.184938749366262e-13,1.0
0.0,1.0,6.489722344364342e-31,1.0
0.0,1.0,2.6470910532983005e-11,1.0
0.0,1.0,3.187223705444775e-13,1.0
0.0,1.0,9.62227918803901e-28,1.0
0.0,1.0,3.186391038176306e-13,1.0
0.0,1.0,3.1620951516930784e-13,1.0
0.0,1.0,3.185886613115557e-13,1.0
0.0,1.0,1.5339427644756043e-11,1.0
0.0,1.0,3.1849875384640236e-13,1.0
0.0,1.0,7.046174754776757e-10,1.0
0.0,1.0,3.185108969107342e-13,1.0
0.0,1.0,3.1850967718329015e-13,1.0
0.0,1.0,5.967045467132777e-21,1.0
0.0,1.0,3.3497393769378603e-13,1.0
0.0,1.0,3.234742389311013e-13,1.0
0.0,1.0,3.18521820247622e-13,1.0
0.0,1.0,5.729491741857229e-18,1.0
0.0,1.0,4.516357773876045e-11,1.0
0.0,1.0,3.6155261185118193e-13,1.0
0.0,1.0,3.188184308569597e-13,1.0
0.0,1.0,1.3181233882164634e-11,1.0
0.0,1.0,3.1858380950683385e-13,1.0
0.0,1.0,3.1847262457404546e-13,1.0
0.0,1.0,3.18513309260568e-13,1.0
