1.0,0.0,0.9999987483024597,1.5424715229528374e-06
1.0,0.0,1.0,7.833088344622041e-12
1.0,0.0,1.0,3.779412567242446e-27
1.0,0.0,1.0,2.479143887385406e-15
1.0,0.0,1.0,0.0
1.0,0.0,1.0,1.7226288754820795e-12
1.0,0.0,1.0,4.9968241350173415e-12
1.0,0.0,1.0,2.495762711079985e-12
1.0,0.0,1.0,2.1763118149582595e-27
1.0,0.0,1.0,1.2699660212334152e-09
1.0,0.0,1.0,1.1700789805373785e-13
1.0,0.0,1.0,0.0
1.0,0.0,1.0,2.150147310799106e-17
1.0,0.0,1.0,3.0853239962880252e-09
1.0,0.0,1.0,1.318520639892462e-11
1.0,0.0,0.9999999403953552,7.12370606947843e-08
1.0,0.0,1.0,1.9352085038615296e-12
1.0,0.0,0.999999463558197,8.78857633779262e-07
1.0,0.0,1.0,2.1501844749138854e-09
1.0,0.0,1.0,2.0385754720857128e-20
1.0,0.0,1.0,7.239695953842329e-09
1.0,0.0,1.0,5.3368066910142176e-11
1.0,0.0,1.0,5.520303832107221e-12
1.0,0.0,1.0,2.736544768566773e-09
1.0,0.0,1.0,0.0
1.0,0.0,1.0,9.1701268800648e-09
1.0,0.0,1.0,8.142485370308226e-15
1.0,0.0,1.0,4.352322113820861e-10
1.0,0.0,1.0,1.915086362061502e-12
1.0,0.0,1.0,1.6588826146080038e-10
1.0,0.0,0.999993622303009,6.2229169088823255e-06
1.0,0.0,1.0,7.858953071648855e-11
1.0,0.0,0.9999984502792358,1.6371378706026007e-06
1.0,0.0,0.9999998807907104,6.194060375719346e-08
1.0,0.0,1.0,1.1085960274770379e-11
1.0,0.0,0.9999998211860657,1.8919112676485383e-07
1.0,0.0,1.0,1.2277795510010287e-16
1.0,0.0,1.0,1.1254574355801239e-10
1.0,0.0,1.0,2.3588631048454545e-10
1.0,0.0,1.0,1.3800442733025164e-10
1.0,0.0,1.0,3.2556017881546495e-09
1.0,0.0,1.0,3.0574964782204006e-10
1.0,0.0,0.9999961853027344,6.576902251254069e-06
1.0,0.0,1.0,4.8833468518916234e-11
1.0,0.0,1.0,6.37985705931321e-11
1.0,0.0,1.0,8.002916107585634e-10
1.0,0.0,1.0,2.59476186197094e-12
1.0,0.0,1.0,1.2228723715002293e-15
1.0,0.0,1.0,3.618083449813574e-18
1.0,0.0,1.0,5.283909754183469e-09
1.0,0.0,1.0,6.054098533798437e-15
1.0,0.0,0.9999595284461975,4.70682316517923e-05
1.0,0.0,1.0,9.10540975951335e-10
1.0,0.0,1.0,9.233008526162616e-17
1.0,0.0,1.0,2.833775423517759e-13
1.0,0.0,1.0,1.6294765829618502e-14
1.0,0.0,0.9999997019767761,3.67189812777724e-07
1.0,0.0,1.0,1.7389640075138324e-11
1.0,0.0,1.0,2.416565211826871e-11
1.0,0.0,1.0,2.1025648670042196e-12
1.0,0.0,1.0,9.199347950072934e-09
1.0,0.0,1.0,1.610523373734088e-14
1.0,0.0,1.0,1.4973744680025483e-15
1.0,0.0,1.0,1.0331071799906874e-13
1.0,0.0,1.0,1.5426313004773817e-10
1.0,0.0,1.0,1.4489654268090568e-11
1.0,0.0,1.0,3.064579839895387e-13
1.0,0.0,1.0,9.311758449818269e-14
1.0,0.0,1.0,4.23436008478717e-10
1.0,0.0,1.0,1.2183159212378336e-12
1.0,0.0,1.0,4.722827018355247e-09
1.0,0.0,1.0,2.140045681896935e-13
1.0,0.0,0.9999979138374329,1.9243395854573464e-06
1.0,0.0,0.9999991059303284,1.1088628752986551e-06
1.0,0.0,1.0,2.003219812252155e-11
1.0,0.0,1.0,3.072649634727753e-10
1.0,0.0,1.0,2.1656155601429417e-12
1.0,0.0,1.0,1.4875623302601504e-11
1.0,0.0,1.0,1.1178151286539428e-11
1.0,0.0,1.0,1.7722907585948633e-08
1.0,0.0,1.0,7.914873720746705e-17
1.0,0.0,1.0,9.757391072812237e-18
1.0,0.0,1.0,3.026876804756995e-10
1.0,0.0,1.0,1.939392570149412e-11
1.0,0.0,1.0,4.911840933985445e-10
1.0,0.0,1.0,2.634051483874078e-11
1.0,0.0,1.0,1.2385256123632893e-13
1.0,0.0,0.9999996423721313,3.440283080635709e-07
1.0,0.0,0.9999997615814209,2.5184368723785155e-07
1.0,0.0,1.0,1.3866087444913688e-10
1.0,0.0,1.0,2.542847354902733e-08
1.0,0.0,1.0,2.4958715175442577e-16
1.0,0.0,1.0,1.325187459766397e-10
1.0,0.0,1.0,2.7444869293846708e-11
1.0,0.0,1.0,8.343438440139295e-11
1.0,0.0,1.0,2.295611183783519e-12
1.0,0.0,1.0,3.9381005907315546e-20
1.0,0.0,1.0,1.7827730403041642e-09
1.0,0.0,1.0,8.575250926012856e-11
1.0,0.0,1.0,8.839825030824977e-13
1.0,0.0,1.0,6.229759329928752e-12
1.0,0.0,0.99994295835495,4.036096652271226e-05
1.0,0.0,1.0,4.1959320675084844e-13
1.0,0.0,1.0,1.1476560804121738e-12
1.0,0.0,1.0,2.2735070770441013e-11
1.0,0.0,0.9999544620513916,3.920535891666077e-05
1.0,0.0,1.0,5.058437349547695e-11
1.0,0.0,1.0,1.223872914124513e-08
1.0,0.0,0.9997656941413879,1.6369085642509162e-05
1.0,0.0,1.0,1.7891847942444472e-12
1.0,0.0,1.0,3.999707162694044e-11
1.0,0.0,1.0,3.002709842922502e-13
1.0,0.0,1.0,4.543194704990927e-14
1.0,0.0,0.9999997615814209,2.701646053537843e-07
1.0,0.0,1.0,9.926350019728858e-11
1.0,0.0,1.0,7.27514626319703e-09
1.0,0.0,1.0,8.040536292330813e-11
1.0,0.0,1.0,6.523733240898152e-14
1.0,0.0,1.0,7.603650239822179e-13
1.0,0.0,1.0,2.695503369121166e-11
1.0,0.0,1.0,5.0896465861316464e-12
1.0,0.0,1.0,3.169499168328982e-12
1.0,0.0,0.9999997615814209,2.3470047949558648e-07
1.0,0.0,1.0,4.672464024137255e-16
1.0,0.0,0.9999992251396179,7.834109396753774e-07
1.0,0.0,1.0,1.9603847434268573e-09
1.0,0.0,1.0,1.1866256675180376e-12
1.0,0.0,1.0,4.466766401201028e-10
1.0,0.0,1.0,6.757391683969577e-15
1.0,0.0,1.0,3.8155383800392295e-13
1.0,0.0,1.0,1.318831979388313e-12
1.0,0.0,1.0,4.905975365537829e-12
1.0,0.0,1.0,0.0
1.0,0.0,0.9999997615814209,2.5624228783271974e-07
1.0,0.0,1.0,9.235960607423266e-11
1.0,0.0,1.0,1.3625361949820558e-10
1.0,0.0,1.0,1.2269942244039819e-14
1.0,0.0,1.0,4.503557943236203e-11
1.0,0.0,1.0,9.612555976895587e-13
1.0,0.0,1.0,1.5048627621805366e-10
1.0,0.0,1.0,4.192454109569477e-12
1.0,0.0,1.0,2.3848392705083654e-10
1.0,0.0,1.0,3.461815590417353e-18
1.0,0.0,0.999841034412384,0.00016506860265508294
1.0,0.0,1.0,3.298312382203131e-19
1.0,0.0,1.0,1.8435782067616202e-10
1.0,0.0,1.0,1.2205444988033776e-11
1.0,0.0,1.0,6.370707072989035e-09
1.0,0.0,1.0,2.2779257646821094e-11
1.0,0.0,1.0,3.5460555932592674e-13
1.0,0.0,1.0,1.4058824104878909e-09
1.0,0.0,1.0,1.0057380275818595e-12
1.0,0.0,1.0,5.691830470486159e-13
1.0,0.0,1.0,1.4971491060777886e-11
1.0,0.0,1.0,3.550458191337036e-11
1.0,0.0,1.0,2.320012376655356e-10
1.0,0.0,1.0,2.7474293062823563e-08
1.0,0.0,1.0,2.8464423866879077e-23
1.0,0.0,1.0,5.197673402790315e-10
1.0,0.0,1.0,3.0960748288039186e-14
1.0,0.0,1.0,1.1945354427833621e-11
1.0,0.0,1.0,1.0439899948222822e-13
1.0,0.0,0.9999998807907104,1.0779570658314697e-07
1.0,0.0,1.0,1.2981877725581903e-11
1.0,0.0,1.0,4.147728382974947e-09
1.0,0.0,1.0,2.439742472718637e-13
1.0,0.0,0.9999999403953552,5.9561457987911126e-08
1.0,0.0,1.0,2.525431641586806e-09
1.0,0.0,1.0,4.702462377825789e-11
1.0,0.0,1.0,2.4767665349201273e-11
1.0,0.0,0.9999997615814209,2.4898889705582405e-07
1.0,0.0,1.0,1.202231025843048e-08
1.0,0.0,1.0,1.0007826165003841e-11
1.0,0.0,1.0,6.2228711766865175e-12
1.0,0.0,1.0,2.1439883202134524e-09
1.0,0.0,1.0,7.190541039789377e-16
1.0,0.0,0.999961256980896,3.9836631913203746e-05
1.0,0.0,1.0,6.855094562743108e-14
1.0,0.0,1.0,7.953214475886483e-11
1.0,0.0,1.0,2.8925054018635876e-10
1.0,0.0,1.0,2.8753145697724136e-11
1.0,0.0,1.0,1.1919558673412212e-09
1.0,0.0,1.0,1.1085598754332227e-15
1.0,0.0,1.0,2.320658009020201e-14
1.0,0.0,1.0,6.935534503475782e-13
1.0,0.0,1.0,0.0
1.0,0.0,1.0,1.0410642899505578e-18
1.0,0.0,1.0,8.138065776819303e-10
1.0,0.0,1.0,1.4263278058646023e-10
1.0,0.0,0.9999993443489075,7.009900286902848e-07
1.0,0.0,1.0,2.166455730090444e-11
1.0,0.0,1.0,5.5331268538315326e-14
1.0,0.0,1.0,1.9758037220207747e-11
1.0,0.0,0.9999973773956299,2.9774068934784736e-06
1.0,0.0,1.0,8.087219181005315e-14
1.0,0.0,1.0,1.3406292742601522e-10
1.0,0.0,0.9999995231628418,5.935533522460901e-07
1.0,0.0,0.9999996423721313,3.92006342053719e-07
1.0,0.0,1.0,6.38736979974297e-11
1.0,0.0,1.0,1.3050784897217227e-09
1.0,0.0,1.0,6.932730833852929e-09
1.0,0.0,1.0,7.068242692531701e-12
1.0,0.0,1.0,3.3660601417295766e-08
1.0,0.0,1.0,4.0299395764886725e-11
1.0,0.0,1.0,8.189934461947518e-14
1.0,0.0,1.0,1.2771985725967827e-11
1.0,0.0,1.0,7.547515130240656e-13
1.0,0.0,0.9999998211860657,1.6417035908489197e-07
1.0,0.0,1.0,3.825340044727454e-09
1.0,0.0,1.0,3.4813407829580243e-38
1.0,0.0,1.0,5.2335035610751035e-11
1.0,0.0,0.9999999403953552,6.431375965121333e-08
1.0,0.0,0.9999995231628418,4.665514552470995e-07
1.0,0.0,0.9999983906745911,1.6062784879977698e-06
1.0,0.0,1.0,2.830545575704946e-09
1.0,0.0,1.0,2.7172507299777493e-11
1.0,0.0,1.0,3.261975758950264e-11
1.0,0.0,1.0,1.7974514099350358e-09
1.0,0.0,1.0,8.82874087626182e-16
1.0,0.0,1.0,5.236508796024886e-11
1.0,0.0,1.0,1.7294619187150944e-29
1.0,0.0,1.0,1.1220504777045837e-12
1.0,0.0,1.0,1.45957024407211e-14
1.0,0.0,1.0,3.7746576697639256e-12
1.0,0.0,1.0,2.0421812851889598e-10
1.0,0.0,1.0,2.376635332979049e-09
1.0,0.0,1.0,1.0976006561969065e-11
1.0,0.0,1.0,2.731382694392775e-20
1.0,0.0,1.0,7.566859825323384e-28
1.0,0.0,1.0,0.0
1.0,0.0,0.9999930262565613,7.798682418069802e-06
1.0,0.0,1.0,4.0018699075036746e-13
1.0,0.0,1.0,6.053712642284381e-09
1.0,0.0,1.0,2.5295687322568483e-08
1.0,0.0,1.0,1.4777742585181386e-08
1.0,0.0,1.0,2.72381147405945e-25
1.0,0.0,1.0,3.275842444527832e-11
1.0,0.0,1.0,2.347858598060877e-16
1.0,0.0,1.0,5.4407579136439566e-11
1.0,0.0,0.9999951720237732,5.199779479880817e-06
1.0,0.0,1.0,4.533513321691718e-12
1.0,0.0,1.0,1.2755091254035289e-11
1.0,0.0,1.0,0.0
1.0,0.0,1.0,7.304686022724383e-11
1.0,0.0,1.0,1.8401676937871564e-13
1.0,0.0,1.0,5.498448918395127e-11
1.0,0.0,1.0,0.0
1.0,0.0,1.0,1.5547694243167598e-09
1.0,0.0,0.9999809861183167,1.844668986450415e-05
1.0,0.0,1.0,1.5428835292707888e-11
1.0,0.0,1.0,1.1816235610348394e-15
1.0,0.0,1.0,1.9144846196913774e-15
1.0,0.0,1.0,1.553496385080752e-26
1.0,0.0,1.0,6.710735966919401e-09
1.0,0.0,0.9999514222145081,5.0814374844776466e-05
1.0,0.0,1.0,7.020849288226494e-13
1.0,0.0,1.0,2.382594788130632e-09
1.0,0.0,1.0,1.118599353769345e-12
1.0,0.0,1.0,1.9189725364299193e-09
1.0,0.0,1.0,2.8420111750082633e-11
1.0,0.0,0.9999995827674866,4.1041732856683666e-07
1.0,0.0,1.0,1.343854596551126e-26
1.0,0.0,1.0,1.2043104144141004e-12
1.0,0.0,1.0,6.057831987023415e-18
1.0,0.0,0.9999949932098389,5.025761765864445e-06
1.0,0.0,1.0,4.4618786443351155e-10
1.0,0.0,1.0,7.831382653478158e-09
1.0,0.0,1.0,5.640366645964789e-13
1.0,0.0,1.0,3.0499752029511384e-11
1.0,0.0,1.0,1.0453256038545078e-08
1.0,0.0,1.0,8.474690368732383e-17
1.0,0.0,1.0,8.364048120768075e-09
1.0,0.0,1.0,2.6305195799380954e-09
1.0,0.0,1.0,1.0871471722850856e-08
1.0,0.0,0.9999999403953552,6.971878008243948e-08
1.0,0.0,0.9959208965301514,0.004153951071202755
1.0,0.0,1.0,0.0
1.0,0.0,1.0,1.4124558151502788e-14
1.0,0.0,1.0,1.5855761148486636e-10
1.0,0.0,0.9999990463256836,8.641873705528269e-07
1.0,0.0,0.9999998807907104,1.3666672771250887e-07
1.0,0.0,1.0,9.984736128176852e-12
1.0,0.0,1.0,2.053569120308296e-12
1.0,0.0,1.0,8.379664150071076e-13
1.0,0.0,1.0,3.6427282089183943e-14
1.0,0.0,1.0,9.379115539775995e-11
1.0,0.0,1.0,9.967680977482352e-13
1.0,0.0,1.0,3.63326368990613e-10
1.0,0.0,1.0,6.223046966624679e-09
1.0,0.0,1.0,2.960173460513805e-21
1.0,0.0,1.0,7.797277092654736e-14
1.0,0.0,1.0,3.7041831824069504e-09
1.0,0.0,1.0,4.824908037665519e-15
1.0,0.0,1.0,2.51411641505328e-10
1.0,0.0,1.0,7.15133230411169e-11
1.0,0.0,1.0,2.3904295431975697e-08
1.0,0.0,0.9999650120735168,3.451327938819304e-05
1.0,0.0,1.0,2.1587266696432295e-10
1.0,0.0,0.9999997615814209,2.3741904442431405e-07
1.0,0.0,1.0,1.333599463498869e-12
1.0,0.0,1.0,0.0
1.0,0.0,1.0,2.468539153470395e-13
1.0,0.0,1.0,2.5751086296273472e-24
1.0,0.0,1.0,6.485580822390702e-11
1.0,0.0,1.0,1.5564360848871646e-14
1.0,0.0,1.0,2.3640776836142408e-11
1.0,0.0,1.0,4.077676390989993e-11
1.0,0.0,1.0,4.536579377672871e-14
1.0,0.0,0.9999997019767761,4.006657832178462e-07
1.0,0.0,1.0,2.4880364627821554e-14
1.0,0.0,1.0,8.197833679455375e-16
1.0,0.0,1.0,4.583065871255343e-10
1.0,0.0,1.0,4.3186249254435413e-14
1.0,0.0,1.0,3.483596522357857e-09
1.0,0.0,0.9999998807907104,1.4266589687395026e-07
1.0,0.0,1.0,4.098131611840472e-09
1.0,0.0,1.0,1.059611620668477e-09
1.0,0.0,1.0,2.1715203246674974e-10
1.0,0.0,1.0,5.044200057646719e-10
1.0,0.0,1.0,4.903054406923957e-09
1.0,0.0,0.9999998807907104,1.0516915693870033e-07
1.0,0.0,1.0,2.3766153772080724e-14
1.0,0.0,1.0,3.707310847200773e-11
1.0,0.0,1.0,2.0057764043429627e-12
1.0,0.0,1.0,1.6937697772112514e-11
1.0,0.0,0.9999994039535522,6.337388640531572e-07
1.0,0.0,0.9999999403953552,7.819550518206597e-08
1.0,0.0,0.9999999403953552,7.664898760140204e-08
1.0,0.0,1.0,2.8313730027207384e-08
1.0,0.0,1.0,6.544784714179741e-10
1.0,0.0,1.0,4.24217105887692e-09
1.0,0.0,1.0,4.433214253053534e-14
1.0,0.0,1.0,1.306381652160793e-12
1.0,0.0,1.0,6.84422095365864e-23
1.0,0.0,1.0,6.168055251212178e-19
1.0,0.0,1.0,1.0716651566156088e-08
1.0,0.0,1.0,8.898008718727368e-11
1.0,0.0,1.0,2.193791849569582e-11
1.0,0.0,1.0,1.205288868710852e-09
1.0,0.0,1.0,5.877022202227522e-10
1.0,0.0,1.0,1.043462052874311e-10
1.0,0.0,1.0,1.6136498387497866e-11
1.0,0.0,1.0,4.328466738900543e-16
1.0,0.0,1.0,2.6074947756526967e-10
1.0,0.0,1.0,2.455349257246553e-09
1.0,0.0,1.0,8.550083096082327e-26
1.0,0.0,1.0,1.564176045631971e-11
1.0,0.0,1.0,1.5676269152100914e-21
1.0,0.0,1.0,6.303241782690261e-12
1.0,0.0,1.0,3.7320443957433724e-10
1.0,0.0,1.0,1.1962263402054418e-09
1.0,0.0,1.0,2.069244331437403e-09
1.0,0.0,0.9999999403953552,4.378379614422556e-08
1.0,0.0,1.0,1.0216048791427887e-13
1.0,0.0,0.9999999403953552,6.691923459811733e-08
1.0,0.0,1.0,3.832721764745681e-14
1.0,0.0,1.0,1.2397880500003566e-09
1.0,0.0,0.9999871850013733,1.3899717487220187e-05
1.0,0.0,0.9999998211860657,1.7547037600706972e-07
1.0,0.0,1.0,2.0177762238837715e-11
1.0,0.0,1.0,5.175728595707696e-11
1.0,0.0,1.0,4.837381338967668e-16
1.0,0.0,1.0,1.432850949001363e-09
1.0,0.0,1.0,2.2998315491601362e-12
1.0,0.0,1.0,8.411736476636456e-14
1.0,0.0,1.0,1.6227888824382752e-11
1.0,0.0,1.0,1.9738728609507844e-13
1.0,0.0,1.0,3.4855957009582994e-10
1.0,0.0,0.9999995231628418,5.331809234121465e-07
1.0,0.0,1.0,2.9540343915711873e-15
1.0,0.0,1.0,5.953959547611021e-10
1.0,0.0,1.0,2.5610269113740536e-12
1.0,0.0,1.0,2.5886854881917998e-09
1.0,0.0,0.9999870657920837,7.4559061431500595e-06
1.0,0.0,0.9999999403953552,3.929293157511893e-08
1.0,0.0,1.0,2.9434709877818044e-12
1.0,0.0,1.0,1.1448129250135608e-10
1.0,0.0,1.0,1.9146829101043296e-14
1.0,0.0,1.0,5.92136474401872e-14
1.0,0.0,1.0,2.4239110718582424e-10
1.0,0.0,1.0,3.693181524488942e-11
1.0,0.0,1.0,6.003441558981304e-13
1.0,0.0,0.9999999403953552,7.442590543860206e-08
1.0,0.0,1.0,1.3794083653095868e-09
1.0,0.0,1.0,1.107267218452418e-14
1.0,0.0,0.9999999403953552,4.893867640021199e-07
1.0,0.0,1.0,1.2804811464622867e-12
1.0,0.0,1.0,2.4790720587475334e-08
1.0,0.0,1.0,3.680242112306161e-15
1.0,0.0,1.0,5.216655558047678e-13
1.0,0.0,1.0,7.896351628122744e-11
1.0,0.0,1.0,2.579168656424713e-09
1.0,0.0,1.0,2.0091815364220444e-11
1.0,0.0,0.9999985098838806,7.516247023886535e-06
1.0,0.0,1.0,1.5079575009993728e-36
1.0,0.0,1.0,9.591086876526572e-14
1.0,0.0,1.0,6.259398652608966e-14
1.0,0.0,1.0,1.3949401267131256e-15
1.0,0.0,1.0,6.403581137570669e-11
1.0,0.0,1.0,2.024682640511602e-13
1.0,0.0,1.0,2.7838198413121518e-09
1.0,0.0,1.0,6.216996251140472e-09
1.0,0.0,1.0,1.2189434574552682e-12
1.0,0.0,0.9999985694885254,1.6206482769121067e-06
1.0,0.0,1.0,0.0
1.0,0.0,1.0,5.09580225238615e-13
1.0,0.0,1.0,8.140199452000285e-12
1.0,0.0,1.0,0.0
1.0,0.0,1.0,9.737686212929475e-10
1.0,0.0,1.0,8.732975860640841e-16
0.0,1.0,1.9506524173706907e-10,1.0
0.0,1.0,1.9196778888730393e-10,1.0
0.0,1.0,0.0,1.0
0.0,1.0,0.0,1.0
0.0,1.0,1.9151394359262497e-10,1.0
0.0,1.0,1.9159468456209083e-10,1.0
0.0,1.0,1.9167692433263994e-10,1.0
0.0,1.0,1.9129489658986643e-10,1.0
0.0,1.0,1.9162318953824808e-10,1.0
0.0,1.0,1.9619433855311286e-10,1.0
0.0,1.0,1.9197073097831918e-10,1.0
0.0,1.0,1.915292924259404e-10,1.0
0.0,1.0,1.911500957518797e-10,1.0
0.0,1.0,1.917555420005712e-10,1.0
0.0,1.0,1.9191361000370222e-10,1.0
0.0,1.0,1.914712138839647e-10,1.0
0.0,1.0,1.9139015372537926e-10,1.0
0.0,1.0,1.9255856631428259e-10,1.0
0.0,1.0,1.9190812827751813e-10,1.0
0.0,1.0,0.0,1.0
0.0,1.0,1.9217881452870955e-10,1.0
0.0,1.0,1.9156837227640722e-10,1.0
0.0,1.0,1.9476521784245193e-10,1.0
0.0,1.0,1.9157239683487148e-10,1.0
0.0,1.0,1.9151358277014197e-10,1.0
0.0,1.0,1.9183675481482254e-10,1.0
0.0,1.0,1.9172885501461678e-10,1.0
0.0,1.0,1.915676506314412e-10,1.0
0.0,1.0,1.9142921969805826e-10,1.0
0.0,1.0,1.9299023490404466e-10,1.0
0.0,1.0,1.9263571293670623e-10,1.0
0.0,1.0,1.9230458891961177e-10,1.0
0.0,1.0,1.9143359120121772e-10,1.0
0.0,1.0,0.0,1.0
0.0,1.0,0.0,1.0
0.0,1.0,1.928952830798636e-10,1.0
0.0,1.0,1.9161296160863373e-10,1.0
0.0,1.0,1.9365099801493812e-10,1.0
0.0,1.0,1.9193301115105754e-10,1.0
0.0,1.0,1.5947301498760346e-32,1.0
0.0,1.0,1.6129833123037766e-21,1.0
0.0,1.0,1.9156946862164403e-10,1.0
0.0,1.0,1.946619809789496e-10,1.0
0.0,1.0,0.0,1.0
0.0,1.0,1.915095582116777e-10,1.0
0.0,1.0,1.9206411461247797e-10,1.0
0.0,1.0,1.9140475315815308e-10,1.0
0.0,1.0,0.0,1.0
0.0,1.0,1.9130912132236944e-10,1.0
0.0,1.0,1.9163524933585308e-10,1.0
0.0,1.0,1.9206265744475814e-10,1.0
0.0,1.0,1.915417130460284e-10,1.0
0.0,1.0,1.9158080677428302e-10,1.0
0.0,1.0,1.9174567489343985e-10,1.0
0.0,1.0,1.9155010910765213e-10,1.0
0.0,1.0,1.9158409580999347e-10,1.0
0.0,1.0,1.9147193552893071e-10,1.0
0.0,1.0,1.5699600927374778e-37,1.0
0.0,1.0,1.9166998543873603e-10,1.0
0.0,1.0,1.9334503442713924e-10,1.0
0.0,1.0,1.9164000941707116e-10,1.0
0.0,1.0,1.9160052711075792e-10,1.0
0.0,1.0,1.9225947223144857e-10,1.0
0.0,1.0,1.9816617791157398e-10,1.0
0.0,1.0,1.919183700849203e-10,1.0
0.0,1.0,0.0,1.0
0.0,1.0,1.9220666724883984e-10,1.0
0.0,1.0,1.9174019316725577e-10,1.0
0.0,1.0,1.9195607603439413e-10,1.0
0.0,1.0,1.9170910692256626e-10,1.0
0.0,1.0,1.919663317195841e-10,1.0
0.0,1.0,1.9196157163836602e-10,1.0
0.0,1.0,1.9220373903561239e-10,1.0
0.0,1.0,1.9178773846828534e-10,1.0
0.0,1.0,2.0169728387475772e-10,1.0
0.0,1.0,1.917120212580059e-10,1.0
0.0,1.0,1.9198097278572135e-10,1.0
0.0,1.0,1.9133247763925e-10,1.0
0.0,1.0,1.915281960807036e-10,1.0
0.0,1.0,1.920710812619575e-10,1.0
0.0,1.0,1.9134817341726063e-10,1.0
0.0,1.0,0.0,1.0
0.0,1.0,0.0,1.0
0.0,1.0,1.919893966029207e-10,1.0
0.0,1.0,1.9384020777390987e-10,1.0
0.0,1.0,1.9165902198636786e-10,1.0
0.0,1.0,1.914514935474898e-10,1.0
0.0,1.0,1.913529196206909e-10,1.0
0.0,1.0,0.0,1.0
0.0,1.0,5.728348804076857e-28,1.0
0.0,1.0,1.916308639549058e-10,1.0
0.0,1.0,1.91592866571888e-10,1.0
0.0,1.0,1.913529196206909e-10,1.0
0.0,1.0,1.9147193552893071e-10,1.0
0.0,1.0,1.9170141862812073e-10,1.0
0.0,1.0,1.9138030049603572e-10,1.0
0.0,1.0,1.9130255712873634e-10,1.0
0.0,1.0,1.965632934197714e-10,1.0
0.0,1.0,1.9114827776167687e-10,1.0
0.0,1.0,1.9175042109687013e-10,1.0
0.0,1.0,1.9187774980000682e-10,1.0
0.0,1.0,1.9146718932550044e-10,1.0
0.0,1.0,1.919604752931292e-10,1.0
0.0,1.0,1.917972447529337e-10,1.0
0.0,1.0,1.915851921552303e-10,1.0
0.0,1.0,1.9157532504809893e-10,1.0
0.0,1.0,1.9135802664660417e-10,1.0
0.0,1.0,1.9157678221581875e-10,1.0
0.0,1.0,1.7843173228011822e-13,1.0
0.0,1.0,1.934911258993921e-10,1.0
0.0,1.0,1.915800712515292e-10,1.0
0.0,1.0,1.9898958869557504e-10,1.0
0.0,1.0,1.9172080589768825e-10,1.0
0.0,1.0,1.9152598951244215e-10,1.0
0.0,1.0,1.915990699430381e-10,1.0
0.0,1.0,1.9142008811368072e-10,1.0
0.0,1.0,1.9218100721918319e-10,1.0
0.0,1.0,1.9174420384793223e-10,1.0
0.0,1.0,1.9154937358489832e-10,1.0
0.0,1.0,1.9857215871610379e-10,1.0
0.0,1.0,1.9214399515909975e-10,1.0
0.0,1.0,1.9171349230351353e-10,1.0
0.0,1.0,1.9612625412612772e-10,1.0
0.0,1.0,1.5923435307651223e-29,1.0
0.0,1.0,1.9153695296481033e-10,1.0
0.0,1.0,1.9164073106203716e-10,1.0
0.0,1.0,1.9136313367251745e-10,1.0
0.0,1.0,1.9151723262833542e-10,1.0
0.0,1.0,1.9144053009512163e-10,1.0
0.0,1.0,8.078071423006516e-38,1.0
0.0,1.0,0.0,1.0
0.0,1.0,1.9171313148103053e-10,1.0
0.0,1.0,1.973006202860006e-10,1.0
0.0,1.0,1.9181700672277202e-10,1.0
0.0,1.0,1.915285569031866e-10,1.0
0.0,1.0,1.914701175387279e-10,1.0
0.0,1.0,1.913266489683707e-10,1.0
0.0,1.0,1.9153768848756414e-10,1.0
0.0,1.0,1.9147450291967516e-10,1.0
0.0,1.0,1.9181772836773803e-10,1.0
0.0,1.0,1.9149896945958034e-10,1.0
0.0,1.0,1.9176871202120083e-10,1.0
0.0,1.0,3.252602631675927e-10,1.0
0.0,1.0,1.9153330310661687e-10,1.0
0.0,1.0,1.9158481745495948e-10,1.0
0.0,1.0,1.9280664564913508e-10,1.0
0.0,1.0,1.9193997780053706e-10,1.0
0.0,1.0,1.9199672407488322e-10,1.0
0.0,1.0,1.9218394931019844e-10,1.0
0.0,1.0,1.9132956330381035e-10,1.0
0.0,1.0,1.9154317021374823e-10,1.0
0.0,1.0,1.9157751773857257e-10,1.0
0.0,1.0,1.920011233336183e-10,1.0
0.0,1.0,1.469685353096961e-22,1.0
0.0,1.0,1.9150846186644088e-10,1.0
0.0,1.0,1.9265297690473915e-10,1.0
0.0,1.0,1.811572281074092e-10,1.0
0.0,1.0,1.9141388474253063e-10,1.0
0.0,1.0,0.0,1.0
0.0,1.0,0.0,1.0
0.0,1.0,1.795802256898682e-10,1.0
0.0,1.0,1.9246419735718945e-10,1.0
0.0,1.0,0.0,1.0
0.0,1.0,1.9170653953182182e-10,1.0
0.0,1.0,0.0,1.0
0.0,1.0,1.9855928012901813e-10,1.0
0.0,1.0,1.9141498108776744e-10,1.0
0.0,1.0,1.9267393236432895e-10,1.0
0.0,1.0,1.9203848233839693e-10,1.0
0.0,1.0,2.1039671393996429e-10,1.0
0.0,1.0,4.086384391703019e-17,1.0
0.0,1.0,1.9288351471580256e-10,1.0
0.0,1.0,3.946675985066589e-18,1.0
0.0,1.0,1.9143688023692818e-10,1.0
0.0,1.0,0.0,1.0
0.0,1.0,1.9188982347539962e-10,1.0
0.0,1.0,1.913919717155821e-10,1.0
0.0,1.0,0.0,1.0
0.0,1.0,4.8742879480010455e-28,1.0
0.0,1.0,0.0,1.0
0.0,1.0,1.9153220676138005e-10,1.0
0.0,1.0,1.9167656351015694e-10,1.0
0.0,1.0,1.914449154760689e-10,1.0
0.0,1.0,0.0,1.0
0.0,1.0,0.0,1.0
0.0,1.0,1.4008315618596612e-09,1.0
0.0,1.0,4.6383396754132365e-20,1.0
0.0,1.0,1.5027514270782354e-33,1.0
0.0,1.0,1.9182687382990338e-10,1.0
0.0,1.0,7.572874870466395e-26,1.0
0.0,1.0,1.9143103768826109e-10,1.0
0.0,1.0,0.0,1.0
0.0,1.0,1.9187298971878874e-10,1.0
0.0,1.0,0.0,1.0
0.0,1.0,1.9147412821940435e-10,1.0
0.0,1.0,1.9140694584862672e-10,1.0
0.0,1.0,1.929567339242766e-10,1.0
0.0,1.0,0.0,1.0
0.0,1.0,1.9144090479539244e-10,1.0
0.0,1.0,1.914514935474898e-10,1.0
0.0,1.0,0.0,1.0
0.0,1.0,1.9159504538457384e-10,1.0
0.0,1.0,1.912321551111873e-10,1.0
0.0,1.0,1.9111145999062273e-10,1.0
0.0,1.0,1.910600705423704e-10,1.0
0.0,1.0,1.9117415983593844e-10,1.0
0.0,1.0,1.9111218163558874e-10,1.0
0.0,1.0,1.910739205746026e-10,1.0
0.0,1.0,1.9082224689270788e-10,1.0
0.0,1.0,1.910739205746026e-10,1.0
0.0,1.0,1.9132152806466962e-10,1.0
0.0,1.0,1.9107865290024506e-10,1.0
0.0,1.0,1.9125513672779704e-10,1.0
0.0,1.0,1.911089064776661e-10,1.0
0.0,1.0,1.909973984526303e-10,1.0
0.0,1.0,0.0,1.0
0.0,1.0,1.91116567016536e-10,1.0
0.0,1.0,1.9106298487781004e-10,1.0
0.0,1.0,1.9096971226595372e-10,1.0
0.0,1.0,1.9153184593889705e-10,1.0
0.0,1.0,1.917365294312745e-10,1.0
0.0,1.0,1.9107974924548188e-10,1.0
0.0,1.0,1.9109870630362735e-10,1.0
0.0,1.0,1.1932948875720605e-18,1.0
0.0,1.0,0.0,1.0
0.0,1.0,1.910739205746026e-10,1.0
0.0,1.0,1.9175334931009758e-10,1.0
0.0,1.0,1.910946956229509e-10,1.0
0.0,1.0,1.911431707357636e-10,1.0
0.0,1.0,0.0,1.0
0.0,1.0,1.9129672845785706e-10,1.0
0.0,1.0,1.972562252428034e-10,1.0
0.0,1.0,1.9102290582662107e-10,1.0
0.0,1.0,1.9132956330381035e-10,1.0
0.0,1.0,1.9179650923017988e-10,1.0
0.0,1.0,1.9126170092143013e-10,1.0
0.0,1.0,1.910116093073455e-10,1.0
0.0,1.0,1.909682550982339e-10,1.0
0.0,1.0,1.9109068494227444e-10,1.0
0.0,1.0,1.911778096941319e-10,1.0
0.0,1.0,1.9124272998549685e-10,1.0
0.0,1.0,1.9109615279067071e-10,1.0
0.0,1.0,2.7908056193245105e-28,1.0
0.0,1.0,1.909394864441083e-10,1.0
0.0,1.0,1.9136971174393835e-10,1.0
0.0,1.0,1.9105861337465058e-10,1.0
0.0,1.0,1.9097991243999246e-10,1.0
0.0,1.0,0.0,1.0
0.0,1.0,1.9117635252641207e-10,1.0
0.0,1.0,1.9121647321096447e-10,1.0
0.0,1.0,1.9109068494227444e-10,1.0
0.0,1.0,1.912533048598064e-10,1.0
0.0,1.0,1.9253139360575489e-10,1.0
0.0,1.0,1.9108958859703762e-10,1.0
0.0,1.0,1.9132773143581971e-10,1.0
0.0,1.0,1.9116030980370624e-10,1.0
0.0,1.0,1.9119750227503118e-10,1.0
0.0,1.0,1.9125585837276304e-10,1.0
0.0,1.0,1.9128540418300588e-10,1.0
0.0,1.0,0.0,1.0
0.0,1.0,1.9094166525679412e-10,1.0
0.0,1.0,1.9113952087757013e-10,1.0
0.0,1.0,1.9118656657823863e-10,1.0
0.0,1.0,1.912923430769098e-10,1.0
0.0,1.0,1.9108631343911497e-10,1.0
0.0,1.0,1.9186530142434322e-10,1.0
0.0,1.0,1.9122158023687774e-10,1.0
0.0,1.0,1.9116760952009315e-10,1.0
0.0,1.0,1.9102945614246636e-10,1.0
0.0,1.0,1.9133503115220662e-10,1.0
0.0,1.0,1.9159980546579192e-10,1.0
0.0,1.0,1.9106589921324968e-10,1.0
0.0,1.0,1.9112531002285493e-10,1.0
0.0,1.0,1.913602193370778e-10,1.0
0.0,1.0,0.0,1.0
0.0,1.0,1.9114718141644005e-10,1.0
0.0,1.0,2.0574211778701113e-10,1.0
0.0,1.0,1.9124017647254021e-10,1.0
0.0,1.0,1.9119750227503118e-10,1.0
0.0,1.0,1.9103638115858246e-10,1.0
0.0,1.0,1.9095114378586686e-10,1.0
0.0,1.0,0.0,1.0
0.0,1.0,1.9118838456844145e-10,1.0
0.0,1.0,1.9304619014448576e-10,1.0
0.0,1.0,1.9115556360027597e-10,1.0
0.0,1.0,1.9135583395613054e-10,1.0
0.0,1.0,1.9208243329238428e-10,1.0
0.0,1.0,2.1402407623938302e-10,1.0
0.0,1.0,1.9113952087757013e-10,1.0
0.0,1.0,1.91385768344432e-10,1.0
0.0,1.0,1.9118109872984235e-10,1.0
0.0,1.0,1.9112567084533794e-10,1.0
0.0,1.0,1.9140913853910035e-10,1.0
0.0,1.0,1.9119421323932073e-10,1.0
0.0,1.0,1.9109323845523107e-10,1.0
0.0,1.0,1.928390086503029e-10,1.0
0.0,1.0,1.9093074343778937e-10,1.0
0.0,1.0,1.909828267754321e-10,1.0
0.0,1.0,1.910877706068348e-10,1.0
0.0,1.0,2.0112526921689522e-10,1.0
0.0,1.0,1.910746422195686e-10,1.0
0.0,1.0,1.910385738490561e-10,1.0
0.0,1.0,1.9979852494689254e-10,1.0
0.0,1.0,1.9143396590148853e-10,1.0
0.0,1.0,1.910815672356847e-10,1.0
0.0,1.0,2.2582463299620236e-34,1.0
0.0,1.0,1.9112858518077758e-10,1.0
0.0,1.0,1.9115264926483633e-10,1.0
0.0,1.0,1.9105642068417694e-10,1.0
0.0,1.0,1.9109833160335654e-10,1.0
0.0,1.0,1.9132116724218662e-10,1.0
0.0,1.0,1.9166010445381687e-10,1.0
0.0,1.0,1.9132773143581971e-10,1.0
0.0,1.0,1.913003644382627e-10,1.0
0.0,1.0,1.9223674041501937e-10,1.0
0.0,1.0,1.9116541682961952e-10,1.0
0.0,1.0,1.9125148686960358e-10,1.0
0.0,1.0,1.9104220982946174e-10,1.0
0.0,1.0,1.913138675257997e-10,1.0
0.0,1.0,1.909890162687944e-10,1.0
0.0,1.0,1.9119021643643208e-10,1.0
0.0,1.0,1.9106845272620632e-10,1.0
0.0,1.0,6.117044390471232e-34,1.0
0.0,1.0,1.9142300244912036e-10,1.0
0.0,1.0,1.3998008898024105e-31,1.0
0.0,1.0,1.9142190610388354e-10,1.0
0.0,1.0,1.910392954940221e-10,1.0
0.0,1.0,1.9130766415464961e-10,1.0
0.0,1.0,0.0,1.0
0.0,1.0,0.0,1.0
0.0,1.0,1.9125513672779704e-10,1.0
0.0,1.0,1.9107573856480542e-10,1.0
0.0,1.0,1.911366065421305e-10,1.0
0.0,1.0,0.0,1.0
0.0,1.0,1.9106589921324968e-10,1.0
0.0,1.0,1.9130183548377033e-10,1.0
0.0,1.0,2.0324704419483197e-10,1.0
0.0,1.0,1.9127081862801987e-10,1.0
0.0,1.0,1.912726366182227e-10,1.0
0.0,1.0,1.9129052508670696e-10,1.0
0.0,1.0,1.9149896945958034e-10,1.0
0.0,1.0,1.910607921873364e-10,1.0
0.0,1.0,1.91437976582165e-10,1.0
0.0,1.0,1.9038780274538425e-10,1.0
0.0,1.0,1.91116567016536e-10,1.0
0.0,1.0,1.9257326289157106e-10,1.0
0.0,1.0,1.9100905579438887e-10,1.0
0.0,1.0,1.9106881354868932e-10,1.0
0.0,1.0,1.915351349746075e-10,1.0
0.0,1.0,1.917420111574586e-10,1.0
0.0,1.0,1.9047026456053828e-10,1.0
0.0,1.0,1.9105533821672793e-10,1.0
0.0,1.0,0.0,1.0
0.0,1.0,1.926768744553442e-10,1.0
0.0,1.0,0.0,1.0
0.0,1.0,0.0,1.0
0.0,1.0,1.9132262440990644e-10,1.0
0.0,1.0,1.9128905404119934e-10,1.0
0.0,1.0,1.911851094105188e-10,1.0
0.0,1.0,1.9099849479786712e-10,1.0
0.0,1.0,1.9122339822708057e-10,1.0
0.0,1.0,1.9106553839076668e-10,1.0
0.0,1.0,1.9116978833277898e-10,1.0
0.0,1.0,1.91359122991841e-10,1.0
0.0,1.0,1.9182322397170992e-10,1.0
0.0,1.0,1.9151759345081842e-10,1.0
0.0,1.0,0.0,1.0
0.0,1.0,1.9112458837788893e-10,1.0
0.0,1.0,1.912471014886563e-10,1.0
0.0,1.0,1.9108593873884416e-10,1.0
0.0,1.0,1.9119786309751419e-10,1.0
0.0,1.0,1.9154974828516913e-10,1.0
0.0,1.0,1.910888530742838e-10,1.0
0.0,1.0,1.7687665658185712e-37,1.0
0.0,1.0,0.0,1.0
0.0,1.0,1.910819419359555e-10,1.0
0.0,1.0,1.9112712801305776e-10,1.0
0.0,1.0,1.917979802756875e-10,1.0
0.0,1.0,1.9125805106323668e-10,1.0
0.0,1.0,1.9132810613609053e-10,1.0
0.0,1.0,1.9098865544631138e-10,1.0
0.0,1.0,1.9112822435829457e-10,1.0
0.0,1.0,1.64521780972179e-20,1.0
0.0,1.0,1.9099376247222466e-10,1.0
0.0,1.0,1.930885451528752e-10,1.0
0.0,1.0,8.7385482387699e-22,1.0
0.0,1.0,1.9106845272620632e-10,1.0
0.0,1.0,1.9165902198636786e-10,1.0
0.0,1.0,1.9404476636619705e-10,1.0
0.0,1.0,1.9095659775647533e-10,1.0
0.0,1.0,1.9113514937441067e-10,1.0
0.0,1.0,1.910392954940221e-10,1.0
0.0,1.0,1.9108375992615834e-10,1.0
0.0,1.0,1.9107793125527905e-10,1.0
0.0,1.0,7.001643637767394e-21,1.0
0.0,1.0,1.913532804431739e-10,1.0
0.0,1.0,1.9109214210999426e-10,1.0
0.0,1.0,1.9109068494227444e-10,1.0
0.0,1.0,0.0,1.0
0.0,1.0,2.9411323243279616e-34,1.0
0.0,1.0,1.9109432092268008e-10,1.0
0.0,1.0,1.914131492197768e-10,1.0
0.0,1.0,1.911151098488162e-10,1.0
0.0,1.0,1.9122194105936074e-10,1.0
0.0,1.0,1.9189311251111008e-10,1.0
0.0,1.0,1.9114863858415987e-10,1.0
0.0,1.0,1.911289598810484e-10,1.0
0.0,1.0,1.9113442772944467e-10,1.0
0.0,1.0,1.9114061722280695e-10,1.0
0.0,1.0,1.9107901372272806e-10,1.0
0.0,1.0,1.9119604510731136e-10,1.0
0.0,1.0,2.3036840490764376e-10,1.0
0.0,1.0,1.9116030980370624e-10,1.0
0.0,1.0,1.9120881267209455e-10,1.0
0.0,1.0,1.9118255589756217e-10,1.0
0.0,1.0,1.9115228844235332e-10,1.0
0.0,1.0,1.9125841188571968e-10,1.0
0.0,1.0,1.9112020299694166e-10,1.0
0.0,1.0,1.9159504538457384e-10,1.0
0.0,1.0,1.9129453576738342e-10,1.0
0.0,1.0,1.915413383457576e-10,1.0
0.0,1.0,0.0,1.0
0.0,1.0,1.9153842401031795e-10,1.0
0.0,1.0,1.9122814443051084e-10,1.0
0.0,1.0,1.9113478855192767e-10,1.0
0.0,1.0,1.9271141626919785e-10,1.0
0.0,1.0,1.9108011006796488e-10,1.0
0.0,1.0,1.91184013065282e-10,1.0
0.0,1.0,1.9110599214222646e-10,1.0
0.0,1.0,1.9108375992615834e-10,1.0
0.0,1.0,1.911289598810484e-10,1.0
0.0,1.0,1.9107208870661196e-10,1.0
0.0,1.0,1.9359228109472326e-10,1.0
0.0,1.0,1.9109396010019708e-10,1.0
0.0,1.0,1.9269193185511568e-10,1.0
0.0,1.0,1.912317942887043e-10,1.0
0.0,1.0,1.9102799897474654e-10,1.0
0.0,1.0,1.911151098488162e-10,1.0
0.0,1.0,1.9124127281777703e-10,1.0
0.0,1.0,1.912671687698264e-10,1.0
0.0,1.0,0.0,1.0
0.0,1.0,1.8567322968010558e-06,0.9999982118606567
0.0,1.0,1.9127519013117933e-10,1.0
0.0,1.0,1.9112093851969547e-10,1.0
0.0,1.0,1.9116942751029598e-10,1.0
0.0,1.0,1.9108339910367533e-10,1.0
0.0,1.0,1.911358848971645e-10,1.0
0.0,1.0,1.9096534076279426e-10,1.0
0.0,1.0,1.9116760952009315e-10,1.0
0.0,1.0,1.913131458808337e-10,1.0
0.0,1.0,1.9115192761987032e-10,1.0
0.0,1.0,1.9116250249417988e-10,1.0
0.0,1.0,1.9005727547316553e-10,1.0
0.0,1.0,1.9125513672779704e-10,1.0
0.0,1.0,1.9112604554560875e-10,1.0
0.0,1.0,1.9182468113942974e-10,1.0
0.0,1.0,1.912051628139011e-10,1.0
0.0,1.0,1.913996461322398e-10,1.0
0.0,1.0,1.909977592751133e-10,1.0
0.0,1.0,6.346789955570531e-13,1.0
0.0,1.0,0.0,1.0
0.0,1.0,1.917354330860377e-10,1.0
0.0,1.0,1.911220348649323e-10,1.0
0.0,1.0,1.9169776876992728e-10,1.0
0.0,1.0,1.911854702330018e-10,1.0
0.0,1.0,1.9139344276108972e-10,1.0
0.0,1.0,1.912471014886563e-10,1.0
0.0,1.0,1.9116030980370624e-10,1.0
0.0,1.0,1.9119276994938872e-10,1.0
0.0,1.0,1.9163452769088707e-10,1.0
0.0,1.0,1.9106334570029304e-10,1.0
0.0,1.0,1.9133430950724062e-10,1.0
0.0,1.0,9.448436824599504e-12,1.0
0.0,1.0,1.9110417415202363e-10,1.0
0.0,1.0,3.6789304241890974e-11,1.0
0.0,1.0,1.9131424222607052e-10,1.0
0.0,1.0,1.9107027071640914e-10,1.0
0.0,1.0,1.9128067185736342e-10,1.0
0.0,1.0,1.9109323845523107e-10,1.0
0.0,1.0,1.9113952087757013e-10,1.0
0.0,1.0,1.9109942794859336e-10,1.0
0.0,1.0,1.4688710248123016e-09,1.0
0.0,1.0,1.9188982347539962e-10,1.0
0.0,1.0,1.9111692783901901e-10,1.0
0.0,1.0,1.9107246340688278e-10,1.0
0.0,1.0,1.9123141958843348e-10,1.0
0.0,1.0,1.9122010919137011e-10,1.0
0.0,1.0,1.929880283357832e-10,1.0
0.0,1.0,1.9102398829407008e-10,1.0
0.0,1.0,1.9177419374738491e-10,1.0
0.0,1.0,1.914967767691067e-10,1.0
0.0,1.0,1.9116978833277898e-10,1.0
0.0,1.0,1.9108593873884416e-10,1.0
0.0,1.0,1.9114536342623722e-10,1.0
0.0,1.0,1.912266733850032e-10,1.0
0.0,1.0,1.911581171132326e-10,1.0
0.0,1.0,1.9122740890775702e-10,1.0
0.0,1.0,1.9103528481334564e-10,1.0
0.0,1.0,1.911858310554848e-10,1.0
0.0,1.0,1.9651642813034442e-10,1.0
0.0,1.0,1.9104148818449573e-10,1.0
0.0,1.0,1.8986706651347163e-10,1.0
0.0,1.0,1.88256243927043e-10,1.0
0.0,1.0,1.9118365224279898e-10,1.0
0.0,1.0,1.9134197004611053e-10,1.0
0.0,1.0,1.911304170487682e-10,1.0
0.0,1.0,1.9112676719057475e-10,1.0
0.0,1.0,1.15981299586565e-06,0.9999989867210388
0.0,1.0,1.9523907490714976e-10,1.0
0.0,1.0,1.91212823352771e-10,1.0
0.0,1.0,1.915669151086874e-10,1.0
0.0,1.0,1.912190267239211e-10,1.0
0.0,1.0,1.9100103443303595e-10,1.0
0.0,1.0,1.9111255633585955e-10,1.0
0.0,1.0,1.9129599293510324e-10,1.0
0.0,1.0,1.9120953431706056e-10,1.0
0.0,1.0,0.0,1.0
0.0,1.0,1.9136095485983162e-10,1.0
0.0,1.0,1.9062544598380526e-10,1.0
0.0,1.0,1.9109250293247726e-10,1.0
0.0,1.0,1.9133759854295107e-10,1.0
0.0,1.0,1.8952947544725873e-10,1.0
0.0,1.0,1.9114280991328059e-10,1.0
0.0,1.0,1.9133722384268026e-10,1.0
0.0,1.0,1.9118000238460553e-10,1.0
0.0,1.0,1.9121683403344747e-10,1.0
0.0,1.0,1.9298103393072807e-10,1.0
0.0,1.0,1.9097663728206982e-10,1.0
0.0,1.0,1.912383584823374e-10,1.0
0.0,1.0,1.9111437432606238e-10,1.0
0.0,1.0,1.9110088511631318e-10,1.0
0.0,1.0,1.9131606021627334e-10,1.0
0.0,1.0,1.9059999412096573e-10,1.0
0.0,1.0,1.9112531002285493e-10,1.0
0.0,1.0,1.9108631343911497e-10,1.0
0.0,1.0,1.9110781013242928e-10,1.0
0.0,1.0,1.9116286331666288e-10,1.0
0.0,1.0,1.9124819783389313e-10,1.0
0.0,1.0,1.9115885263598642e-10,1.0
0.0,1.0,1.9116905281002516e-10,1.0
0.0,1.0,1.9100833414942286e-10,1.0
0.0,1.0,1.9129781092530607e-10,1.0
0.0,1.0,1.9120297012342746e-10,1.0
0.0,1.0,1.9361369452131072e-10,1.0
0.0,1.0,1.9126134009894713e-10,1.0
0.0,1.0,1.911639596618997e-10,1.0
0.0,1.0,1.9096242642735461e-10,1.0
0.0,1.0,1.910389346715391e-10,1.0
0.0,1.0,1.9125367956007722e-10,1.0
0.0,1.0,1.9115957428095243e-10,1.0
0.0,1.0,1.910185343234616e-10,1.0
0.0,1.0,1.91184013065282e-10,1.0
0.0,1.0,1.9125877270820268e-10,1.0
0.0,1.0,1.910170771557418e-10,1.0
0.0,1.0,1.9135511231116453e-10,1.0
0.0,1.0,0.0011406638659536839,0.9990100860595703
0.0,1.0,1.9132920248132734e-10,1.0
0.0,1.0,1.911712455004988e-10,1.0
0.0,1.0,1.914708391836939e-10,1.0
0.0,1.0,1.9127191497325668e-10,1.0
0.0,1.0,1.9753672308997494e-10,1.0
0.0,1.0,1.9116505600713651e-10,1.0
0.0,1.0,1.91385768344432e-10,1.0
0.0,1.0,1.9116833116505916e-10,1.0
0.0,1.0,0.0,1.0
0.0,1.0,1.9281914953594992e-10,1.0
0.0,1.0,1.909398472665913e-10,1.0
0.0,1.0,1.9101961679091062e-10,1.0
0.0,1.0,1.9114244909079758e-10,1.0
0.0,1.0,1.9105059201329766e-10,1.0
0.0,1.0,1.9190336819630005e-10,1.0
0.0,1.0,1.911373420648843e-10,1.0
0.0,1.0,1.9125039052436676e-10,1.0
0.0,1.0,1.912055236363841e-10,1.0
0.0,1.0,1.9122886607547684e-10,1.0
0.0,1.0,1.9128212902508324e-10,1.0
0.0,1.0,1.9111838500673883e-10,1.0
0.0,1.0,1.912733721409765e-10,1.0
0.0,1.0,2.7200703911489654e-08,1.0
0.0,1.0,1.9113952087757013e-10,1.0
0.0,1.0,1.9108593873884416e-10,1.0
0.0,1.0,1.9140913853910035e-10,1.0
0.0,1.0,1.910177988007078e-10,1.0
0.0,1.0,1.9127556483145014e-10,1.0
0.0,1.0,1.9120041661047082e-10,1.0
0.0,1.0,3.8177077600801273e-36,1.0
0.0,1.0,1.9135000528525126e-10,1.0
0.0,1.0,1.9187994249048046e-10,1.0
0.0,1.0,1.9148800600721216e-10,1.0
0.0,1.0,5.9026209047343034e-34,1.0
0.0,1.0,1.9116833116505916e-10,1.0
0.0,1.0,1.912533048598064e-10,1.0
0.0,1.0,1.911577562907496e-10,1.0
0.0,1.0,1.9124783701141013e-10,1.0
0.0,1.0,1.9112676719057475e-10,1.0
0.0,1.0,1.9127883998937278e-10,1.0
0.0,1.0,1.911158314937822e-10,1.0
0.0,1.0,1.9116797034257615e-10,1.0
0.0,1.0,0.0,1.0
0.0,1.0,1.9267246131882132e-10,1.0
0.0,1.0,1.9379103877170678e-10,1.0
0.0,1.0,1.9120625915913791e-10,1.0
0.0,1.0,1.9138175766375554e-10,1.0
0.0,1.0,1.9101488446526815e-10,1.0
0.0,1.0,1.912051628139011e-10,1.0
0.0,1.0,1.9189091982063644e-10,1.0
0.0,1.0,1.9119530958455755e-10,1.0
0.0,1.0,1.915804320740122e-10,1.0
0.0,1.0,0.0,1.0
0.0,1.0,1.912383584823374e-10,1.0
0.0,1.0,1.9123762295958358e-10,1.0
0.0,1.0,1.9112421367761812e-10,1.0
0.0,1.0,1.9130985684512325e-10,1.0
0.0,1.0,1.1539360578183278e-08,1.0
0.0,1.0,1.9115593830054678e-10,1.0
0.0,1.0,1.912394409497864e-10,1.0
0.0,1.0,0.0,1.0
0.0,1.0,1.9233209469504686e-10,1.0
0.0,1.0,1.9113989557784095e-10,1.0
0.0,1.0,1.9110708848746327e-10,1.0
0.0,1.0,1.9112858518077758e-10,1.0
0.0,1.0,1.909107177899827e-10,1.0
0.0,1.0,1.9117525618117526e-10,1.0
0.0,1.0,1.912051628139011e-10,1.0
0.0,1.0,1.914960412463529e-10,1.0
0.0,1.0,1.9469131862237532e-10,1.0
0.0,1.0,2.095668469843713e-29,1.0
0.0,1.0,1.910188951459446e-10,1.0
0.0,1.0,1.9116322413914588e-10,1.0
0.0,1.0,1.9130912132236944e-10,1.0
0.0,1.0,0.0,1.0
0.0,1.0,0.0,1.0
0.0,1.0,1.9087102731685235e-10,1.0
0.0,1.0,1.9109104576475744e-10,1.0
0.0,1.0,1.9064108625066467e-10,1.0
0.0,1.0,1.9096935144347071e-10,1.0
0.0,1.0,1.9100869497190587e-10,1.0
0.0,1.0,1.909686159207169e-10,1.0
0.0,1.0,0.0,1.0
0.0,1.0,1.9094166525679412e-10,1.0
0.0,1.0,1.9082697921835035e-10,1.0
0.0,1.0,1.9098719827859156e-10,1.0
0.0,1.0,1.9082443958318152e-10,1.0
0.0,1.0,1.909402080890743e-10,1.0
0.0,1.0,1.9101306647506533e-10,1.0
0.0,1.0,1.9086483782349006e-10,1.0
0.0,1.0,1.9097809444978964e-10,1.0
0.0,1.0,0.0,1.0
0.0,1.0,1.9087757763269764e-10,1.0
0.0,1.0,1.909686159207169e-10,1.0
0.0,1.0,1.9141388474253063e-10,1.0
0.0,1.0,1.9089360647761566e-10,1.0
0.0,1.0,1.9097444459159618e-10,1.0
0.0,1.0,1.9134233086859354e-10,1.0
0.0,1.0,1.9094931191787623e-10,1.0
0.0,1.0,1.9110489579698964e-10,1.0
0.0,1.0,1.9420028085637142e-10,1.0
0.0,1.0,1.9346529933628176e-10,1.0
0.0,1.0,1.9216342406203069e-10,1.0
0.0,1.0,1.9205678714051544e-10,1.0
0.0,1.0,1.9089542446781849e-10,1.0
0.0,1.0,1.908313507215098e-10,1.0
0.0,1.0,1.9094240077954794e-10,1.0
0.0,1.0,0.0,1.0
0.0,1.0,1.908375402148721e-10,1.0
0.0,1.0,1.9095623693399233e-10,1.0
0.0,1.0,1.9106298487781004e-10,1.0
0.0,1.0,1.908681129814127e-10,1.0
0.0,1.0,0.0,1.0
0.0,1.0,0.0025127315893769264,0.9977335929870605
0.0,1.0,1.9095769410171215e-10,1.0
0.0,1.0,1.9100795944915205e-10,1.0
0.0,1.0,1.9245355309394085e-10,1.0
0.0,1.0,1.9090780345454306e-10,1.0
0.0,1.0,1.9089069214217602e-10,1.0
0.0,1.0,1.9091726810582799e-10,1.0
0.0,1.0,1.9087867397793445e-10,1.0
0.0,1.0,1.9110635296470946e-10,1.0
0.0,1.0,1.9099412329470766e-10,1.0
0.0,1.0,0.0,1.0
0.0,1.0,1.908371793923891e-10,1.0
0.0,1.0,1.911362457196475e-10,1.0
0.0,1.0,1.9111072446786892e-10,1.0
0.0,1.0,1.9104877402309484e-10,1.0
0.0,1.0,1.9084045455031173e-10,1.0
0.0,1.0,0.0,1.0
0.0,1.0,1.9092673275711292e-10,1.0
0.0,1.0,3.5254837712273e-05,0.9999718070030212
0.0,1.0,1.9077713020454468e-10,1.0
0.0,1.0,9.945927497284455e-34,1.0
0.0,1.0,1.9081060342873712e-10,1.0
0.0,1.0,1.9067672440975514e-10,1.0
0.0,1.0,1.9143651941444517e-10,1.0
0.0,1.0,1.9044192611783473e-10,1.0
0.0,1.0,1.909263719346299e-10,1.0
0.0,1.0,0.0,1.0
0.0,1.0,1.9089760328050431e-10,1.0
0.0,1.0,1.9090161396118077e-10,1.0
0.0,1.0,0.0,1.0
0.0,1.0,1.910119701298285e-10,1.0
0.0,1.0,0.0,1.0
0.0,1.0,1.9090889979977987e-10,1.0
0.0,1.0,1.9112458837788893e-10,1.0
0.0,1.0,1.927503850973622e-10,1.0
0.0,1.0,1.9099193060423403e-10,1.0
0.0,1.0,1.5649080568542185e-29,1.0
0.0,1.0,1.9094166525679412e-10,1.0
0.0,1.0,1.9090780345454306e-10,1.0
0.0,1.0,1.9089833880325813e-10,1.0
0.0,1.0,1.9084227254051456e-10,1.0
0.0,1.0,1.909908342589972e-10,1.0
0.0,1.0,1.9085573399468814e-10,1.0
0.0,1.0,1.909474939276734e-10,1.0
0.0,1.0,1.9094531511498758e-10,1.0
0.0,1.0,1.9105897419713358e-10,1.0
0.0,1.0,1.9110453497450663e-10,1.0
0.0,1.0,1.9111145999062273e-10,1.0
0.0,1.0,1.9094421876975076e-10,1.0
0.0,1.0,1.9120661998162092e-10,1.0
0.0,1.0,1.9098683745610856e-10,1.0
0.0,1.0,1.909187252735478e-10,1.0
0.0,1.0,1.908815883133741e-10,1.0
0.0,1.0,1.9169557607945364e-10,1.0
0.0,1.0,1.9087721681021463e-10,1.0
0.0,1.0,1.9087721681021463e-10,1.0
0.0,1.0,1.9095076908559605e-10,1.0
0.0,1.0,1.909398472665913e-10,1.0
0.0,1.0,1.9094931191787623e-10,1.0
0.0,1.0,1.9102727732978053e-10,1.0
0.0,1.0,1.9090561076406942e-10,1.0
0.0,1.0,1.909678942757509e-10,1.0
0.0,1.0,1.9104404169745237e-10,1.0
0.0,1.0,1.9087831315545145e-10,1.0
0.0,1.0,1.9095296177606969e-10,1.0
0.0,1.0,1.9100687698170304e-10,1.0
0.0,1.0,1.9086374147825325e-10,1.0
0.0,1.0,1.909540581213065e-10,1.0
0.0,1.0,1.908961461127845e-10,1.0
0.0,1.0,0.0,1.0
0.0,1.0,1.9093365777322902e-10,1.0
0.0,1.0,1.9095697245674614e-10,1.0
0.0,1.0,1.9093657210866866e-10,1.0
0.0,1.0,1.9100249160075577e-10,1.0
0.0,1.0,1.9093437941819502e-10,1.0
0.0,1.0,1.9094421876975076e-10,1.0
0.0,1.0,1.9090197478366377e-10,1.0
0.0,1.0,1.9097881609475564e-10,1.0
0.0,1.0,1.9102144865890125e-10,1.0
0.0,1.0,1.910108737845917e-10,1.0
0.0,1.0,1.9104039183925892e-10,1.0
0.0,1.0,1.9426474318073872e-10,1.0
0.0,1.0,1.9247557714319186e-10,1.0
0.0,1.0,1.9111255633585955e-10,1.0
0.0,1.0,1.908753988200118e-10,1.0
0.0,1.0,0.00022603680554311723,0.9997833371162415
0.0,1.0,1.911778096941319e-10,1.0
0.0,1.0,1.908459085209202e-10,1.0
0.0,1.0,1.9087212366208917e-10,1.0
0.0,1.0,1.9097917691723865e-10,1.0
0.0,1.0,1.3833294440000135e-23,1.0
0.0,1.0,1.9096352277259143e-10,1.0
0.0,1.0,1.908961461127845e-10,1.0
0.0,1.0,1.908753988200118e-10,1.0
0.0,1.0,0.0,1.0
0.0,1.0,0.0,1.0
0.0,1.0,1.908968816355383e-10,1.0
0.0,1.0,1.9260595895964627e-10,1.0
0.0,1.0,1.9113552407468148e-10,1.0
0.0,1.0,9.152719138150189e-10,1.0
0.0,1.0,1.9089942127070714e-10,1.0
0.0,1.0,1.910462205101382e-10,1.0
0.0,1.0,1.911789060393687e-10,1.0
0.0,1.0,1.9086229818832123e-10,1.0
0.0,1.0,1.9086265901080424e-10,1.0
0.0,1.0,1.9410695273336387e-10,1.0
0.0,1.0,1.9120297012342746e-10,1.0
0.0,1.0,0.0,1.0
0.0,1.0,1.9088049196813728e-10,1.0
0.0,1.0,1.9131496387103653e-10,1.0
0.0,1.0,1.909828267754321e-10,1.0
0.0,1.0,1.9082953273130698e-10,1.0
0.0,1.0,1.9092309677670727e-10,1.0
0.0,1.0,1.912193875464041e-10,1.0
0.0,1.0,1.9086957014913253e-10,1.0
0.0,1.0,1.9097881609475564e-10,1.0
0.0,1.0,1.9103602033609945e-10,1.0
0.0,1.0,1.908681129814127e-10,1.0
0.0,1.0,1.9118766292347544e-10,1.0
0.0,1.0,1.912255909175542e-10,1.0
0.0,1.0,1.9088704228398257e-10,1.0
0.0,1.0,1.9217955005146337e-10,1.0
0.0,1.0,1.9214325963634593e-10,1.0
0.0,1.0,1.9086519864597307e-10,1.0
0.0,1.0,1.9103819914878528e-10,1.0
0.0,1.0,1.9092309677670727e-10,1.0
0.0,1.0,1.9120005578798782e-10,1.0
0.0,1.0,1.9094130443431112e-10,1.0
0.0,1.0,1.9117563088144607e-10,1.0
0.0,1.0,1.90874663297258e-10,1.0
0.0,1.0,1.9087757763269764e-10,1.0
0.0,1.0,1.908520980142825e-10,1.0
0.0,1.0,1.9104184900697874e-10,1.0
0.0,1.0,1.9098428394315192e-10,1.0
0.0,1.0,1.9088704228398257e-10,1.0
0.0,1.0,1.9103602033609945e-10,1.0
0.0,1.0,1.9124272998549685e-10,1.0
0.0,1.0,3.267473770553692e-38,1.0
0.0,1.0,1.9156179420498631e-10,1.0
0.0,1.0,1.9099412329470766e-10,1.0
0.0,1.0,1.9086374147825325e-10,1.0
0.0,1.0,5.045897033539859e-09,1.0
0.0,1.0,1.9080478863564565e-10,1.0
0.0,1.0,1.9087757763269764e-10,1.0
0.0,1.0,1.9125148686960358e-10,1.0
0.0,1.0,1.909110786124657e-10,1.0
0.0,1.0,1.908812274908911e-10,1.0
0.0,1.0,1.9112822435829457e-10,1.0
0.0,1.0,1.9096424441755744e-10,1.0
0.0,1.0,1.9089141378714203e-10,1.0
0.0,1.0,1.9093365777322902e-10,1.0
0.0,1.0,1.9092163960898745e-10,1.0
0.0,1.0,1.9104803850034102e-10,1.0
0.0,1.0,1.9094312242451394e-10,1.0
0.0,1.0,1.9097663728206982e-10,1.0
0.0,1.0,1.9092054326375063e-10,1.0
0.0,1.0,1.9079786361952955e-10,1.0
0.0,1.0,1.9086265901080424e-10,1.0
0.0,1.0,1.9091253578018552e-10,1.0
0.0,1.0,1.90975901759316e-10,1.0
0.0,1.0,1.776402172026792e-07,0.9999998807907104
0.0,1.0,1.914828989812989e-10,1.0
0.0,1.0,1.9184298594154825e-10,1.0
0.0,1.0,1.9160052711075792e-10,1.0
0.0,1.0,1.9158846731315293e-10,1.0
0.0,1.0,1.9229688674737844e-10,1.0
0.0,1.0,1.9166522535751795e-10,1.0
0.0,1.0,1.9136715823098172e-10,1.0
0.0,1.0,1.9153695296481033e-10,1.0
0.0,1.0,1.9219018043692415e-10,1.0
0.0,1.0,1.9173726495402832e-10,1.0
0.0,1.0,1.917793285288738e-10,1.0
0.0,1.0,1.9171239595827672e-10,1.0
0.0,1.0,1.9145258989272662e-10,1.0
0.0,1.0,1.9196486067407648e-10,1.0
0.0,1.0,1.935380050666069e-10,1.0
0.0,1.0,1.9169338338898e-10,1.0
0.0,1.0,1.9280591012638126e-10,1.0
0.0,1.0,9.580312507750932e-06,0.9999927878379822
0.0,1.0,1.328734011707411e-09,1.0
0.0,1.0,1.918162712000182e-10,1.0
0.0,1.0,1.9143506224672535e-10,1.0
0.0,1.0,1.9162246789328208e-10,1.0
0.0,1.0,1.925537923552767e-10,1.0
0.0,1.0,1.9158226394200284e-10,1.0
0.0,1.0,4.3503761844476685e-05,0.9999692440032959
0.0,1.0,1.9150772634368707e-10,1.0
0.0,1.0,1.9162318953824808e-10,1.0
0.0,1.0,1.9197109180080218e-10,1.0
0.0,1.0,0.0,1.0
0.0,1.0,1.0565960337771685e-06,0.9999989867210388
0.0,1.0,1.967399576585649e-10,1.0
0.0,1.0,1.917548203556052e-10,1.0
0.0,1.0,1.9138285400899235e-10,1.0
0.0,1.0,1.932853044284144e-10,1.0
0.0,1.0,1.9211578161648646e-10,1.0
0.0,1.0,1.914449154760689e-10,1.0
0.0,1.0,1.9240474491422077e-10,1.0
0.0,1.0,1.9810646179063696e-10,1.0
0.0,1.0,1.92803328857849e-10,1.0
0.0,1.0,1.9166632170275477e-10,1.0
0.0,1.0,1.9152381069975632e-10,1.0
0.0,1.0,1.918228492714391e-10,1.0
0.0,1.0,8.006998541532084e-05,0.9999451041221619
0.0,1.0,1.9218834856893352e-10,1.0
0.0,1.0,6.49035655442276e-06,0.9999951720237732
0.0,1.0,2.904920620494522e-05,0.9999684691429138
0.0,1.0,2.309651335963281e-06,0.9999976754188538
0.0,1.0,2.3508800950367004e-07,0.9999997615814209
0.0,1.0,0.0,1.0
0.0,1.0,3.073992616009491e-07,0.9999997019767761
0.0,1.0,1.003780653263675e-06,0.9999990463256836
0.0,1.0,1.597922505425231e-06,0.9999982714653015
0.0,1.0,9.815890962272533e-07,0.999998927116394
0.0,1.0,6.174528266456036e-07,0.9999994039535522
0.0,1.0,7.909769919933751e-06,0.9999918937683105
0.0,1.0,1.8663527043827344e-06,0.9999979734420776
0.0,1.0,1.915917702266512e-10,1.0
0.0,1.0,1.9144601182130572e-10,1.0
0.0,1.0,1.9149422325615006e-10,1.0
0.0,1.0,1.9168204523634103e-10,1.0
0.0,1.0,1.9173324039556405e-10,1.0
0.0,1.0,1.9159725195283528e-10,1.0
0.0,1.0,1.9224040415100063e-10,1.0
0.0,1.0,1.9167875620063057e-10,1.0
0.0,1.0,1.9208463986064572e-10,1.0
0.0,1.0,1.9160383002425618e-10,1.0
0.0,1.0,8.255126999756612e-07,0.9999991655349731
0.0,1.0,1.9172811949186297e-10,1.0
0.0,1.0,1.916239250610019e-10,1.0
0.0,1.0,1.9173981846698496e-10,1.0
0.0,1.0,1.9191544187169285e-10,1.0
0.0,1.0,2.010067667868043e-10,1.0
0.0,1.0,1.9209232815509125e-10,1.0
0.0,1.0,1.9193886757751244e-10,1.0
0.0,1.0,1.9818545415883904e-10,1.0
0.0,1.0,1.9162831044194917e-10,1.0
0.0,1.0,1.9143067686577808e-10,1.0
0.0,1.0,1.917606629042723e-10,1.0
0.0,1.0,1.9166376818979813e-10,1.0
0.0,1.0,1.9150846186644088e-10,1.0
0.0,1.0,1.9157020414439785e-10,1.0
0.0,1.0,7.38285671104677e-05,0.9999397993087769
0.0,1.0,1.91767976498447e-10,1.0
0.0,1.0,1.9195095513069305e-10,1.0
0.0,1.0,2.3876855266280472e-06,0.9999982118606567
0.0,1.0,1.917416503349756e-10,1.0
0.0,1.0,1.918031011793886e-10,1.0
0.0,1.0,1.9152746055794978e-10,1.0
0.0,1.0,1.9152562868995915e-10,1.0
0.0,1.0,1.921410669458723e-10,1.0
0.0,1.0,1.9208792889635617e-10,1.0
0.0,1.0,1.9135656947888435e-10,1.0
0.0,1.0,1.9177164023442828e-10,1.0
0.0,1.0,1.9186383037883559e-10,1.0
0.0,1.0,1.9152088248652888e-10,1.0
0.0,1.0,1.9949693286225312e-10,1.0
0.0,1.0,1.9151211172463434e-10,1.0
0.0,1.0,2.160402412521023e-11,1.0
0.0,1.0,1.917299513598536e-10,1.0
0.0,1.0,1.9146317864482398e-10,1.0
0.0,1.0,1.9153001407090642e-10,1.0
0.0,1.0,1.9148180263606207e-10,1.0
0.0,1.0,1.3610761016025208e-06,0.9999988079071045
0.0,1.0,1.9172080589768825e-10,1.0
0.0,1.0,1.9172628762387234e-10,1.0
0.0,1.0,1.9155010910765213e-10,1.0
0.0,1.0,1.9162685327422935e-10,1.0
0.0,1.0,1.9190336819630005e-10,1.0
0.0,1.0,5.601735506119594e-14,1.0
0.0,1.0,1.9147486374215816e-10,1.0
0.0,1.0,1.9167327447444649e-10,1.0
0.0,1.0,1.92053858927288e-10,1.0
0.0,1.0,1.927970838533355e-10,1.0
0.0,1.0,1.920835296376211e-10,1.0
0.0,1.0,1.9146061125407954e-10,1.0
0.0,1.0,1.9146864649322026e-10,1.0
0.0,1.0,1.9151868979605524e-10,1.0
0.0,1.0,1.9805622419877267e-10,1.0
0.0,1.0,1.920948955458357e-10,1.0
0.0,1.0,1.9171385312599654e-10,1.0
0.0,1.0,1.9159029918114356e-10,1.0
0.0,1.0,1.919062964095275e-10,1.0
0.0,1.0,1.9164732301124587e-10,1.0
0.0,1.0,1.9160967257292327e-10,1.0
0.0,1.0,1.9125769024075367e-10,1.0
0.0,1.0,1.9142738783006763e-10,1.0
0.0,1.0,1.918338266015951e-10,1.0
0.0,1.0,1.9164768383372888e-10,1.0
0.0,1.0,1.9184298594154825e-10,1.0
0.0,1.0,1.9481390112208175e-10,1.0
0.0,1.0,1.911987876089873e-31,1.0
0.0,1.0,1.9177530397040954e-10,1.0
0.0,1.0,1.914262914848308e-10,1.0
0.0,1.0,1.917734721024189e-10,1.0
0.0,1.0,1.9150626917596725e-10,1.0
0.0,1.0,1.9184920319048615e-10,1.0
0.0,1.0,1.91705082364102e-10,1.0
0.0,1.0,1.9222060054779888e-10,1.0
0.0,1.0,1.9168862330776193e-10,1.0
0.0,1.0,1.9234236425802465e-10,1.0
0.0,1.0,1.9178846011325135e-10,1.0
0.0,1.0,1.917537240103684e-10,1.0
0.0,1.0,1.915413383457576e-10,1.0
0.0,1.0,1.9148070629082525e-10,1.0
0.0,1.0,3.088043154519937e-10,1.0
0.0,1.0,1.9148874152996598e-10,1.0
0.0,1.0,1.91372626079378e-10,1.0
0.0,1.0,1.917299513598536e-10,1.0
0.0,1.0,1.9187444688650857e-10,1.0
0.0,1.0,1.915548553110824e-10,1.0
0.0,1.0,1.9122776973024003e-10,1.0
0.0,1.0,1.917844494325749e-10,1.0
0.0,1.0,1.918342013018659e-10,1.0
0.0,1.0,1.9144236196311226e-10,1.0
0.0,1.0,1.9222427816156795e-10,1.0
0.0,1.0,1.9158298558696885e-10,1.0
0.0,1.0,1.9142848417530445e-10,1.0
0.0,1.0,1.9128286454783705e-10,1.0
0.0,1.0,1.91935578541802e-10,1.0
0.0,1.0,1.9154901276241532e-10,1.0
0.0,1.0,1.924781584117241e-10,1.0
0.0,1.0,1.9176432664025356e-10,1.0
0.0,1.0,1.915413383457576e-10,1.0
0.0,1.0,1.9203189038918822e-10,1.0
0.0,1.0,1.9155595165631922e-10,1.0
0.0,1.0,1.9160199815626555e-10,1.0
0.0,1.0,1.917727365796651e-10,1.0
0.0,1.0,2.1249061538108904e-14,1.0
0.0,1.0,1.9189604072433752e-10,1.0
0.0,1.0,1.9182505583970055e-10,1.0
0.0,1.0,1.9171056409028608e-10,1.0
0.0,1.0,1.917120212580059e-10,1.0
0.0,1.0,4.362210245800746e-11,1.0
0.0,1.0,1.9194400235900133e-10,1.0
0.0,1.0,1.9157678221581875e-10,1.0
0.0,1.0,1.9171604581647017e-10,1.0
0.0,1.0,1.917120212580059e-10,1.0
0.0,1.0,1.9145952878663053e-10,1.0
0.0,1.0,2.033556240066403e-10,1.0
0.0,1.0,1.9147193552893071e-10,1.0
0.0,1.0,1.916685143932284e-10,1.0
0.0,1.0,1.9187811062248983e-10,1.0
0.0,1.0,1.9140694584862672e-10,1.0
0.0,1.0,1.9164146658479098e-10,1.0
0.0,1.0,0.0,1.0
0.0,1.0,1.9151905061853824e-10,1.0
0.0,1.0,1.9148618801700934e-10,1.0
0.0,1.0,1.9149969110454634e-10,1.0
0.0,1.0,1.9172774479159216e-10,1.0
0.0,1.0,1.9139452522853873e-10,1.0
0.0,1.0,3.0342251488758027e-20,1.0
0.0,1.0,2.9147548090413533e-12,1.0
0.0,1.0,1.9202711643018233e-10,1.0
0.0,1.0,1.9165097286943933e-10,1.0
0.0,1.0,1.9192643307963664e-10,1.0
0.0,1.0,1.9155887986954667e-10,1.0
0.0,1.0,1.9155010910765213e-10,1.0
0.0,1.0,1.9162282871576508e-10,1.0
0.0,1.0,1.914449154760689e-10,1.0
0.0,1.0,1.9186201238863276e-10,1.0
0.0,1.0,1.9143103768826109e-10,1.0
0.0,1.0,1.92053498104805e-10,1.0
0.0,1.0,7.233520591398701e-05,0.9999505877494812
0.0,1.0,1.9121501604324465e-10,1.0
0.0,1.0,1.917983410981705e-10,1.0
0.0,1.0,1.9188946265291662e-10,1.0
0.0,1.0,8.762140168983024e-06,0.9999936819076538
0.0,1.0,1.9162099684777445e-10,1.0
0.0,1.0,1.9139709261928317e-10,1.0
0.0,1.0,1.9158372110972266e-10,1.0
0.0,1.0,1.9191105649074558e-10,1.0
0.0,1.0,1.9162318953824808e-10,1.0
0.0,1.0,1.9138722551215182e-10,1.0
0.0,1.0,2.398725940100377e-10,1.0
0.0,1.0,2.1688173479361694e-10,1.0
0.0,1.0,2.6046068080098905e-10,1.0
0.0,1.0,2.1382577652939716e-10,1.0
0.0,1.0,2.0673891765188301e-10,1.0
0.0,1.0,0.0,1.0
0.0,1.0,2.3110159619310622e-10,1.0
0.0,1.0,2.1688918716566974e-10,1.0
0.0,1.0,2.884054661755897e-10,1.0
0.0,1.0,2.1863530430543676e-10,1.0
0.0,1.0,2.1848314823991188e-10,1.0
0.0,1.0,2.7476673714055266e-10,1.0
0.0,1.0,2.1237027414411358e-10,1.0
0.0,1.0,2.0744241047143674e-10,1.0
0.0,1.0,2.1378662728999132e-10,1.0
0.0,1.0,2.20813728413205e-10,1.0
0.0,1.0,2.1958020124390742e-10,1.0
0.0,1.0,2.074873908144005e-15,1.0
0.0,1.0,2.2321045012319018e-10,1.0
0.0,1.0,2.1495971669338587e-10,1.0
0.0,1.0,2.2189286519314066e-10,1.0
0.0,1.0,2.738407001157128e-10,1.0
0.0,1.0,2.1959487006562028e-10,1.0
0.0,1.0,2.2038706970484156e-10,1.0
0.0,1.0,2.2266107013724223e-10,1.0
0.0,1.0,9.112981729231251e-07,0.9999998211860657
0.0,1.0,8.402752799119284e-11,1.0
0.0,1.0,2.1448749720764937e-10,1.0
0.0,1.0,8.758545000375761e-09,1.0
0.0,1.0,2.1457752241715866e-10,1.0
0.0,1.0,2.5900372328277954e-29,1.0
0.0,1.0,2.503574569878708e-10,1.0
0.0,1.0,2.165403134579691e-10,1.0
0.0,1.0,2.089426270890371e-10,1.0
0.0,1.0,2.2128213150729437e-10,1.0
0.0,1.0,2.1624149693089123e-10,1.0
0.0,1.0,2.116286867970274e-10,1.0
0.0,1.0,2.179774138966195e-10,1.0
0.0,1.0,2.1037263597811773e-10,1.0
0.0,1.0,2.1809676287176671e-10,1.0
0.0,1.0,2.1791962678818777e-10,1.0
0.0,1.0,2.6226176785826283e-10,1.0
0.0,1.0,2.1610420397610852e-10,1.0
0.0,1.0,2.382434249881271e-10,1.0
0.0,1.0,2.2058135873415097e-10,1.0
0.0,1.0,2.1416862727718922e-10,1.0
0.0,1.0,2.1879507927646813e-10,1.0
0.0,1.0,2.1773101377409176e-10,1.0
0.0,1.0,2.5571888065766284e-36,1.0
0.0,1.0,2.1165855179638982e-10,1.0
0.0,1.0,2.113181019058885e-10,1.0
0.0,1.0,2.1557970686369998e-10,1.0
0.0,1.0,2.136150284437477e-10,1.0
0.0,1.0,2.1942112016226645e-10,1.0
0.0,1.0,2.2752520700830559e-10,1.0
0.0,1.0,2.9752753039069546e-10,1.0
0.0,1.0,2.1489002244301503e-10,1.0
0.0,1.0,2.1873290678708912e-10,1.0
0.0,1.0,0.0,1.0
0.0,1.0,2.1236662428592012e-10,1.0
0.0,1.0,2.1224230706273772e-10,1.0
0.0,1.0,2.3243086622048992e-10,1.0
0.0,1.0,3.3062946824813366e-10,1.0
0.0,1.0,2.154662559483711e-10,1.0
0.0,1.0,2.1508848868645458e-10,1.0
0.0,1.0,2.1538038019741634e-10,1.0
0.0,1.0,2.1662376059605748e-10,1.0
0.0,1.0,2.1427731811130002e-10,1.0
0.0,1.0,2.1413759654365094e-10,1.0
0.0,1.0,2.1875085076672462e-10,1.0
0.0,1.0,2.1893199753098003e-10,1.0
0.0,1.0,3.720864172329641e-10,1.0
0.0,1.0,2.1727135368632133e-10,1.0
0.0,1.0,4.368149993768749e-36,1.0
0.0,1.0,2.1504870106880958e-10,1.0
0.0,1.0,2.1937174299324624e-10,1.0
0.0,1.0,0.0,1.0
0.0,1.0,2.199427862059622e-10,1.0
0.0,1.0,1.504770891225249e-10,1.0
0.0,1.0,2.2009344347040383e-10,1.0
0.0,1.0,8.699569398196161e-10,1.0
0.0,1.0,2.1644946945897914e-10,1.0
0.0,1.0,2.1576770925513244e-10,1.0
0.0,1.0,2.1760769575163152e-10,1.0
0.0,1.0,2.6196441077001188e-17,1.0
0.0,1.0,2.37908304168144e-10,1.0
0.0,1.0,2.1597192090272443e-10,1.0
0.0,1.0,2.17294557347536e-10,1.0
0.0,1.0,2.1590232379686825e-10,1.0
0.0,1.0,1.1215062810323596e-17,1.0
0.0,1.0,2.2465881932554055e-10,1.0
0.0,1.0,2.184352282386115e-10,1.0
0.0,1.0,2.6526417173933226e-10,1.0
0.0,1.0,2.14344764160046e-10,1.0
0.0,1.0,2.2214609318726986e-10,1.0
0.0,1.0,2.201967358450574e-10,1.0
0.0,1.0,2.168221852061336e-10,1.0
0.0,1.0,2.1635783442608414e-10,1.0
0.0,1.0,2.2320023607136363e-10,1.0
0.0,1.0,2.2715099246006787e-10,1.0
0.0,1.0,2.1383964043941717e-10,1.0
0.0,1.0,2.2860399684354604e-10,1.0
0.0,1.0,3.5555225430528026e-10,1.0
0.0,1.0,2.174085633743772e-10,1.0
0.0,1.0,2.2176846470323142e-10,1.0
0.0,1.0,2.1696987262398437e-10,1.0
0.0,1.0,2.164436962992511e-10,1.0
0.0,1.0,2.2860792425749565e-10,1.0
0.0,1.0,2.1634999347597272e-10,1.0
0.0,1.0,2.1763052471257538e-10,1.0
0.0,1.0,1.6764000954343383e-20,1.0
0.0,1.0,2.1725518606352523e-10,1.0
0.0,1.0,2.1114042458858506e-10,1.0
0.0,1.0,2.1865656507635833e-10,1.0
0.0,1.0,2.3284307815174543e-10,1.0
0.0,1.0,2.2097382257335596e-10,1.0
0.0,1.0,2.31516750215377e-10,1.0
0.0,1.0,2.1887437695600198e-10,1.0
0.0,1.0,2.165923690400362e-10,1.0
0.0,1.0,2.2290498613575238e-10,1.0
0.0,1.0,2.1987776877008258e-10,1.0
0.0,1.0,1.6115781669226448e-13,1.0
0.0,1.0,2.1498841595857243e-10,1.0
0.0,1.0,2.2481441708244176e-10,1.0
0.0,1.0,2.3120300118861792e-10,1.0
0.0,1.0,2.174147806233151e-10,1.0
0.0,1.0,2.1780202641430435e-10,1.0
0.0,1.0,2.1572491015753315e-10,1.0
0.0,1.0,2.1174617614860836e-10,1.0
0.0,1.0,2.1943910577526538e-10,1.0
0.0,1.0,2.1858401200169908e-10,1.0
0.0,1.0,2.12185241599272e-10,1.0
0.0,1.0,2.326694947818453e-10,1.0
0.0,1.0,2.2175662695023135e-10,1.0
0.0,1.0,2.1675436445711682e-10,1.0
0.0,1.0,2.291912076790581e-10,1.0
0.0,1.0,2.3723243832894803e-35,1.0
0.0,1.0,2.2620759432268045e-10,1.0
0.0,1.0,2.1545762396435464e-10,1.0
0.0,1.0,2.1731735855290424e-10,1.0
0.0,1.0,0.0,1.0
0.0,1.0,2.1403305516809468e-10,1.0
0.0,1.0,2.103938967490393e-10,1.0
0.0,1.0,2.155735451259133e-10,1.0
0.0,1.0,2.22805940364168e-10,1.0
0.0,1.0,2.472812232756638e-10,1.0
0.0,1.0,2.198802806496758e-10,1.0
0.0,1.0,2.1335605504546606e-10,1.0
0.0,1.0,2.2358243034759084e-10,1.0
0.0,1.0,1.6435112160095855e-09,1.0
0.0,1.0,2.1599952382267418e-10,1.0
0.0,1.0,2.2085878959021699e-10,1.0
0.0,1.0,2.1166501884550826e-10,1.0
0.0,1.0,2.2154354739623017e-10,1.0
0.0,1.0,2.1808053973781938e-10,1.0
0.0,1.0,0.0,1.0
0.0,1.0,3.7962422094750536e-10,1.0
0.0,1.0,2.2507613828270934e-10,1.0
0.0,1.0,2.1452349618922284e-10,1.0
0.0,1.0,2.250521019542262e-10,1.0
0.0,1.0,9.766449838599855e-24,1.0
0.0,1.0,2.1361747093440187e-10,1.0
0.0,1.0,8.86532180999211e-09,1.0
0.0,1.0,2.1159195229270011e-10,1.0
0.0,1.0,0.0,1.0
0.0,1.0,2.1803396588193635e-10,1.0
0.0,1.0,2.142429983420513e-10,1.0
0.0,1.0,4.320833135729174e-10,1.0
0.0,1.0,2.2059819249076185e-10,1.0
0.0,1.0,2.1419600815253403e-10,1.0
0.0,1.0,2.53549792272878e-10,1.0
0.0,1.0,2.783067110101456e-08,1.0
0.0,1.0,2.2402894817030727e-10,1.0
0.0,1.0,2.1330437416366976e-10,1.0
0.0,1.0,3.702281259343465e-10,1.0
0.0,1.0,2.2023789736369537e-10,1.0
0.0,1.0,2.150913613885308e-10,1.0
0.0,1.0,2.1882512468707205e-10,1.0
0.0,1.0,2.135681770321085e-10,1.0
0.0,1.0,0.0,1.0
0.0,1.0,2.2062258964172798e-10,1.0
0.0,1.0,2.263975257266182e-10,1.0
0.0,1.0,2.1228643842796657e-10,1.0
0.0,1.0,2.2334332994145e-10,1.0
0.0,1.0,2.2996803072938832e-10,1.0
0.0,1.0,2.1527113425179323e-10,1.0
0.0,1.0,2.2387132425638612e-10,1.0
0.0,1.0,2.2754864659191298e-10,1.0
0.0,1.0,2.2224908025059165e-10,1.0
0.0,1.0,2.1348671441767664e-10,1.0
0.0,1.0,0.0,1.0
0.0,1.0,2.129913329040889e-10,1.0
0.0,1.0,2.1645318870611163e-10,1.0
0.0,1.0,2.1504255320881072e-10,1.0
0.0,1.0,2.1873249045345489e-10,1.0
0.0,1.0,2.2076276917637472e-10,1.0
0.0,1.0,2.1015686413328183e-10,1.0
0.0,1.0,2.17472845287503e-10,1.0
0.0,1.0,2.1992516141544627e-10,1.0
0.0,1.0,2.230517021084566e-10,1.0
0.0,1.0,0.0,1.0
0.0,1.0,2.1407062233969043e-10,1.0
0.0,1.0,2.201635540544089e-10,1.0
0.0,1.0,2.1407592365463302e-10,1.0
0.0,1.0,2.1617387047090375e-10,1.0
0.0,1.0,3.025232009346013e-10,1.0
0.0,1.0,2.1164685282126783e-10,1.0
0.0,1.0,2.1043322639968665e-10,1.0
0.0,1.0,2.1296696350869837e-10,1.0
0.0,1.0,2.1498759716909177e-10,1.0
0.0,1.0,2.17224946363892e-10,1.0
0.0,1.0,2.208191962616013e-10,1.0
0.0,1.0,2.234617768603897e-10,1.0
0.0,1.0,2.3208000798913275e-10,1.0
0.0,1.0,2.225073875150585e-10,1.0
0.0,1.0,2.256585890370033e-10,1.0
0.0,1.0,2.1724773369147243e-10,1.0
0.0,1.0,2.2024840284906588e-10,1.0
0.0,1.0,2.1737332767113315e-10,1.0
0.0,1.0,2.2173124447633086e-10,1.0
0.0,1.0,2.144191907360593e-10,1.0
0.0,1.0,2.1591919918684255e-10,1.0
0.0,1.0,2.1333529387490557e-10,1.0
0.0,1.0,2.1514388881538338e-10,1.0
0.0,1.0,2.1971552355282142e-10,1.0
0.0,1.0,2.1342401457236093e-10,1.0
0.0,1.0,2.2540866395637238e-10,1.0
0.0,1.0,2.383643282755088e-10,1.0
0.0,1.0,2.1655766069272886e-10,1.0
0.0,1.0,2.312100511048243e-10,1.0
0.0,1.0,2.1463114618924806e-10,1.0
0.0,1.0,2.1761766000327754e-10,1.0
0.0,1.0,2.908576712812305e-10,1.0
0.0,1.0,2.3228816092846216e-10,1.0
0.0,1.0,2.2611572336739272e-10,1.0
0.0,1.0,2.179075808683706e-10,1.0
0.0,1.0,2.243072949603686e-10,1.0
0.0,1.0,2.1547899575757867e-10,1.0
0.0,1.0,2.1471056876887218e-10,1.0
0.0,1.0,2.2840612734498222e-10,1.0
0.0,1.0,3.4281416594339476e-10,1.0
0.0,1.0,2.1535326300003987e-10,1.0
0.0,1.0,2.1794664684104958e-10,1.0
0.0,1.0,2.2547917699622388e-10,1.0
0.0,1.0,0.0,1.0
0.0,1.0,2.4442595170093284e-10,1.0
0.0,1.0,0.0,1.0
0.0,1.0,4.623233185174769e-10,1.0
0.0,1.0,2.2100712926409471e-10,1.0
0.0,1.0,2.3798774062555594e-10,1.0
0.0,1.0,2.2460397430812407e-10,1.0
0.0,1.0,2.1653825954537353e-10,1.0
0.0,1.0,2.238427221357142e-10,1.0
0.0,1.0,2.2120828779836899e-10,1.0
0.0,1.0,2.1864114685410385e-10,1.0
0.0,1.0,2.234626372832338e-10,1.0
0.0,1.0,2.195437720509119e-10,1.0
0.0,1.0,2.2979745883944247e-10,1.0
0.0,1.0,2.167452745061027e-10,1.0
0.0,1.0,1.6349287479400232e-09,1.0
0.0,1.0,2.1148906237389298e-10,1.0
0.0,1.0,2.209641358774661e-10,1.0
0.0,1.0,2.185423231271244e-10,1.0
0.0,1.0,2.2513624298170498e-10,1.0
0.0,1.0,0.0,1.0
0.0,1.0,2.20586410248913e-10,1.0
0.0,1.0,2.3362825563033596e-10,1.0
0.0,1.0,2.2033790070263848e-10,1.0
0.0,1.0,2.1287030471661694e-10,1.0
0.0,1.0,2.183169339753377e-10,1.0
0.0,1.0,2.2142948585823774e-10,1.0
0.0,1.0,2.168246554523634e-10,1.0
0.0,1.0,2.2318405457077972e-10,1.0
0.0,1.0,2.2073623484608618e-10,1.0
0.0,1.0,2.186824332728321e-10,1.0
0.0,1.0,2.347471939057044e-10,1.0
0.0,1.0,2.1444372666490352e-10,1.0
0.0,1.0,2.2116862508081425e-10,1.0
0.0,1.0,2.1132616490060485e-10,1.0
0.0,1.0,2.2912127750629452e-10,1.0
0.0,1.0,2.1639705305442902e-10,1.0
0.0,1.0,2.1950231909872997e-10,1.0
0.0,1.0,2.1613140444021184e-10,1.0
0.0,1.0,2.208204591402918e-10,1.0
0.0,1.0,2.1641480274503522e-10,1.0
0.0,1.0,2.2215032591255124e-10,1.0
0.0,1.0,2.271462323788498e-10,1.0
0.0,1.0,2.17294557347536e-10,1.0
0.0,1.0,2.1831068897082417e-10,1.0
0.0,1.0,0.0,1.0
0.0,1.0,2.213686733920639e-10,1.0
0.0,1.0,2.1630833235697366e-10,1.0
0.0,1.0,3.673427950712238e-10,1.0
0.0,1.0,2.1165290353675204e-10,1.0
0.0,1.0,3.1181510151689906e-10,1.0
0.0,1.0,2.2150213607741165e-10,1.0
0.0,1.0,2.239956137239929e-10,1.0
0.0,1.0,2.1591879673099612e-10,1.0
0.0,1.0,2.1198662270016655e-10,1.0
0.0,1.0,2.1293852792148016e-10,1.0
0.0,1.0,2.2772665697612382e-10,1.0
0.0,1.0,0.0,1.0
0.0,1.0,2.166188062258101e-10,1.0
0.0,1.0,0.0,1.0
0.0,1.0,2.1897501867318425e-10,1.0
0.0,1.0,2.1490108303989786e-10,1.0
0.0,1.0,2.1327101196177978e-10,1.0
0.0,1.0,2.2550541989296846e-10,1.0
0.0,1.0,2.1632895474965608e-10,1.0
0.0,1.0,2.215304467645396e-10,1.0
0.0,1.0,6.071648606180813e-24,1.0
0.0,1.0,2.1804144600956477e-10,1.0
0.0,1.0,2.162192230814597e-10,1.0
0.0,1.0,2.1814253181595689e-10,1.0
0.0,1.0,0.0,1.0
0.0,1.0,2.1589696697077443e-10,1.0
0.0,1.0,2.228879719679e-10,1.0
0.0,1.0,2.232449364258926e-10,1.0
0.0,1.0,2.1550652928858938e-10,1.0
0.0,1.0,2.3092490419873712e-10,1.0
0.0,1.0,2.1765003688223317e-10,1.0
0.0,1.0,2.683016829795195e-16,1.0
0.0,1.0,2.1369897518219716e-10,1.0
0.0,1.0,3.193550272662781e-22,1.0
0.0,1.0,2.37686981208185e-10,1.0
0.0,1.0,2.195086057366069e-10,1.0
0.0,1.0,2.127517745309504e-10,1.0
0.0,1.0,2.2050143655416576e-10,1.0
0.0,1.0,2.2196651461303674e-10,1.0
0.0,1.0,2.1801482841254938e-10,1.0
0.0,1.0,2.2091356521869443e-10,1.0
0.0,1.0,2.1578992759341276e-10,1.0
0.0,1.0,2.202820009733486e-10,1.0
0.0,1.0,2.3544446947632025e-10,1.0
0.0,1.0,2.2156805556949877e-10,1.0
0.0,1.0,2.184135650118435e-10,1.0
0.0,1.0,2.3679735949855285e-10,1.0
0.0,1.0,2.1560109253471182e-10,1.0
0.0,1.0,2.2223296813894677e-10,1.0
0.0,1.0,2.244095603787244e-10,1.0
0.0,1.0,2.2673025956709836e-10,1.0
0.0,1.0,2.1960282203803416e-10,1.0
0.0,1.0,2.2312277025982041e-10,1.0
0.0,1.0,2.1679405493024717e-10,1.0
0.0,1.0,2.1745916178872449e-10,1.0
0.0,1.0,2.1459634069742606e-10,1.0
0.0,1.0,2.1664112170860506e-10,1.0
0.0,1.0,2.1569404595744857e-10,1.0
0.0,1.0,2.1765958480024494e-10,1.0
0.0,1.0,2.1597233723635867e-10,1.0
0.0,1.0,2.2164245438993646e-10,1.0
0.0,1.0,2.1621097967550185e-10,1.0
0.0,1.0,2.2947115041471733e-10,1.0
0.0,1.0,2.193524945015568e-10,1.0
0.0,1.0,2.390340425595383e-10,1.0
0.0,1.0,2.1809842820630365e-10,1.0
0.0,1.0,2.1818455375743895e-10,1.0
0.0,1.0,2.1376134196060548e-10,1.0
0.0,1.0,2.155891715149849e-10,1.0
0.0,1.0,2.2880072836350962e-10,1.0
0.0,1.0,2.1832484431438814e-10,1.0
0.0,1.0,2.1245373515998978e-10,1.0
0.0,1.0,2.1932863858431517e-10,1.0
0.0,1.0,2.268150389728163e-10,1.0
0.0,1.0,2.1701705710253094e-10,1.0
0.0,1.0,2.193947523654316e-10,1.0
0.0,1.0,2.2188524628763417e-10,1.0
0.0,1.0,2.1726928589593797e-10,1.0
0.0,1.0,2.1868451494100327e-10,1.0
0.0,1.0,2.3446661279180603e-10,1.0
0.0,1.0,2.2359224194357097e-10,1.0
0.0,1.0,4.399603202787352e-37,1.0
0.0,1.0,2.1314332243616008e-10,1.0
0.0,1.0,2.2196228188775535e-10,1.0
0.0,1.0,3.320488883851169e-10,1.0
0.0,1.0,2.1409715666997897e-10,1.0
0.0,1.0,2.1320716026007602e-10,1.0
0.0,1.0,2.1273230399465604e-10,1.0
0.0,1.0,2.1078593037682225e-10,1.0
0.0,1.0,2.2043877834221348e-10,1.0
0.0,1.0,2.2457698201083787e-10,1.0
0.0,1.0,2.1487567281042175e-10,1.0
0.0,1.0,2.1483469170302527e-10,1.0
0.0,1.0,2.3279955740918012e-10,1.0
0.0,1.0,6.644050411596228e-32,1.0
0.0,1.0,2.1816874695712585e-10,1.0
0.0,1.0,2.1945878447837686e-10,1.0
0.0,1.0,2.282053851443422e-10,1.0
0.0,1.0,2.3428511908285543e-10,1.0
0.0,1.0,2.1996628130072082e-10,1.0
0.0,1.0,0.0,1.0
0.0,1.0,2.1364476854301984e-10,1.0
0.0,1.0,2.2696000634425673e-10,1.0
0.0,1.0,2.1895706081576094e-10,1.0
0.0,1.0,2.1526128102244968e-10,1.0
0.0,1.0,2.1839273445234397e-10,1.0
0.0,1.0,2.1256843507622136e-10,1.0
0.0,1.0,2.1426832530480056e-10,1.0
0.0,1.0,2.1605062183738255e-10,1.0
0.0,1.0,2.1894201729377727e-10,1.0
0.0,1.0,2.2982069025623275e-10,1.0
0.0,1.0,2.1462663590821052e-10,1.0
0.0,1.0,2.1715079734363485e-10,1.0
0.0,1.0,2.1905355307438867e-10,1.0
0.0,1.0,2.894630091176964e-10,1.0
0.0,1.0,2.1536353256301766e-10,1.0
0.0,1.0,2.1649240733445652e-10,1.0
0.0,1.0,2.1589573184765953e-10,1.0
0.0,1.0,2.110929070431311e-10,1.0
0.0,1.0,2.179774138966195e-10,1.0
0.0,1.0,2.2378082720209136e-10,1.0
0.0,1.0,7.950103599671355e-23,1.0
0.0,1.0,2.164705220630836e-10,1.0
0.0,1.0,2.1875669331539171e-10,1.0
0.0,1.0,2.3914351054976635e-10,1.0
0.0,1.0,2.1252344328814843e-10,1.0
0.0,1.0,2.174902757889896e-10,1.0
0.0,1.0,2.9044466831606996e-10,1.0
0.0,1.0,3.2158189999798026e-10,1.0
0.0,1.0,2.221672845692524e-10,1.0
0.0,1.0,2.3020851891430993e-10,1.0
0.0,1.0,2.2176804836959718e-10,1.0
0.0,1.0,2.1389716386988056e-10,1.0
0.0,1.0,4.3160475193815273e-10,1.0
0.0,1.0,2.351554229118591e-10,1.0
0.0,1.0,2.218467354264675e-10,1.0
0.0,1.0,2.1346310830061554e-10,1.0
0.0,1.0,2.2050269943285628e-10,1.0
0.0,1.0,2.2635779362012443e-10,1.0
0.0,1.0,2.1961162055550432e-10,1.0
0.0,1.0,2.2091650730970969e-10,1.0
0.0,1.0,2.222189793288365e-10,1.0
0.0,1.0,2.37559166782475e-10,1.0
0.0,1.0,2.1831401963989805e-10,1.0
0.0,1.0,2.2205035032918374e-10,1.0
0.0,1.0,2.162794526805456e-10,1.0
0.0,1.0,2.332231074930746e-10,1.0
0.0,1.0,2.133466875386958e-10,1.0
0.0,1.0,2.170352647601348e-10,1.0
0.0,1.0,2.0775758891034002e-10,1.0
0.0,1.0,2.1294827012852124e-10,1.0
0.0,1.0,9.414829289593883e-24,1.0
0.0,1.0,2.0111798337829612e-10,1.0
0.0,1.0,2.0397793176751833e-10,1.0
0.0,1.0,3.487949928882017e-10,1.0
0.0,1.0,2.0736368178120301e-10,1.0
0.0,1.0,2.1242657632924988e-10,1.0
0.0,1.0,4.556798208589714e-31,1.0
0.0,1.0,2.0417294244179374e-10,1.0
0.0,1.0,1.3120463049354214e-10,1.0
0.0,1.0,2.133363577198424e-27,1.0
0.0,1.0,2.0497988029166692e-10,1.0
0.0,1.0,2.087641587378286e-10,1.0
0.0,1.0,2.0392931787682755e-10,1.0
0.0,1.0,2.0405381551125146e-10,1.0
0.0,1.0,2.04358793776116e-10,1.0
0.0,1.0,2.0504009601296502e-10,1.0
0.0,1.0,2.0348171758666211e-10,1.0
0.0,1.0,2.2229613982904795e-10,1.0
0.0,1.0,2.064107079702282e-10,1.0
0.0,1.0,2.0512733178712494e-10,1.0
0.0,1.0,2.2496883522737932e-10,1.0
0.0,1.0,0.0,1.0
0.0,1.0,2.0362070363155738e-10,1.0
0.0,1.0,2.0482628093621003e-10,1.0
0.0,1.0,2.0665021083221546e-10,1.0
0.0,1.0,0.0,1.0
0.0,1.0,0.0,1.0
0.0,1.0,0.0,1.0
0.0,1.0,0.0,1.0
0.0,1.0,3.366735525011321e-15,1.0
0.0,1.0,0.0,1.0
0.0,1.0,0.0,1.0
0.0,1.0,0.0,1.0
0.0,1.0,2.0652687893196742e-10,1.0
0.0,1.0,0.0,1.0
0.0,1.0,0.0,1.0
0.0,1.0,2.0468413075569458e-10,1.0
0.0,1.0,2.0691209856593673e-10,1.0
0.0,1.0,0.0,1.0
0.0,1.0,2.1405958949838322e-10,1.0
0.0,1.0,2.044570346360075e-10,1.0
0.0,1.0,8.422517685928389e-23,1.0
0.0,1.0,2.0520793397871273e-10,1.0
0.0,1.0,0.0,1.0
0.0,1.0,5.089725656677999e-38,1.0
0.0,1.0,0.0,1.0
0.0,1.0,0.0,1.0
0.0,1.0,0.0,1.0
0.0,1.0,0.0,1.0
0.0,1.0,0.0,1.0
0.0,1.0,8.172671567274747e-11,1.0
0.0,1.0,0.0,1.0
0.0,1.0,0.0,1.0
0.0,1.0,0.0,1.0
0.0,1.0,0.0,1.0
0.0,1.0,4.5359687432520906e-24,1.0
0.0,1.0,4.392368690986359e-10,1.0
0.0,1.0,2.331399240329546e-10,1.0
0.0,1.0,2.0600285366434434e-10,1.0
0.0,1.0,3.038151598375948e-28,1.0
0.0,1.0,1.9800387758804334e-16,1.0
0.0,1.0,2.0467982864147416e-10,1.0
0.0,1.0,2.0392697253068803e-10,1.0
0.0,1.0,5.492781786042925e-21,1.0
0.0,1.0,2.0584142723656385e-10,1.0
0.0,1.0,0.0,1.0
0.0,1.0,2.0725494931372879e-10,1.0
0.0,1.0,2.0632254238428516e-10,1.0
0.0,1.0,2.0322921123749893e-10,1.0
0.0,1.0,2.0752273510726837e-10,1.0
0.0,1.0,0.0,1.0
0.0,1.0,2.0177924608955067e-10,1.0
0.0,1.0,2.0567306191487944e-10,1.0
0.0,1.0,2.0286361479548987e-10,1.0
0.0,1.0,2.06515859968448e-10,1.0
0.0,1.0,4.4646330191801585e-27,1.0
0.0,1.0,2.0776155795765305e-10,1.0
0.0,1.0,2.0656391874762647e-10,1.0
0.0,1.0,2.010719646339254e-10,1.0
0.0,1.0,2.0639653874887642e-10,1.0
0.0,1.0,2.0445196924345765e-10,1.0
0.0,1.0,2.1299742525293652e-10,1.0
0.0,1.0,2.089916573133621e-10,1.0
0.0,1.0,2.0749978124623425e-10,1.0
0.0,1.0,2.101220031303086e-10,1.0
0.0,1.0,2.062757187282216e-10,1.0
0.0,1.0,2.0643196874114977e-10,1.0
0.0,1.0,2.0269846912057687e-10,1.0
0.0,1.0,2.058162945628439e-10,1.0
0.0,1.0,2.4466056958161175e-10,1.0
0.0,1.0,2.521029883982547e-30,1.0
0.0,1.0,2.0440245329655937e-10,1.0
0.0,1.0,3.7160133570337887e-25,1.0
0.0,1.0,3.358497995609746e-24,1.0
0.0,1.0,2.0497011032905021e-10,1.0
0.0,1.0,2.02574401697575e-10,1.0
0.0,1.0,2.0762053187795004e-10,1.0
0.0,1.0,2.894366332977655e-13,1.0
0.0,1.0,2.031691342940789e-10,1.0
0.0,1.0,2.0931957556147296e-10,1.0
0.0,1.0,2.1077065093244585e-10,1.0
0.0,1.0,2.0990929827657823e-10,1.0
0.0,1.0,2.064378806787559e-10,1.0
0.0,1.0,2.0243612341985795e-10,1.0
0.0,1.0,2.0681938106559272e-10,1.0
0.0,1.0,2.0820148383116077e-10,1.0
0.0,1.0,2.224899847691475e-10,1.0
0.0,1.0,2.2229265303486123e-11,1.0
0.0,1.0,2.0770173081441357e-10,1.0
0.0,1.0,2.0448902293690452e-10,1.0
0.0,1.0,2.0418462753912792e-10,1.0
0.0,1.0,2.070901644612988e-10,1.0
0.0,1.0,2.040647095746806e-10,1.0
0.0,1.0,2.0494821117988948e-10,1.0
0.0,1.0,2.0367159347944863e-10,1.0
0.0,1.0,2.155186402605369e-12,1.0
0.0,1.0,2.6885446757773934e-08,1.0
0.0,1.0,2.0593764193943542e-10,1.0
0.0,1.0,2.0732413008595074e-10,1.0
0.0,1.0,2.07671227436812e-10,1.0
0.0,1.0,2.035255713961348e-10,1.0
0.0,1.0,2.0630168406921e-10,1.0
0.0,1.0,2.0607476836076444e-10,1.0
0.0,1.0,2.0937747369220716e-10,1.0
0.0,1.0,2.043650249028417e-10,1.0
0.0,1.0,1.0075721129480688e-34,1.0
0.0,1.0,2.0984083914932228e-10,1.0
0.0,1.0,0.0,1.0
0.0,1.0,6.285347722695632e-33,1.0
0.0,1.0,2.1812297801293568e-10,1.0
0.0,1.0,2.0289922519900472e-10,1.0
0.0,1.0,2.0054838345551218e-10,1.0
0.0,1.0,2.04652905733127e-10,1.0
0.0,1.0,2.0408690015738529e-10,1.0
0.0,1.0,2.0302078074241336e-10,1.0
0.0,1.0,2.1729248955715263e-10,1.0
0.0,1.0,2.048786418296089e-10,1.0
0.0,1.0,2.0717076665288658e-10,1.0
0.0,1.0,2.17850533360912e-26,1.0
0.0,1.0,2.078325012089266e-10,1.0
0.0,1.0,2.1346473200178906e-10,1.0
0.0,1.0,2.1081970891234647e-10,1.0
0.0,1.0,1.2417902262029656e-09,1.0
0.0,1.0,2.0118014198988732e-10,1.0
0.0,1.0,2.0645363196791777e-10,1.0
0.0,1.0,2.0253383692381277e-10,1.0
0.0,1.0,2.0437476710988278e-10,1.0
0.0,1.0,9.777337793559493e-12,1.0
0.0,1.0,2.0525765809242813e-10,1.0
0.0,1.0,3.7251624007694772e-09,1.0
0.0,1.0,2.0393203792323789e-10,1.0
0.0,1.0,2.039160923450467e-10,1.0
0.0,1.0,2.0494039798535368e-10,1.0
0.0,1.0,2.0061149963446212e-10,1.0
0.0,1.0,2.0520637966647826e-10,1.0
0.0,1.0,1.1114556540750553e-12,1.0
0.0,1.0,2.0241218423588947e-10,1.0
0.0,1.0,2.0879244166938093e-10,1.0
0.0,1.0,5.516098688929105e-10,1.0
0.0,1.0,1.269391571805646e-36,1.0
0.0,1.0,1.0714473752670983e-10,1.0
0.0,1.0,2.0164767078334478e-10,1.0
0.0,1.0,2.0387874721805588e-10,1.0
0.0,1.0,2.03412259258684e-10,1.0
0.0,1.0,2.061974341271977e-10,1.0
0.0,1.0,2.0669634059888864e-10,1.0
0.0,1.0,2.0409041123770066e-10,1.0
0.0,1.0,2.056291248386799e-10,1.0
0.0,1.0,2.101580715008211e-10,1.0
0.0,1.0,1.0198468590843888e-17,1.0
0.0,1.0,2.0425786062538975e-10,1.0
0.0,1.0,2.0744399253924684e-10,1.0
0.0,1.0,2.03753958150088e-10,1.0
0.0,1.0,2.0303200787274989e-10,1.0
0.0,1.0,2.0509094422749286e-10,1.0
0.0,1.0,2.1251857218462789e-10,1.0
0.0,1.0,2.0490444063714364e-10,1.0
0.0,1.0,2.0295649882928757e-10,1.0
0.0,1.0,2.04876685061528e-10,1.0
0.0,1.0,1.9050803989895115e-10,1.0
0.0,1.0,1.9048915222974472e-10,1.0
0.0,1.0,0.00031266084988601506,0.9997492432594299
0.0,1.0,1.9534486528360873e-10,1.0
0.0,1.0,1.8134779042000033e-28,1.0
0.0,1.0,0.0,1.0
0.0,1.0,1.904946062003532e-10,1.0
0.0,1.0,1.9045973131959215e-10,1.0
0.0,1.0,1.9048479460437306e-10,1.0
0.0,1.0,4.663823771622333e-10,1.0
0.0,1.0,1.9048987387471072e-10,1.0
0.0,1.0,1.926867970736268e-10,1.0
0.0,1.0,1.0151368634581104e-09,1.0
0.0,1.0,2.6363625526339273e-27,1.0
0.0,1.0,1.905120367018398e-10,1.0
0.0,1.0,1.9045136301354404e-10,1.0
0.0,1.0,2.00810768546944e-06,0.9999979138374329
0.0,1.0,1.9050659660901914e-10,1.0
0.0,1.0,1.9050731825398515e-10,1.0
0.0,1.0,1.9045064136857803e-10,1.0
0.0,1.0,1.9048261579168724e-10,1.0
0.0,1.0,1.9049278821015037e-10,1.0
0.0,1.0,4.5953027494327614e-10,1.0
0.0,1.0,1.9804374806753344e-10,1.0
0.0,1.0,1.9294091324617568e-10,1.0
0.0,1.0,1.905182261952021e-10,1.0
0.0,1.0,1.9049860300324184e-10,1.0
0.0,1.0,1.9056874134282253e-10,1.0
0.0,1.0,1.0541840837763328e-11,1.0
0.0,1.0,1.9045827415187233e-10,1.0
0.0,1.0,1.9048551624933907e-10,1.0
0.0,1.0,1.9057637412611683e-10,1.0
0.0,1.0,1.9063199629965055e-10,1.0
0.0,1.0,2.619515299135132e-16,1.0
0.0,1.0,9.394791611327946e-09,1.0
0.0,1.0,3.089951905455024e-10,1.0
0.0,1.0,1.9684318064427941e-10,1.0
0.0,1.0,1.9056436983966307e-10,1.0
0.0,1.0,1.9611690049714525e-10,1.0
0.0,1.0,1.9133686302019726e-10,1.0
0.0,1.0,2.814973254494646e-10,1.0
0.0,1.0,2.707325279516226e-07,0.9999997615814209
0.0,1.0,0.0,1.0
0.0,1.0,3.881354959656136e-11,1.0
0.0,1.0,6.533044017273445e-38,1.0
0.0,1.0,1.3860602848581038e-05,0.9999814033508301
0.0,1.0,1.9084299418548056e-10,1.0
0.0,1.0,1.952636524693574e-10,1.0
0.0,1.0,1.904876950620249e-10,1.0
0.0,1.0,1.905189478401681e-10,1.0
0.0,1.0,1.904884305847787e-10,1.0
0.0,1.0,1.2116500617153227e-21,1.0
0.0,1.0,1.9049169186491355e-10,1.0
0.0,1.0,1.90463714244693e-10,1.0
0.0,1.0,1.9418730512477111e-10,1.0
0.0,1.0,0.0,1.0
0.0,1.0,1.9048405908161925e-10,1.0
0.0,1.0,1.5363900374154582e-08,1.0
0.0,1.0,1.82674642079661e-09,1.0
0.0,1.0,1.9790366567740136e-10,1.0
0.0,1.0,2.0540059930684862e-10,1.0
0.0,1.0,1.9049024857498154e-10,1.0
0.0,1.0,1.9072946000342483e-10,1.0
0.0,1.0,1.905116758793568e-10,1.0
0.0,1.0,6.647114525470954e-10,1.0
0.0,1.0,1.904713470279873e-10,1.0
0.0,1.0,8.674185814072644e-10,1.0
0.0,1.0,2.0987281459383667e-05,0.9999845027923584
0.0,1.0,3.865302522498837e-10,1.0
0.0,1.0,1.9067053491639285e-10,1.0
0.0,1.0,1.9181700672277202e-10,1.0
0.0,1.0,1.9050586108626533e-10,1.0
0.0,1.0,1.905040430960625e-10,1.0
0.0,1.0,1.9056001221429142e-10,1.0
0.0,1.0,1.9048115862396742e-10,1.0
0.0,1.0,1.904713470279873e-10,1.0
0.0,1.0,1.9054402500273682e-10,1.0
0.0,1.0,1.9049860300324184e-10,1.0
0.0,1.0,0.0,1.0
0.0,1.0,1.9045355570401767e-10,1.0
0.0,1.0,1.9052148747533693e-10,1.0
0.0,1.0,1.904713470279873e-10,1.0
0.0,1.0,1.9052548427822558e-10,1.0
0.0,1.0,0.0001820563484216109,0.9998182058334351
0.0,1.0,6.935924057316356e-11,1.0
0.0,1.0,1.904393864826659e-10,1.0
0.0,1.0,1.9066435930081838e-10,1.0
0.0,1.0,0.0,1.0
0.0,1.0,1.9046735022509864e-10,1.0
0.0,1.0,1.9054148536756799e-10,1.0
0.0,1.0,1.9051349386955962e-10,1.0
0.0,1.0,1.9047462218590994e-10,1.0
0.0,1.0,2.515163632921258e-09,1.0
0.0,1.0,5.772755862741563e-14,1.0
0.0,1.0,1.9046735022509864e-10,1.0
0.0,1.0,1.904800622787306e-10,1.0
0.0,1.0,1.904648105899298e-10,1.0
0.0,1.0,1.9050441779633331e-10,1.0
0.0,1.0,1.912795755121266e-10,1.0
0.0,1.0,1.904797014562476e-10,1.0
0.0,1.0,1.9047861898879859e-10,1.0
0.0,1.0,5.124738966522102e-10,1.0
0.0,1.0,1.9046626775764963e-10,1.0
0.0,1.0,1.904640889449638e-10,1.0
0.0,1.0,1.9043792931494608e-10,1.0
0.0,1.0,1.9049896382572484e-10,1.0
0.0,1.0,1.904953278453192e-10,1.0
0.0,1.0,7.0108349063957576e-06,0.999990701675415
0.0,1.0,0.0,1.0
0.0,1.0,1.9063235712213356e-10,1.0
0.0,1.0,1.0238423442388012e-09,1.0
0.0,1.0,1.905589297468424e-10,1.0
0.0,1.0,1.9052184829781993e-10,1.0
0.0,1.0,0.0,1.0
0.0,1.0,3.7250576768944316e-23,1.0
0.0,1.0,1.904800622787306e-10,1.0
0.0,1.0,2.7144184122640524e-10,1.0
0.0,1.0,1.9048151944645042e-10,1.0
0.0,1.0,1.9046735022509864e-10,1.0
0.0,1.0,3.6880090648061525e-10,1.0
0.0,1.0,0.0,1.0
0.0,1.0,1.9147697457810864e-05,0.9999865889549255
0.0,1.0,1.9050767907646815e-10,1.0
0.0,1.0,1.9198280465371198e-10,1.0
0.0,1.0,1.9049896382572484e-10,1.0
0.0,1.0,1.9054074984481417e-10,1.0
0.0,1.0,1.9902907100188827e-10,1.0
0.0,1.0,1.9045463817146668e-10,1.0
0.0,1.0,5.2079889428569004e-05,0.999955952167511
0.0,1.0,3.4583055863457446e-10,1.0
0.0,1.0,1.3398688381016655e-08,1.0
0.0,1.0,1.9250165350648274e-10,1.0
0.0,1.0,1.9340183621263662e-10,1.0
0.0,1.0,1.9044664456568938e-10,1.0
0.0,1.0,1.9183273025635827e-10,1.0
0.0,1.0,1.10831524580135e-06,0.9999983906745911
0.0,1.0,6.008839648075082e-08,0.9999999403953552
0.0,1.0,1.3974962520535428e-08,1.0
0.0,1.0,1.904648105899298e-10,1.0
0.0,1.0,5.893326715522562e-08,1.0
0.0,1.0,1.9049786748048803e-10,1.0
0.0,1.0,1.905105934119078e-10,1.0
0.0,1.0,1.9050222510585968e-10,1.0
0.0,1.0,1.9048551624933907e-10,1.0
0.0,1.0,1.9050222510585968e-10,1.0
0.0,1.0,1.9056946298778854e-10,1.0
0.0,1.0,9.817185953053809e-10,1.0
0.0,1.0,1.9049133104243055e-10,1.0
0.0,1.0,1.904869734170589e-10,1.0
0.0,1.0,1.9045863497435533e-10,1.0
0.0,1.0,1.905120367018398e-10,1.0
0.0,1.0,1.9072909918094183e-10,1.0
0.0,1.0,3.2178080200395698e-09,1.0
0.0,1.0,1.9050877542170497e-10,1.0
0.0,1.0,1.9248182214770537e-10,1.0
0.0,1.0,1.9058037092900548e-10,1.0
0.0,1.0,2.1757616541773217e-10,1.0
0.0,1.0,1.9051676902748227e-10,1.0
0.0,1.0,1.9138832185738863e-10,1.0
0.0,1.0,1.906439867083165e-10,1.0
0.0,1.0,6.133371061878279e-05,0.9998942017555237
0.0,1.0,2.139485671959207e-10,1.0
0.0,1.0,1.9047716182107877e-10,1.0
0.0,1.0,3.873225651318535e-08,0.9999999403953552
0.0,1.0,1.9051349386955962e-10,1.0
0.0,1.0,2.3210138255791435e-09,1.0
0.0,1.0,1.9047426136342693e-10,1.0
0.0,1.0,1.9048297661417024e-10,1.0
0.0,1.0,1.3535401843941218e-14,1.0
0.0,1.0,1.9227706926638888e-10,1.0
0.0,1.0,4.237963868725103e-10,1.0
0.0,1.0,7.28298699126384e-10,1.0
0.0,1.0,1.904724433732241e-10,1.0
0.0,1.0,1.905193086626511e-10,1.0
0.0,1.0,1.942680738498126e-10,1.0
0.0,1.0,1.9049822830297103e-10,1.0
0.0,1.0,1.904866125945759e-10,1.0
0.0,1.0,1.9049314903263337e-10,1.0
0.0,1.0,1.9078949531348144e-10,1.0
0.0,1.0,1.904644497674468e-10,1.0
0.0,1.0,1.9046662858013264e-10,1.0
0.0,1.0,3.146472238313436e-08,1.0
0.0,1.0,1.9050150346089367e-10,1.0
0.0,1.0,0.0,1.0
0.0,1.0,1.905741814356432e-10,1.0
0.0,1.0,1.9050767907646815e-10,1.0
0.0,1.0,3.6650854573494485e-10,1.0
0.0,1.0,0.0008868228760547936,0.9983577132225037
0.0,1.0,1.7487241166236345e-06,0.999998927116394
0.0,1.0,1.9049278821015037e-10,1.0
0.0,1.0,1.932067977827856e-10,1.0
0.0,1.0,1.957458084511643e-10,1.0
0.0,1.0,1.9331959644208752e-10,1.0
0.0,1.0,1.9048915222974472e-10,1.0
0.0,1.0,2.2901301623308445e-13,1.0
0.0,1.0,1.9046662858013264e-10,1.0
0.0,1.0,1.904873342395419e-10,1.0
