1.0,0.0,1.0,4.8591339285586344e-11
1.0,0.0,1.0,2.896645978633927e-10
1.0,0.0,0.9999982118606567,1.8627874851517845e-06
1.0,0.0,1.0,4.111282703167518e-10
1.0,0.0,0.9999999403953552,3.225552092089856e-08
1.0,0.0,0.9999951124191284,5.21978245160426e-06
1.0,0.0,1.0,7.104798416257552e-10
1.0,0.0,1.0,1.951519501552923e-10
1.0,0.0,1.0,6.169027066960098e-09
1.0,0.0,1.0,2.8191943002298103e-08
1.0,0.0,1.0,1.0859212140612584e-10
1.0,0.0,0.9999461770057678,3.452025703154504e-05
1.0,0.0,1.0,1.973731222904007e-08
1.0,0.0,1.0,1.1000452770915103e-09
1.0,0.0,1.0,8.277739049766808e-10
1.0,0.0,1.0,1.8629302961370442e-11
1.0,0.0,1.0,3.799073208798909e-11
1.0,0.0,1.0,1.5867785307932536e-08
1.0,0.0,1.0,1.2854124882555329e-11
1.0,0.0,0.9999811053276062,2.7035763196181506e-05
1.0,0.0,0.9999999403953552,9.508873688446329e-08
1.0,0.0,1.0,5.0177749325378e-13
1.0,0.0,1.0,2.687102385219575e-13
1.0,0.0,1.0,1.0590600662066518e-13
1.0,0.0,1.0,1.926717257960675e-10
1.0,0.0,1.0,8.782228277937065e-10
1.0,0.0,1.0,2.852968972177905e-09
1.0,0.0,0.999977171421051,1.9989531210740097e-05
1.0,0.0,0.9999998807907104,1.914291090088227e-07
1.0,0.0,1.0,7.073836627569108e-09
1.0,0.0,0.9999999403953552,5.735480002044824e-08
1.0,0.0,1.0,3.4547365307586488e-15
1.0,0.0,0.9999999403953552,5.047063211804925e-08
1.0,0.0,0.9999999403953552,6.154386511525445e-08
1.0,0.0,1.0,1.1885968771718769e-11
1.0,0.0,1.0,3.482086377592543e-14
1.0,0.0,0.9999953508377075,5.020635853725253e-06
1.0,0.0,1.0,3.5027369893469995e-10
1.0,0.0,1.0,5.917715623082742e-11
1.0,0.0,1.0,4.158208444238198e-09
1.0,0.0,1.0,3.6819034487933777e-09
1.0,0.0,0.9999999403953552,6.358740023415521e-08
1.0,0.0,1.0,1.543712047080703e-09
1.0,0.0,1.0,2.22707474684114e-09
1.0,0.0,0.9996910691261292,0.0003629100101534277
1.0,0.0,1.0,1.1781764452933885e-10
1.0,0.0,0.9999996423721313,1.0293538252881262e-06
1.0,0.0,0.9999977350234985,2.2520812308357563e-06
1.0,0.0,1.0,1.3329814585461008e-08
1.0,0.0,1.0,4.461261221555546e-12
1.0,0.0,1.0,1.6377189604455111e-09
1.0,0.0,1.0,1.707496991021351e-11
1.0,0.0,1.0,1.0791101345830612e-09
1.0,0.0,1.0,3.126425696109436e-08
1.0,0.0,1.0,1.4040982598828577e-08
1.0,0.0,1.0,8.463625356114335e-09
1.0,0.0,0.9999995827674866,4.854880444327137e-07
1.0,0.0,1.0,3.1990270432658008e-09
1.0,0.0,1.0,2.6553551024655064e-10
1.0,0.0,1.0,2.7318252104890917e-09
1.0,0.0,0.9999976754188538,2.816341066136374e-06
1.0,0.0,1.0,2.2380923780929152e-08
1.0,0.0,0.9999998807907104,1.194975283169697e-07
1.0,0.0,0.9997709393501282,0.00021217201719991863
1.0,0.0,0.9999964237213135,5.730921202484751e-06
1.0,0.0,1.0,4.733138186940877e-11
1.0,0.0,1.0,6.944896047134108e-12
1.0,0.0,0.9999998807907104,1.88209824614205e-07
1.0,0.0,1.0,6.265276630834649e-10
1.0,0.0,1.0,1.8042317639910266e-09
1.0,0.0,1.0,3.610883325677605e-08
1.0,0.0,0.9999983310699463,2.078788838844048e-06
1.0,0.0,1.0,2.0940165157412594e-08
1.0,0.0,1.0,1.3031505670564603e-13
1.0,0.0,1.0,2.257527671745141e-11
1.0,0.0,1.0,0.0
1.0,0.0,1.0,1.3531203935102099e-09
1.0,0.0,1.0,3.401985290696352e-12
1.0,0.0,1.0,6.286867554328168e-11
1.0,0.0,0.9999999403953552,4.722901181253292e-08
1.0,0.0,1.0,2.6554845562049012e-12
1.0,0.0,1.0,1.0866878230597621e-10
1.0,0.0,0.9999971985816956,2.9170469133532606e-06
1.0,0.0,1.0,6.179847744647304e-10
1.0,0.0,1.0,9.520935151385856e-10
1.0,0.0,0.9999997019767761,3.0831969866085274e-07
1.0,0.0,1.0,3.5452714097772287e-09
1.0,0.0,1.0,2.0129337086061128e-10
1.0,0.0,1.0,9.333667172484184e-10
1.0,0.0,0.999997079372406,3.549943130565225e-06
1.0,0.0,1.0,1.0560133496817503e-11
1.0,0.0,1.0,1.7057507628592816e-09
1.0,0.0,1.0,2.111462649168061e-08
1.0,0.0,0.9999998807907104,1.56859499611528e-07
1.0,0.0,0.9999996423721313,4.196602958472795e-07
1.0,0.0,1.0,3.071922993758136e-10
1.0,0.0,1.0,1.3909463858485793e-12
1.0,0.0,1.0,0.0
1.0,0.0,1.0,8.511105598074664e-09
1.0,0.0,1.0,4.793591565355193e-11
1.0,0.0,1.0,5.485891185763592e-10
1.0,0.0,1.0,1.2760970058423027e-09
1.0,0.0,1.0,3.808880294497996e-12
1.0,0.0,1.0,4.8373843125615323e-11
1.0,0.0,1.0,1.5947787534997815e-09
1.0,0.0,1.0,1.0418675921997078e-09
1.0,0.0,1.0,2.300299950519502e-09
1.0,0.0,1.0,4.82896111986264e-10
1.0,0.0,1.0,1.22214486794614e-11
1.0,0.0,1.0,1.928214261436717e-13
1.0,0.0,0.9999993443489075,7.089318501130037e-07
1.0,0.0,1.0,1.5554926791061519e-10
1.0,0.0,1.0,1.3644615437513608e-09
1.0,0.0,1.0,8.806819162821e-10
1.0,0.0,1.0,2.0839360459490308e-08
1.0,0.0,1.0,3.649665458738127e-08
1.0,0.0,0.9999998211860657,1.7540645558256074e-07
1.0,0.0,0.9999996423721313,4.595342488755705e-07
1.0,0.0,1.0,1.986835418410493e-10
1.0,0.0,1.0,5.059157093256772e-09
1.0,0.0,1.0,2.2199174054549076e-08
1.0,0.0,1.0,2.6007770156238896e-12
1.0,0.0,1.0,0.0
1.0,0.0,1.0,7.095200427187365e-09
1.0,0.0,1.0,3.5654677994767514e-12
1.0,0.0,1.0,2.4191976422116568e-08
1.0,0.0,0.9999931454658508,7.047382041491801e-06
1.0,0.0,1.0,1.6096828314715594e-09
1.0,0.0,1.0,3.730834530202287e-10
1.0,0.0,1.0,5.6273919551985685e-11
1.0,0.0,1.0,4.8940324015589454e-11
1.0,0.0,1.0,4.4858997072516615e-10
1.0,0.0,1.0,5.535079616869609e-10
1.0,0.0,1.0,1.9844732523921493e-09
1.0,0.0,1.0,1.2712593477903766e-10
1.0,0.0,0.9999997019767761,3.3863130965983146e-07
1.0,0.0,1.0,2.792804876250443e-11
1.0,0.0,1.0,2.017314613966814e-11
1.0,0.0,1.0,6.984333111859087e-09
1.0,0.0,0.9999992847442627,1.060606905411987e-06
1.0,0.0,1.0,1.4030434591916219e-08
1.0,0.0,1.0,4.313897850050097e-11
1.0,0.0,1.0,4.270642506298827e-09
1.0,0.0,0.9999999403953552,5.7292698585342805e-08
1.0,0.0,1.0,1.0114845849784615e-08
1.0,0.0,1.0,5.948502135311173e-09
1.0,0.0,1.0,1.601377364046641e-10
1.0,0.0,1.0,1.989199603646963e-12
1.0,0.0,0.9999845027923584,2.0193299860693514e-05
1.0,0.0,1.0,3.70822816897487e-12
1.0,0.0,0.9999996423721313,3.966687813772296e-07
1.0,0.0,1.0,4.686482313331908e-10
1.0,0.0,1.0,1.4359499700411504e-10
1.0,0.0,1.0,3.4545477589631446e-10
1.0,0.0,1.0,7.645311606019334e-10
1.0,0.0,1.0,1.061640220179072e-10
1.0,0.0,1.0,2.2266710697493863e-09
1.0,0.0,1.0,1.8772728163640728e-11
1.0,0.0,1.0,3.3659856043914693e-14
1.0,0.0,1.0,4.285855581542819e-08
1.0,0.0,1.0,2.2845298985885165e-08
1.0,0.0,0.9999946355819702,8.837315363052767e-06
1.0,0.0,1.0,1.0279045392636021e-09
1.0,0.0,1.0,2.541600263583632e-09
1.0,0.0,1.0,1.5130803276974802e-09
1.0,0.0,1.0,1.6483669984523885e-10
1.0,0.0,1.0,1.0748554130080024e-10
1.0,0.0,0.999986469745636,2.1063453459646553e-05
1.0,0.0,0.9999273419380188,7.159138476708904e-05
1.0,0.0,0.9999812841415405,2.451629552524537e-05
1.0,0.0,0.9999998807907104,1.2430565732302057e-07
1.0,0.0,1.0,6.908619509804481e-11
1.0,0.0,1.0,1.5788422652596168e-11
1.0,0.0,1.0,2.4983393132060883e-08
1.0,0.0,1.0,3.127930960400377e-18
1.0,0.0,1.0,5.703492345077166e-09
1.0,0.0,0.999998152256012,2.0493941974564223e-06
1.0,0.0,1.0,2.3851063485347268e-11
1.0,0.0,1.0,7.934207069126842e-09
1.0,0.0,0.9999926090240479,7.793009899614844e-06
1.0,0.0,0.9999999403953552,5.5136428755986344e-08
1.0,0.0,1.0,0.0
1.0,0.0,1.0,5.996748685796927e-16
1.0,0.0,1.0,8.130591311328317e-09
1.0,0.0,0.9999998211860657,1.6801674007638212e-07
1.0,0.0,1.0,2.4047644843309957e-13
1.0,0.0,0.9999998211860657,2.044877192020067e-07
1.0,0.0,1.0,2.9621109433674856e-17
1.0,0.0,0.9999999403953552,7.752085906531647e-08
1.0,0.0,1.0,4.746595561044842e-09
1.0,0.0,0.9999861717224121,7.915112291811965e-06
1.0,0.0,1.0,2.8006759134058257e-09
1.0,0.0,1.0,2.89132788822144e-08
1.0,0.0,1.0,4.568039739874519e-13
1.0,0.0,0.9999999403953552,4.4613219785105684e-08
1.0,0.0,1.0,4.811153697659165e-10
1.0,0.0,1.0,9.445512948180745e-13
1.0,0.0,1.0,5.290298407678584e-11
1.0,0.0,1.0,5.344340081592236e-09
1.0,0.0,0.9999985694885254,2.04806951842329e-06
1.0,0.0,0.9998083114624023,0.00017671177920419723
1.0,0.0,0.9999993443489075,9.178107234220079e-07
1.0,0.0,0.9999520778656006,6.0961108829360455e-05
1.0,0.0,1.0,2.6081476978134788e-09
1.0,0.0,1.0,3.980710899798012e-11
1.0,0.0,1.0,1.5201032099732004e-10
1.0,0.0,0.9987245202064514,0.0013350194785743952
1.0,0.0,1.0,8.785905163122276e-12
1.0,0.0,1.0,1.0309875782960054e-12
1.0,0.0,1.0,3.7888073754765994e-13
1.0,0.0,1.0,1.7864178192272817e-10
1.0,0.0,1.0,2.449632940937363e-09
1.0,0.0,0.9999999403953552,1.0885251811032504e-07
1.0,0.0,1.0,5.538057790133166e-10
1.0,0.0,1.0,3.196966957830227e-08
1.0,0.0,0.9999998211860657,2.1603749189580412e-07
1.0,0.0,1.0,2.715421666896673e-30
1.0,0.0,1.0,2.1803637020867406e-11
1.0,0.0,1.0,2.4796522257383713e-13
1.0,0.0,0.995610773563385,0.004581818822771311
1.0,0.0,1.0,1.3933442073732483e-12
1.0,0.0,1.0,6.025533405562555e-10
1.0,0.0,0.9999997019767761,4.021660515718395e-07
1.0,0.0,1.0,4.5901494410971466e-11
1.0,0.0,0.9999998807907104,1.7959364129183086e-07
1.0,0.0,1.0,4.214128768165182e-10
1.0,0.0,0.9999856948852539,1.5999450624804012e-05
1.0,0.0,1.0,1.009421227160523e-10
1.0,0.0,0.9999985098838806,1.7064908206521068e-06
1.0,0.0,0.9999999403953552,8.643311133482712e-08
1.0,0.0,1.0,2.8441466071171817e-08
1.0,0.0,1.0,3.153717955187152e-12
1.0,0.0,1.0,8.523949601713099e-11
1.0,0.0,1.0,9.727773031542597e-10
1.0,0.0,0.9999986886978149,1.526091068626556e-06
1.0,0.0,1.0,3.881259758031774e-10
1.0,0.0,1.0,7.2660384653477905e-12
1.0,0.0,1.0,1.0144859258209848e-10
1.0,0.0,0.9999999403953552,7.748420216557861e-08
1.0,0.0,0.9999994039535522,7.237158001771604e-07
1.0,0.0,0.9999988079071045,1.2470717365431483e-06
1.0,0.0,1.0,6.690387133190256e-10
1.0,0.0,1.0,9.557911064947021e-32
1.0,0.0,1.0,3.779792923097602e-09
1.0,0.0,1.0,3.3309810465453893e-10
1.0,0.0,1.0,3.9648063268341565e-22
1.0,0.0,1.0,1.1423225698692363e-09
1.0,0.0,1.0,3.7404535024876395e-10
1.0,0.0,1.0,2.0041530934822305e-10
1.0,0.0,0.999998152256012,2.474904022164992e-06
1.0,0.0,1.0,1.333812211070165e-13
1.0,0.0,1.0,1.8915626398552376e-08
1.0,0.0,1.0,4.027274624895938e-10
1.0,0.0,1.0,0.0
1.0,0.0,1.0,4.2811940104137136e-10
1.0,0.0,1.0,1.8859910855262285e-10
1.0,0.0,1.0,1.6859336192734387e-12
1.0,0.0,1.0,6.599802926388065e-10
1.0,0.0,1.0,8.864614771397772e-12
1.0,0.0,0.9999999403953552,5.287279947197021e-08
1.0,0.0,1.0,1.4934223302454086e-10
1.0,0.0,1.0,1.5033121414376183e-08
1.0,0.0,1.0,3.479590782173858e-10
1.0,0.0,1.0,1.710850371237574e-24
1.0,0.0,1.0,3.930080438863115e-08
1.0,0.0,1.0,3.2408718070309206e-11
1.0,0.0,1.0,1.52473769721162e-10
1.0,0.0,1.0,4.765867908651522e-11
1.0,0.0,0.9999998807907104,5.7116377405463936e-08
1.0,0.0,1.0,7.079380078033395e-14
1.0,0.0,1.0,1.094902923881591e-08
1.0,0.0,1.0,2.1856367826700307e-09
1.0,0.0,1.0,5.39588762560328e-10
1.0,0.0,1.0,6.5664820247945954e-09
1.0,0.0,1.0,6.142747421833405e-10
1.0,0.0,1.0,1.2307598495908678e-08
1.0,0.0,1.0,6.333159552340817e-10
1.0,0.0,1.0,1.8748236296772802e-09
1.0,0.0,0.9999998211860657,1.7772477178823465e-07
1.0,0.0,0.9999962449073792,3.216369577785372e-06
1.0,0.0,1.0,9.677719070566582e-09
1.0,0.0,1.0,1.557569871690756e-11
1.0,0.0,1.0,4.496417127519692e-11
1.0,0.0,1.0,1.5866937985720142e-08
1.0,0.0,1.0,3.259318813106371e-12
1.0,0.0,1.0,3.4631189027578557e-09
1.0,0.0,0.9999991655349731,9.401244938089803e-07
1.0,0.0,1.0,1.4448795079228388e-13
1.0,0.0,0.9999998807907104,1.3394222264651034e-07
1.0,0.0,0.9999988079071045,1.291059447794396e-06
1.0,0.0,1.0,7.286603320721952e-09
1.0,0.0,0.9999997615814209,3.263263579356135e-07
1.0,0.0,1.0,1.2141889056682675e-12
1.0,0.0,1.0,4.688314736434052e-10
1.0,0.0,1.0,2.917388830514511e-10
1.0,0.0,1.0,5.577048600713397e-09
1.0,0.0,0.99998939037323,1.5582218111376278e-05
1.0,0.0,1.0,2.8021454046012195e-09
1.0,0.0,1.0,2.3158046591476023e-09
1.0,0.0,0.9999998211860657,2.10899997910019e-07
1.0,0.0,0.999563992023468,0.0004473344306461513
1.0,0.0,0.9999986290931702,1.676805482020427e-06
1.0,0.0,1.0,6.3841145911403e-12
1.0,0.0,1.0,2.8309721233910068e-09
1.0,0.0,1.0,1.474082855779102e-09
1.0,0.0,1.0,1.4259375902270222e-08
1.0,0.0,0.5279711484909058,0.5877208113670349
1.0,0.0,1.0,1.6932637236788395e-10
1.0,0.0,1.0,2.6179675316484463e-08
1.0,0.0,1.0,1.2994977538482999e-08
1.0,0.0,1.0,4.213954074572257e-09
1.0,0.0,1.0,2.4116733055024042e-09
1.0,0.0,1.0,1.937899405562212e-14
1.0,0.0,1.0,1.1495742552325439e-10
1.0,0.0,1.0,2.861097747608454e-10
1.0,0.0,1.0,6.603429469898003e-10
1.0,0.0,1.0,3.848188967481292e-08
1.0,0.0,1.0,1.9197054969971594e-12
1.0,0.0,1.0,6.260142182412665e-09
1.0,0.0,1.0,1.3397831455375098e-10
1.0,0.0,1.0,3.0990248145457144e-09
1.0,0.0,0.9999986290931702,1.5149631735766889e-06
1.0,0.0,1.0,7.807378354929284e-11
1.0,0.0,1.0,1.1422114365444713e-09
1.0,0.0,1.0,2.0687500323912644e-10
1.0,0.0,1.0,2.4460678274551562e-11
1.0,0.0,0.9999998211860657,1.5482075355066627e-07
1.0,0.0,1.0,2.0395848898679958e-10
1.0,0.0,1.0,2.396270404325662e-10
1.0,0.0,0.9999998211860657,2.4792714725663245e-07
1.0,0.0,1.0,5.897897725759549e-10
1.0,0.0,1.0,1.3051973390965088e-10
1.0,0.0,1.0,9.472833975565642e-12
1.0,0.0,1.0,3.929886971398844e-11
1.0,0.0,1.0,1.1449090286941299e-10
1.0,0.0,0.9999999403953552,1.0492932034367186e-07
1.0,0.0,1.0,6.823887288565089e-11
1.0,0.0,1.0,5.237845313726952e-12
1.0,0.0,1.0,1.5580611800736222e-10
1.0,0.0,1.0,3.9239174409733124e-11
1.0,0.0,1.0,5.545261298756099e-12
1.0,0.0,1.0,1.8533276024967904e-09
1.0,0.0,1.0,1.2521246262053864e-08
1.0,0.0,1.0,9.07238506542285e-10
1.0,0.0,1.0,3.6432493133453647e-10
1.0,0.0,1.0,2.66236011015053e-09
1.0,0.0,1.0,1.3254567221565594e-08
1.0,0.0,0.9999999403953552,3.71963331247116e-08
1.0,0.0,0.9999996423721313,2.845889071068086e-07
1.0,0.0,1.0,1.2047670638892782e-09
1.0,0.0,1.0,1.838232096508643e-35
1.0,0.0,0.9999999403953552,5.3934957833234876e-08
1.0,0.0,0.9999997019767761,3.6786451573789236e-07
1.0,0.0,1.0,1.2302282803577924e-10
1.0,0.0,1.0,1.6956696463621412e-12
1.0,0.0,1.0,1.2258762061012618e-10
1.0,0.0,1.0,1.644979796822099e-08
1.0,0.0,1.0,5.937186853266496e-10
1.0,0.0,1.0,3.4826612704819127e-08
1.0,0.0,1.0,2.6143458925487195e-11
1.0,0.0,1.0,5.626904275857214e-09
1.0,0.0,0.9999998211860657,1.9472703627343435e-07
1.0,0.0,1.0,1.7344913061378975e-08
1.0,0.0,1.0,1.792753029361549e-10
1.0,0.0,1.0,1.8978902650845786e-12
1.0,0.0,1.0,7.026586344022201e-12
1.0,0.0,0.999999463558197,6.023171863489551e-07
1.0,0.0,1.0,2.3418133751618164e-11
1.0,0.0,1.0,2.544589072783765e-08
1.0,0.0,1.0,1.5239642880970905e-10
1.0,0.0,0.999584436416626,0.0004308514471631497
1.0,0.0,1.0,0.0
1.0,0.0,0.9999966025352478,3.637757799879182e-06
1.0,0.0,0.999998927116394,1.6473869663968799e-06
1.0,0.0,1.0,1.849249919860796e-12
1.0,0.0,1.0,2.099846740932776e-09
1.0,0.0,1.0,2.7677707348239267e-10
1.0,0.0,1.0,6.996912771395358e-11
1.0,0.0,1.0,1.3798036064410768e-12
1.0,0.0,1.0,1.2461652667959834e-28
1.0,0.0,1.0,3.1884631046530387e-10
1.0,0.0,1.0,5.4199866816873055e-09
1.0,0.0,1.0,3.4749456784277655e-11
1.0,0.0,0.9999999403953552,6.357866766393272e-08
1.0,0.0,1.0,1.5434270615038992e-12
1.0,0.0,0.9999999403953552,7.261701284733135e-08
1.0,0.0,1.0,3.504661560960187e-10
1.0,0.0,0.9999998807907104,1.4424466598939034e-07
1.0,0.0,0.9999996423721313,4.0855377392290393e-07
1.0,0.0,1.0,3.548046478840661e-08
1.0,0.0,1.0,1.5041689005457215e-09
1.0,0.0,1.0,1.5583970225385713e-10
1.0,0.0,0.9999992847442627,8.519406833329413e-07
1.0,0.0,1.0,2.3001431399995312e-27
1.0,0.0,1.0,8.227624311019088e-13
1.0,0.0,0.9985410571098328,0.0008829625439830124
1.0,0.0,1.0,2.929529285822241e-09
1.0,0.0,1.0,2.0589129012815732e-10
1.0,0.0,0.9999997615814209,4.4586846570382477e-07
1.0,0.0,1.0,5.236084898996296e-09
1.0,0.0,1.0,4.4462435511150034e-08
1.0,0.0,0.9999999403953552,4.4339046212371613e-08
1.0,0.0,1.0,1.7168019783575517e-10
1.0,0.0,1.0,5.97100016999641e-12
1.0,0.0,0.9999985694885254,1.741129267429642e-06
1.0,0.0,1.0,4.39766845161671e-09
1.0,0.0,1.0,6.665577920346444e-13
1.0,0.0,1.0,1.3443460566975318e-08
1.0,0.0,1.0,1.5229821570539315e-10
1.0,0.0,1.0,2.4201844972537856e-09
0.0,1.0,9.582810989172685e-09,1.0
0.0,1.0,9.573566828180446e-09,1.0
0.0,1.0,9.577237669589067e-09,1.0
0.0,1.0,9.575593651334202e-09,1.0
0.0,1.0,9.564605107925672e-09,1.0
0.0,1.0,9.571430759081068e-09,1.0
0.0,1.0,2.433559404653451e-22,1.0
0.0,1.0,9.57115631194938e-09,1.0
0.0,1.0,9.611146545296378e-09,1.0
0.0,1.0,9.57939327861368e-09,1.0
0.0,1.0,9.562817204766816e-09,1.0
0.0,1.0,9.811651935365262e-09,1.0
0.0,1.0,9.557128421988637e-09,1.0
0.0,1.0,9.552353574804329e-09,1.0
0.0,1.0,1.6556976639665317e-31,1.0
0.0,1.0,9.589319560632248e-09,1.0
0.0,1.0,9.5689660639664e-09,1.0
0.0,1.0,1.9269358244450308e-12,1.0
0.0,1.0,9.570261916280742e-09,1.0
0.0,1.0,9.557292734996281e-09,1.0
0.0,1.0,9.558842606338658e-09,1.0
0.0,1.0,9.571339276703839e-09,1.0
0.0,1.0,9.57687262825857e-09,1.0
0.0,1.0,9.567214576122751e-09,1.0
0.0,1.0,9.61096358054192e-09,1.0
0.0,1.0,5.873135212103696e-17,1.0
0.0,1.0,9.569331105296897e-09,1.0
0.0,1.0,9.614208984487504e-09,1.0
0.0,1.0,9.781828680388571e-09,1.0
0.0,1.0,9.570043424389496e-09,1.0
0.0,1.0,9.560063851665745e-09,1.0
0.0,1.0,9.560027436350538e-09,1.0
0.0,1.0,9.558513980323369e-09,1.0
0.0,1.0,9.566320180454113e-09,1.0
0.0,1.0,9.562197256229865e-09,1.0
0.0,1.0,9.578845272528724e-09,1.0
0.0,1.0,9.57915613497562e-09,1.0
0.0,1.0,9.579721904628968e-09,1.0
0.0,1.0,4.9610133437687805e-27,1.0
0.0,1.0,9.578845272528724e-09,1.0
0.0,1.0,9.569604664250164e-09,1.0
0.0,1.0,9.579503412737722e-09,1.0
0.0,1.0,9.573658310557676e-09,1.0
0.0,1.0,9.70885416506917e-09,1.0
0.0,1.0,9.573183135103136e-09,1.0
0.0,1.0,9.559498082012396e-09,1.0
0.0,1.0,9.557419744510298e-09,1.0
0.0,1.0,9.565152225832207e-09,1.0
0.0,1.0,9.583377647004454e-09,1.0
0.0,1.0,9.56934975704371e-09,1.0
0.0,1.0,9.560245928241784e-09,1.0
0.0,1.0,9.568327463682635e-09,1.0
0.0,1.0,9.57186863104198e-09,1.0
0.0,1.0,9.556891278350577e-09,1.0
0.0,1.0,9.57186863104198e-09,1.0
0.0,1.0,9.577092008328236e-09,1.0
0.0,1.0,9.57334744811078e-09,1.0
0.0,1.0,9.547617807470488e-09,1.0
0.0,1.0,9.572434400695329e-09,1.0
0.0,1.0,9.564276481910383e-09,1.0
0.0,1.0,9.555888524914735e-09,1.0
0.0,1.0,9.565280123524644e-09,1.0
0.0,1.0,9.571649250972314e-09,1.0
0.0,1.0,9.572470816010537e-09,1.0
0.0,1.0,9.67864188794465e-09,1.0
0.0,1.0,9.555505720015844e-09,1.0
0.0,1.0,9.57720125427386e-09,1.0
0.0,1.0,5.069921385741389e-38,1.0
0.0,1.0,9.568509540258674e-09,1.0
0.0,1.0,9.574589121541521e-09,1.0
0.0,1.0,9.579284032668056e-09,1.0
0.0,1.0,9.568145387106597e-09,1.0
0.0,1.0,9.56345580505058e-09,1.0
0.0,1.0,9.56383949812789e-09,1.0
0.0,1.0,9.889014105693701e-29,1.0
0.0,1.0,9.562671543505985e-09,1.0
0.0,1.0,9.565717995485556e-09,1.0
0.0,1.0,9.558131175424478e-09,1.0
0.0,1.0,6.653318832133746e-36,1.0
0.0,1.0,9.579356863298472e-09,1.0
0.0,1.0,1.0428244046067903e-08,1.0
0.0,1.0,6.662156400618667e-29,1.0
0.0,1.0,9.581841986516793e-09,1.0
0.0,1.0,9.57429691084144e-09,1.0
0.0,1.0,9.603597028728927e-09,1.0
0.0,1.0,9.568071668297762e-09,1.0
0.0,1.0,9.57468060391875e-09,1.0
0.0,1.0,9.562233671545073e-09,1.0
0.0,1.0,9.547362900264034e-09,1.0
0.0,1.0,9.567086678430314e-09,1.0
0.0,1.0,9.560574554257073e-09,1.0
0.0,1.0,9.577621362666378e-09,1.0
0.0,1.0,9.579247617352848e-09,1.0
0.0,1.0,9.531968991893791e-09,1.0
0.0,1.0,9.624611330139032e-09,1.0
0.0,1.0,9.563528635680996e-09,1.0
0.0,1.0,9.55975387739727e-09,1.0
0.0,1.0,9.555032320918144e-09,1.0
0.0,1.0,9.575119364058082e-09,1.0
0.0,1.0,9.563985159388722e-09,1.0
0.0,1.0,9.58297530218033e-09,1.0
0.0,1.0,9.559078861798298e-09,1.0
0.0,1.0,9.559425251381981e-09,1.0
0.0,1.0,9.51852463515479e-09,1.0
0.0,1.0,2.8057777455570143e-12,1.0
0.0,1.0,9.561778036015767e-09,1.0
0.0,1.0,3.1918980080573977e-27,1.0
0.0,1.0,9.556144320299609e-09,1.0
0.0,1.0,9.56259871287557e-09,1.0
0.0,1.0,9.567652448083663e-09,1.0
0.0,1.0,7.3546880840333795e-16,1.0
0.0,1.0,9.556125668552795e-09,1.0
0.0,1.0,9.595705563469892e-09,1.0
0.0,1.0,9.577036941266215e-09,1.0
0.0,1.0,9.57281809377264e-09,1.0
0.0,1.0,9.572544534819372e-09,1.0
0.0,1.0,9.583870586027388e-09,1.0
0.0,1.0,9.468458017636294e-09,1.0
0.0,1.0,9.573931869510943e-09,1.0
0.0,1.0,9.579649073998553e-09,1.0
0.0,1.0,9.520721988565128e-09,1.0
0.0,1.0,9.585114035814968e-09,1.0
0.0,1.0,9.569623315996978e-09,1.0
0.0,1.0,9.555943591976757e-09,1.0
0.0,1.0,9.572800330204245e-09,1.0
0.0,1.0,9.560574554257073e-09,1.0
0.0,1.0,9.56763379633685e-09,1.0
0.0,1.0,9.578005055743688e-09,1.0
0.0,1.0,3.774928920561219e-36,1.0
0.0,1.0,9.568509540258674e-09,1.0
0.0,1.0,9.567195924375937e-09,1.0
0.0,1.0,9.571321513135445e-09,1.0
0.0,1.0,9.575502168956973e-09,1.0
0.0,1.0,9.531987643640605e-09,1.0
0.0,1.0,1.8560873120530107e-20,1.0
0.0,1.0,9.564897318625754e-09,1.0
0.0,1.0,9.582700855048643e-09,1.0
0.0,1.0,9.648782217652752e-09,1.0
0.0,1.0,4.781330174454033e-18,1.0
0.0,1.0,4.423057819796187e-16,1.0
0.0,1.0,9.563820846381077e-09,1.0
0.0,1.0,9.576653248188904e-09,1.0
0.0,1.0,9.5603187588722e-09,1.0
0.0,1.0,9.63436441736576e-09,1.0
0.0,1.0,0.0,1.0
0.0,1.0,9.56958690068177e-09,1.0
0.0,1.0,9.570809922365697e-09,1.0
0.0,1.0,9.615217066993864e-09,1.0
0.0,1.0,9.721361493575387e-09,1.0
0.0,1.0,9.569714798374207e-09,1.0
0.0,1.0,9.571448522649462e-09,1.0
0.0,1.0,9.560027436350538e-09,1.0
0.0,1.0,9.57101065068855e-09,1.0
0.0,1.0,5.9041247446600664e-09,0.9999999403953552
0.0,1.0,1.055430853824646e-08,1.0
0.0,1.0,9.566338832200927e-09,1.0
0.0,1.0,3.458428512322617e-30,1.0
0.0,1.0,9.573001058527097e-09,1.0
0.0,1.0,9.577986403996874e-09,1.0
0.0,1.0,9.148569013461838e-09,1.0
0.0,1.0,9.576525350496468e-09,1.0
0.0,1.0,9.589612659510749e-09,1.0
0.0,1.0,9.554266711120363e-09,1.0
0.0,1.0,1.446857567022833e-27,1.0
0.0,1.0,1.072209887633615e-29,1.0
0.0,1.0,9.594387506695057e-09,1.0
0.0,1.0,9.562160840914657e-09,1.0
0.0,1.0,9.602497463845339e-09,1.0
0.0,1.0,9.554685931334461e-09,1.0
0.0,1.0,1.0329856969804041e-08,1.0
0.0,1.0,9.554594448957232e-09,1.0
0.0,1.0,0.0,1.0
0.0,1.0,9.571412107334254e-09,1.0
0.0,1.0,1.4600384806757644e-32,1.0
0.0,1.0,9.59301527103662e-09,1.0
0.0,1.0,9.56683088304544e-09,1.0
0.0,1.0,9.579631310430159e-09,1.0
0.0,1.0,9.570590542296031e-09,1.0
0.0,1.0,1.0349834766998356e-08,1.0
0.0,1.0,3.979158336164801e-09,0.9999997615814209
0.0,1.0,9.565882308493201e-09,1.0
0.0,1.0,0.0,1.0
0.0,1.0,1.0537934969079288e-08,1.0
0.0,1.0,9.559717462082062e-09,1.0
0.0,1.0,3.3126126806329476e-18,1.0
0.0,1.0,9.795981803506493e-09,1.0
0.0,1.0,2.937474744010362e-20,1.0
0.0,1.0,0.0,1.0
0.0,1.0,9.576561765811675e-09,1.0
0.0,1.0,9.573037473842305e-09,1.0
0.0,1.0,0.0,1.0
0.0,1.0,0.6807396411895752,0.034719374030828476
0.0,1.0,9.567250991437959e-09,1.0
0.0,1.0,9.575648718396224e-09,1.0
0.0,1.0,9.561303748739647e-09,1.0
0.0,1.0,1.6250450838970273e-21,1.0
0.0,1.0,2.25682747091109e-17,1.0
0.0,1.0,9.534715239567504e-09,1.0
0.0,1.0,9.9800683273088e-09,1.0
0.0,1.0,9.64585655793826e-09,1.0
0.0,1.0,9.547435730894449e-09,1.0
0.0,1.0,9.538116074736536e-09,1.0
0.0,1.0,9.55075041275677e-09,1.0
0.0,1.0,9.550713997441562e-09,1.0
0.0,1.0,9.543794199373679e-09,1.0
0.0,1.0,1.008621808296084e-08,1.0
0.0,1.0,1.0127664928916147e-08,1.0
0.0,1.0,9.552827862080449e-09,1.0
0.0,1.0,9.541082590658334e-09,1.0
0.0,1.0,9.540062961832518e-09,1.0
0.0,1.0,9.553738244960641e-09,1.0
0.0,1.0,9.535296996432407e-09,1.0
0.0,1.0,9.551023971710038e-09,1.0
0.0,1.0,9.674839596129914e-09,1.0
0.0,1.0,9.550204183028654e-09,1.0
0.0,1.0,9.539172118877559e-09,1.0
0.0,1.0,9.537134637582767e-09,1.0
0.0,1.0,9.55202583696746e-09,1.0
0.0,1.0,9.543430046221602e-09,1.0
0.0,1.0,9.537679979132463e-09,1.0
0.0,1.0,9.54592405122412e-09,1.0
0.0,1.0,9.551770929761005e-09,1.0
0.0,1.0,9.543594359229246e-09,1.0
0.0,1.0,9.549767199246162e-09,1.0
0.0,1.0,9.545250811981987e-09,1.0
0.0,1.0,9.549038004763588e-09,1.0
0.0,1.0,9.543120960131546e-09,1.0
0.0,1.0,9.537152401151161e-09,1.0
0.0,1.0,9.574351977903461e-09,1.0
0.0,1.0,9.542484136204621e-09,1.0
0.0,1.0,9.8604671094904e-09,1.0
0.0,1.0,9.564203651279968e-09,1.0
0.0,1.0,9.539917300571688e-09,1.0
0.0,1.0,9.547635571038882e-09,1.0
0.0,1.0,9.538735135095067e-09,1.0
0.0,1.0,9.551187396539262e-09,1.0
0.0,1.0,9.540881862335482e-09,1.0
0.0,1.0,9.546270440807803e-09,1.0
0.0,1.0,9.533969169694956e-09,1.0
0.0,1.0,9.546707424590295e-09,1.0
0.0,1.0,9.538862144609084e-09,1.0
0.0,1.0,9.540991108281105e-09,1.0
0.0,1.0,9.544722345822265e-09,1.0
0.0,1.0,9.623382091206167e-09,1.0
0.0,1.0,9.550258361912256e-09,1.0
0.0,1.0,9.540700673937863e-09,1.0
0.0,1.0,9.538571710265842e-09,1.0
0.0,1.0,9.545214396666779e-09,1.0
0.0,1.0,9.541173184857143e-09,1.0
0.0,1.0,9.545250811981987e-09,1.0
0.0,1.0,9.544813828199494e-09,1.0
0.0,1.0,9.539426137905593e-09,1.0
0.0,1.0,9.541592405071242e-09,1.0
0.0,1.0,9.537789225078086e-09,1.0
0.0,1.0,9.542229228998167e-09,1.0
0.0,1.0,2.177384349075447e-33,1.0
0.0,1.0,9.54545065212642e-09,1.0
0.0,1.0,9.547799884046526e-09,1.0
0.0,1.0,9.540154444209747e-09,1.0
0.0,1.0,9.538825729293876e-09,1.0
0.0,1.0,9.55359258369981e-09,1.0
0.0,1.0,9.592759475651746e-09,1.0
0.0,1.0,9.547125756625974e-09,1.0
0.0,1.0,9.546452517383841e-09,1.0
0.0,1.0,9.53516998691839e-09,1.0
0.0,1.0,9.534387501730635e-09,1.0
0.0,1.0,1.7201678924045997e-14,1.0
0.0,1.0,9.539007805869915e-09,1.0
0.0,1.0,9.5504226749199e-09,1.0
0.0,1.0,2.18318774402247e-35,1.0
0.0,1.0,9.564113057081158e-09,1.0
0.0,1.0,9.553738244960641e-09,1.0
0.0,1.0,9.547472146209657e-09,1.0
0.0,1.0,9.550331192542671e-09,1.0
0.0,1.0,9.53724299534997e-09,1.0
0.0,1.0,9.539608214481632e-09,1.0
0.0,1.0,9.54852819035068e-09,1.0
0.0,1.0,9.54663459395988e-09,1.0
0.0,1.0,9.540008782948917e-09,1.0
0.0,1.0,9.77910552535377e-09,1.0
0.0,1.0,9.539808942804484e-09,1.0
0.0,1.0,9.54758139215528e-09,1.0
0.0,1.0,9.545232160235173e-09,1.0
0.0,1.0,9.546853085851126e-09,1.0
0.0,1.0,9.685142465798435e-09,1.0
0.0,1.0,9.558003277732041e-09,1.0
0.0,1.0,9.541700762838445e-09,1.0
0.0,1.0,9.539335543706784e-09,1.0
0.0,1.0,9.54257473040343e-09,1.0
0.0,1.0,9.53780698864648e-09,1.0
0.0,1.0,9.549730783930954e-09,1.0
0.0,1.0,9.546106127800158e-09,1.0
0.0,1.0,9.556234914498418e-09,1.0
0.0,1.0,9.54455892099304e-09,1.0
0.0,1.0,9.537879819276895e-09,1.0
0.0,1.0,9.648303489484533e-09,1.0
0.0,1.0,9.537934886338917e-09,1.0
0.0,1.0,9.542738155232655e-09,1.0
0.0,1.0,9.54843759615187e-09,1.0
0.0,1.0,1.2973120242594512e-33,1.0
0.0,1.0,1.0555637253162331e-08,1.0
0.0,1.0,9.545760626394895e-09,1.0
0.0,1.0,9.408325441511451e-33,1.0
0.0,1.0,9.5513152942317e-09,1.0
0.0,1.0,9.540536360930219e-09,1.0
0.0,1.0,9.54630685612301e-09,1.0
0.0,1.0,9.577986403996874e-09,1.0
0.0,1.0,9.57687262825857e-09,1.0
0.0,1.0,9.543867030004094e-09,1.0
0.0,1.0,9.542956647123901e-09,1.0
0.0,1.0,9.540809031705066e-09,1.0
0.0,1.0,9.56037382593422e-09,1.0
0.0,1.0,9.561631486576516e-09,1.0
0.0,1.0,9.544777412884287e-09,1.0
0.0,1.0,9.546525348014256e-09,1.0
0.0,1.0,9.556617719397309e-09,1.0
0.0,1.0,9.557201252619052e-09,1.0
0.0,1.0,9.574589121541521e-09,1.0
0.0,1.0,9.541646583954844e-09,1.0
0.0,1.0,9.581897053578814e-09,1.0
0.0,1.0,9.549438573230873e-09,1.0
0.0,1.0,9.637378894922222e-09,1.0
0.0,1.0,9.549311563716856e-09,1.0
0.0,1.0,1.0221806512333842e-08,1.0
0.0,1.0,9.546015533601349e-09,1.0
0.0,1.0,9.540172207778141e-09,1.0
0.0,1.0,9.540881862335482e-09,1.0
0.0,1.0,9.537989065222519e-09,1.0
0.0,1.0,9.538353218374596e-09,1.0
0.0,1.0,9.546671009275087e-09,1.0
0.0,1.0,9.552334923057515e-09,1.0
0.0,1.0,9.541445855631991e-09,1.0
0.0,1.0,9.554576685388838e-09,1.0
0.0,1.0,9.546452517383841e-09,1.0
0.0,1.0,9.550167767713447e-09,1.0
0.0,1.0,9.539808942804484e-09,1.0
0.0,1.0,9.544358192670188e-09,1.0
0.0,1.0,9.54710799305758e-09,1.0
0.0,1.0,9.541336609686368e-09,1.0
0.0,1.0,9.546051948916556e-09,1.0
0.0,1.0,9.644384846296816e-09,1.0
0.0,1.0,9.547125756625974e-09,1.0
0.0,1.0,9.539753875742463e-09,1.0
0.0,1.0,9.542083567737336e-09,1.0
0.0,1.0,9.847949122843147e-09,1.0
0.0,1.0,9.5517886933294e-09,1.0
0.0,1.0,9.544904422398304e-09,1.0
0.0,1.0,9.545414236811212e-09,1.0
0.0,1.0,9.54710799305758e-09,1.0
0.0,1.0,9.549311563716856e-09,1.0
0.0,1.0,9.540881862335482e-09,1.0
0.0,1.0,9.572270087687684e-09,1.0
0.0,1.0,9.581293980431838e-09,1.0
0.0,1.0,9.548710266926719e-09,1.0
0.0,1.0,9.563054348404876e-09,1.0
0.0,1.0,9.544904422398304e-09,1.0
0.0,1.0,9.548200452513811e-09,1.0
0.0,1.0,9.531478717406117e-09,1.0
0.0,1.0,9.529642852612596e-09,1.0
0.0,1.0,9.545214396666779e-09,1.0
0.0,1.0,9.568218217737012e-09,1.0
0.0,1.0,3.806223250295711e-19,1.0
0.0,1.0,9.544522505677833e-09,1.0
0.0,1.0,3.777446342783644e-15,1.0
0.0,1.0,9.53851664320382e-09,1.0
0.0,1.0,9.544394607985396e-09,1.0
0.0,1.0,9.54829193489104e-09,1.0
0.0,1.0,9.541792245215674e-09,1.0
0.0,1.0,9.541409440316784e-09,1.0
0.0,1.0,9.544030454833319e-09,1.0
0.0,1.0,9.54361212279764e-09,1.0
0.0,1.0,9.551643032068569e-09,1.0
0.0,1.0,6.838710129146947e-24,1.0
0.0,1.0,9.538735135095067e-09,1.0
0.0,1.0,9.560665148455882e-09,1.0
0.0,1.0,9.552954871594466e-09,1.0
0.0,1.0,9.541901491161298e-09,1.0
0.0,1.0,9.56103018978638e-09,1.0
0.0,1.0,9.54956647092331e-09,1.0
0.0,1.0,9.541082590658334e-09,1.0
0.0,1.0,9.543084544816338e-09,1.0
0.0,1.0,9.530151778847085e-09,1.0
0.0,1.0,9.538426049005011e-09,1.0
0.0,1.0,9.539153467130745e-09,1.0
0.0,1.0,9.565006564571377e-09,1.0
0.0,1.0,9.540664258622655e-09,1.0
0.0,1.0,9.549129487140817e-09,1.0
0.0,1.0,0.0,1.0
0.0,1.0,9.545323642612402e-09,1.0
0.0,1.0,9.543485113283623e-09,1.0
0.0,1.0,9.542847401178278e-09,1.0
0.0,1.0,9.549548707354916e-09,1.0
0.0,1.0,9.536679002053461e-09,1.0
0.0,1.0,9.536551992539444e-09,1.0
0.0,1.0,9.560027436350538e-09,1.0
0.0,1.0,9.541846424099276e-09,1.0
0.0,1.0,9.546416102068633e-09,1.0
0.0,1.0,9.541282430802767e-09,1.0
0.0,1.0,9.548328350206248e-09,1.0
0.0,1.0,9.537298062411992e-09,1.0
0.0,1.0,9.53922629776116e-09,1.0
0.0,1.0,9.541173184857143e-09,1.0
0.0,1.0,9.539153467130745e-09,1.0
0.0,1.0,9.540463530299803e-09,1.0
0.0,1.0,9.552535651380367e-09,1.0
0.0,1.0,9.547326484948826e-09,1.0
0.0,1.0,9.55075041275677e-09,1.0
0.0,1.0,9.814870693958255e-09,1.0
0.0,1.0,9.5424290691426e-09,1.0
0.0,1.0,9.554940838540915e-09,1.0
0.0,1.0,9.537552969618446e-09,1.0
0.0,1.0,9.552954871594466e-09,1.0
0.0,1.0,9.53837098194299e-09,1.0
0.0,1.0,9.542501899773015e-09,1.0
0.0,1.0,9.554431024128007e-09,1.0
0.0,1.0,9.548728918673532e-09,1.0
0.0,1.0,1.0293098817726332e-08,1.0
0.0,1.0,7.573647593959622e-20,1.0
0.0,1.0,9.539935952318501e-09,1.0
0.0,1.0,9.569659731312186e-09,1.0
0.0,1.0,9.553282609431335e-09,1.0
0.0,1.0,9.56155954412452e-09,1.0
0.0,1.0,9.534442568792656e-09,1.0
0.0,1.0,9.55690993009739e-09,1.0
0.0,1.0,9.548673851611511e-09,1.0
0.0,1.0,9.544486090362625e-09,1.0
0.0,1.0,1.0328576216522833e-08,1.0
0.0,1.0,9.548838164619156e-09,1.0
0.0,1.0,9.540172207778141e-09,1.0
0.0,1.0,6.448546897803111e-20,1.0
0.0,1.0,1.8556772118927256e-08,1.0
0.0,1.0,9.542738155232655e-09,1.0
0.0,1.0,9.546725188158689e-09,1.0
0.0,1.0,9.585479965323884e-09,1.0
0.0,1.0,9.542720391664261e-09,1.0
0.0,1.0,1.591907150153741e-20,1.0
0.0,1.0,9.576781145881341e-09,1.0
0.0,1.0,1.0115734028204315e-08,1.0
0.0,1.0,9.534878664396729e-09,1.0
0.0,1.0,5.74955856029081e-22,1.0
0.0,1.0,9.533078326739997e-09,1.0
0.0,1.0,9.537989065222519e-09,1.0
0.0,1.0,9.553701829645433e-09,1.0
0.0,1.0,9.536515577224236e-09,1.0
0.0,1.0,9.568218217737012e-09,1.0
0.0,1.0,7.582979799636291e-10,1.0
0.0,1.0,9.556454294568084e-09,1.0
0.0,1.0,9.549365742600457e-09,1.0
0.0,1.0,9.539153467130745e-09,1.0
0.0,1.0,9.545250811981987e-09,1.0
0.0,1.0,9.539990131202103e-09,1.0
0.0,1.0,3.2305150956128617e-23,1.0
0.0,1.0,9.546215373745781e-09,1.0
0.0,1.0,9.533805744865731e-09,1.0
0.0,1.0,1.6548439340243407e-25,1.0
0.0,1.0,9.541027523596313e-09,1.0
0.0,1.0,9.539044221185122e-09,1.0
0.0,1.0,9.467266082197057e-09,1.0
0.0,1.0,9.47738421075428e-09,1.0
0.0,1.0,3.0993785367928913e-25,1.0
0.0,1.0,9.537298062411992e-09,1.0
0.0,1.0,9.536988976321936e-09,1.0
0.0,1.0,9.542556966835036e-09,1.0
0.0,1.0,9.537407308357615e-09,1.0
0.0,1.0,9.538953626986313e-09,1.0
0.0,1.0,9.553701829645433e-09,1.0
0.0,1.0,9.54654311158265e-09,1.0
0.0,1.0,9.552207913543498e-09,1.0
0.0,1.0,9.55809476010927e-09,1.0
0.0,1.0,9.54876533398874e-09,1.0
0.0,1.0,9.57639745280403e-09,1.0
0.0,1.0,9.614722351614091e-09,1.0
0.0,1.0,9.54328438496077e-09,1.0
0.0,1.0,9.551442303745716e-09,1.0
0.0,1.0,9.546288204376197e-09,1.0
0.0,1.0,9.537025391637144e-09,1.0
0.0,1.0,9.552334923057515e-09,1.0
0.0,1.0,9.548965174133173e-09,1.0
0.0,1.0,9.819586259619868e-21,1.0
0.0,1.0,9.545177981351571e-09,1.0
0.0,1.0,9.537643563817255e-09,1.0
0.0,1.0,9.54592405122412e-09,1.0
0.0,1.0,9.538334566627782e-09,1.0
0.0,1.0,9.54545065212642e-09,1.0
0.0,1.0,9.58140322637746e-09,1.0
0.0,1.0,9.542920231808694e-09,1.0
0.0,1.0,9.54257473040343e-09,1.0
0.0,1.0,3.319943425594829e-05,0.9999783635139465
0.0,1.0,9.543320800275978e-09,1.0
0.0,1.0,9.542156398367752e-09,1.0
0.0,1.0,9.548127621883395e-09,1.0
0.0,1.0,9.575520820703787e-09,1.0
0.0,1.0,9.547326484948826e-09,1.0
0.0,1.0,9.543976275949717e-09,1.0
0.0,1.0,1.0774350065914043e-26,1.0
0.0,1.0,9.543757784058471e-09,1.0
0.0,1.0,9.532914901910772e-09,1.0
0.0,1.0,9.555597202393074e-09,1.0
0.0,1.0,9.537934886338917e-09,1.0
0.0,1.0,9.534496747676258e-09,1.0
0.0,1.0,9.54361212279764e-09,1.0
0.0,1.0,9.557457048003926e-09,1.0
0.0,1.0,9.536406331278613e-09,1.0
0.0,1.0,9.555852109599527e-09,1.0
0.0,1.0,9.541573753324428e-09,1.0
0.0,1.0,9.539935952318501e-09,1.0
0.0,1.0,1.5538325897068717e-06,0.9999990463256836
0.0,1.0,7.10954583409869e-28,1.0
0.0,1.0,9.552572066695575e-09,1.0
0.0,1.0,9.543557943914038e-09,1.0
0.0,1.0,9.580087834137885e-09,1.0
0.0,1.0,9.56715950906073e-09,1.0
0.0,1.0,9.542683976349053e-09,1.0
0.0,1.0,1.8194382995320246e-19,1.0
0.0,1.0,9.567415304445603e-09,1.0
0.0,1.0,9.544503853931019e-09,1.0
0.0,1.0,1.1141671003679676e-18,1.0
0.0,1.0,9.552608482010783e-09,1.0
0.0,1.0,9.556272217992046e-09,1.0
0.0,1.0,9.544194767840963e-09,1.0
0.0,1.0,9.544940837713511e-09,1.0
0.0,1.0,9.535460421261632e-09,1.0
0.0,1.0,2.353817396262653e-20,1.0
0.0,1.0,9.555633617708281e-09,1.0
0.0,1.0,1.0143284434604993e-08,1.0
0.0,1.0,9.547544976840072e-09,1.0
0.0,1.0,9.542484136204621e-09,1.0
0.0,1.0,2.627683670652914e-06,0.9999982714653015
0.0,1.0,9.53709822226756e-09,1.0
0.0,1.0,9.553665414330226e-09,1.0
0.0,1.0,9.540300105470578e-09,1.0
0.0,1.0,9.541318846117974e-09,1.0
0.0,1.0,9.538061895852934e-09,1.0
0.0,1.0,9.666613287606651e-09,1.0
0.0,1.0,9.307377695222385e-06,0.9999950528144836
0.0,1.0,9.540008782948917e-09,1.0
0.0,1.0,9.536260670017782e-09,1.0
0.0,1.0,9.544595336308248e-09,1.0
0.0,1.0,9.54616119486218e-09,1.0
0.0,1.0,9.541737178153653e-09,1.0
0.0,1.0,0.0,1.0
0.0,1.0,9.555706448338697e-09,1.0
0.0,1.0,9.560063851665745e-09,1.0
0.0,1.0,9.542411305574205e-09,1.0
0.0,1.0,1.0432909803867803e-25,1.0
0.0,1.0,2.2679444926375135e-31,1.0
0.0,1.0,9.556417879252876e-09,1.0
0.0,1.0,9.541246015487559e-09,1.0
0.0,1.0,9.547035162427164e-09,1.0
0.0,1.0,9.55202583696746e-09,1.0
0.0,1.0,9.541573753324428e-09,1.0
0.0,1.0,9.543703605174869e-09,1.0
0.0,1.0,9.54678025522071e-09,1.0
0.0,1.0,1.0094494129475606e-08,1.0
0.0,1.0,9.550859658702393e-09,1.0
0.0,1.0,9.549840029876577e-09,1.0
0.0,1.0,9.54606971248495e-09,1.0
0.0,1.0,9.549147250709211e-09,1.0
0.0,1.0,9.545396473242818e-09,1.0
0.0,1.0,9.568801750958755e-09,1.0
0.0,1.0,9.544012691264925e-09,1.0
0.0,1.0,9.546379686753426e-09,1.0
0.0,1.0,6.962176939850906e-06,0.9999915957450867
0.0,1.0,9.548692503358325e-09,1.0
0.0,1.0,9.550951141079622e-09,1.0
0.0,1.0,9.5504226749199e-09,1.0
0.0,1.0,9.54710799305758e-09,1.0
0.0,1.0,2.973598967059843e-08,1.0
0.0,1.0,9.546962331796749e-09,1.0
0.0,1.0,9.54654311158265e-09,1.0
0.0,1.0,9.545469303873233e-09,1.0
0.0,1.0,9.54201073710692e-09,1.0
0.0,1.0,9.542756806979469e-09,1.0
0.0,1.0,9.53469658782069e-09,1.0
0.0,1.0,9.54082768345188e-09,1.0
0.0,1.0,9.549365742600457e-09,1.0
0.0,1.0,9.549420809662479e-09,1.0
0.0,1.0,9.542265644313375e-09,1.0
0.0,1.0,9.552864277395656e-09,1.0
0.0,1.0,9.540427114984595e-09,1.0
0.0,1.0,9.542265644313375e-09,1.0
0.0,1.0,9.536079481620163e-09,1.0
0.0,1.0,9.546452517383841e-09,1.0
0.0,1.0,2.6490444161317284e-27,1.0
0.0,1.0,1.3024730065045525e-27,1.0
0.0,1.0,9.54734424851722e-09,1.0
0.0,1.0,9.552937108026072e-09,1.0
0.0,1.0,9.545869872340518e-09,1.0
0.0,1.0,9.561759384268953e-09,1.0
0.0,1.0,2.2983288090472342e-06,0.9999979734420776
0.0,1.0,9.578260851128562e-09,1.0
0.0,1.0,9.57687262825857e-09,1.0
0.0,1.0,9.564696590302901e-09,1.0
0.0,1.0,9.551041735278432e-09,1.0
0.0,1.0,9.546124779546972e-09,1.0
0.0,1.0,9.543557943914038e-09,1.0
0.0,1.0,8.090623708262736e-23,1.0
0.0,1.0,9.53813472648335e-09,1.0
0.0,1.0,0.0006361667183227837,0.9994614720344543
0.0,1.0,9.541009760027919e-09,1.0
0.0,1.0,9.549530055608102e-09,1.0
0.0,1.0,9.528279498738357e-09,1.0
0.0,1.0,9.544012691264925e-09,1.0
0.0,1.0,9.537298062411992e-09,1.0
0.0,1.0,9.533587252974485e-09,1.0
0.0,1.0,9.528606348396806e-09,1.0
0.0,1.0,9.528225319854755e-09,1.0
0.0,1.0,9.531932576578583e-09,1.0
0.0,1.0,9.521594179773274e-09,1.0
0.0,1.0,9.527879818449492e-09,1.0
0.0,1.0,9.529769862126614e-09,1.0
0.0,1.0,9.539808942804484e-09,1.0
0.0,1.0,9.537643563817255e-09,1.0
0.0,1.0,0.00044459966011345387,0.999679446220398
0.0,1.0,9.52270173826264e-09,1.0
0.0,1.0,9.529587785550575e-09,1.0
0.0,1.0,9.532223899100245e-09,1.0
0.0,1.0,9.527788336072263e-09,1.0
0.0,1.0,9.538480227888613e-09,1.0
0.0,1.0,0.0,1.0
0.0,1.0,9.538735135095067e-09,1.0
0.0,1.0,9.537225231781576e-09,1.0
0.0,1.0,9.555469304700637e-09,1.0
0.0,1.0,9.533678735351714e-09,1.0
0.0,1.0,9.531460065659303e-09,1.0
0.0,1.0,3.591353852781474e-17,1.0
0.0,1.0,9.506623044330809e-09,1.0
0.0,1.0,9.53677048443069e-09,1.0
0.0,1.0,9.516165633272067e-09,1.0
0.0,1.0,9.532642231135924e-09,1.0
0.0,1.0,4.985230269673911e-38,1.0
0.0,1.0,9.531387235028888e-09,1.0
0.0,1.0,9.53724299534997e-09,1.0
0.0,1.0,9.531860634126588e-09,1.0
0.0,1.0,9.52862500014362e-09,1.0
0.0,1.0,9.53700673989033e-09,1.0
0.0,1.0,4.8960903785042215e-36,1.0
0.0,1.0,9.527716393620267e-09,1.0
0.0,1.0,9.531442302090909e-09,1.0
0.0,1.0,9.529370181837749e-09,1.0
0.0,1.0,9.54710799305758e-09,1.0
0.0,1.0,9.530424449621933e-09,1.0
0.0,1.0,1.3905773812439293e-06,0.9999991655349731
0.0,1.0,9.528661415458828e-09,1.0
0.0,1.0,9.535279232864013e-09,1.0
0.0,1.0,9.54002654651731e-09,1.0
0.0,1.0,9.943302181625313e-09,1.0
0.0,1.0,9.536279321764596e-09,1.0
0.0,1.0,9.530714883965175e-09,1.0
0.0,1.0,1.1180488198757831e-20,1.0
0.0,1.0,9.530841893479192e-09,1.0
0.0,1.0,9.532678646451131e-09,1.0
0.0,1.0,9.544121937210548e-09,1.0
0.0,1.0,9.53691614569152e-09,1.0
0.0,1.0,1.021955245851091e-14,1.0
0.0,1.0,2.106408237622656e-29,1.0
0.0,1.0,9.542174161936146e-09,1.0
0.0,1.0,9.542265644313375e-09,1.0
0.0,1.0,9.531532896289718e-09,1.0
0.0,1.0,9.528988265117277e-09,1.0
0.0,1.0,9.534897316143542e-09,1.0
0.0,1.0,9.73693037309431e-09,1.0
0.0,1.0,9.534478984107864e-09,1.0
0.0,1.0,9.529806277441821e-09,1.0
0.0,1.0,9.531242461946476e-09,1.0
0.0,1.0,9.523954958012837e-09,1.0
0.0,1.0,9.528006827963509e-09,1.0
0.0,1.0,9.5297512103798e-09,1.0
0.0,1.0,8.218176033186408e-26,1.0
0.0,1.0,9.527933997333093e-09,1.0
0.0,1.0,9.529969702271046e-09,1.0
0.0,1.0,9.527207467385779e-09,1.0
0.0,1.0,9.532187483785037e-09,1.0
0.0,1.0,9.526353039746027e-09,1.0
0.0,1.0,9.528752009657637e-09,1.0
0.0,1.0,9.518743127046037e-09,1.0
0.0,1.0,9.533969169694956e-09,1.0
0.0,1.0,9.52927869946052e-09,1.0
0.0,1.0,9.535479073008446e-09,1.0
0.0,1.0,9.526571531637273e-09,1.0
0.0,1.0,9.541209600172351e-09,1.0
0.0,1.0,9.531951228325397e-09,1.0
0.0,1.0,9.531169631316061e-09,1.0
0.0,1.0,9.52669854115129e-09,1.0
0.0,1.0,9.530151778847085e-09,1.0
0.0,1.0,9.540736201074651e-09,1.0
0.0,1.0,9.522284294405381e-09,1.0
0.0,1.0,9.60077617406796e-09,1.0
0.0,1.0,9.533024147856395e-09,1.0
0.0,1.0,9.528370092937166e-09,1.0
0.0,1.0,9.5308783087944e-09,1.0
0.0,1.0,9.538862144609084e-09,1.0
0.0,1.0,9.526589295205667e-09,1.0
0.0,1.0,9.534314671100219e-09,1.0
0.0,1.0,9.532824307711962e-09,1.0
0.0,1.0,9.659867572509029e-09,1.0
0.0,1.0,9.531315292576892e-09,1.0
0.0,1.0,9.532987732541187e-09,1.0
0.0,1.0,9.537589384933653e-09,1.0
0.0,1.0,9.527552968791042e-09,1.0
0.0,1.0,9.536461398340634e-09,1.0
0.0,1.0,9.543794199373679e-09,1.0
0.0,1.0,9.529570021982181e-09,1.0
0.0,1.0,9.531841982379774e-09,1.0
0.0,1.0,8.40655534550469e-14,1.0
0.0,1.0,9.5297512103798e-09,1.0
0.0,1.0,9.528260846991543e-09,1.0
0.0,1.0,9.535224165801992e-09,1.0
0.0,1.0,9.541282430802767e-09,1.0
0.0,1.0,9.533787981297337e-09,1.0
0.0,1.0,9.527788336072263e-09,1.0
0.0,1.0,9.529387945406143e-09,1.0
0.0,1.0,9.534206313333016e-09,1.0
0.0,1.0,9.535624734269277e-09,1.0
0.0,1.0,9.537298062411992e-09,1.0
0.0,1.0,9.532587164073902e-09,1.0
0.0,1.0,9.527407307530211e-09,1.0
0.0,1.0,9.542556966835036e-09,1.0
0.0,1.0,9.539026457616728e-09,1.0
0.0,1.0,9.53573309203648e-09,1.0
0.0,1.0,4.471560762222888e-31,1.0
0.0,1.0,9.525680688682314e-09,1.0
0.0,1.0,1.3979088056317676e-28,1.0
0.0,1.0,9.538207557113765e-09,1.0
0.0,1.0,9.536788247999084e-09,1.0
0.0,1.0,9.534442568792656e-09,1.0
0.0,1.0,9.52397360975965e-09,1.0
0.0,1.0,9.541610168639636e-09,1.0
0.0,1.0,9.533205336254014e-09,1.0
0.0,1.0,9.53262357938911e-09,1.0
0.0,1.0,9.530424449621933e-09,1.0
0.0,1.0,9.5308783087944e-09,1.0
0.0,1.0,9.533642320036506e-09,1.0
0.0,1.0,9.529497191351766e-09,1.0
0.0,1.0,9.543120960131546e-09,1.0
0.0,1.0,9.529697031496198e-09,1.0
0.0,1.0,9.530351618991517e-09,1.0
0.0,1.0,1.9197983137954935e-18,1.0
0.0,1.0,1.0919514215910793e-24,1.0
0.0,1.0,9.546561763329464e-09,1.0
0.0,1.0,9.52782475138747e-09,1.0
0.0,1.0,1.6554893671126797e-16,1.0
0.0,1.0,9.138779915811393e-18,1.0
0.0,1.0,9.534114830955787e-09,1.0
0.0,1.0,9.537534317871632e-09,1.0
0.0,1.0,8.252290349940737e-19,1.0
0.0,1.0,9.537789225078086e-09,1.0
0.0,1.0,9.535678913152879e-09,1.0
0.0,1.0,9.970421821492437e-09,1.0
0.0,1.0,9.548309698459434e-09,1.0
0.0,1.0,9.531751388180965e-09,1.0
0.0,1.0,9.767100905833104e-09,1.0
0.0,1.0,9.525935595888768e-09,1.0
0.0,1.0,9.534915079711936e-09,1.0
0.0,1.0,9.525463084969488e-09,1.0
0.0,1.0,9.529697031496198e-09,1.0
0.0,1.0,9.533823508434125e-09,1.0
0.0,1.0,9.539863121688086e-09,1.0
0.0,1.0,9.531187394884455e-09,1.0
0.0,1.0,0.0,1.0
0.0,1.0,9.530860545226005e-09,1.0
0.0,1.0,9.529315114775727e-09,1.0
0.0,1.0,9.532696410019526e-09,1.0
0.0,1.0,9.537206580034763e-09,1.0
0.0,1.0,9.527388655783398e-09,1.0
0.0,1.0,9.528006827963509e-09,1.0
0.0,1.0,1.131957909983312e-27,1.0
0.0,1.0,9.535915168612519e-09,1.0
0.0,1.0,9.591204275238852e-09,1.0
0.0,1.0,9.544486090362625e-09,1.0
0.0,1.0,9.538953626986313e-09,1.0
0.0,1.0,9.572088011111646e-09,1.0
0.0,1.0,1.0883366279821976e-18,1.0
0.0,1.0,9.526335276177633e-09,1.0
0.0,1.0,9.52462730907655e-09,1.0
0.0,1.0,9.511973431131082e-09,1.0
0.0,1.0,9.530478628505534e-09,1.0
0.0,1.0,9.529570021982181e-09,1.0
0.0,1.0,9.530515043820742e-09,1.0
0.0,1.0,9.538953626986313e-09,1.0
0.0,1.0,2.3602708552061813e-06,0.9999984502792358
0.0,1.0,9.53007894821667e-09,1.0
0.0,1.0,2.101832002239794e-15,1.0
0.0,1.0,9.528425159999188e-09,1.0
0.0,1.0,9.54852819035068e-09,1.0
0.0,1.0,9.525535915599903e-09,1.0
0.0,1.0,9.534951495027144e-09,1.0
0.0,1.0,9.52359169303918e-09,1.0
0.0,1.0,9.536279321764596e-09,1.0
0.0,1.0,1.0425068929388502e-18,1.0
0.0,1.0,9.542083567737336e-09,1.0
0.0,1.0,2.47050563363107e-15,1.0
0.0,1.0,9.532460154559885e-09,1.0
0.0,1.0,9.532914901910772e-09,1.0
0.0,1.0,9.533350997514844e-09,1.0
0.0,1.0,9.52622603023201e-09,1.0
0.0,1.0,9.520904065141167e-09,1.0
0.0,1.0,9.525680688682314e-09,1.0
0.0,1.0,9.668198686085816e-09,1.0
0.0,1.0,9.531187394884455e-09,1.0
0.0,1.0,9.527534317044228e-09,1.0
0.0,1.0,9.553956736851887e-09,1.0
0.0,1.0,9.537825640393294e-09,1.0
0.0,1.0,9.531805567064566e-09,1.0
0.0,1.0,9.531678557550549e-09,1.0
0.0,1.0,9.530006117586254e-09,1.0
0.0,1.0,9.534751654882712e-09,1.0
0.0,1.0,2.581870202570599e-21,1.0
0.0,1.0,9.530169542415479e-09,1.0
0.0,1.0,9.511991194699476e-09,1.0
0.0,1.0,9.532587164073902e-09,1.0
0.0,1.0,9.528769773226031e-09,1.0
0.0,1.0,9.624283592302163e-08,0.9999999403953552
0.0,1.0,4.5724202463934976e-30,1.0
0.0,1.0,9.694235636459325e-09,1.0
0.0,1.0,1.4657506426374312e-06,0.9999991059303284
0.0,1.0,9.528879019171654e-09,1.0
0.0,1.0,9.528642763712014e-09,1.0
0.0,1.0,9.568346115429449e-09,1.0
0.0,1.0,9.832295866374352e-09,1.0
0.0,1.0,9.544158352525756e-09,1.0
0.0,1.0,9.537188816466369e-09,1.0
0.0,1.0,9.602717732093424e-09,1.0
0.0,1.0,9.58732648825844e-09,1.0
0.0,1.0,9.588734251053666e-09,1.0
0.0,1.0,9.617252771931817e-09,1.0
0.0,1.0,9.58063584022284e-09,1.0
0.0,1.0,9.594570471449515e-09,1.0
0.0,1.0,9.5987626735905e-09,1.0
0.0,1.0,9.566338832200927e-09,1.0
0.0,1.0,9.579704141060574e-09,1.0
0.0,1.0,9.579028237283183e-09,1.0
0.0,1.0,9.553956736851887e-09,1.0
0.0,1.0,9.618206675554575e-09,1.0
0.0,1.0,9.590362282096976e-09,1.0
0.0,1.0,1.2134577787037415e-07,0.9999998807907104
0.0,1.0,9.585680693646736e-09,1.0
0.0,1.0,9.569459002989333e-09,1.0
0.0,1.0,1.1941543789362186e-06,0.999998927116394
0.0,1.0,9.586594629240608e-09,1.0
0.0,1.0,9.559790292712478e-09,1.0
0.0,1.0,9.510158882619635e-09,1.0
0.0,1.0,6.034329544490902e-06,0.9999940991401672
0.0,1.0,9.567341585636768e-09,1.0
0.0,1.0,9.57320178684995e-09,1.0
0.0,1.0,4.3825403395203466e-07,0.9999997615814209
0.0,1.0,9.575575887765808e-09,1.0
0.0,1.0,9.565170877579021e-09,1.0
0.0,1.0,9.41966060707955e-09,1.0
0.0,1.0,9.558495328576555e-09,1.0
0.0,1.0,9.567050263115107e-09,1.0
0.0,1.0,9.592081795517515e-09,1.0
0.0,1.0,9.573292381048759e-09,1.0
0.0,1.0,9.588259075599126e-09,1.0
0.0,1.0,9.585132687561781e-09,1.0
0.0,1.0,9.57806012280571e-09,1.0
0.0,1.0,9.586338833855734e-09,1.0
0.0,1.0,9.593600580615202e-09,1.0
0.0,1.0,9.563948744073514e-09,1.0
0.0,1.0,3.5639659472508356e-05,0.9999611973762512
0.0,1.0,9.57687262825857e-09,1.0
0.0,1.0,9.594918637390037e-09,1.0
0.0,1.0,0.00011152773367939517,0.9999255537986755
0.0,1.0,1.731992779241409e-05,0.999988853931427
0.0,1.0,3.623620841608499e-06,0.9999977350234985
0.0,1.0,9.579704141060574e-09,1.0
0.0,1.0,1.046223860612372e-05,0.999993622303009
0.0,1.0,4.884989266429329e-06,0.9999977350234985
0.0,1.0,2.877275983337313e-05,0.999983012676239
0.0,1.0,8.704468928044662e-05,0.9999384880065918
0.0,1.0,4.555886334856041e-05,0.9999734163284302
0.0,1.0,2.2990456272964366e-05,0.9999890327453613
0.0,1.0,2.6308218366466463e-05,0.9999892115592957
0.0,1.0,2.1565803763223812e-05,0.9999902248382568
0.0,1.0,9.578242199381748e-09,1.0
0.0,1.0,9.569988357327475e-09,1.0
0.0,1.0,9.594698369141952e-09,1.0
0.0,1.0,9.783806653729243e-09,1.0
0.0,1.0,9.57601375972672e-09,1.0
0.0,1.0,9.57829726644377e-09,1.0
0.0,1.0,1.017616924059439e-08,1.0
0.0,1.0,9.58889945223973e-09,1.0
0.0,1.0,9.566393011084529e-09,1.0
0.0,1.0,9.573018822095491e-09,1.0
0.0,1.0,9.566283765138905e-09,1.0
0.0,1.0,9.562489466929947e-09,1.0
0.0,1.0,2.895199486374622e-06,0.9999969005584717
0.0,1.0,9.60625357038225e-09,1.0
0.0,1.0,9.56046530831145e-09,1.0
0.0,1.0,9.927725308500612e-09,1.0
0.0,1.0,9.582518778472604e-09,1.0
0.0,1.0,9.567962422352139e-09,1.0
0.0,1.0,9.564605107925672e-09,1.0
0.0,1.0,9.574717019233958e-09,1.0
0.0,1.0,9.57258095013458e-09,1.0
0.0,1.0,9.569641079565372e-09,1.0
0.0,1.0,9.577146187211838e-09,1.0
0.0,1.0,1.1329105653601346e-08,1.0
0.0,1.0,9.57782209098923e-09,1.0
0.0,1.0,9.583614790642514e-09,1.0
0.0,1.0,9.572306503002892e-09,1.0
0.0,1.0,9.57882750896033e-09,1.0
0.0,1.0,9.57405976720338e-09,1.0
0.0,1.0,3.898810961577848e-12,1.0
0.0,1.0,9.76474711933406e-06,0.999991238117218
0.0,1.0,9.560483071879844e-09,1.0
0.0,1.0,9.58273815854227e-09,1.0
0.0,1.0,1.6828498701215722e-06,0.9999987483024597
0.0,1.0,9.558950964105861e-09,1.0
0.0,1.0,9.615418683495136e-09,1.0
0.0,1.0,9.586302418540527e-09,1.0
0.0,1.0,9.568090320044575e-09,1.0
0.0,1.0,9.585132687561781e-09,1.0
0.0,1.0,9.577932225113273e-09,1.0
0.0,1.0,1.0441200792854488e-08,1.0
0.0,1.0,5.086026703793323e-06,0.9999955296516418
0.0,1.0,9.569879111381852e-09,1.0
0.0,1.0,9.571339276703839e-09,1.0
0.0,1.0,9.574351977903461e-09,1.0
0.0,1.0,9.569130376974044e-09,1.0
0.0,1.0,9.482935325877406e-09,1.0
0.0,1.0,9.570809922365697e-09,1.0
0.0,1.0,2.5056749564100755e-07,0.9999998211860657
0.0,1.0,9.570991998941736e-09,1.0
0.0,1.0,9.602443284961737e-09,1.0
0.0,1.0,9.573748904756485e-09,1.0
0.0,1.0,9.581914817147208e-09,1.0
0.0,1.0,9.562070246715848e-09,1.0
0.0,1.0,9.56478718450171e-09,1.0
0.0,1.0,9.576452519866052e-09,1.0
0.0,1.0,9.578790205466703e-09,1.0
0.0,1.0,9.603578376982114e-09,1.0
0.0,1.0,9.576708315250926e-09,1.0
0.0,1.0,9.587545868328107e-09,1.0
0.0,1.0,9.585004789869345e-09,1.0
0.0,1.0,9.567415304445603e-09,1.0
0.0,1.0,9.570389813973179e-09,1.0
0.0,1.0,9.558714708646221e-09,1.0
0.0,1.0,9.578480231198228e-09,1.0
0.0,1.0,9.569604664250164e-09,1.0
0.0,1.0,9.67022817377483e-09,1.0
0.0,1.0,9.567616032768456e-09,1.0
0.0,1.0,9.566465841714944e-09,1.0
0.0,1.0,9.571211379011402e-09,1.0
0.0,1.0,9.567195924375937e-09,1.0
0.0,1.0,9.570426229288387e-09,1.0
0.0,1.0,9.5586596415842e-09,1.0
0.0,1.0,9.583852822458994e-09,1.0
0.0,1.0,9.580343629522758e-09,1.0
0.0,1.0,1.0874042999375888e-08,1.0
0.0,1.0,9.423255065144076e-09,1.0
0.0,1.0,9.563327907358143e-09,1.0
0.0,1.0,9.582207916025709e-09,1.0
0.0,1.0,9.578461579451414e-09,1.0
0.0,1.0,9.578516646513435e-09,1.0
0.0,1.0,9.596437422487725e-09,1.0
0.0,1.0,9.574954162872018e-09,1.0
0.0,1.0,9.560027436350538e-09,1.0
0.0,1.0,9.573402515172802e-09,1.0
0.0,1.0,9.555269464556204e-09,1.0
0.0,1.0,9.571977876987603e-09,1.0
0.0,1.0,9.57311030447272e-09,1.0
0.0,1.0,9.686546675879981e-09,1.0
0.0,1.0,9.69209068557575e-09,1.0
0.0,1.0,9.570882752996113e-09,1.0
0.0,1.0,9.576890391826964e-09,1.0
0.0,1.0,9.561103020416795e-09,1.0
0.0,1.0,9.572909576149868e-09,1.0
0.0,1.0,9.573475345803217e-09,1.0
0.0,1.0,9.56464152324088e-09,1.0
0.0,1.0,9.568948300398006e-09,1.0
0.0,1.0,9.571960113419209e-09,1.0
0.0,1.0,9.665156674998343e-09,1.0
0.0,1.0,9.577036941266215e-09,1.0
0.0,1.0,9.571503589711483e-09,1.0
0.0,1.0,9.556508473451686e-09,1.0
0.0,1.0,9.571941461672395e-09,1.0
0.0,1.0,9.583395410572848e-09,1.0
0.0,1.0,9.55676426883656e-09,1.0
0.0,1.0,9.573803971818506e-09,1.0
0.0,1.0,9.550841895133999e-09,1.0
0.0,1.0,9.58632107028734e-09,1.0
0.0,1.0,9.568071668297762e-09,1.0
0.0,1.0,2.6524686394920277e-15,1.0
0.0,1.0,9.571083481318965e-09,1.0
0.0,1.0,9.574753434549166e-09,1.0
0.0,1.0,1.1197502480797539e-08,1.0
0.0,1.0,9.562926450712439e-09,1.0
0.0,1.0,9.625896524312338e-09,1.0
0.0,1.0,9.566575975838987e-09,1.0
0.0,1.0,9.603102313349154e-09,1.0
0.0,1.0,9.571083481318965e-09,1.0
0.0,1.0,9.56559009779312e-09,1.0
0.0,1.0,9.57015267033512e-09,1.0
0.0,1.0,9.567013847799899e-09,1.0
0.0,1.0,9.569276926413295e-09,1.0
0.0,1.0,9.569896874950246e-09,1.0
0.0,1.0,9.55913392886032e-09,1.0
0.0,1.0,2.8616489733401806e-10,1.0
0.0,1.0,9.56777945759768e-09,1.0
0.0,1.0,9.586448967979777e-09,1.0
0.0,1.0,9.601893502519943e-09,1.0
0.0,1.0,1.0796296301407438e-08,1.0
0.0,1.0,2.3945821325810357e-08,1.0
0.0,1.0,9.566265113392092e-09,1.0
0.0,1.0,9.599183670161437e-09,1.0
0.0,1.0,9.574096182518588e-09,1.0
0.0,1.0,9.57500922993404e-09,1.0
0.0,1.0,9.574863568673209e-09,1.0
0.0,1.0,9.574132597833795e-09,1.0
0.0,1.0,9.567962422352139e-09,1.0
0.0,1.0,9.562525882245154e-09,1.0
0.0,1.0,9.705761527811774e-09,1.0
0.0,1.0,9.559808056280872e-09,1.0
0.0,1.0,9.567378889130396e-09,1.0
0.0,1.0,9.580507942530403e-09,1.0
0.0,1.0,9.58226209490931e-09,1.0
0.0,1.0,9.57177714866475e-09,1.0
0.0,1.0,9.62358370770744e-09,1.0
0.0,1.0,9.568509540258674e-09,1.0
0.0,1.0,9.566155867446469e-09,1.0
0.0,1.0,9.551442303745716e-09,1.0
0.0,1.0,9.58087387203932e-09,1.0
0.0,1.0,2.9849098193146517e-10,1.0
0.0,1.0,9.565152225832207e-09,1.0
0.0,1.0,9.57077350705049e-09,1.0
0.0,1.0,9.565535918909518e-09,1.0
0.0,1.0,9.570353398657971e-09,1.0
0.0,1.0,4.941914877321096e-09,1.0
0.0,1.0,9.594936400958431e-09,1.0
0.0,1.0,9.570372050404785e-09,1.0
0.0,1.0,9.585772176023966e-09,1.0
0.0,1.0,9.57358459174884e-09,1.0
0.0,1.0,9.572380221811727e-09,1.0
0.0,1.0,9.562617364622383e-09,1.0
0.0,1.0,9.55690993009739e-09,1.0
0.0,1.0,1.0688583351736725e-08,1.0
0.0,1.0,9.567981074098952e-09,1.0
0.0,1.0,9.572160841742061e-09,1.0
0.0,1.0,9.569076198090443e-09,1.0
0.0,1.0,9.566465841714944e-09,1.0
0.0,1.0,9.576781145881341e-09,1.0
0.0,1.0,9.60880086608995e-09,1.0
0.0,1.0,9.584145033159075e-09,1.0
0.0,1.0,1.108980463015996e-08,1.0
0.0,1.0,1.1077480266408202e-08,1.0
0.0,1.0,1.113728664847713e-08,1.0
0.0,1.0,2.134224796890294e-09,1.0
0.0,1.0,1.0922621918041386e-08,1.0
0.0,1.0,1.076892264251228e-08,1.0
0.0,1.0,1.1144745570845771e-08,1.0
0.0,1.0,1.0898399516179325e-08,1.0
0.0,1.0,1.0940365946510155e-08,1.0
0.0,1.0,1.1126309651388055e-08,1.0
0.0,1.0,1.1129579036150972e-08,1.0
0.0,1.0,1.073631317183299e-08,1.0
0.0,1.0,1.0972883046633797e-08,1.0
0.0,1.0,1.1231019669821762e-08,1.0
0.0,1.0,1.0926768823082966e-08,1.0
0.0,1.0,1.1154890344755586e-08,1.0
0.0,1.0,1.0747295497992582e-08,1.0
0.0,1.0,1.0857380772222314e-08,1.0
0.0,1.0,1.149904349517783e-08,1.0
0.0,1.0,1.0853798748655663e-08,1.0
0.0,1.0,1.08895887862559e-08,1.0
0.0,1.0,1.0908673075959996e-08,1.0
0.0,1.0,1.0714730436234277e-08,1.0
0.0,1.0,1.1658759291321985e-08,1.0
0.0,1.0,1.0989597676314133e-08,1.0
0.0,1.0,1.0884501300267857e-08,1.0
0.0,1.0,1.0803382188839805e-08,1.0
0.0,1.0,1.0818125950606827e-08,1.0
0.0,1.0,1.0825824681148788e-08,1.0
0.0,1.0,7.55562799825693e-12,1.0
0.0,1.0,1.1294391200067366e-08,1.0
0.0,1.0,1.104753888370169e-08,1.0
0.0,1.0,1.2327121545752107e-08,1.0
0.0,1.0,1.0974703812394182e-08,1.0
0.0,1.0,1.0780595971482398e-08,1.0
0.0,1.0,1.0984043896655749e-08,1.0
0.0,1.0,1.0882321710425913e-08,1.0
0.0,1.0,1.1928001697469881e-08,1.0
0.0,1.0,1.111034877580959e-18,1.0
0.0,1.0,1.1179555059470658e-08,1.0
0.0,1.0,1.0783105075518051e-08,1.0
0.0,1.0,1.1285239409630776e-08,1.0
0.0,1.0,1.1316320325249762e-08,1.0
0.0,1.0,1.1060104831983608e-08,1.0
0.0,1.0,1.096378277054555e-08,1.0
0.0,1.0,3.678344136464491e-17,1.0
0.0,1.0,1.1054832604884268e-08,1.0
0.0,1.0,1.0842087228013497e-08,1.0
0.0,1.0,1.0795204730129626e-08,1.0
0.0,1.0,1.114338576968521e-08,1.0
0.0,1.0,1.1179512426906513e-08,1.0
0.0,1.0,1.2199505405874334e-08,1.0
0.0,1.0,1.1038523872741735e-08,1.0
0.0,1.0,1.1015115930490538e-08,1.0
0.0,1.0,1.06717159553682e-08,1.0
0.0,1.0,1.1298226354483631e-08,1.0
0.0,1.0,1.1251430898084891e-08,1.0
0.0,1.0,1.2475927846367085e-08,1.0
0.0,1.0,1.122782844475978e-08,1.0
0.0,1.0,1.1030820701307675e-08,1.0
0.0,1.0,1.4693862693463347e-17,1.0
0.0,1.0,1.0982452280927646e-08,1.0
0.0,1.0,1.0825453422569353e-08,1.0
0.0,1.0,1.09172484386022e-08,1.0
0.0,1.0,1.0461613797474456e-08,1.0
0.0,1.0,1.1338206817868013e-08,1.0
0.0,1.0,1.0686096452161564e-08,1.0
0.0,1.0,1.0541231887373215e-08,1.0
0.0,1.0,1.107105873643377e-08,1.0
0.0,1.0,1.0655241133861182e-08,1.0
0.0,1.0,1.0670555994352071e-08,1.0
0.0,1.0,1.0971606734244688e-08,1.0
0.0,1.0,1.0816454398820952e-08,1.0
0.0,1.0,1.0785059068041392e-08,1.0
0.0,1.0,1.1421162682268005e-08,1.0
0.0,1.0,1.088911183444452e-08,1.0
0.0,1.0,1.0926914484343797e-08,1.0
0.0,1.0,1.1123063359264052e-08,1.0
0.0,1.0,1.1148891587708931e-08,1.0
0.0,1.0,1.1645025388418162e-08,1.0
0.0,1.0,1.089050361002819e-08,1.0
0.0,1.0,1.1226778617867694e-08,1.0
0.0,1.0,1.1399095001252135e-08,1.0
0.0,1.0,1.0736722622084471e-08,1.0
0.0,1.0,1.059375787093586e-08,1.0
0.0,1.0,1.072055688666751e-08,1.0
0.0,1.0,1.0833012709099421e-08,1.0
0.0,1.0,1.0894824598040032e-08,1.0
0.0,1.0,1.1381019682232818e-08,1.0
0.0,1.0,1.1279708722611304e-08,1.0
0.0,1.0,1.1484839745889985e-08,1.0
0.0,1.0,1.08186206659866e-08,1.0
0.0,1.0,1.6016231896287536e-08,1.0
0.0,1.0,1.110263081471885e-08,1.0
0.0,1.0,1.0979519515785796e-08,1.0
0.0,1.0,1.1056646265217296e-08,1.0
0.0,1.0,1.1122045506795075e-08,1.0
0.0,1.0,1.1117633924584425e-08,1.0
0.0,1.0,1.0772928327185127e-08,1.0
0.0,1.0,1.0854377840985308e-08,1.0
0.0,1.0,1.085377832055201e-08,1.0
0.0,1.0,1.0799076299861099e-08,1.0
0.0,1.0,1.1106506825342422e-08,1.0
0.0,1.0,3.1205927268577864e-16,1.0
0.0,1.0,1.118185810611294e-08,1.0
0.0,1.0,1.1260191001838393e-08,1.0
0.0,1.0,1.1046190628860586e-08,1.0
0.0,1.0,4.089202513331926e-19,1.0
0.0,1.0,1.106738523048989e-08,1.0
0.0,1.0,1.1204616789939337e-08,1.0
0.0,1.0,1.08911262231004e-08,1.0
0.0,1.0,1.1314982728549694e-08,1.0
0.0,1.0,1.9504337652343634e-13,1.0
0.0,1.0,1.105053204497608e-08,1.0
0.0,1.0,1.1117612608302352e-08,1.0
0.0,1.0,1.0839440456322791e-08,1.0
0.0,1.0,1.1902002938768419e-08,1.0
0.0,1.0,1.1061771942877385e-08,1.0
0.0,1.0,1.1301610314262689e-08,1.0
0.0,1.0,0.00040751442429609597,0.9996674060821533
0.0,1.0,4.608440018483151e-11,1.0
0.0,1.0,1.1049309023292153e-08,1.0
0.0,1.0,1.0820354390261855e-08,1.0
0.0,1.0,1.135417804221106e-08,1.0
0.0,1.0,1.852572140137454e-08,1.0
0.0,1.0,1.0934503968940135e-08,1.0
0.0,1.0,1.1151996659464203e-08,1.0
0.0,1.0,1.2668914806113207e-08,1.0
0.0,1.0,1.119116088688088e-08,1.0
0.0,1.0,1.0639826797387286e-08,1.0
0.0,1.0,1.0679127804280597e-08,1.0
0.0,1.0,1.1301287017317918e-08,1.0
0.0,1.0,1.1056097370953921e-08,1.0
0.0,1.0,1.1918836584356995e-08,1.0
0.0,1.0,2.3830020860323254e-18,1.0
0.0,1.0,1.074501998488131e-08,1.0
0.0,1.0,1.0748504308821794e-08,1.0
0.0,1.0,1.125688342540343e-08,1.0
0.0,1.0,1.0789914739461892e-08,1.0
0.0,1.0,4.798653212411059e-25,1.0
0.0,1.0,1.1473104244430488e-08,1.0
0.0,1.0,1.042943775786398e-08,1.0
0.0,1.0,1.105601299400405e-08,1.0
0.0,1.0,1.1248513231976176e-08,1.0
0.0,1.0,1.1484336148726015e-08,1.0
0.0,1.0,1.1275191447168709e-08,1.0
0.0,1.0,1.092637269550778e-08,1.0
0.0,1.0,1.1175290914877678e-08,1.0
0.0,1.0,1.111797320874075e-08,1.0
0.0,1.0,1.0818765439069011e-08,1.0
0.0,1.0,1.1369650998460656e-08,1.0
0.0,1.0,1.1214729589426042e-08,1.0
0.0,1.0,2.469124460446892e-08,1.0
0.0,1.0,1.082093170623466e-08,1.0
0.0,1.0,1.1363970209288254e-08,1.0
0.0,1.0,1.1109281494725565e-08,1.0
0.0,1.0,1.0544066952888898e-08,1.0
0.0,1.0,1.0988486565111089e-08,1.0
0.0,1.0,1.1099454688690003e-08,1.0
0.0,1.0,1.1659493814875077e-08,1.0
0.0,1.0,1.132538951509332e-08,1.0
0.0,1.0,1.1162445190393555e-08,1.0
0.0,1.0,4.504518200024468e-23,1.0
0.0,1.0,1.0963239205352693e-08,1.0
0.0,1.0,1.1311832359695018e-08,1.0
0.0,1.0,1.100957014443793e-08,1.0
0.0,1.0,1.0640597736255586e-08,1.0
0.0,1.0,1.1241864328326301e-08,1.0
0.0,1.0,1.0890627955006948e-08,1.0
0.0,1.0,6.210125036432146e-08,0.9999999403953552
0.0,1.0,8.778765270278654e-09,1.0
0.0,1.0,1.124014925579786e-08,1.0
0.0,1.0,1.1016439316335891e-08,1.0
0.0,1.0,1.108521630044379e-08,1.0
0.0,1.0,1.1192526905290379e-08,1.0
0.0,1.0,4.250718532716746e-08,1.0
0.0,1.0,1.149397821365028e-08,1.0
0.0,1.0,1.0918914661317558e-08,1.0
0.0,1.0,1.132826277228105e-08,1.0
0.0,1.0,1.0970392594344958e-08,1.0
0.0,1.0,1.096407586942405e-08,1.0
0.0,1.0,5.769449273884675e-08,0.9999999403953552
0.0,1.0,1.0935755412333492e-08,1.0
0.0,1.0,1.0960500063106338e-08,1.0
0.0,1.0,6.453863932165405e-08,0.9999999403953552
0.0,1.0,1.0982159182049145e-08,1.0
0.0,1.0,1.0614955137100424e-08,1.0
0.0,1.0,4.5830918543080026e-29,1.0
0.0,1.0,1.0600771815916232e-08,1.0
0.0,1.0,1.1016985546064006e-08,1.0
0.0,1.0,1.0987522003347294e-08,1.0
0.0,1.0,1.4090239197628307e-08,1.0
0.0,1.0,1.0693538499140232e-08,1.0
0.0,1.0,1.0689683804798733e-08,1.0
0.0,1.0,1.0946815898194018e-08,1.0
0.0,1.0,1.1325411719553813e-08,1.0
0.0,1.0,1.137746075130508e-08,1.0
0.0,1.0,1.1081875861407298e-08,1.0
0.0,1.0,6.026204601994323e-08,0.9999999403953552
0.0,1.0,1.3742364652265844e-22,1.0
0.0,1.0,1.0766170177589629e-08,1.0
0.0,1.0,1.8893704378797338e-08,1.0
0.0,1.0,1.137876282086836e-08,1.0
0.0,1.0,1.0906218150807945e-08,1.0
0.0,1.0,1.1044926750969353e-08,1.0
0.0,1.0,1.0988842724657388e-08,1.0
0.0,1.0,1.0838655306599776e-08,1.0
0.0,1.0,1.1271406918922366e-08,1.0
0.0,1.0,1.0748648193725785e-08,1.0
0.0,1.0,1.1013666423309587e-08,1.0
0.0,1.0,1.0936839878183946e-08,1.0
0.0,1.0,1.1352835116440474e-08,1.0
0.0,1.0,1.1155549373143003e-08,1.0
0.0,1.0,1.1267301758266512e-08,1.0
0.0,1.0,1.1125736776307349e-08,1.0
0.0,1.0,1.136975935622786e-08,1.0
0.0,1.0,1.1096089380657759e-08,1.0
0.0,1.0,1.1099242414047694e-08,1.0
0.0,1.0,4.056756660766089e-21,1.0
0.0,1.0,6.64671605762899e-23,1.0
0.0,1.0,1.0685586637748656e-08,1.0
0.0,1.0,1.0953833395888068e-08,1.0
0.0,1.0,1.1263907140346419e-08,1.0
0.0,1.0,1.0856759047328524e-08,1.0
0.0,1.0,1.0850673248796738e-08,1.0
0.0,1.0,1.2660846593348651e-08,1.0
0.0,1.0,1.1525920662336375e-08,1.0
0.0,1.0,0.01824636571109295,0.9877696633338928
0.0,1.0,1.1173670877440145e-08,1.0
0.0,1.0,1.1028443935856558e-08,1.0
0.0,1.0,1.3795935747962229e-11,1.0
0.0,1.0,1.1215050221835554e-08,1.0
0.0,1.0,1.1145595557593424e-08,1.0
0.0,1.0,1.1172904379463944e-08,1.0
0.0,1.0,1.1062552651708302e-08,1.0
0.0,1.0,1.1283624701263761e-08,1.0
0.0,1.0,1.1062256888294542e-08,1.0
0.0,1.0,1.105426328251724e-08,1.0
0.0,1.0,1.1058754800785664e-08,1.0
0.0,1.0,0.0,1.0
0.0,1.0,6.243708705360138e-21,1.0
0.0,1.0,2.574079340113668e-15,1.0
0.0,1.0,1.1482891082437163e-08,1.0
0.0,1.0,1.108130476268343e-08,1.0
0.0,1.0,1.0936714645026768e-08,1.0
0.0,1.0,1.0996055621603773e-08,1.0
0.0,1.0,1.08931414999347e-08,1.0
0.0,1.0,1.1293744606177825e-08,1.0
0.0,1.0,1.1206048533551893e-08,1.0
0.0,1.0,3.195918552023613e-08,1.0
0.0,1.0,2.639887767100414e-25,1.0
0.0,1.0,1.1517284015383211e-08,1.0
0.0,1.0,1.1122448739797619e-08,1.0
0.0,1.0,1.0985887755055046e-08,1.0
0.0,1.0,1.116604408935018e-08,1.0
0.0,1.0,1.0923872473256324e-08,1.0
0.0,1.0,1.1363753493753848e-08,1.0
0.0,1.0,1.1099898777899853e-08,1.0
0.0,1.0,1.2426909279383835e-08,1.0
0.0,1.0,1.1538084265794168e-08,1.0
0.0,1.0,1.131232796325321e-08,1.0
0.0,1.0,1.1027307955657761e-08,1.0
0.0,1.0,1.065335109018406e-08,1.0
0.0,1.0,1.081868283847598e-08,1.0
0.0,1.0,1.1138434174995382e-08,1.0
0.0,1.0,1.3115622365944546e-08,1.0
0.0,1.0,1.1309825964644915e-08,1.0
0.0,1.0,1.0863325350385367e-08,1.0
0.0,1.0,1.0950616413651915e-08,1.0
0.0,1.0,1.1094522633925408e-08,1.0
0.0,1.0,1.1108307162999154e-08,1.0
0.0,1.0,1.1368696206659479e-08,1.0
0.0,1.0,1.0846513909257283e-08,1.0
0.0,1.0,1.1368133101541389e-08,1.0
0.0,1.0,1.0937820427159295e-08,1.0
0.0,1.0,1.1326534377076314e-08,1.0
0.0,1.0,1.1153379553263676e-08,1.0
0.0,1.0,1.0945353956515191e-08,1.0
0.0,1.0,1.1316558357066242e-08,1.0
0.0,1.0,1.214575728880618e-08,1.0
0.0,1.0,5.1559985357914275e-28,1.0
0.0,1.0,1.0938530081716635e-08,1.0
0.0,1.0,1.203616850631306e-08,1.0
0.0,1.0,1.1282333289841517e-08,1.0
0.0,1.0,1.1012846634628204e-08,1.0
0.0,1.0,1.1584082137972018e-08,1.0
0.0,1.0,1.3838756807160735e-08,1.0
0.0,1.0,2.2240664421246947e-08,1.0
0.0,1.0,1.1075071526533975e-08,1.0
0.0,1.0,1.1008100209153326e-08,1.0
0.0,1.0,1.1182946124677073e-08,1.0
0.0,1.0,1.0993391974523092e-08,1.0
0.0,1.0,1.081515499379293e-08,1.0
0.0,1.0,1.1017931456080987e-08,1.0
0.0,1.0,1.15294609415173e-08,1.0
0.0,1.0,1.1271364286358221e-08,1.0
0.0,1.0,1.1582292458456322e-08,1.0
0.0,1.0,1.1053335136068654e-08,1.0
0.0,1.0,1.0793434590539164e-08,1.0
0.0,1.0,8.141934916684469e-36,1.0
0.0,1.0,1.1057363025201994e-08,1.0
0.0,1.0,1.1061750626595312e-08,1.0
0.0,1.0,1.0772250647050896e-08,1.0
0.0,1.0,1.1420269174777786e-08,1.0
0.0,1.0,1.1001908717389597e-08,1.0
0.0,1.0,1.0767608138451124e-08,1.0
0.0,1.0,1.1173670877440145e-08,1.0
0.0,1.0,1.126751669744408e-08,1.0
0.0,1.0,1.148337247514064e-08,1.0
0.0,1.0,1.1079931638846574e-08,1.0
0.0,1.0,1.131845817070598e-08,1.0
0.0,1.0,1.1078896022809204e-08,1.0
0.0,1.0,1.1323510129557235e-08,1.0
0.0,1.0,1.1377113473542977e-08,1.0
0.0,1.0,1.126594817435489e-08,1.0
0.0,1.0,1.1544115885442352e-08,1.0
0.0,1.0,1.3294135886421217e-28,1.0
0.0,1.0,1.1102651242822503e-08,1.0
0.0,1.0,1.0972422970212392e-08,1.0
0.0,1.0,1.1502268471019761e-08,1.0
0.0,1.0,1.8856873396089213e-08,1.0
0.0,1.0,1.0819962703578767e-08,1.0
0.0,1.0,1.0815649709172703e-08,1.0
0.0,1.0,1.1211585437820304e-08,1.0
0.0,1.0,1.0879022127596727e-08,1.0
0.0,1.0,1.1011796807736118e-08,1.0
0.0,1.0,1.1237726305068918e-08,1.0
0.0,1.0,1.106643576775923e-08,1.0
0.0,1.0,1.0809875661266233e-08,1.0
0.0,1.0,1.1919177667421565e-12,1.0
0.0,1.0,1.0549880968824255e-08,1.0
0.0,1.0,2.8190782837994068e-14,1.0
0.0,1.0,1.2085766165625955e-08,1.0
0.0,1.0,1.0581157283695575e-08,1.0
0.0,1.0,1.126351989455543e-08,1.0
0.0,1.0,1.1576086755837878e-08,1.0
0.0,1.0,1.2965392315322788e-08,1.0
0.0,1.0,1.1078620687499097e-08,1.0
0.0,1.0,1.0912002856855452e-08,1.0
0.0,1.0,1.0895676361144524e-08,1.0
0.0,1.0,1.0674281014644293e-08,1.0
0.0,1.0,1.3678390864413359e-08,1.0
0.0,1.0,1.0947129425176172e-08,1.0
0.0,1.0,1.1363753493753848e-08,1.0
0.0,1.0,1.1045011127919224e-08,1.0
0.0,1.0,1.1327808913108584e-08,1.0
0.0,1.0,1.127465409922479e-08,1.0
0.0,1.0,1.131837112922085e-08,1.0
0.0,1.0,1.902156121502685e-08,1.0
0.0,1.0,1.1094628327157352e-08,1.0
0.0,1.0,1.101975932726873e-08,1.0
0.0,1.0,1.1133549193687031e-08,1.0
0.0,1.0,1.1055233173351553e-08,1.0
0.0,1.0,1.1498977769974772e-08,1.0
0.0,1.0,1.11998090801535e-08,1.0
0.0,1.0,1.1070214078756635e-08,1.0
0.0,1.0,1.1268870281355703e-08,1.0
0.0,1.0,1.1359116314224593e-08,1.0
0.0,1.0,1.2135267013491102e-08,1.0
0.0,1.0,1.0822954976674737e-08,1.0
0.0,1.0,1.0924059878902881e-08,1.0
0.0,1.0,1.133377391937529e-08,1.0
0.0,1.0,1.0166876229789068e-08,1.0
0.0,1.0,1.1682109501975901e-08,1.0
0.0,1.0,1.1030147462065543e-08,1.0
0.0,1.0,7.32226238904383e-26,1.0
0.0,1.0,1.1326145354928485e-08,1.0
0.0,1.0,1.1114029696557282e-08,1.0
0.0,1.0,1.0827022833836963e-08,1.0
0.0,1.0,1.0971208830312662e-08,1.0
0.0,1.0,1.1450609349594743e-08,1.0
0.0,1.0,1.109105252083964e-08,1.0
0.0,1.0,1.13390719036488e-08,1.0
0.0,1.0,1.0837973185573446e-08,1.0
0.0,1.0,1.1171454872282993e-08,1.0
0.0,1.0,1.1657781406881895e-08,1.0
0.0,1.0,1.1219842832588256e-08,1.0
0.0,1.0,1.1159358770385097e-08,1.0
0.0,1.0,1.1256454435226715e-08,1.0
0.0,1.0,1.0708050446339712e-08,1.0
0.0,1.0,1.1112206266261637e-08,1.0
0.0,1.0,2.2417323108925302e-08,1.0
0.0,1.0,2.4422164904450914e-23,1.0
0.0,1.0,1.183811182414729e-08,1.0
0.0,1.0,1.1301846569722329e-08,1.0
0.0,1.0,1.1025941049069843e-08,1.0
0.0,1.0,1.0734572342130377e-08,1.0
0.0,1.0,1.115801762097135e-08,1.0
0.0,1.0,1.1350821615963014e-08,1.0
0.0,1.0,1.106107561099634e-08,1.0
0.0,1.0,1.9650840954454907e-08,1.0
0.0,1.0,1.0995572452543456e-08,1.0
0.0,1.0,1.0862952315449093e-08,1.0
0.0,1.0,4.692629206222432e-13,1.0
0.0,1.0,1.0772374103851234e-08,1.0
0.0,1.0,1.260973103711649e-08,1.0
0.0,1.0,1.2139016902779076e-08,1.0
0.0,1.0,1.081820855119986e-08,1.0
0.0,1.0,1.094902923881591e-08,1.0
0.0,1.0,1.113796699314662e-08,1.0
0.0,1.0,1.1358315177290024e-08,1.0
0.0,1.0,1.1489550644228075e-08,1.0
0.0,1.0,1.1036650704454587e-08,1.0
0.0,1.0,1.077502531643404e-08,1.0
0.0,1.0,1.0710582643014277e-08,1.0
0.0,1.0,1.1362366159062276e-08,1.0
0.0,1.0,1.1207031747062501e-08,1.0
0.0,1.0,1.1188300952369445e-08,1.0
0.0,1.0,1.113601300062328e-08,1.0
0.0,1.0,1.1275320233039565e-08,1.0
0.0,1.0,1.1064916094483124e-08,1.0
0.0,1.0,1.1073360894897633e-08,1.0
0.0,1.0,1.0999432475955473e-08,1.0
0.0,1.0,1.0979896991614169e-08,1.0
0.0,1.0,1.0897609925564211e-08,1.0
0.0,1.0,1.0691702634346711e-08,1.0
0.0,1.0,1.9652153682159224e-08,1.0
0.0,1.0,1.1032146751688288e-08,1.0
0.0,1.0,1.0999222865848424e-08,1.0
0.0,1.0,1.1038882696823293e-08,1.0
0.0,1.0,1.0652152937495885e-08,1.0
0.0,1.0,1.0881906931103913e-08,1.0
0.0,1.0,1.0944018136171962e-08,1.0
0.0,1.0,1.1300704372274595e-08,1.0
0.0,1.0,1.0808081540858439e-08,1.0
0.0,1.0,1.048224618216409e-08,1.0
0.0,1.0,2.025502378669164e-12,1.0
0.0,1.0,1.0271729688061774e-14,1.0
0.0,1.0,1.0355324597810522e-08,1.0
0.0,1.0,1.050013587189369e-08,1.0
0.0,1.0,1.0275346795651785e-08,1.0
0.0,1.0,1.0306378861457688e-08,1.0
0.0,1.0,1.0068016642605926e-08,1.0
0.0,1.0,1.0362002811348248e-08,1.0
0.0,1.0,1.8077997956119825e-21,1.0
0.0,1.0,1.0219720181225966e-08,1.0
0.0,1.0,1.0418741425155531e-08,1.0
0.0,1.0,1.032520824395533e-08,1.0
0.0,1.0,1.0556663987415504e-08,1.0
0.0,1.0,1.0455082305497937e-21,1.0
0.0,1.0,1.0387450011251076e-08,1.0
0.0,1.0,1.0393772065242501e-08,1.0
0.0,1.0,1.0407023687264427e-08,1.0
0.0,1.0,1.0548733442306002e-08,1.0
0.0,1.0,1.0336400180221972e-08,1.0
0.0,1.0,1.049370901284874e-08,1.0
0.0,1.0,1.0756830981506482e-08,1.0
0.0,1.0,5.605167838614785e-25,1.0
0.0,1.0,1.605794646793898e-28,1.0
0.0,1.0,1.0831215924156368e-08,1.0
0.0,1.0,1.0459697996623163e-08,1.0
0.0,1.0,1.6252293807371486e-23,1.0
0.0,1.0,2.264557378415757e-22,1.0
0.0,1.0,5.393338228278088e-13,1.0
0.0,1.0,1.802255857874932e-22,1.0
0.0,1.0,2.350887341877532e-24,1.0
0.0,1.0,1.049228792737722e-08,1.0
0.0,1.0,1.043094943753431e-08,1.0
0.0,1.0,6.811581202616397e-24,1.0
0.0,1.0,9.662953875298627e-22,1.0
0.0,1.0,2.296271740395913e-24,1.0
0.0,1.0,1.1279497608795505e-26,1.0
0.0,1.0,1.72811580699413e-22,1.0
0.0,1.0,7.555362450039835e-14,1.0
0.0,1.0,1.0306260733727868e-08,1.0
0.0,1.0,1.5583003704998444e-23,1.0
0.0,1.0,1.044626074531152e-08,1.0
0.0,1.0,4.169603693674246e-25,1.0
0.0,1.0,2.5667822027727395e-24,1.0
0.0,1.0,4.5797062142582945e-08,0.9999999403953552
0.0,1.0,6.864791349787751e-25,1.0
0.0,1.0,2.0083174959188546e-28,1.0
0.0,1.0,8.163870355432928e-26,1.0
0.0,1.0,4.629499667292716e-21,1.0
0.0,1.0,1.8663980631366664e-26,1.0
0.0,1.0,1.022853446386307e-08,1.0
0.0,1.0,1.4208412721927743e-05,0.9999839663505554
0.0,1.0,1.0355502233494462e-08,1.0
0.0,1.0,1.0570142983112873e-08,1.0
0.0,1.0,6.929886899653261e-17,1.0
0.0,1.0,1.0915062082176952e-23,1.0
0.0,1.0,4.349082161070328e-08,1.0
0.0,1.0,1.3421929352565069e-21,1.0
0.0,1.0,3.4036874013709806e-11,1.0
0.0,1.0,1.0133345718088549e-08,1.0
0.0,1.0,1.0727715604730292e-08,1.0
0.0,1.0,1.0322826149433695e-08,1.0
0.0,1.0,1.0215666534918455e-08,1.0
0.0,1.0,1.0514484394263945e-08,1.0
0.0,1.0,1.0594344068692862e-08,1.0
0.0,1.0,3.714761825342237e-20,1.0
0.0,1.0,1.3924557314390895e-25,1.0
0.0,1.0,1.0448133913598667e-08,1.0
0.0,1.0,1.5597412344095614e-21,1.0
0.0,1.0,4.2055799910796895e-24,1.0
0.0,1.0,4.9911454298691405e-24,1.0
0.0,1.0,2.0342035963661713e-18,1.0
0.0,1.0,1.0384676230046352e-08,1.0
0.0,1.0,1.0392780858126116e-08,1.0
0.0,1.0,1.0476210121623808e-08,1.0
0.0,1.0,4.256354125714905e-17,1.0
0.0,1.0,2.814931718709418e-13,1.0
0.0,1.0,1.0423173435469835e-08,1.0
0.0,1.0,1.0381349113686156e-08,1.0
0.0,1.0,1.0502659186784058e-08,1.0
0.0,1.0,1.0504261460653197e-08,1.0
0.0,1.0,1.0408650830129318e-08,1.0
0.0,1.0,1.0338037093049479e-08,1.0
0.0,1.0,1.039262187418899e-08,1.0
0.0,1.0,1.0383548243453333e-08,1.0
0.0,1.0,1.0227402924556372e-08,1.0
0.0,1.0,3.216567912528803e-17,1.0
0.0,1.0,1.0491446822413764e-08,1.0
0.0,1.0,1.1562229396133716e-08,1.0
0.0,1.0,1.0358011337530115e-08,1.0
0.0,1.0,2.590438443177828e-13,1.0
0.0,1.0,1.0283443430125772e-08,1.0
0.0,1.0,1.0362160907106954e-08,1.0
0.0,1.0,1.0314658460686132e-08,1.0
0.0,1.0,1.0309426201615679e-08,1.0
0.0,1.0,9.43975453360224e-12,1.0
0.0,1.0,1.0164316499583492e-08,1.0
0.0,1.0,4.412472720104893e-13,1.0
0.0,1.0,1.3486319403455127e-06,0.9999992251396179
0.0,1.0,1.05115969262215e-08,1.0
0.0,1.0,1.0306260733727868e-08,1.0
0.0,1.0,1.1100746100112246e-08,1.0
0.0,1.0,2.10463208140518e-15,1.0
0.0,1.0,0.00013789188233204186,0.9999021291732788
0.0,1.0,5.243385239883658e-11,1.0
0.0,1.0,1.0425917018608288e-08,1.0
0.0,1.0,1.0455249999097305e-08,1.0
0.0,1.0,1.0227929614359255e-08,1.0
0.0,1.0,1.0409584305648423e-08,1.0
0.0,1.0,1.9073971731491807e-13,1.0
0.0,1.0,1.0457743115921403e-08,1.0
0.0,1.0,1.0581641340934311e-08,1.0
0.0,1.0,1.0404165529109832e-08,1.0
0.0,1.0,1.0291783425486756e-08,1.0
0.0,1.0,1.0357420411445466e-15,1.0
0.0,1.0,1.0394803240387773e-08,1.0
0.0,1.0,1.0148916373964312e-08,1.0
0.0,1.0,1.2106784907928159e-08,1.0
0.0,1.0,1.0299834762861337e-08,1.0
0.0,1.0,8.698750228820694e-19,1.0
0.0,1.0,1.3946559810737269e-18,1.0
0.0,1.0,2.8464640422498633e-08,1.0
0.0,1.0,1.0452558818485613e-08,1.0
0.0,1.0,1.0650141213375264e-08,1.0
0.0,1.0,1.0316251852771074e-08,1.0
0.0,1.0,1.0184052712247649e-08,1.0
0.0,1.0,1.0105050129993742e-08,1.0
0.0,1.0,3.234849188515909e-08,1.0
0.0,1.0,1.0391532079268018e-08,1.0
0.0,1.0,5.2701881758394215e-14,1.0
0.0,1.0,1.0332891875464156e-08,1.0
0.0,1.0,1.0235677194714299e-08,1.0
0.0,1.0,1.0503059755251343e-08,1.0
0.0,1.0,1.0234272096454333e-08,1.0
0.0,1.0,1.5995965694292457e-19,1.0
0.0,1.0,1.0074836076512383e-08,1.0
0.0,1.0,1.0270291284086852e-08,1.0
0.0,1.0,1.0153466512008436e-08,1.0
0.0,1.0,1.0391234539497418e-08,1.0
0.0,1.0,5.9440139921207447e-08,0.9999999403953552
0.0,1.0,1.0508609982196049e-08,1.0
0.0,1.0,1.0400078132022372e-08,1.0
0.0,1.0,1.0336912659170139e-08,1.0
0.0,1.0,1.464416072849417e-07,0.9999998807907104
0.0,1.0,6.502273919295476e-08,0.9999999403953552
0.0,1.0,6.441504041276858e-08,0.9999999403953552
0.0,1.0,1.014225947670866e-08,1.0
0.0,1.0,1.0491047142124899e-08,1.0
0.0,1.0,1.0582145826276701e-08,1.0
0.0,1.0,1.003977283253743e-11,1.0
0.0,1.0,1.049302778000083e-08,1.0
0.0,1.0,1.0313635279146638e-08,1.0
0.0,1.0,1.0130407623876181e-08,1.0
0.0,1.0,1.0484745516237126e-08,1.0
0.0,1.0,1.0164801445000649e-08,1.0
0.0,1.0,1.0278874640334834e-08,1.0
0.0,1.0,7.410874047764082e-08,0.9999999403953552
0.0,1.0,1.0111103954102418e-08,1.0
0.0,1.0,1.0367715574943759e-08,1.0
0.0,1.0,1.0324164634312183e-08,1.0
0.0,1.0,1.102316549150828e-08,1.0
0.0,1.0,1.0168195174742323e-08,1.0
0.0,1.0,3.1608735184818215e-07,0.999999463558197
0.0,1.0,5.1823647595483635e-08,0.9999999403953552
0.0,1.0,1.0283796925136812e-08,1.0
0.0,1.0,1.049809306152838e-08,1.0
0.0,1.0,1.0559120688924395e-08,1.0
0.0,1.0,1.0944393835643496e-08,1.0
0.0,1.0,1.0159413754706748e-08,1.0
0.0,1.0,1.0050652754500788e-08,1.0
0.0,1.0,1.0322451338140581e-08,1.0
0.0,1.0,1.0246459680729458e-08,1.0
0.0,1.0,1.0468819588993483e-08,1.0
0.0,1.0,1.0218589530097688e-08,1.0
0.0,1.0,1.0281561380054427e-08,1.0
0.0,1.0,3.0670101422616122e-18,1.0
0.0,1.0,1.0268978556382535e-08,1.0
0.0,1.0,1.0315130083426993e-08,1.0
0.0,1.0,1.0178498932589264e-08,1.0
0.0,1.0,1.0359492819134175e-08,1.0
0.0,1.0,1.0256431259847432e-08,1.0
0.0,1.0,1.0233627278921631e-08,1.0
0.0,1.0,1.0423133467440948e-08,1.0
0.0,1.0,1.0341961953486134e-08,1.0
0.0,1.0,9.53135081971368e-09,1.0
0.0,1.0,9.507783005346937e-09,1.0
0.0,1.0,9.523518862408764e-09,1.0
0.0,1.0,9.506078590959532e-09,1.0
0.0,1.0,9.506586629015601e-09,1.0
0.0,1.0,9.507711062894941e-09,1.0
0.0,1.0,9.506405440617982e-09,1.0
0.0,1.0,1.781989595883715e-07,0.9999998211860657
0.0,1.0,9.507674647579734e-09,1.0
0.0,1.0,5.422459139481361e-07,0.9999996423721313
0.0,1.0,9.526007538340764e-09,1.0
0.0,1.0,9.506894826927237e-09,1.0
0.0,1.0,1.5389754748351692e-10,1.0
0.0,1.0,9.509887100023207e-09,1.0
0.0,1.0,9.514296017698598e-09,1.0
0.0,1.0,9.508816845027468e-09,1.0
0.0,1.0,9.50756540163411e-09,1.0
0.0,1.0,4.0398826645082764e-11,1.0
0.0,1.0,8.222417910837105e-24,1.0
0.0,1.0,9.506604392583995e-09,1.0
0.0,1.0,9.507838072408958e-09,1.0
0.0,1.0,9.506858411612029e-09,1.0
0.0,1.0,0.00065919867483899,0.999495267868042
0.0,1.0,9.504392828318942e-09,1.0
0.0,1.0,9.507601816949318e-09,1.0
0.0,1.0,9.508254628087798e-09,1.0
0.0,1.0,0.0,1.0
0.0,1.0,9.509542486796363e-09,1.0
0.0,1.0,6.153694380451164e-27,1.0
0.0,1.0,9.553442513118065e-21,1.0
0.0,1.0,4.155701390118338e-05,0.9999594688415527
0.0,1.0,9.510304543880466e-09,1.0
0.0,1.0,1.5948334066706593e-06,0.9999986886978149
0.0,1.0,9.560647384887488e-09,1.0
0.0,1.0,9.207650917761323e-13,1.0
0.0,1.0,9.507257203722475e-09,1.0
0.0,1.0,9.507964193744556e-09,1.0
0.0,1.0,9.506259779357151e-09,1.0
0.0,1.0,9.509415477282346e-09,1.0
0.0,1.0,0.0,1.0
0.0,1.0,9.507058251756462e-09,1.0
0.0,1.0,9.50587963899352e-09,1.0
0.0,1.0,2.7893085063901424e-10,1.0
0.0,1.0,9.516564425382512e-09,1.0
0.0,1.0,9.506259779357151e-09,1.0
0.0,1.0,9.507275855469288e-09,1.0
0.0,1.0,9.571813563979958e-09,1.0
0.0,1.0,9.510594090045288e-09,1.0
0.0,1.0,9.50934264665193e-09,1.0
0.0,1.0,9.499336428575589e-09,1.0
0.0,1.0,9.511538223705429e-09,1.0
0.0,1.0,8.233892856424063e-08,0.9999999403953552
0.0,1.0,9.507674647579734e-09,1.0
0.0,1.0,9.50676781741322e-09,1.0
0.0,1.0,9.557894031786418e-09,1.0
0.0,1.0,9.574936399303624e-09,1.0
0.0,1.0,9.509089515802316e-09,1.0
0.0,1.0,9.506840648043635e-09,1.0
0.0,1.0,2.0842341186266822e-08,1.0
0.0,1.0,9.509887100023207e-09,1.0
0.0,1.0,9.600556793998294e-09,1.0
0.0,1.0,9.50789225129256e-09,1.0
0.0,1.0,9.506586629015601e-09,1.0
0.0,1.0,9.505933817877121e-09,1.0
0.0,1.0,6.8297412170181815e-09,1.0
0.0,1.0,9.509469656165948e-09,1.0
0.0,1.0,9.507220788407267e-09,1.0
0.0,1.0,0.00012213591253384948,0.9999188184738159
0.0,1.0,9.506713638529618e-09,1.0
0.0,1.0,9.500024766850856e-09,1.0
0.0,1.0,7.05071114340261e-12,1.0
0.0,1.0,9.733439831904889e-09,1.0
0.0,1.0,7.102947563453199e-08,0.9999999403953552
0.0,1.0,5.857629997216733e-32,1.0
0.0,1.0,9.510757514874513e-09,1.0
0.0,1.0,9.505571441081884e-09,1.0
0.0,1.0,9.506749165666406e-09,1.0
0.0,1.0,5.331749972081745e-11,1.0
0.0,1.0,9.615418683495136e-09,1.0
0.0,1.0,9.507021836441254e-09,1.0
0.0,1.0,9.506840648043635e-09,1.0
0.0,1.0,9.505589204650278e-09,1.0
0.0,1.0,9.506187836905156e-09,1.0
0.0,1.0,9.508962506288299e-09,1.0
0.0,1.0,9.662484146133465e-09,1.0
0.0,1.0,3.262161385464424e-08,1.0
0.0,1.0,9.503504649899241e-09,1.0
0.0,1.0,9.506386788871168e-09,1.0
0.0,1.0,9.506623044330809e-09,1.0
0.0,1.0,9.508653420198243e-09,1.0
0.0,1.0,9.510757514874513e-09,1.0
0.0,1.0,9.505987996760723e-09,1.0
0.0,1.0,9.50976009050919e-09,1.0
0.0,1.0,3.927082183746711e-12,1.0
0.0,1.0,3.78337254858252e-08,0.9999999403953552
0.0,1.0,9.50676781741322e-09,1.0
0.0,1.0,9.509379061967138e-09,1.0
0.0,1.0,9.50756540163411e-09,1.0
0.0,1.0,9.894756125561344e-09,1.0
0.0,1.0,0.0,1.0
0.0,1.0,9.55733322344221e-12,1.0
0.0,1.0,0.0,1.0
0.0,1.0,9.522865163091865e-09,1.0
0.0,1.0,9.508980269856693e-09,1.0
0.0,1.0,9.62334478771254e-09,1.0
0.0,1.0,9.50789225129256e-09,1.0
0.0,1.0,9.521285093683218e-09,1.0
0.0,1.0,9.506785580981614e-09,1.0
0.0,1.0,9.506423204186376e-09,1.0
0.0,1.0,9.506658571467597e-09,1.0
0.0,1.0,1.9329740932882977e-11,1.0
0.0,1.0,9.57020773739714e-09,1.0
0.0,1.0,6.510577804874629e-06,0.999995768070221
0.0,1.0,9.507964193744556e-09,1.0
0.0,1.0,9.571230030758215e-09,1.0
0.0,1.0,2.6469847398402635e-06,0.9999966025352478
0.0,1.0,7.110997124470941e-09,1.0
0.0,1.0,9.525916944141954e-09,1.0
0.0,1.0,9.50765599583292e-09,1.0
0.0,1.0,9.507783005346937e-09,1.0
0.0,1.0,1.3031612979830243e-05,0.9999918937683105
0.0,1.0,9.506640807899203e-09,1.0
0.0,1.0,9.508418052917023e-09,1.0
0.0,1.0,9.507076015324856e-09,1.0
0.0,1.0,1.619382942408265e-06,0.9999989867210388
0.0,1.0,9.526116784286387e-09,1.0
0.0,1.0,9.507528986318903e-09,1.0
0.0,1.0,9.505389364505845e-09,1.0
0.0,1.0,9.508291043403005e-09,1.0
0.0,1.0,7.660003120690817e-08,0.9999999403953552
0.0,1.0,9.713910564812522e-09,1.0
0.0,1.0,9.508146270320594e-09,1.0
0.0,1.0,9.514404375465801e-09,1.0
0.0,1.0,9.508926090973091e-09,1.0
0.0,1.0,9.526589295205667e-09,1.0
0.0,1.0,9.569477654736147e-09,1.0
0.0,1.0,1.5722208978098326e-20,1.0
0.0,1.0,9.620922725162018e-09,1.0
0.0,1.0,9.510158882619635e-09,1.0
0.0,1.0,1.1502816477104716e-08,1.0
0.0,1.0,9.50934264665193e-09,1.0
0.0,1.0,3.331027073727455e-06,0.9999946355819702
0.0,1.0,9.508744014397053e-09,1.0
0.0,1.0,9.508581477746247e-09,1.0
0.0,1.0,9.508109855005387e-09,1.0
0.0,1.0,9.510666920675703e-09,1.0
0.0,1.0,1.0191185850771944e-07,0.9999998807907104
0.0,1.0,4.599827309315504e-18,1.0
0.0,1.0,6.528504950184533e-13,1.0
0.0,1.0,0.0,1.0
0.0,1.0,9.507384213236492e-09,1.0
0.0,1.0,9.508000609059764e-09,1.0
0.0,1.0,9.506296194672359e-09,1.0
0.0,1.0,9.50765599583292e-09,1.0
0.0,1.0,9.518125843044345e-09,1.0
0.0,1.0,1.2554917105944696e-08,1.0
0.0,1.0,4.421911512508814e-07,0.9999995231628418
0.0,1.0,1.5687467325165017e-08,1.0
0.0,1.0,9.609680162725454e-09,1.0
0.0,1.0,9.507528986318903e-09,1.0
0.0,1.0,9.78464687051428e-09,1.0
0.0,1.0,9.506369025302774e-09,1.0
0.0,1.0,9.508418052917023e-09,1.0
0.0,1.0,9.508381637601815e-09,1.0
0.0,1.0,9.506386788871168e-09,1.0
0.0,1.0,9.50513623365623e-09,1.0
0.0,1.0,1.3144633992379084e-10,1.0
0.0,1.0,9.50555278933507e-09,1.0
0.0,1.0,1.135320371048465e-08,1.0
0.0,1.0,6.070188796059028e-09,1.0
0.0,1.0,1.0512598820969221e-12,1.0
0.0,1.0,9.507021836441254e-09,1.0
0.0,1.0,9.505897402561914e-09,1.0
0.0,1.0,8.234956476371735e-05,0.9999406933784485
0.0,1.0,9.507203024838873e-09,1.0
0.0,1.0,0.0,1.0
0.0,1.0,9.522123178840047e-08,0.9999998807907104
0.0,1.0,9.542156398367752e-09,1.0
0.0,1.0,1.137583272026177e-08,1.0
0.0,1.0,9.587089690023374e-24,1.0
0.0,1.0,9.505860987246706e-09,1.0
0.0,1.0,9.504918629943404e-09,1.0
0.0,1.0,1.9834867970303094e-08,1.0
0.0,1.0,2.9055020108609275e-12,1.0
0.0,1.0,9.525971123025556e-09,1.0
0.0,1.0,1.5982583366578457e-14,1.0
0.0,1.0,3.4821789275955062e-37,1.0
0.0,1.0,2.2194051041424245e-08,1.0
0.0,1.0,9.507275855469288e-09,1.0
0.0,1.0,9.483007268329402e-09,1.0
0.0,1.0,9.506477383069978e-09,1.0
0.0,1.0,1.7639104399336247e-08,1.0
0.0,1.0,9.506477383069978e-09,1.0
0.0,1.0,9.506567977268787e-09,1.0
0.0,1.0,9.507674647579734e-09,1.0
0.0,1.0,9.512154619528701e-09,1.0
0.0,1.0,9.603779993483386e-09,1.0
0.0,1.0,9.536006650989748e-09,1.0
0.0,1.0,9.454634408712081e-09,1.0
0.0,1.0,9.506623044330809e-09,1.0
0.0,1.0,9.691610181050692e-09,1.0
0.0,1.0,9.517907351153099e-09,1.0
0.0,1.0,9.495152220040382e-09,1.0
0.0,1.0,9.105023309530225e-06,0.9999942183494568
0.0,1.0,9.507711062894941e-09,1.0
0.0,1.0,3.1254239729605615e-05,0.9999772906303406
0.0,1.0,3.6260774037894336e-29,1.0
