1.0,0.0,0.9999999403953552,7.205066765436641e-08
1.0,0.0,0.9999998211860657,2.5353222099511186e-07
1.0,0.0,1.0,3.5398876718772954e-08
1.0,0.0,1.0,9.372097764526188e-09
1.0,0.0,0.9999995827674866,5.953078812126478e-07
1.0,0.0,1.0,2.5936023113473568e-17
1.0,0.0,0.9999993443489075,8.622511131761712e-07
1.0,0.0,1.0,1.4384212931872753e-08
1.0,0.0,0.9999998807907104,1.8856231065456086e-07
1.0,0.0,1.0,2.721398928429153e-08
1.0,0.0,1.0,3.265142822783673e-08
1.0,0.0,1.0,2.9586688654603677e-08
1.0,0.0,0.9999998807907104,1.3363396078602818e-07
1.0,0.0,0.9999997019767761,4.2668668243095453e-07
1.0,0.0,1.0,9.859351113306047e-10
1.0,0.0,0.9999997019767761,3.9147246866377827e-07
1.0,0.0,1.0,1.8603860674204498e-09
1.0,0.0,1.0,1.4745054066622743e-08
1.0,0.0,1.0,3.3381837738488684e-08
1.0,0.0,1.0,1.62391842195575e-08
1.0,0.0,1.0,3.125356862199169e-09
1.0,0.0,1.0,4.220600402504715e-08
1.0,0.0,0.9999999403953552,4.426460264994603e-08
1.0,0.0,0.9999999403953552,7.214981678771437e-08
1.0,0.0,1.0,2.394394904570163e-08
1.0,0.0,1.0,1.8194866058252046e-08
1.0,0.0,0.9999999403953552,1.0346501966296273e-07
1.0,0.0,0.9999999403953552,5.851124029732091e-08
1.0,0.0,0.9999998807907104,1.5947470899391192e-07
1.0,0.0,0.9999999403953552,5.284779547309881e-08
1.0,0.0,1.0,1.7032904864322518e-08
1.0,0.0,1.0,5.1959418989611095e-09
1.0,0.0,0.9999995231628418,6.694387479910802e-07
1.0,0.0,1.0,1.7475118241350174e-08
1.0,0.0,1.0,2.8243880123568488e-08
1.0,0.0,1.0,4.571069961729792e-18
1.0,0.0,0.9999999403953552,7.65195693475107e-08
1.0,0.0,1.0,1.5340679837549942e-08
1.0,0.0,0.9999999403953552,5.424363536121746e-08
1.0,0.0,1.0,1.7829234977284614e-08
1.0,0.0,0.9999999403953552,6.389340256873766e-08
1.0,0.0,1.0,1.720438724817086e-08
1.0,0.0,0.9999999403953552,6.366433780158332e-08
1.0,0.0,1.0,1.4524291103157339e-08
1.0,0.0,1.0,1.4924470548294266e-08
1.0,0.0,1.0,7.973814386552647e-10
1.0,0.0,1.0,1.8089464148829393e-08
1.0,0.0,0.9999999403953552,8.017729413722918e-08
1.0,0.0,1.0,9.729152594672996e-09
1.0,0.0,1.0,2.308670055128914e-08
1.0,0.0,1.0,2.088970241231891e-08
1.0,0.0,1.0,3.8796656554040965e-08
1.0,0.0,0.9999999403953552,4.7419376869584084e-08
1.0,0.0,0.9999999403953552,5.738719011105786e-08
1.0,0.0,0.9999999403953552,1.0192371746597928e-07
1.0,0.0,1.0,9.527505173689832e-11
1.0,0.0,1.0,5.708683747940313e-09
1.0,0.0,1.0,2.8779495453434834e-10
1.0,0.0,1.0,2.957794364988331e-08
1.0,0.0,1.0,2.220306960509788e-08
1.0,0.0,1.0,1.6399790414567406e-09
1.0,0.0,1.0,1.1963180668317364e-08
1.0,0.0,1.0,1.6329973817619248e-08
1.0,0.0,1.0,2.92671593626892e-08
1.0,0.0,1.0,1.50000118992466e-08
1.0,0.0,1.0,4.6437911510791304e-21
1.0,0.0,1.0,4.274880005539217e-09
1.0,0.0,1.0,1.2558581730104379e-08
1.0,0.0,0.9999999403953552,4.7158078331221986e-08
1.0,0.0,1.0,3.119664881978679e-08
1.0,0.0,1.0,2.139777777188101e-08
1.0,0.0,1.0,3.922651359289375e-08
1.0,0.0,0.9999999403953552,1.2261270398994384e-07
1.0,0.0,1.0,1.3043176316784866e-08
1.0,0.0,1.0,9.303012582506653e-09
1.0,0.0,1.0,3.495763678529329e-09
1.0,0.0,1.0,3.932552505858666e-09
1.0,0.0,1.0,1.191897247565521e-08
1.0,0.0,0.9999997019767761,4.0135452650247316e-07
1.0,0.0,0.9999998807907104,1.4310904816738912e-07
1.0,0.0,1.0,1.7550339848071417e-08
1.0,0.0,0.9999998211860657,2.8478385161179176e-07
1.0,0.0,1.0,1.8934757761712717e-08
1.0,0.0,1.0,4.425294332366381e-12
1.0,0.0,1.0,2.2601334137561935e-08
1.0,0.0,1.0,1.8260957190818772e-08
1.0,0.0,1.0,2.755888628414027e-09
1.0,0.0,1.0,1.936412452607783e-08
1.0,0.0,0.9999995827674866,5.486633654072648e-07
1.0,0.0,1.0,2.110927077580982e-08
1.0,0.0,1.0,1.2171742780342498e-10
1.0,0.0,1.0,4.940619517832757e-18
1.0,0.0,1.0,1.8466232987179865e-09
1.0,0.0,1.0,3.106435642052929e-08
1.0,0.0,0.9999999403953552,9.591480676363062e-08
1.0,0.0,1.0,2.0153971824754535e-09
1.0,0.0,1.0,3.660965308682762e-09
1.0,0.0,0.9999999403953552,5.145263060057914e-08
1.0,0.0,0.9999999403953552,7.078144648176021e-08
1.0,0.0,1.0,1.9601765544052796e-08
1.0,0.0,0.9999999403953552,5.018476656459825e-08
1.0,0.0,1.0,1.0921788806683708e-08
1.0,0.0,1.0,8.914289750805438e-09
1.0,0.0,0.9999999403953552,1.2184162301309698e-07
1.0,0.0,1.0,1.4643756207632919e-09
1.0,0.0,1.0,7.344201247150295e-09
1.0,0.0,1.0,2.8498158499701276e-08
1.0,0.0,1.0,3.289622085844712e-08
1.0,0.0,1.0,2.9424779057762862e-08
1.0,0.0,1.0,9.702175660852981e-23
1.0,0.0,0.9999999403953552,5.0908116833170425e-08
1.0,0.0,0.9999999403953552,7.646485755685717e-08
1.0,0.0,1.0,1.2880252420188754e-09
1.0,0.0,1.0,1.372663671617147e-08
1.0,0.0,0.9999999403953552,7.509954258466678e-08
1.0,0.0,1.0,3.9426335973757887e-08
1.0,0.0,0.9999999403953552,4.9771628596317896e-08
1.0,0.0,1.0,3.9994539235976845e-08
1.0,0.0,0.9999999403953552,4.6494221805915004e-08
1.0,0.0,0.9999999403953552,1.1926948673135485e-07
1.0,0.0,0.9999999403953552,8.141660856608723e-08
1.0,0.0,0.9999999403953552,5.0953872232639696e-08
1.0,0.0,1.0,2.8484191005873072e-08
1.0,0.0,1.0,1.1731881244259057e-08
1.0,0.0,1.0,2.0636093722714577e-08
1.0,0.0,0.9999999403953552,1.085899867803164e-07
1.0,0.0,1.0,2.311731848767093e-16
1.0,0.0,1.0,3.022933370289138e-08
1.0,0.0,1.0,1.0677029926853265e-08
1.0,0.0,0.9999999403953552,5.284708848307673e-08
1.0,0.0,1.0,5.225180288448428e-09
1.0,0.0,1.0,3.646339408192034e-08
1.0,0.0,1.0,1.948600514885962e-13
1.0,0.0,0.9999967217445374,4.174643436272163e-06
1.0,0.0,1.0,2.286853550970136e-08
1.0,0.0,1.0,4.309797272475221e-17
1.0,0.0,0.9999996423721313,5.07594393184263e-07
1.0,0.0,1.0,5.491684440528388e-09
1.0,0.0,1.0,9.312919324599989e-09
1.0,0.0,1.0,1.1749980693214162e-15
1.0,0.0,1.0,1.6665939739368696e-08
1.0,0.0,1.0,1.1640850061667152e-08
1.0,0.0,1.0,6.556757359277299e-09
1.0,0.0,1.0,6.7570637973801695e-09
1.0,0.0,1.0,2.4430594436353203e-08
1.0,0.0,1.0,4.634589600982508e-09
1.0,0.0,1.0,5.575421457848506e-09
1.0,0.0,1.0,9.544449675047417e-09
1.0,0.0,1.0,2.907475860070008e-08
1.0,0.0,1.0,1.3963367129221638e-09
1.0,0.0,1.0,4.324729374616254e-08
1.0,0.0,1.0,6.384099471290483e-09
1.0,0.0,1.0,1.0075873468906593e-08
1.0,0.0,1.0,7.962176695741618e-09
1.0,0.0,1.0,2.819289912636691e-09
1.0,0.0,1.0,1.3164796364151243e-08
1.0,0.0,0.9999999403953552,1.2266077931144537e-07
1.0,0.0,1.0,1.1291719559380908e-08
1.0,0.0,0.9999999403953552,8.588800426423404e-08
1.0,0.0,1.0,3.82325602288347e-08
1.0,0.0,0.9999999403953552,9.774352349722903e-08
1.0,0.0,1.0,2.261636877776141e-09
1.0,0.0,1.0,1.843087815700528e-08
1.0,0.0,1.0,3.758606315074076e-09
1.0,0.0,0.9999999403953552,5.118277357496481e-08
1.0,0.0,1.0,1.553190465131138e-08
1.0,0.0,1.0,4.294190780740337e-09
1.0,0.0,0.999999463558197,7.291304768841655e-07
1.0,0.0,1.0,2.1969189134551925e-08
1.0,0.0,1.0,8.284771979560901e-09
1.0,0.0,0.9999998807907104,1.418985675627482e-07
1.0,0.0,1.0,1.9041417331777666e-08
1.0,0.0,1.0,1.1073889361057354e-08
1.0,0.0,1.0,9.101490228147213e-09
1.0,0.0,0.9999999403953552,6.666356000550877e-08
1.0,0.0,1.0,1.934267856995575e-08
1.0,0.0,0.9999999403953552,9.875206075093956e-08
1.0,0.0,1.0,4.7289292481877965e-09
1.0,0.0,0.9999998807907104,1.4744300358415785e-07
1.0,0.0,1.0,3.485299160388422e-08
1.0,0.0,0.9999997615814209,3.1660505328545696e-07
1.0,0.0,0.9999999403953552,4.5888700839213925e-08
1.0,0.0,1.0,1.5269771225234763e-08
1.0,0.0,1.0,7.543544455757001e-09
1.0,0.0,1.0,6.636045934982349e-09
1.0,0.0,1.0,1.9823824359832543e-08
1.0,0.0,0.9999999403953552,5.8499971089531755e-08
1.0,0.0,1.0,3.788001023963261e-08
1.0,0.0,0.9999999403953552,6.146714071064707e-08
1.0,0.0,0.9999999403953552,8.788185823505046e-08
1.0,0.0,1.0,9.106942755465752e-09
1.0,0.0,1.0,1.2556952810882649e-08
1.0,0.0,0.9999998807907104,1.482878246861219e-07
1.0,0.0,1.0,2.980480928727047e-08
1.0,0.0,0.9999998807907104,1.540960283819004e-07
1.0,0.0,1.0,3.890410482654261e-08
1.0,0.0,0.9999998211860657,2.787929247460852e-07
1.0,0.0,0.9999999403953552,9.836462311341165e-08
1.0,0.0,1.0,2.1765899305137282e-08
1.0,0.0,1.0,8.341234369879658e-09
1.0,0.0,1.0,9.37851751814378e-09
1.0,0.0,0.9999999403953552,7.875335228391123e-08
1.0,0.0,0.9999998211860657,2.3355147504844354e-07
1.0,0.0,1.0,5.1527937472428675e-09
1.0,0.0,1.0,7.136800483920069e-09
1.0,0.0,0.9999998807907104,1.305384671468346e-07
1.0,0.0,0.9999999403953552,7.4462683130605e-08
1.0,0.0,0.9999999403953552,6.02891816470219e-08
1.0,0.0,0.9999999403953552,4.596867952955108e-08
1.0,0.0,1.0,5.125088201052286e-11
1.0,0.0,0.999999463558197,7.080885779942037e-07
1.0,0.0,1.0,2.0086481811176782e-08
1.0,0.0,1.0,6.715204836638122e-09
1.0,0.0,1.0,2.9482176699957563e-09
1.0,0.0,0.9999999403953552,8.031459231006011e-08
1.0,0.0,1.0,1.819117967372108e-09
1.0,0.0,0.9999998807907104,1.697217157925479e-07
1.0,0.0,1.0,2.6153273324780457e-08
1.0,0.0,0.9999998807907104,1.4697326378154685e-07
1.0,0.0,0.9999999403953552,1.252045080946118e-07
1.0,0.0,1.0,2.9039315396772736e-10
1.0,0.0,1.0,1.203708688279903e-08
1.0,0.0,1.0,3.4421198336076486e-08
1.0,0.0,1.0,5.187000606809988e-09
1.0,0.0,1.0,5.392742696841424e-09
1.0,0.0,0.9999998807907104,2.01979929670415e-07
1.0,0.0,1.0,1.4723835484176107e-08
1.0,0.0,1.0,7.030658721873806e-09
1.0,0.0,1.0,7.296320769789588e-10
1.0,0.0,0.9999999403953552,4.721594848433597e-08
1.0,0.0,1.0,2.3920440739289006e-08
1.0,0.0,0.0,1.0
1.0,0.0,0.9999999403953552,5.2604420375246264e-08
1.0,0.0,0.9999999403953552,8.689627861713234e-08
1.0,0.0,0.9999999403953552,4.4647695318644764e-08
1.0,0.0,1.0,9.137216316901231e-09
1.0,0.0,0.9999999403953552,5.4964228723974884e-08
1.0,0.0,1.0,5.96648952466694e-09
1.0,0.0,0.9999999403953552,5.14101543558354e-08
1.0,0.0,0.0,1.0
1.0,0.0,1.0,9.252473454068877e-09
1.0,0.0,1.0,1.842905028581754e-08
1.0,0.0,1.0,8.959884501003046e-10
1.0,0.0,0.9999998807907104,1.2942567195750598e-07
1.0,0.0,1.0,5.3400910360323905e-09
1.0,0.0,1.0,4.644846285373205e-09
1.0,0.0,1.0,2.351377226261775e-08
1.0,0.0,0.9999999403953552,1.0427451968553214e-07
1.0,0.0,1.0,3.581355301207623e-08
1.0,0.0,1.0,1.8105921206768016e-09
1.0,0.0,1.0,2.2753428749473237e-18
1.0,0.0,1.0,1.785188996628051e-09
1.0,0.0,1.0,2.0676109713235746e-09
1.0,0.0,1.0,3.8858789963569507e-08
1.0,0.0,0.9999999403953552,7.563833293033895e-08
1.0,0.0,0.9999999403953552,7.814704616748713e-08
1.0,0.0,1.0,1.1614121479017417e-20
1.0,0.0,1.0,3.4119214120664765e-08
1.0,0.0,1.0,1.2617020317406968e-08
1.0,0.0,0.9999999403953552,6.923205830844381e-08
1.0,0.0,1.0,7.772971719402499e-13
1.0,0.0,0.9999999403953552,8.842680188081431e-08
1.0,0.0,1.0,2.1737522004627863e-08
1.0,0.0,1.0,1.1975348712667255e-08
1.0,0.0,0.9999997019767761,3.721376060639159e-07
1.0,0.0,1.0,2.763449225581891e-15
1.0,0.0,1.0,6.666620144812896e-09
1.0,0.0,0.9999998807907104,1.2988638786737283e-07
1.0,0.0,1.0,9.324477263586575e-23
1.0,0.0,0.9999997615814209,3.17529412541262e-07
1.0,0.0,1.0,3.9412125119042685e-08
1.0,0.0,1.0,3.3166625001967986e-08
1.0,0.0,1.0,1.1425956181199126e-08
1.0,0.0,1.0,4.458299063259119e-09
1.0,0.0,0.9999998807907104,1.9962146780017065e-07
1.0,0.0,1.0,1.2188004523658443e-25
1.0,0.0,0.9999999403953552,1.0976989273103754e-07
1.0,0.0,0.9999551773071289,5.257139491732232e-05
1.0,0.0,0.9999999403953552,5.522020529724614e-08
1.0,0.0,0.9999999403953552,1.0575794107126057e-07
1.0,0.0,1.0,2.617183625375219e-08
1.0,0.0,1.0,1.7753459147229478e-08
1.0,0.0,1.0,1.531086368800061e-08
1.0,0.0,1.0,3.2435298891186903e-08
1.0,0.0,1.0,4.339991832580381e-08
1.0,0.0,1.0,1.6607646813326937e-08
1.0,0.0,0.9999992251396179,1.050993205353734e-06
1.0,0.0,0.9999998211860657,2.624868216116738e-07
1.0,0.0,1.0,1.555933160091172e-08
1.0,0.0,1.0,9.877633821986365e-09
1.0,0.0,1.0,2.8589173250992417e-09
1.0,0.0,1.0,1.1525825849290072e-09
1.0,0.0,1.0,2.4988921154545096e-08
1.0,0.0,1.0,5.578824078047995e-13
1.0,0.0,1.0,2.3751407951522197e-08
1.0,0.0,1.0,1.3602421411462728e-08
1.0,0.0,1.0,1.5379878703924987e-08
1.0,0.0,1.0,8.627264236338306e-09
1.0,0.0,0.9999997615814209,3.2894945434236433e-07
1.0,0.0,0.9999999403953552,6.484265924200372e-08
1.0,0.0,0.9999999403953552,5.599434160785677e-08
1.0,0.0,1.0,7.742964491797011e-09
1.0,0.0,0.9999998211860657,2.2531888532739686e-07
1.0,0.0,0.9999999403953552,5.1285574897974584e-08
1.0,0.0,1.0,8.856546052093961e-10
1.0,0.0,0.9999998807907104,1.522123085351268e-07
1.0,0.0,0.9999998807907104,2.0541359901926626e-07
1.0,0.0,1.0,3.2678219241688566e-08
1.0,0.0,1.0,1.9403204376544636e-08
1.0,0.0,0.011834452860057354,0.9889175295829773
1.0,0.0,0.9999999403953552,5.041915684955711e-08
1.0,0.0,0.9999997615814209,2.9539981483139854e-07
1.0,0.0,0.9999999403953552,6.352751569238535e-08
1.0,0.0,0.9999999403953552,9.747989082597996e-08
1.0,0.0,1.0,2.6390944540821692e-08
1.0,0.0,1.0,5.542552639070664e-09
1.0,0.0,0.9999998807907104,1.394595585679781e-07
1.0,0.0,0.9999998211860657,2.4693702016520547e-07
1.0,0.0,1.0,9.997252803373158e-09
1.0,0.0,1.0,1.425868628192165e-17
1.0,0.0,0.9999999403953552,5.258275592723294e-08
1.0,0.0,0.9999998807907104,1.6031430050134077e-07
1.0,0.0,1.0,1.0821015195006112e-08
1.0,0.0,0.9999999403953552,1.0682430939823462e-07
1.0,0.0,0.9999999403953552,7.157510140132217e-08
1.0,0.0,0.9999999403953552,9.90589867910785e-08
1.0,0.0,0.9999999403953552,6.046653311386763e-08
1.0,0.0,1.0,3.767664846776597e-09
1.0,0.0,1.0,1.9493306524509535e-08
1.0,0.0,1.0,2.494910135149124e-16
1.0,0.0,1.0,7.468028503914293e-16
1.0,0.0,0.9999999403953552,8.288522224120243e-08
1.0,0.0,0.9999999403953552,6.160469467886287e-08
1.0,0.0,1.0,1.6560610660576458e-08
1.0,0.0,1.0,3.426536210326958e-08
1.0,0.0,1.0,3.005077786610855e-08
1.0,0.0,1.0,8.555343100624668e-09
1.0,0.0,1.0,5.636657807173151e-09
1.0,0.0,0.9999999403953552,1.227799089065229e-07
1.0,0.0,1.0,1.408282379600223e-08
1.0,0.0,0.9999999403953552,4.838600631273948e-08
1.0,0.0,0.9999999403953552,7.327246009936061e-08
1.0,0.0,1.0,1.2883500488669597e-08
1.0,0.0,1.0,5.716048967485676e-09
1.0,0.0,1.0,2.9853379768240984e-09
1.0,0.0,0.0,1.0
1.0,0.0,0.9999999403953552,5.087889931587597e-08
1.0,0.0,0.9999998807907104,1.529401458810753e-07
1.0,0.0,1.0,1.640383295864467e-08
1.0,0.0,1.0,5.578676631756707e-09
1.0,0.0,1.0,2.4140593580260434e-15
1.0,0.0,1.0,6.146031239495642e-09
1.0,0.0,0.9999999403953552,1.0307855546898281e-07
1.0,0.0,0.9999999403953552,6.716219047575578e-08
1.0,0.0,1.0,3.180381824563483e-08
1.0,0.0,0.0,1.0
1.0,0.0,1.0,3.9076041957741836e-08
1.0,0.0,1.0,1.559638285186793e-08
1.0,0.0,1.0,5.147758608270436e-11
1.0,0.0,1.0,1.517017089724959e-08
1.0,0.0,1.0,2.960456768619224e-09
1.0,0.0,0.0,1.0
1.0,0.0,1.0,2.28736274365815e-09
1.0,0.0,1.0,1.0557207552608361e-08
1.0,0.0,0.9999999403953552,1.0194763433446496e-07
1.0,0.0,0.9999999403953552,5.325019714064183e-08
1.0,0.0,1.0,2.6984395162799046e-08
1.0,0.0,1.0,2.001240950733063e-08
1.0,0.0,0.9999999403953552,5.908566436119145e-08
1.0,0.0,0.9999999403953552,5.519187951108506e-08
1.0,0.0,1.0,9.802934464175905e-09
1.0,0.0,1.0,2.835117918209562e-08
1.0,0.0,1.0,1.4455391550427521e-08
1.0,0.0,1.0,1.8389547662422956e-08
1.0,0.0,1.0,1.5885106563473528e-08
1.0,0.0,0.9999999403953552,1.0691339014101686e-07
1.0,0.0,1.0,3.5077274418426896e-08
1.0,0.0,1.0,1.0929062099762632e-08
1.0,0.0,1.0,5.3508575348359955e-09
1.0,0.0,1.0,1.264120030874949e-09
1.0,0.0,1.0,3.463642173073822e-08
1.0,0.0,1.0,1.4484784927049077e-08
1.0,0.0,1.0,2.5093855882118987e-08
1.0,0.0,1.0,3.761855271733339e-09
1.0,0.0,1.0,1.4537095083255736e-08
1.0,0.0,0.9999999403953552,1.0531488925380472e-07
1.0,0.0,0.9999999403953552,6.349711156872218e-08
1.0,0.0,1.0,2.525764753597004e-12
1.0,0.0,1.0,3.733064524169549e-09
1.0,0.0,0.9999999403953552,9.941028622506565e-08
1.0,0.0,1.0,3.872051479447691e-08
1.0,0.0,0.9999999403953552,1.2496474255385692e-07
1.0,0.0,0.9999998807907104,1.8341685859013523e-07
1.0,0.0,1.0,2.5058741748296143e-09
1.0,0.0,1.0,1.8433304660447902e-08
1.0,0.0,1.0,1.0190814414556826e-08
1.0,0.0,1.0,2.5409798709574716e-09
1.0,0.0,0.9999999403953552,7.622575282084654e-08
1.0,0.0,0.9999998807907104,1.549109924781078e-07
1.0,0.0,1.0,2.9774509524571613e-09
1.0,0.0,1.0,1.6560136373300338e-08
1.0,0.0,1.0,7.983375738263021e-09
1.0,0.0,0.9999997615814209,3.476944527847081e-07
1.0,0.0,0.9999998211860657,2.5949185555873555e-07
1.0,0.0,1.0,1.1269364996735476e-08
1.0,0.0,0.9999229311943054,9.018729178933427e-05
1.0,0.0,1.0,2.6227855443039516e-08
1.0,0.0,0.22814686596393585,0.779017448425293
1.0,0.0,0.9999998807907104,1.8893257447416545e-07
1.0,0.0,1.0,2.9144439750439233e-08
0.0,1.0,1.8545451371984822e-19,1.0
0.0,1.0,1.856569532500735e-19,1.0
0.0,1.0,0.0,1.0
0.0,1.0,1.8572566093970369e-19,1.0
0.0,1.0,1.8551819370231773e-19,1.0
0.0,1.0,1.8545097235285073e-19,1.0
0.0,1.0,0.0,1.0
0.0,1.0,0.0,1.0
0.0,1.0,1.8546017473716538e-19,1.0
0.0,1.0,1.8536892637584312e-19,1.0
0.0,1.0,1.8548068623141728e-19,1.0
0.0,1.0,1.8530953739280123e-19,1.0
0.0,1.0,1.853986273297126e-19,1.0
0.0,1.0,0.0,1.0
0.0,1.0,1.998780491362383e-19,1.0
0.0,1.0,1.8561304805412284e-19,1.0
0.0,1.0,1.855380072629278e-19,1.0
0.0,1.0,1.8836350113904408e-19,1.0
0.0,1.0,0.0,1.0
0.0,1.0,1.8526077251075182e-19,1.0
0.0,1.0,1.8551536319365915e-19,1.0
0.0,1.0,1.8556278390721317e-19,1.0
0.0,1.0,1.8545026149451181e-19,1.0
0.0,1.0,1.8692045871105118e-19,1.0
0.0,1.0,1.8548917775739302e-19,1.0
0.0,1.0,1.8589294529389547e-19,1.0
0.0,1.0,1.868349101411373e-19,1.0
0.0,1.0,1.8553942897960562e-19,1.0
0.0,1.0,1.8523391499023798e-19,1.0
0.0,1.0,1.8542691949160133e-19,1.0
0.0,1.0,1.852473437504949e-19,1.0
0.0,1.0,1.8675225670336735e-19,1.0
0.0,1.0,1.8543753066789674e-19,1.0
0.0,1.0,1.8543046085859883e-19,1.0
0.0,1.0,1.855061608093445e-19,1.0
0.0,1.0,0.0,1.0
0.0,1.0,1.8553163538727172e-19,1.0
0.0,1.0,1.859546477977131e-19,1.0
0.0,1.0,1.8520707039442122e-19,1.0
0.0,1.0,0.0,1.0
0.0,1.0,1.8538589650309753e-19,1.0
0.0,1.0,1.8535690640756696e-19,1.0
0.0,1.0,0.0,1.0
0.0,1.0,1.856010151611496e-19,1.0
0.0,1.0,1.8549909100004658e-19,1.0
0.0,1.0,1.8534205593063222e-19,1.0
0.0,1.0,1.8535619554922805e-19,1.0
0.0,1.0,1.857348762487154e-19,1.0
0.0,1.0,1.8611431950532997e-19,1.0
0.0,1.0,1.8583550794011132e-19,1.0
0.0,1.0,1.8910001500164305e-19,1.0
0.0,1.0,1.854679554048022e-19,1.0
0.0,1.0,1.857178673473698e-19,1.0
0.0,1.0,1.8551253268500057e-19,1.0
0.0,1.0,1.853279163120364e-19,1.0
0.0,1.0,1.8540994936434693e-19,1.0
0.0,1.0,1.8565766410841241e-19,1.0
0.0,1.0,1.8512231023102868e-19,1.0
0.0,1.0,1.863771949190599e-19,1.0
0.0,1.0,0.0,1.0
0.0,1.0,1.8522684518094007e-19,1.0
0.0,1.0,1.8506016828751063e-19,1.0
0.0,1.0,1.8555146187257885e-19,1.0
0.0,1.0,1.8535619554922805e-19,1.0
0.0,1.0,0.0,1.0
0.0,1.0,1.853823680607971e-19,1.0
0.0,1.0,1.8550899131800308e-19,1.0
0.0,1.0,1.8548988861573193e-19,1.0
0.0,1.0,1.852537027014539e-19,1.0
0.0,1.0,1.8601778494290562e-19,1.0
0.0,1.0,1.8581992075544352e-19,1.0
0.0,1.0,1.8601920665958344e-19,1.0
0.0,1.0,1.853979164713737e-19,1.0
0.0,1.0,1.8784900772273317e-19,1.0
0.0,1.0,1.8597166962375579e-19,1.0
0.0,1.0,1.8537246774284062e-19,1.0
0.0,1.0,1.852219079466589e-19,1.0
0.0,1.0,1.8545592251182897e-19,1.0
0.0,1.0,1.8512936711562952e-19,1.0
0.0,1.0,1.8557623851686423e-19,1.0
0.0,1.0,1.8563712676476637e-19,1.0
0.0,1.0,1.855104130346809e-19,1.0
0.0,1.0,1.8583692965678914e-19,1.0
0.0,1.0,1.8523886514921623e-19,1.0
0.0,1.0,1.8524239359151665e-19,1.0
0.0,1.0,1.8552951573695205e-19,1.0
0.0,1.0,1.8535266710692763e-19,1.0
0.0,1.0,1.864419088772951e-19,1.0
0.0,1.0,1.8522048622998107e-19,1.0
0.0,1.0,6.33359395581242e-29,1.0
0.0,1.0,1.8601778494290562e-19,1.0
0.0,1.0,1.8530458723382298e-19,1.0
0.0,1.0,1.8548493845675369e-19,1.0
0.0,1.0,1.8538094634411928e-19,1.0
0.0,1.0,1.853781158354607e-19,1.0
0.0,1.0,1.8556561441587175e-19,1.0
0.0,1.0,1.853915575204147e-19,1.0
0.0,1.0,1.8591066505358e-19,1.0
0.0,1.0,1.8570087137072124e-19,1.0
0.0,1.0,1.8569024726972876e-19,1.0
0.0,1.0,1.852890388232464e-19,1.0
0.0,1.0,1.855245655779738e-19,1.0
0.0,1.0,1.8539014872843394e-19,1.0
0.0,1.0,1.8567040785972456e-19,1.0
0.0,1.0,1.8567962316873628e-19,1.0
0.0,1.0,1.8535973691622554e-19,1.0
0.0,1.0,1.8528196901394849e-19,1.0
0.0,1.0,1.8588656049354232e-19,1.0
0.0,1.0,1.8526218130273257e-19,1.0
0.0,1.0,1.852890388232464e-19,1.0
0.0,1.0,1.8556561441587175e-19,1.0
0.0,1.0,0.0,1.0
0.0,1.0,1.8559534121913537e-19,1.0
0.0,1.0,1.8571999992238653e-19,1.0
0.0,1.0,1.8531095910947906e-19,1.0
0.0,1.0,1.8527561006298948e-19,1.0
0.0,1.0,1.863153502435745e-19,1.0
0.0,1.0,1.8555570117321818e-19,1.0
0.0,1.0,1.8551819370231773e-19,1.0
0.0,1.0,1.861100543552965e-19,1.0
0.0,1.0,1.857851791697163e-19,1.0
0.0,1.0,1.856682882094049e-19,1.0
0.0,1.0,1.8539650767939294e-19,1.0
0.0,1.0,1.8549978893368843e-19,1.0
0.0,1.0,1.853922683787536e-19,1.0
0.0,1.0,1.8524946340081457e-19,1.0
0.0,1.0,1.855712754331889e-19,1.0
0.0,1.0,1.8524027394119699e-19,1.0
0.0,1.0,1.8540640799734943e-19,1.0
0.0,1.0,1.8536256742488412e-19,1.0
0.0,1.0,1.8531802891877697e-19,1.0
0.0,1.0,1.8547432728045828e-19,1.0
0.0,1.0,1.8532721837839455e-19,1.0
0.0,1.0,1.8511807093038935e-19,1.0
0.0,1.0,1.8571715648903088e-19,1.0
0.0,1.0,1.853823680607971e-19,1.0
0.0,1.0,1.8530882653446232e-19,1.0
0.0,1.0,1.8562438301345423e-19,1.0
0.0,1.0,1.852833907306263e-19,1.0
0.0,1.0,1.8522119708831998e-19,1.0
0.0,1.0,1.948386580494121e-19,1.0
0.0,1.0,1.8531731806043806e-19,1.0
0.0,1.0,1.8548493845675369e-19,1.0
0.0,1.0,1.8556490355753284e-19,1.0
0.0,1.0,1.8548422759841477e-19,1.0
0.0,1.0,1.8541773003198375e-19,1.0
0.0,1.0,5.954668618372925e-16,1.0
0.0,1.0,1.8539579682105403e-19,1.0
0.0,1.0,1.8335081640547478e-16,1.0
0.0,1.0,1.980375722733078e-19,1.0
0.0,1.0,1.8544602219387248e-19,1.0
0.0,1.0,1.8538094634411928e-19,1.0
0.0,1.0,1.8520776832806307e-19,1.0
0.0,1.0,1.8555146187257885e-19,1.0
0.0,1.0,1.856010151611496e-19,1.0
0.0,1.0,1.8652940907646674e-19,1.0
0.0,1.0,0.0,1.0
0.0,1.0,1.857738442103849e-19,1.0
0.0,1.0,0.0,1.0
0.0,1.0,1.8608308051250902e-19,1.0
0.0,1.0,1.8566686649272707e-19,1.0
0.0,1.0,1.8610793470497683e-19,1.0
0.0,1.0,0.0,1.0
0.0,1.0,1.9186553828334925e-19,1.0
0.0,1.0,1.8609799561292912e-19,1.0
0.0,1.0,1.8535266710692763e-19,1.0
0.0,1.0,2.25217717400388e-15,1.0
0.0,1.0,1.8522967568959865e-19,1.0
0.0,1.0,0.0,1.0
0.0,1.0,1.8598869144979848e-19,1.0
0.0,1.0,1.8595322608103527e-19,1.0
0.0,1.0,1.8550475201736374e-19,1.0
0.0,1.0,1.8534700608961047e-19,1.0
0.0,1.0,1.858347970817724e-19,1.0
0.0,1.0,1.0,5.828294796653491e-14
0.0,1.0,1.8962227616089372e-19,1.0
0.0,1.0,1.873959453916014e-19,1.0
0.0,1.0,0.0,1.0
0.0,1.0,0.0,1.0
0.0,1.0,1.851936416341643e-19,1.0
0.0,1.0,0.0,1.0
0.0,1.0,0.0,1.0
0.0,1.0,0.0,1.0
0.0,1.0,0.0,1.0
0.0,1.0,1.8554437913858386e-19,1.0
0.0,1.0,1.8565199016639818e-19,1.0
0.0,1.0,1.855238547196349e-19,1.0
0.0,1.0,2.0068408494438293e-19,1.0
0.0,1.0,1.859099541952411e-19,1.0
0.0,1.0,1.0173801832837881e-23,1.0
0.0,1.0,1.8566615563438815e-19,1.0
0.0,1.0,0.0,1.0
0.0,1.0,0.0,1.0
0.0,1.0,1.8592201293760846e-19,1.0
0.0,1.0,0.0,1.0
0.0,1.0,1.8571999992238653e-19,1.0
0.0,1.0,1.852890388232464e-19,1.0
0.0,1.0,1.8533357732935355e-19,1.0
0.0,1.0,0.0,1.0
0.0,1.0,0.0,1.0
0.0,1.0,0.0,1.0
0.0,1.0,1.8547502521410012e-19,1.0
0.0,1.0,1.8545875302048755e-19,1.0
0.0,1.0,1.8799810702814585e-19,1.0
0.0,1.0,1.8540428834702977e-19,1.0
0.0,1.0,1.8477588957543089e-19,1.0
0.0,1.0,0.0,1.0
0.0,1.0,1.846835813889488e-19,1.0
0.0,1.0,1.8473571961693378e-19,1.0
0.0,1.0,0.0,1.0
0.0,1.0,1.848111352243439e-19,1.0
0.0,1.0,1.8460750662198806e-19,1.0
0.0,1.0,1.8472444928108775e-19,1.0
0.0,1.0,1.8465892106693706e-19,1.0
0.0,1.0,1.846011735204232e-19,1.0
0.0,1.0,1.8487671513728286e-19,1.0
0.0,1.0,1.8473712840891454e-19,1.0
0.0,1.0,1.8455681596007505e-19,1.0
0.0,1.0,1.8662833470784925e-19,1.0
0.0,1.0,1.8470893964460238e-19,1.0
0.0,1.0,0.0,1.0
0.0,1.0,1.8489717493274647e-19,1.0
0.0,1.0,1.8469273207447517e-19,1.0
0.0,1.0,1.8485978378411966e-19,1.0
0.0,1.0,1.8471669446284506e-19,1.0
0.0,1.0,1.84822418484887e-19,1.0
0.0,1.0,1.8452442666921477e-19,1.0
0.0,1.0,1.847794180177313e-19,1.0
0.0,1.0,1.8457370853914703e-19,1.0
0.0,1.0,1.8471669446284506e-19,1.0
0.0,1.0,1.8486331222642009e-19,1.0
0.0,1.0,1.846680846771605e-19,1.0
0.0,1.0,1.8474770081111873e-19,1.0
0.0,1.0,1.8462511005939896e-19,1.0
0.0,1.0,1.8501428561290808e-19,1.0
0.0,1.0,1.8475968200530368e-19,1.0
0.0,1.0,1.8659487266713207e-19,1.0
0.0,1.0,1.8513360641626886e-19,1.0
0.0,1.0,1.8496983757968043e-19,1.0
0.0,1.0,1.8503969556734995e-19,1.0
0.0,1.0,1.8536397621686488e-19,1.0
0.0,1.0,1.8746887945717384e-19,1.0
0.0,1.0,1.8482100969290624e-19,1.0
0.0,1.0,1.8657922085897891e-19,1.0
0.0,1.0,1.8504817416862862e-19,1.0
0.0,1.0,1.8460680868834622e-19,1.0
0.0,1.0,1.8477519164178905e-19,1.0
0.0,1.0,1.8523745635723548e-19,1.0
0.0,1.0,1.8462582091773787e-19,1.0
0.0,1.0,1.853880161534172e-19,1.0
0.0,1.0,0.0,1.0
0.0,1.0,1.8461524851553367e-19,1.0
0.0,1.0,0.0,1.0
0.0,1.0,1.846554055493337e-19,1.0
0.0,1.0,1.847441723688183e-19,1.0
0.0,1.0,1.846863989729103e-19,1.0
0.0,1.0,1.8489787286638832e-19,1.0
0.0,1.0,1.8482664486082926e-19,1.0
0.0,1.0,1.8499029737514405e-19,1.0
0.0,1.0,1.8587663432619169e-19,1.0
0.0,1.0,1.8490845819328958e-19,1.0
0.0,1.0,1.8458426801665415e-19,1.0
0.0,1.0,1.8472022290514548e-19,1.0
0.0,1.0,1.848203117592644e-19,1.0
0.0,1.0,1.8464060677118725e-19,1.0
0.0,1.0,1.8476954354916896e-19,1.0
0.0,1.0,1.8475897114696476e-19,1.0
0.0,1.0,1.84787172835974e-19,1.0
0.0,1.0,1.8464624193911027e-19,1.0
0.0,1.0,1.8457581526476962e-19,1.0
0.0,1.0,1.8461806609949518e-19,1.0
0.0,1.0,1.8495572381047874e-19,1.0
0.0,1.0,1.847279647986911e-19,1.0
0.0,1.0,1.8495219536817832e-19,1.0
0.0,1.0,1.8477800922575055e-19,1.0
0.0,1.0,1.8479351886223592e-19,1.0
0.0,1.0,1.8470542412699903e-19,1.0
0.0,1.0,1.846885056985329e-19,1.0
0.0,1.0,1.8455328751777462e-19,1.0
0.0,1.0,1.84590601118219e-19,1.0
0.0,1.0,1.8459905387010354e-19,1.0
0.0,1.0,1.848421674220117e-19,1.0
0.0,1.0,1.8463286487764164e-19,1.0
0.0,1.0,1.8455328751777462e-19,1.0
0.0,1.0,1.8451668477566915e-19,1.0
0.0,1.0,1.8491056491891218e-19,1.0
0.0,1.0,1.8470753085262162e-19,1.0
0.0,1.0,1.8469062534885257e-19,1.0
0.0,1.0,1.8476672596520745e-19,1.0
0.0,1.0,1.846525879653722e-19,1.0
0.0,1.0,1.8472092083878732e-19,1.0
0.0,1.0,1.8451386719170764e-19,1.0
0.0,1.0,1.8468499018092955e-19,1.0
0.0,1.0,1.8600501534219933e-19,1.0
0.0,1.0,1.9912082990893135e-19,1.0
0.0,1.0,1.8535337796526654e-19,1.0
0.0,1.0,1.8462582091773787e-19,1.0
0.0,1.0,1.8478294646003173e-19,1.0
0.0,1.0,1.8535973691622554e-19,1.0
0.0,1.0,1.8449276116139047e-19,1.0
0.0,1.0,1.8456455785362066e-19,1.0
0.0,1.0,1.879665578425952e-19,1.0
0.0,1.0,1.8460539989636547e-19,1.0
0.0,1.0,1.8466314744287932e-19,1.0
0.0,1.0,1.8781031117970217e-19,1.0
0.0,1.0,1.8469838016709525e-19,1.0
0.0,1.0,1.8483863897971128e-19,1.0
0.0,1.0,1.8478011595137315e-19,1.0
0.0,1.0,1.845807524990508e-19,1.0
0.0,1.0,1.8468287053060988e-19,1.0
0.0,1.0,1.84864023084759e-19,1.0
0.0,1.0,0.0,1.0
0.0,1.0,1.8469344293281408e-19,1.0
0.0,1.0,0.0,1.0
0.0,1.0,1.846730089867446e-19,1.0
0.0,1.0,1.8469554965843667e-19,1.0
0.0,1.0,1.8455469630975538e-19,1.0
0.0,1.0,1.8458426801665415e-19,1.0
0.0,1.0,1.846032802460458e-19,1.0
0.0,1.0,1.8483158209511043e-19,1.0
0.0,1.0,0.0,1.0
0.0,1.0,1.8454343889860642e-19,1.0
0.0,1.0,1.8472163169712624e-19,1.0
0.0,1.0,0.0,1.0
0.0,1.0,1.8475122925341915e-19,1.0
0.0,1.0,1.8488728753948705e-19,1.0
0.0,1.0,0.0,1.0
0.0,1.0,0.0,1.0
0.0,1.0,1.846546946909948e-19,1.0
0.0,1.0,1.8469485172479483e-19,1.0
0.0,1.0,1.8488518081386446e-19,1.0
0.0,1.0,1.847984560965171e-19,1.0
0.0,1.0,1.8493879245731555e-19,1.0
0.0,1.0,1.8525511149343466e-19,1.0
0.0,1.0,1.8487812392926361e-19,1.0
0.0,1.0,1.8472937359067185e-19,1.0
0.0,1.0,9.036595445845378e-38,1.0
0.0,1.0,1.8499382581744447e-19,1.0
0.0,1.0,1.8519294370052247e-19,1.0
0.0,1.0,1.8471880118846766e-19,1.0
0.0,1.0,1.8455681596007505e-19,1.0
0.0,1.0,1.8552597436995456e-19,1.0
0.0,1.0,1.8475333597904175e-19,1.0
0.0,1.0,1.8491762180351302e-19,1.0
0.0,1.0,1.84757562354984e-19,1.0
0.0,1.0,1.8473359996661411e-19,1.0
0.0,1.0,1.8546653368812438e-19,1.0
0.0,1.0,1.8474065685121496e-19,1.0
0.0,1.0,1.852953977742054e-19,1.0
0.0,1.0,1.8469626051677559e-19,1.0
0.0,1.0,1.850622879378303e-19,1.0
0.0,1.0,1.8524593495851415e-19,1.0
0.0,1.0,1.844610827288691e-19,1.0
0.0,1.0,1.8463990883754541e-19,1.0
0.0,1.0,1.8481254401632464e-19,1.0
0.0,1.0,0.0,1.0
0.0,1.0,1.848365193293916e-19,1.0
0.0,1.0,1.8494583641721932e-19,1.0
0.0,1.0,1.8474841166945764e-19,1.0
0.0,1.0,1.8486331222642009e-19,1.0
0.0,1.0,1.847307823826526e-19,1.0
0.0,1.0,1.84670902261122e-19,1.0
0.0,1.0,1.8455258958413278e-19,1.0
0.0,1.0,1.8469344293281408e-19,1.0
0.0,1.0,1.8496347862872143e-19,1.0
0.0,1.0,1.8515197241080695e-19,1.0
0.0,1.0,1.8491198663559e-19,1.0
0.0,1.0,1.8459694714448094e-19,1.0
0.0,1.0,1.8466737381882159e-19,1.0
0.0,1.0,1.84665267093199e-19,1.0
0.0,1.0,1.8476037993894552e-19,1.0
0.0,1.0,1.8478646197763508e-19,1.0
0.0,1.0,1.8474629201913797e-19,1.0
0.0,1.0,1.8484639379795396e-19,1.0
0.0,1.0,9.814151986746456e-14,1.0
0.0,1.0,1.9188749734367312e-19,1.0
0.0,1.0,0.0,1.0
0.0,1.0,1.849860580745047e-19,1.0
0.0,1.0,0.0,1.0
0.0,1.0,1.8462441212575711e-19,1.0
0.0,1.0,1.8476109079728443e-19,1.0
0.0,1.0,1.8464765073109103e-19,1.0
0.0,1.0,1.902983670646851e-19,1.0
0.0,1.0,1.8466737381882159e-19,1.0
0.0,1.0,1.8478223560169282e-19,1.0
0.0,1.0,1.8496488742070218e-19,1.0
0.0,1.0,1.8461383972355292e-19,1.0
0.0,1.0,1.8472726686504925e-19,1.0
0.0,1.0,1.846701914027831e-19,1.0
0.0,1.0,1.8463074522732197e-19,1.0
0.0,1.0,1.8468499018092955e-19,1.0
0.0,1.0,0.0,1.0
0.0,1.0,1.8464483314712952e-19,1.0
0.0,1.0,1.849148042195515e-19,1.0
0.0,1.0,1.8464554400546843e-19,1.0
0.0,1.0,0.0,1.0
0.0,1.0,1.9479704052484303e-19,1.0
0.0,1.0,1.8489082890648454e-19,1.0
0.0,1.0,1.8456666457924326e-19,1.0
0.0,1.0,1.8479704730453635e-19,1.0
0.0,1.0,1.8477237405782754e-19,1.0
0.0,1.0,1.8476954354916896e-19,1.0
0.0,1.0,1.8461455058189183e-19,1.0
0.0,1.0,1.8664186686568273e-19,1.0
0.0,1.0,1.8457511733112778e-19,1.0
0.0,1.0,1.8460891541396882e-19,1.0
0.0,1.0,1.846032802460458e-19,1.0
0.0,1.0,1.845406213146449e-19,1.0
0.0,1.0,1.849394903909574e-19,1.0
0.0,1.0,1.8483441260376901e-19,1.0
0.0,1.0,1.8455962061933948e-19,1.0
0.0,1.0,0.0,1.0
0.0,1.0,1.8479211007025517e-19,1.0
0.0,1.0,1.8473431082495303e-19,1.0
0.0,1.0,1.846082045556299e-19,1.0
0.0,1.0,9.699277378439827e-14,1.0
0.0,1.0,1.8479986488849785e-19,1.0
0.0,1.0,1.8472867565703e-19,1.0
0.0,1.0,1.8459412956051943e-19,1.0
0.0,1.0,1.848753063453021e-19,1.0
0.0,1.0,1.8483723018773052e-19,1.0
0.0,1.0,0.0,1.0
0.0,1.0,1.8462511005939896e-19,1.0
0.0,1.0,1.8466878261080234e-19,1.0
0.0,1.0,1.8666250760690535e-19,1.0
0.0,1.0,1.8487177790300168e-19,1.0
0.0,1.0,0.0,1.0
0.0,1.0,0.0,1.0
0.0,1.0,1.853710460261628e-19,1.0
0.0,1.0,1.8470612206064087e-19,1.0
0.0,1.0,1.8524451324183632e-19,1.0
0.0,1.0,1.8473994599287604e-19,1.0
0.0,1.0,0.0,1.0
0.0,1.0,1.850001718437064e-19,1.0
0.0,1.0,1.8480409126444012e-19,1.0
0.0,1.0,1.8459623628614203e-19,1.0
0.0,1.0,1.847152856708643e-19,1.0
0.0,1.0,1.8484075863003094e-19,1.0
0.0,1.0,1.8517880408192664e-19,1.0
0.0,1.0,1.847984560965171e-19,1.0
0.0,1.0,0.0,1.0
0.0,1.0,1.8473431082495303e-19,1.0
0.0,1.0,1.8471951204680657e-19,1.0
0.0,1.0,1.8468146173862913e-19,1.0
0.0,1.0,1.8532367701139706e-19,1.0
0.0,1.0,1.8482806657750708e-19,1.0
0.0,1.0,1.8467794622102578e-19,1.0
0.0,1.0,1.8478153766805098e-19,1.0
0.0,1.0,1.848090284987213e-19,1.0
0.0,1.0,1.8486190343443933e-19,1.0
0.0,1.0,1.8486896031904017e-19,1.0
0.0,1.0,1.8486049464245858e-19,1.0
0.0,1.0,1.8505099175259012e-19,1.0
0.0,1.0,1.8457652612310854e-19,1.0
0.0,1.0,1.8462300333377636e-19,1.0
0.0,1.0,1.8481819210894473e-19,1.0
0.0,1.0,1.849804229065817e-19,1.0
0.0,1.0,0.0,1.0
0.0,1.0,0.0,1.0
0.0,1.0,1.8561587856278142e-19,1.0
0.0,1.0,1.8478223560169282e-19,1.0
0.0,1.0,0.0,1.0
0.0,1.0,1.7539495356927036e-16,1.0
0.0,1.0,1.848943444240879e-19,1.0
0.0,1.0,1.8468005294664838e-19,1.0
0.0,1.0,1.849888885831633e-19,1.0
0.0,1.0,1.8462722970971862e-19,1.0
0.0,1.0,1.847279647986911e-19,1.0
0.0,1.0,1.849289179887532e-19,1.0
0.0,1.0,1.846082045556299e-19,1.0
0.0,1.0,1.8484639379795396e-19,1.0
0.0,1.0,1.8472232963076808e-19,1.0
0.0,1.0,1.8470542412699903e-19,1.0
0.0,1.0,1.8498958651680513e-19,1.0
0.0,1.0,1.8471175722856389e-19,1.0
0.0,1.0,1.8464765073109103e-19,1.0
0.0,1.0,1.8482664486082926e-19,1.0
0.0,1.0,1.8485696620015815e-19,1.0
0.0,1.0,1.8497053551332227e-19,1.0
0.0,1.0,1.8475545562936141e-19,1.0
0.0,1.0,1.8470612206064087e-19,1.0
0.0,1.0,1.8486261429277824e-19,1.0
0.0,1.0,1.8506723809680855e-19,1.0
0.0,1.0,1.846525879653722e-19,1.0
0.0,1.0,0.0,1.0
0.0,1.0,1.848865896058452e-19,1.0
0.0,1.0,1.8470471326866011e-19,1.0
0.0,1.0,1.847096505029413e-19,1.0
0.0,1.0,1.846680846771605e-19,1.0
0.0,1.0,1.8466244950923748e-19,1.0
0.0,1.0,0.0,1.0
0.0,1.0,1.8477025440750787e-19,1.0
0.0,1.0,1.8465328589901404e-19,1.0
0.0,1.0,1.847737828498083e-19,1.0
0.0,1.0,1.8535690640756696e-19,1.0
0.0,1.0,1.865080574769052e-19,1.0
0.0,1.0,1.8621303834155935e-19,1.0
0.0,1.0,1.84822418484887e-19,1.0
0.0,1.0,1.8479562558785852e-19,1.0
0.0,1.0,1.8464483314712952e-19,1.0
0.0,1.0,1.847279647986911e-19,1.0
0.0,1.0,1.8479704730453635e-19,1.0
0.0,1.0,1.848365193293916e-19,1.0
0.0,1.0,0.0,1.0
0.0,1.0,1.847441723688183e-19,1.0
0.0,1.0,1.8538943787009502e-19,1.0
0.0,1.0,1.8487177790300168e-19,1.0
0.0,1.0,1.847632104476041e-19,1.0
0.0,1.0,1.8471951204680657e-19,1.0
0.0,1.0,0.0,1.0
0.0,1.0,1.8485908585047782e-19,1.0
0.0,1.0,1.846237012674182e-19,1.0
0.0,1.0,1.85557122889896e-19,1.0
0.0,1.0,1.8493526401501513e-19,1.0
0.0,1.0,1.9812069100017231e-19,1.0
0.0,1.0,0.0,1.0
0.0,1.0,0.0,1.0
0.0,1.0,1.8528056022196773e-19,1.0
0.0,1.0,1.850467524519508e-19,1.0
0.0,1.0,1.8483158209511043e-19,1.0
0.0,1.0,4.1080298625194033e-33,1.0
0.0,1.0,1.8471880118846766e-19,1.0
0.0,1.0,1.845828592246734e-19,1.0
0.0,1.0,1.8478153766805098e-19,1.0
0.0,1.0,1.8966278216151468e-19,1.0
0.0,1.0,1.8482735571916817e-19,1.0
0.0,1.0,1.8550192150870516e-19,1.0
0.0,1.0,0.0,1.0
0.0,1.0,1.8476390838124594e-19,1.0
0.0,1.0,1.8511807093038935e-19,1.0
0.0,1.0,1.8472232963076808e-19,1.0
0.0,1.0,1.8510959232911068e-19,1.0
0.0,1.0,1.851470222518287e-19,1.0
0.0,1.0,1.8456102941132024e-19,1.0
0.0,1.0,1.8545097235285073e-19,1.0
0.0,1.0,1.8471810325482582e-19,1.0
0.0,1.0,1.851321976242881e-19,1.0
0.0,1.0,0.0,1.0
0.0,1.0,1.847498204614384e-19,1.0
0.0,1.0,1.8474910960309948e-19,1.0
0.0,1.0,0.0,1.0
0.0,1.0,1.8462722970971862e-19,1.0
0.0,1.0,1.8453006183713778e-19,1.0
0.0,1.0,1.8887075672499515e-19,1.0
0.0,1.0,1.846701914027831e-19,1.0
0.0,1.0,1.8467371984508352e-19,1.0
0.0,1.0,1.8467794622102578e-19,1.0
0.0,1.0,1.8648742966037967e-19,1.0
0.0,1.0,1.8489082890648454e-19,1.0
0.0,1.0,1.8481043729070205e-19,1.0
0.0,1.0,1.8462582091773787e-19,1.0
0.0,1.0,1.8480690884840163e-19,1.0
0.0,1.0,1.850093483786269e-19,1.0
0.0,1.0,1.8479704730453635e-19,1.0
0.0,1.0,1.8485202896587698e-19,1.0
0.0,1.0,1.869325820769039e-19,1.0
0.0,1.0,1.848745954869632e-19,1.0
0.0,1.0,1.8478787076961583e-19,1.0
0.0,1.0,1.8472022290514548e-19,1.0
0.0,1.0,1.8496700707102185e-19,1.0
0.0,1.0,1.8504040642568886e-19,1.0
0.0,1.0,1.8468780776489106e-19,1.0
0.0,1.0,1.8481537452498322e-19,1.0
0.0,1.0,1.8461032420594957e-19,1.0
0.0,1.0,1.8521624692934173e-19,1.0
0.0,1.0,1.8491903059549377e-19,1.0
0.0,1.0,1.8471175722856389e-19,1.0
0.0,1.0,1.8523250619825723e-19,1.0
0.0,1.0,3.233833895653106e-14,1.0
0.0,1.0,1.8512159937268977e-19,1.0
0.0,1.0,1.8467864415466762e-19,1.0
0.0,1.0,1.8506511844648888e-19,1.0
0.0,1.0,1.8463850004556466e-19,1.0
0.0,1.0,4.172917728602701e-38,1.0
0.0,1.0,1.848534506825548e-19,1.0
0.0,1.0,1.8548563639039553e-19,1.0
0.0,1.0,1.846546946909948e-19,1.0
0.0,1.0,1.8479211007025517e-19,1.0
0.0,1.0,1.8464765073109103e-19,1.0
0.0,1.0,1.848442741476343e-19,1.0
0.0,1.0,1.8470612206064087e-19,1.0
0.0,1.0,1.846032802460458e-19,1.0
0.0,1.0,1.8464695279744918e-19,1.0
0.0,1.0,1.846835813889488e-19,1.0
0.0,1.0,1.847279647986911e-19,1.0
0.0,1.0,1.848668406687205e-19,1.0
0.0,1.0,1.8486965825268202e-19,1.0
0.0,1.0,1.847653171732267e-19,1.0
0.0,1.0,1.8459200991019976e-19,1.0
0.0,1.0,2.0757918051117485e-08,1.0
0.0,1.0,1.8502770144846793e-19,1.0
0.0,1.0,1.8466244950923748e-19,1.0
0.0,1.0,1.84670902261122e-19,1.0
0.0,1.0,1.8472232963076808e-19,1.0
0.0,1.0,5.723379127402228e-13,1.0
0.0,1.0,1.8477307199146938e-19,1.0
0.0,1.0,1.848005628221397e-19,1.0
0.0,1.0,1.846525879653722e-19,1.0
0.0,1.0,1.8473783926725345e-19,1.0
0.0,1.0,1.8487953272124437e-19,1.0
0.0,1.0,1.8472867565703e-19,1.0
0.0,1.0,1.8481325487466356e-19,1.0
0.0,1.0,6.793566542087787e-18,1.0
0.0,1.0,1.0761487187482821e-12,1.0
0.0,1.0,1.9905475885750368e-19,1.0
0.0,1.0,1.8472232963076808e-19,1.0
0.0,1.0,1.8489364649044605e-19,1.0
0.0,1.0,1.850389976337081e-19,1.0
0.0,1.0,1.8472092083878732e-19,1.0
0.0,1.0,1.8493314436469546e-19,1.0
0.0,1.0,1.8477025440750787e-19,1.0
0.0,1.0,1.84959950186421e-19,1.0
0.0,1.0,1.8462863850169938e-19,1.0
0.0,1.0,1.8492396782977495e-19,1.0
0.0,1.0,1.8488446995552554e-19,1.0
0.0,1.0,3.174588012876313e-23,1.0
0.0,1.0,1.8483017330312968e-19,1.0
0.0,1.0,1.8805333425873084e-19,1.0
0.0,1.0,1.8467794622102578e-19,1.0
0.0,1.0,1.8479915403015894e-19,1.0
0.0,1.0,1.84905627684631e-19,1.0
0.0,1.0,1.8522331673863965e-19,1.0
0.0,1.0,1.846237012674182e-19,1.0
0.0,1.0,1.5820799792575843e-30,1.0
0.0,1.0,1.8475404683738066e-19,1.0
0.0,1.0,1.8502064456386709e-19,1.0
0.0,1.0,1.8479421679587777e-19,1.0
0.0,1.0,1.8482664486082926e-19,1.0
0.0,1.0,1.8595606951439092e-19,1.0
0.0,1.0,1.8526147044439366e-19,1.0
0.0,1.0,1.8476180165562334e-19,1.0
0.0,1.0,4.2981288667087725e-11,1.0
0.0,1.0,1.847145748125254e-19,1.0
0.0,1.0,1.846546946909948e-19,1.0
0.0,1.0,1.8478787076961583e-19,1.0
0.0,1.0,1.9000603626633004e-19,1.0
0.0,1.0,1.8471598360450615e-19,1.0
0.0,1.0,1.8486331222642009e-19,1.0
0.0,1.0,1.8478223560169282e-19,1.0
0.0,1.0,1.8479492765421668e-19,1.0
0.0,1.0,1.8479351886223592e-19,1.0
0.0,1.0,1.842831484242907e-19,1.0
0.0,1.0,1.8435486756833847e-19,1.0
0.0,1.0,1.844026889475017e-19,1.0
0.0,1.0,0.0,1.0
0.0,1.0,1.8428595308355514e-19,1.0
0.0,1.0,1.8444138549053269e-19,1.0
0.0,1.0,1.8454343889860642e-19,1.0
0.0,1.0,1.8440691532344395e-19,1.0
0.0,1.0,1.8441394635865065e-19,1.0
0.0,1.0,1.8447656651596033e-19,1.0
0.0,1.0,1.8442168825219627e-19,1.0
0.0,1.0,1.844005822218791e-19,1.0
0.0,1.0,0.0,1.0
0.0,1.0,1.8430072601230746e-19,1.0
0.0,1.0,1.8441676394261216e-19,1.0
0.0,1.0,1.844033998058406e-19,1.0
0.0,1.0,1.8461947489147594e-19,1.0
0.0,1.0,1.8431197049875935e-19,1.0
0.0,1.0,1.843436101571895e-19,1.0
0.0,1.0,1.843576722276029e-19,1.0
0.0,1.0,1.8425150876586055e-19,1.0
0.0,1.0,1.843225170515694e-19,1.0
0.0,1.0,1.843105617067786e-19,1.0
0.0,1.0,0.0,1.0
0.0,1.0,0.0,1.0
0.0,1.0,1.843295480867761e-19,1.0
0.0,1.0,1.844223861858381e-19,1.0
0.0,1.0,1.848583749921389e-19,1.0
0.0,1.0,1.8426628169461287e-19,1.0
0.0,1.0,1.8740810753154533e-19,1.0
0.0,1.0,1.8496206983674067e-19,1.0
0.0,1.0,1.8452935097879887e-19,1.0
0.0,1.0,1.843112725651175e-19,1.0
0.0,1.0,1.843056373971945e-19,1.0
0.0,1.0,1.8462722970971862e-19,1.0
0.0,1.0,1.8433728998032172e-19,1.0
0.0,1.0,2.6285971758076808e-14,1.0
0.0,1.0,1.8442027946021551e-19,1.0
0.0,1.0,1.8438580929312678e-19,1.0
0.0,1.0,1.8439424912031423e-19,1.0
0.0,1.0,1.8441112877468914e-19,1.0
0.0,1.0,0.0,1.0
0.0,1.0,1.8433306360437945e-19,1.0
0.0,1.0,1.842986063619878e-19,1.0
0.0,1.0,0.0,1.0
0.0,1.0,1.8438159584188159e-19,1.0
0.0,1.0,1.843696275723937e-19,1.0
0.0,1.0,1.8446953548075363e-19,1.0
0.0,1.0,1.843415034315669e-19,1.0
0.0,1.0,1.8452372873557293e-19,1.0
0.0,1.0,1.843295480867761e-19,1.0
0.0,1.0,1.877265074438929e-19,1.0
0.0,1.0,1.8443786997292934e-19,1.0
0.0,1.0,1.843274413611535e-19,1.0
0.0,1.0,1.8424238392972833e-19,1.0
0.0,1.0,1.8463568246160315e-19,1.0
0.0,1.0,1.8596670654008047e-19,1.0
0.0,1.0,1.8435627636031922e-19,1.0
0.0,1.0,1.846518771070333e-19,1.0
0.0,1.0,2.4315973022538857e-14,1.0
0.0,1.0,1.843316548123987e-19,1.0
0.0,1.0,1.0029492664707148e-15,1.0
0.0,1.0,0.0,1.0
0.0,1.0,1.8432813929479535e-19,1.0
0.0,1.0,1.8423464203618271e-19,1.0
0.0,1.0,1.8585749284982933e-19,1.0
0.0,1.0,1.8760050457214634e-19,1.0
0.0,1.0,1.8754183937214043e-19,1.0
0.0,1.0,1.8422269961608898e-19,1.0
0.0,1.0,1.843274413611535e-19,1.0
0.0,1.0,1.845603314776784e-19,1.0
0.0,1.0,1.8426838842023546e-19,1.0
0.0,1.0,1.843323656707376e-19,1.0
0.0,1.0,1.8435204998437696e-19,1.0
0.0,1.0,1.8425573514180282e-19,1.0
0.0,1.0,1.8443294566334523e-19,1.0
0.0,1.0,1.8436400532916776e-19,1.0
0.0,1.0,1.8434009463958615e-19,1.0
0.0,1.0,1.8439917342989834e-19,1.0
0.0,1.0,9.50521410293233e-19,1.0
0.0,1.0,1.84417461876254e-19,1.0
0.0,1.0,1.8455962061933948e-19,1.0
0.0,1.0,1.8449697461263566e-19,1.0
0.0,1.0,1.8438229377552343e-19,1.0
0.0,1.0,1.8443786997292934e-19,1.0
0.0,1.0,1.8430283273793005e-19,1.0
0.0,1.0,1.842690863538773e-19,1.0
0.0,1.0,1.8448500634314779e-19,1.0
0.0,1.0,1.8445264290168165e-19,1.0
0.0,1.0,1.844533408353235e-19,1.0
0.0,1.0,1.842852551499133e-19,1.0
0.0,1.0,1.842620553186706e-19,1.0
0.0,1.0,1.8488165237156403e-19,1.0
0.0,1.0,1.8479211007025517e-19,1.0
0.0,1.0,1.8462441212575711e-19,1.0
0.0,1.0,1.8436330739552592e-19,1.0
0.0,1.0,0.0,1.0
0.0,1.0,1.8444138549053269e-19,1.0
0.0,1.0,1.8515621171144628e-19,1.0
0.0,1.0,1.842529175578413e-19,1.0
0.0,1.0,1.844097199827084e-19,1.0
0.0,1.0,1.939450961927017e-19,1.0
0.0,1.0,1.8447023341439547e-19,1.0
0.0,1.0,1.8459623628614203e-19,1.0
0.0,1.0,1.8424097513774757e-19,1.0
0.0,1.0,1.8449627667899382e-19,1.0
0.0,1.0,1.8441605308427325e-19,1.0
0.0,1.0,1.842880727338748e-19,1.0
0.0,1.0,1.8045384461185687e-16,1.0
0.0,1.0,3.084455433079144e-19,1.0
0.0,1.0,1.8424097513774757e-19,1.0
0.0,1.0,1.8444068755689084e-19,1.0
0.0,1.0,1.8443153687136448e-19,1.0
0.0,1.0,1.844610827288691e-19,1.0
0.0,1.0,1.842964996363652e-19,1.0
0.0,1.0,1.8456174026965915e-19,1.0
0.0,1.0,0.0,1.0
0.0,1.0,1.8424097513774757e-19,1.0
0.0,1.0,1.844519449680398e-19,1.0
0.0,1.0,1.8095826359497152e-33,1.0
0.0,1.0,1.8439776463791758e-19,1.0
0.0,1.0,1.8455892268569764e-19,1.0
0.0,1.0,8.554229613303209e-33,1.0
0.0,1.0,1.8429580170272335e-19,1.0
0.0,1.0,1.8435627636031922e-19,1.0
0.0,1.0,1.8434220136520875e-19,1.0
0.0,1.0,1.8429369497710076e-19,1.0
0.0,1.0,1.845427280402675e-19,1.0
0.0,1.0,1.8638146006909338e-19,1.0
0.0,1.0,1.847124680869028e-19,1.0
0.0,1.0,1.843555655019803e-19,1.0
0.0,1.0,1.842901794594974e-19,1.0
0.0,1.0,1.844470206584557e-19,1.0
0.0,1.0,5.318911205031383e-15,1.0
0.0,1.0,1.8440620446510504e-19,1.0
0.0,1.0,1.8432603256917275e-19,1.0
0.0,1.0,1.846807638049873e-19,1.0
0.0,1.0,1.845054273645202e-19,1.0
0.0,1.0,1.8454343889860642e-19,1.0
0.0,1.0,1.844097199827084e-19,1.0
0.0,1.0,1.8423745962014422e-19,1.0
0.0,1.0,1.8430915291479784e-19,1.0
0.0,1.0,1.843021348042882e-19,1.0
0.0,1.0,1.8423605082816347e-19,1.0
0.0,1.0,1.843253346355309e-19,1.0
0.0,1.0,1.8438580929312678e-19,1.0
0.0,1.0,1.8474629201913797e-19,1.0
0.0,1.0,1.845054273645202e-19,1.0
0.0,1.0,1.843506411923962e-19,1.0
0.0,1.0,1.8438299170916527e-19,1.0
0.0,1.0,1.842951037690815e-19,1.0
0.0,1.0,1.8446741583043396e-19,1.0
0.0,1.0,1.8424097513774757e-19,1.0
0.0,1.0,1.8442590170344146e-19,1.0
0.0,1.0,1.9065658796870885e-19,1.0
0.0,1.0,1.845328794210993e-19,1.0
0.0,1.0,1.8461314178991108e-19,1.0
0.0,1.0,1.0223763750909569e-29,1.0
0.0,1.0,1.843316548123987e-19,1.0
0.0,1.0,1.844055065314632e-19,1.0
0.0,1.0,1.8459623628614203e-19,1.0
0.0,1.0,1.8441676394261216e-19,1.0
0.0,1.0,1.8445827806960467e-19,1.0
0.0,1.0,1.843337615380213e-19,1.0
0.0,1.0,1.8446320237918877e-19,1.0
0.0,1.0,1.8429369497710076e-19,1.0
0.0,1.0,1.8432322790990831e-19,1.0
0.0,1.0,1.8436611205479036e-19,1.0
0.0,1.0,1.8652370928505836e-19,1.0
0.0,1.0,1.8438511135948494e-19,1.0
0.0,1.0,1.8430775704751416e-19,1.0
0.0,1.0,1.8443505238896783e-19,1.0
0.0,1.0,1.843274413611535e-19,1.0
0.0,1.0,1.8447515772397958e-19,1.0
0.0,1.0,1.8452442666921477e-19,1.0
0.0,1.0,1.844392787649101e-19,1.0
0.0,1.0,1.8464413521348768e-19,1.0
0.0,1.0,1.8437806739958117e-19,1.0
0.0,1.0,1.8439073360271088e-19,1.0
0.0,1.0,1.8436541412114852e-19,1.0
0.0,1.0,1.8424940204023796e-19,1.0
0.0,1.0,1.8427893497304551e-19,1.0
0.0,1.0,1.884382446622065e-19,1.0
0.0,1.0,1.8658634236706511e-19,1.0
0.0,1.0,1.8547290556378045e-19,1.0
0.0,1.0,0.0,1.0
0.0,1.0,1.8559181277683495e-19,1.0
0.0,1.0,1.857228304310451e-19,1.0
0.0,1.0,1.8554366828024495e-19,1.0
0.0,1.0,1.860355305519843e-19,1.0
0.0,1.0,1.8588230826820592e-19,1.0
0.0,1.0,1.8558968020181821e-19,1.0
0.0,1.0,1.8639709895254947e-19,1.0
0.0,1.0,1.854085276476691e-19,1.0
0.0,1.0,1.8539296631239545e-19,1.0
0.0,1.0,1.8561021754546426e-19,1.0
0.0,1.0,1.8533569697967322e-19,1.0
0.0,1.0,1.8542196933262309e-19,1.0
0.0,1.0,1.853823680607971e-19,1.0
0.0,1.0,1.8570370187937982e-19,1.0
0.0,1.0,6.237868294817206e-12,1.0
0.0,1.0,1.8558473004283997e-19,1.0
0.0,1.0,1.8566261426739066e-19,1.0
0.0,1.0,1.8550192150870516e-19,1.0
0.0,1.0,1.9004155333388154e-19,1.0
0.0,1.0,1.853151984101184e-19,1.0
0.0,1.0,3.8693079296159283e-10,1.0
0.0,1.0,7.890599978965795e-11,1.0
0.0,1.0,7.076416055641068e-16,1.0
0.0,1.0,1.3232647281120587e-15,1.0
0.0,1.0,2.469511574398897e-11,1.0
0.0,1.0,2.671136575815858e-11,1.0
0.0,1.0,1.855380072629278e-19,1.0
0.0,1.0,1.8566403598406849e-19,1.0
0.0,1.0,1.855203133526374e-19,1.0
0.0,1.0,1.853215573610774e-19,1.0
0.0,1.0,1.8549271912439051e-19,1.0
0.0,1.0,1.8565907290039317e-19,1.0
0.0,1.0,1.8535973691622554e-19,1.0
0.0,1.0,0.0,1.0
0.0,1.0,0.0,1.0
0.0,1.0,1.8540569713901052e-19,1.0
0.0,1.0,1.8552809402027423e-19,1.0
0.0,1.0,1.851964721428229e-19,1.0
0.0,1.0,1.8545097235285073e-19,1.0
0.0,1.0,1.9993372873122077e-19,1.0
0.0,1.0,1.8542479984128167e-19,1.0
0.0,1.0,1.853646870752038e-19,1.0
0.0,1.0,1.8542620863326242e-19,1.0
0.0,1.0,1.8556561441587175e-19,1.0
0.0,1.0,1.8612852374741115e-19,1.0
0.0,1.0,3.2421294478179167e-17,1.0
0.0,1.0,7.781152126437856e-15,1.0
0.0,1.0,2.4095667018912514e-17,1.0
0.0,1.0,3.768839217490119e-15,1.0
0.0,1.0,4.2741418043723556e-15,1.0
0.0,1.0,8.324107868924388e-15,1.0
0.0,1.0,4.85592850177634e-15,1.0
0.0,1.0,8.113371153845202e-15,1.0
0.0,1.0,1.8570158222906015e-19,1.0
0.0,1.0,0.0,1.0
0.0,1.0,3.0001646529116037e-15,1.0
0.0,1.0,1.8552597436995456e-19,1.0
0.0,1.0,1.8911659738798533e-19,1.0
0.0,1.0,1.8569307777838734e-19,1.0
0.0,1.0,2.1969192856238513e-15,1.0
0.0,1.0,1.8562791145575465e-19,1.0
0.0,1.0,1.8562791145575465e-19,1.0
0.0,1.0,1.858192098971046e-19,1.0
0.0,1.0,1.8562438301345423e-19,1.0
0.0,1.0,1.8538589650309753e-19,1.0
0.0,1.0,1.8989299686574584e-19,1.0
0.0,1.0,1.853823680607971e-19,1.0
0.0,1.0,1.8742883874564744e-19,1.0
0.0,1.0,5.287231749287599e-15,1.0
0.0,1.0,1.8593549339665366e-19,1.0
0.0,1.0,1.8526289216107148e-19,1.0
0.0,1.0,1.8575258308370287e-19,1.0
0.0,1.0,1.869710976741759e-19,1.0
0.0,1.0,1.8562367215511531e-19,1.0
0.0,1.0,5.874483185629913e-16,1.0
0.0,1.0,1.855068716676834e-19,1.0
0.0,1.0,1.8537741790181886e-19,1.0
0.0,1.0,1.8535195624858872e-19,1.0
0.0,1.0,1.8567891231039737e-19,1.0
0.0,1.0,1.8572423922302586e-19,1.0
0.0,1.0,1.8574409155772713e-19,1.0
0.0,1.0,1.854120690146666e-19,1.0
0.0,1.0,1.856909452033706e-19,1.0
0.0,1.0,1.8546653368812438e-19,1.0
0.0,1.0,1.8679499867658161e-19,1.0
0.0,1.0,0.0,1.0
0.0,1.0,1.8556986664120815e-19,1.0
0.0,1.0,1.856647468424074e-19,1.0
0.0,1.0,0.0,1.0
0.0,1.0,1.864049183942775e-19,1.0
0.0,1.0,1.858780560428695e-19,1.0
0.0,1.0,1.0565178831627164e-13,1.0
0.0,1.0,1.8543186965057958e-19,1.0
0.0,1.0,1.8603695226866212e-19,1.0
0.0,1.0,1.8540357748869085e-19,1.0
0.0,1.0,1.8572069785602837e-19,1.0
0.0,1.0,1.857582570257171e-19,1.0
0.0,1.0,1.8556207304887426e-19,1.0
0.0,1.0,1.8533993628031255e-19,1.0
0.0,1.0,1.8633951942709753e-19,1.0
0.0,1.0,1.8530953739280123e-19,1.0
0.0,1.0,1.8556986664120815e-19,1.0
0.0,1.0,1.8548563639039553e-19,1.0
0.0,1.0,1.8522119708831998e-19,1.0
0.0,1.0,1.8570016051238233e-19,1.0
0.0,1.0,1.8540145783837119e-19,1.0
0.0,1.0,1.855925107104768e-19,1.0
0.0,1.0,1.8590002802789045e-19,1.0
0.0,1.0,1.8541347780664735e-19,1.0
0.0,1.0,1.8558613883482072e-19,1.0
0.0,1.0,1.860490110110295e-19,1.0
0.0,1.0,6.10553708285666e-12,1.0
0.0,1.0,1.8556632527421066e-19,1.0
0.0,1.0,1.852989391412029e-19,1.0
0.0,1.0,1.8545522457818713e-19,1.0
0.0,1.0,1.8548493845675369e-19,1.0
0.0,1.0,1.8550192150870516e-19,1.0
0.0,1.0,1.8557552765852531e-19,1.0
0.0,1.0,1.8932231979126668e-19,1.0
0.0,1.0,1.8628550711803723e-19,1.0
0.0,1.0,1.8586953866749963e-19,1.0
0.0,1.0,1.8561304805412284e-19,1.0
0.0,1.0,1.9041600765742664e-19,1.0
0.0,1.0,1.8552314386129598e-19,1.0
0.0,1.0,1.8571999992238653e-19,1.0
0.0,1.0,1.8572920230670118e-19,1.0
0.0,1.0,1.85773133352046e-19,1.0
0.0,1.0,1.8604262621067635e-19,1.0
0.0,1.0,1.8571715648903088e-19,1.0
0.0,1.0,1.8553305710394954e-19,1.0
0.0,1.0,1.8555429238123743e-19,1.0
0.0,1.0,1.857065323880384e-19,1.0
0.0,1.0,1.858312557147749e-19,1.0
0.0,1.0,6.650395512064478e-11,1.0
0.0,1.0,1.8573912847405182e-19,1.0
0.0,1.0,1.8546158352914613e-19,1.0
0.0,1.0,1.864525717523788e-19,1.0
0.0,1.0,1.8583621879845023e-19,1.0
0.0,1.0,1.8593053031297834e-19,1.0
0.0,1.0,1.854637031794658e-19,1.0
0.0,1.0,1.8551111096832275e-19,1.0
0.0,1.0,1.8526784232004973e-19,1.0
0.0,1.0,1.8574833085836647e-19,1.0
0.0,1.0,1.867964333179565e-19,1.0
0.0,1.0,1.854431916852139e-19,1.0
0.0,1.0,1.8570016051238233e-19,1.0
0.0,1.0,1.853512453902498e-19,1.0
0.0,1.0,1.8546158352914613e-19,1.0
0.0,1.0,1.856484487994007e-19,1.0
0.0,1.0,1.8995458304728983e-19,1.0
0.0,1.0,1.8547644693077795e-19,1.0
0.0,1.0,1.8540074698003227e-19,1.0
0.0,1.0,1.857143259803723e-19,1.0
0.0,1.0,1.8654363916794206e-19,1.0
0.0,1.0,1.85422680190962e-19,1.0
0.0,1.0,1.8591776071227206e-19,1.0
0.0,1.0,1.8550049979202734e-19,1.0
0.0,1.0,1.8593124117131726e-19,1.0
0.0,1.0,9.350268802765186e-15,1.0
0.0,1.0,1.8552880487861314e-19,1.0
0.0,1.0,1.8534912573993014e-19,1.0
0.0,1.0,1.8566686649272707e-19,1.0
0.0,1.0,1.853611457082063e-19,1.0
0.0,1.0,1.8974021402166788e-19,1.0
0.0,1.0,1.855967629358132e-19,1.0
0.0,1.0,1.8524875254247565e-19,1.0
0.0,1.0,1.8555499031487927e-19,1.0
0.0,1.0,1.8521624692934173e-19,1.0
0.0,1.0,1.8590429317792393e-19,1.0
0.0,1.0,1.8560313481146927e-19,1.0
0.0,1.0,1.85611626337445e-19,1.0
0.0,1.0,0.0,1.0
0.0,1.0,1.8553729640458888e-19,1.0
0.0,1.0,1.8568670590273127e-19,1.0
0.0,1.0,1.8595180436435744e-19,1.0
0.0,1.0,1.8567111871806347e-19,1.0
0.0,1.0,1.852763209213284e-19,1.0
0.0,1.0,1.8571928906404762e-19,1.0
0.0,1.0,1.8569590828704592e-19,1.0
0.0,1.0,1.8553305710394954e-19,1.0
0.0,1.0,1.863103742352021e-19,1.0
0.0,1.0,1.8534135799699038e-19,1.0
0.0,1.0,0.0,1.0
0.0,1.0,1.859993414001851e-19,1.0
0.0,1.0,1.8556419269919392e-19,1.0
0.0,1.0,1.8551182182666166e-19,1.0
0.0,1.0,1.8564420949876136e-19,1.0
0.0,1.0,1.857143259803723e-19,1.0
0.0,1.0,1.8541561038166408e-19,1.0
0.0,1.0,1.8593407167997584e-19,1.0
0.0,1.0,1.8547573607243903e-19,1.0
0.0,1.0,1.856194199297789e-19,1.0
0.0,1.0,1.857178673473698e-19,1.0
0.0,1.0,1.8576037667603677e-19,1.0
0.0,1.0,1.8551960249429849e-19,1.0
0.0,1.0,1.855606642568935e-19,1.0
0.0,1.0,1.856944865703681e-19,1.0
0.0,1.0,1.8535619554922805e-19,1.0
0.0,1.0,1.8552243300295707e-19,1.0
0.0,1.0,1.8745600645889098e-19,1.0
0.0,1.0,1.8573558710705432e-19,1.0
0.0,1.0,1.8554720964724244e-19,1.0
0.0,1.0,1.855351767542692e-19,1.0
0.0,1.0,1.8567466008506097e-19,1.0
0.0,1.0,1.8571645855538904e-19,1.0
0.0,1.0,1.8552668522829347e-19,1.0
0.0,1.0,1.8535619554922805e-19,1.0
0.0,1.0,1.8551890456065664e-19,1.0
0.0,1.0,1.8570087137072124e-19,1.0
0.0,1.0,1.8541135815632768e-19,1.0
0.0,1.0,1.8572423922302586e-19,1.0
0.0,1.0,1.857851791697163e-19,1.0
0.0,1.0,1.8542834120827916e-19,1.0
0.0,1.0,1.8575471565871961e-19,1.0
0.0,1.0,1.8589506494421513e-19,1.0
0.0,1.0,2.4964486662730543e-19,1.0
0.0,1.0,2.2812253181747063e-19,1.0
0.0,1.0,2.2998803089393084e-19,1.0
0.0,1.0,2.2572127819801747e-19,1.0
0.0,1.0,2.3003365507459197e-19,1.0
0.0,1.0,2.225365035927176e-19,1.0
0.0,1.0,2.4071113506597373e-19,1.0
0.0,1.0,2.2849179041279313e-19,1.0
0.0,1.0,2.288110304304503e-19,1.0
0.0,1.0,9.816844196266009e-15,1.0
0.0,1.0,2.317078686343993e-19,1.0
0.0,1.0,2.2887040648879513e-19,1.0
0.0,1.0,2.397086697117419e-19,1.0
0.0,1.0,2.404908465290932e-19,1.0
0.0,1.0,2.2255604573468917e-19,1.0
0.0,1.0,2.2774081381417155e-19,1.0
0.0,1.0,2.3670910601547147e-19,1.0
0.0,1.0,2.7333955867146347e-19,1.0
0.0,1.0,2.4025794348787124e-19,1.0
0.0,1.0,2.3105997941961714e-19,1.0
0.0,1.0,2.3332748827377813e-19,1.0
0.0,1.0,2.521639934840474e-19,1.0
0.0,1.0,2.4213491969533063e-19,1.0
0.0,1.0,2.24047581626093e-19,1.0
0.0,1.0,2.4371025932254373e-19,1.0
0.0,1.0,2.4226796652698096e-19,1.0
0.0,1.0,2.3327408342548017e-19,1.0
0.0,1.0,2.269654612368738e-19,1.0
0.0,1.0,2.3634098479349123e-19,1.0
0.0,1.0,2.3495933467658625e-19,1.0
0.0,1.0,2.31644227426021e-19,1.0
0.0,1.0,2.4397350955248873e-19,1.0
0.0,1.0,2.349494602080239e-19,1.0
0.0,1.0,3.57648882780771e-19,1.0
0.0,1.0,2.366838253080003e-19,1.0
0.0,1.0,2.3377561337062873e-19,1.0
0.0,1.0,2.4372794030813705e-19,1.0
0.0,1.0,2.415933490386557e-19,1.0
0.0,1.0,2.305044759394995e-19,1.0
0.0,1.0,2.6090103700535046e-19,1.0
0.0,1.0,7.993872491035559e-13,1.0
0.0,1.0,6.664547928282583e-13,1.0
0.0,1.0,2.2536680545614436e-19,1.0
0.0,1.0,2.2653817075170187e-19,1.0
0.0,1.0,2.2976355475519927e-19,1.0
0.0,1.0,2.40353276053468e-19,1.0
0.0,1.0,2.317644271087826e-19,1.0
0.0,1.0,2.3068480131303606e-19,1.0
0.0,1.0,2.3030497031550936e-19,1.0
0.0,1.0,2.333826767302719e-19,1.0
0.0,1.0,2.3995568652216554e-19,1.0
0.0,1.0,2.52514382021646e-19,1.0
0.0,1.0,2.3841097842701104e-19,1.0
0.0,1.0,2.8350213920425114e-15,1.0
0.0,1.0,1.2023192237435483e-33,1.0
0.0,1.0,2.385683753879434e-19,1.0
0.0,1.0,2.2847609983054876e-19,1.0
0.0,1.0,2.299090868442203e-19,1.0
0.0,1.0,2.3243022995370537e-19,1.0
0.0,1.0,2.317776878479776e-19,1.0
0.0,1.0,2.3545282546015656e-19,1.0
0.0,1.0,2.324107395105221e-19,1.0
0.0,1.0,2.253203799442648e-19,1.0
0.0,1.0,2.3174232587679096e-19,1.0
0.0,1.0,2.3046580524586264e-19,1.0
0.0,1.0,2.5731707020631133e-19,1.0
0.0,1.0,2.3198202730867234e-19,1.0
0.0,1.0,2.4535107546511923e-19,1.0
0.0,1.0,2.426518041805997e-19,1.0
0.0,1.0,2.3029002936569512e-19,1.0
0.0,1.0,2.251751580479735e-19,1.0
0.0,1.0,9.77049712923268e-19,1.0
0.0,1.0,2.271802955515903e-19,1.0
0.0,1.0,2.368924816175168e-19,1.0
0.0,1.0,2.5919577832317825e-19,1.0
0.0,1.0,2.279589827007324e-19,1.0
0.0,1.0,2.247683661323564e-19,1.0
0.0,1.0,2.319731868158757e-19,1.0
0.0,1.0,2.3465211462720523e-19,1.0
0.0,1.0,2.2521468177161703e-19,1.0
0.0,1.0,2.3615264610777057e-19,1.0
0.0,1.0,2.448947561103255e-19,1.0
0.0,1.0,2.4539320997757115e-19,1.0
0.0,1.0,2.3093574723136933e-19,1.0
0.0,1.0,2.2431183998240954e-19,1.0
0.0,1.0,2.2953840653222e-19,1.0
0.0,1.0,2.487930515421348e-19,1.0
0.0,1.0,0.0,1.0
0.0,1.0,2.31889124586125e-19,1.0
0.0,1.0,1.343586868214732e-28,1.0
0.0,1.0,2.27291241151249e-19,1.0
0.0,1.0,2.335055647500243e-19,1.0
0.0,1.0,2.484914149618885e-19,1.0
0.0,1.0,1.606620625299528e-22,1.0
0.0,1.0,2.368355612516155e-19,1.0
0.0,1.0,2.361742562012735e-19,1.0
0.0,1.0,2.2570664744093294e-19,1.0
0.0,1.0,2.3049832378369363e-19,1.0
0.0,1.0,2.292889857281411e-19,1.0
0.0,1.0,2.403615478595935e-19,1.0
0.0,1.0,7.877226648744795e-12,1.0
0.0,1.0,2.302302914158323e-19,1.0
0.0,1.0,2.3397457615734188e-19,1.0
0.0,1.0,2.4126270943818175e-19,1.0
0.0,1.0,2.278320621754938e-19,1.0
0.0,1.0,2.4213401496653565e-19,1.0
0.0,1.0,2.2509957441950145e-19,1.0
0.0,1.0,2.280172472351291e-19,1.0
0.0,1.0,2.309859726041878e-19,1.0
0.0,1.0,2.247889680994878e-19,1.0
0.0,1.0,2.3624544543274136e-19,1.0
0.0,1.0,2.3012668704411004e-19,1.0
0.0,1.0,2.2069946469920804e-19,1.0
0.0,1.0,2.315717715742402e-19,1.0
0.0,1.0,2.3497455996973606e-19,1.0
0.0,1.0,2.3444542287164354e-19,1.0
0.0,1.0,2.390448055713798e-19,1.0
0.0,1.0,2.518803997809124e-19,1.0
0.0,1.0,2.2764788524223004e-19,1.0
0.0,1.0,2.3132457381805754e-19,1.0
0.0,1.0,2.374778928466571e-19,1.0
0.0,1.0,2.3610759061378057e-19,1.0
0.0,1.0,2.342496395604099e-19,1.0
0.0,1.0,2.307543361832788e-19,1.0
0.0,1.0,2.4552429225526666e-19,1.0
0.0,1.0,2.375730186171007e-19,1.0
0.0,1.0,2.611399888048017e-19,1.0
0.0,1.0,2.3524362631336307e-19,1.0
0.0,1.0,2.359743369869771e-19,1.0
0.0,1.0,2.332456232425295e-19,1.0
0.0,1.0,2.322556431456684e-19,1.0
0.0,1.0,2.306496202876084e-19,1.0
0.0,1.0,2.3106615742481715e-19,1.0
0.0,1.0,2.5861602811135515e-19,1.0
0.0,1.0,0.0,1.0
0.0,1.0,2.3164864767241933e-19,1.0
0.0,1.0,2.3823098909559833e-19,1.0
0.0,1.0,2.3773801529991087e-19,1.0
0.0,1.0,2.610742537954979e-19,1.0
0.0,1.0,2.315461548246452e-19,1.0
0.0,1.0,0.0,1.0
0.0,1.0,2.2411768518300686e-19,1.0
0.0,1.0,2.3740360168789217e-19,1.0
0.0,1.0,2.32858011577366e-19,1.0
0.0,1.0,2.6506873340562117e-31,1.0
0.0,1.0,2.4230402643180944e-19,1.0
0.0,1.0,2.3232652218440654e-19,1.0
0.0,1.0,3.5429571656289737e-37,1.0
0.0,1.0,2.3457960707663613e-19,1.0
0.0,1.0,2.301231715265067e-19,1.0
0.0,1.0,2.452696757229652e-19,1.0
0.0,1.0,3.267231070686451e-19,1.0
0.0,1.0,2.363752610901239e-19,1.0
0.0,1.0,2.301784892299712e-19,1.0
0.0,1.0,2.3220071318311605e-19,1.0
0.0,1.0,2.3672627001318195e-19,1.0
0.0,1.0,2.303128802301169e-19,1.0
0.0,1.0,2.3689971944787666e-19,1.0
0.0,1.0,2.2809991359759613e-19,1.0
0.0,1.0,2.2210228546991555e-19,1.0
0.0,1.0,2.2867839718910626e-19,1.0
0.0,1.0,2.375132289684496e-19,1.0
0.0,1.0,2.382918644188034e-19,1.0
0.0,1.0,2.3335954152251456e-19,1.0
0.0,1.0,2.2838810849288843e-19,1.0
0.0,1.0,2.3290420444469826e-19,1.0
0.0,1.0,2.437074934373705e-19,1.0
0.0,1.0,2.3212277725977707e-19,1.0
0.0,1.0,2.340210016692214e-19,1.0
0.0,1.0,2.3034273628035124e-19,1.0
0.0,1.0,2.2866792818447864e-19,1.0
0.0,1.0,2.5096253949370826e-19,1.0
0.0,1.0,2.332972186332375e-19,1.0
0.0,1.0,2.316972445334068e-19,1.0
0.0,1.0,2.4003442377672293e-19,1.0
0.0,1.0,2.270598632242814e-19,1.0
0.0,1.0,2.304904138690861e-19,1.0
0.0,1.0,1.2537674772163981e-18,1.0
0.0,1.0,2.332215833059772e-19,1.0
0.0,1.0,2.443293006134631e-19,1.0
0.0,1.0,2.3114815170303646e-19,1.0
0.0,1.0,2.332420560261379e-19,1.0
0.0,1.0,2.375068700174906e-19,1.0
0.0,1.0,2.5553870943750475e-19,1.0
0.0,1.0,2.332082450185998e-19,1.0
0.0,1.0,2.277460353917883e-19,1.0
0.0,1.0,2.393130705837884e-19,1.0
0.0,1.0,2.291744212133025e-19,1.0
0.0,1.0,2.2811557833044635e-19,1.0
0.0,1.0,2.340816960466675e-19,1.0
0.0,1.0,2.3819554957622926e-19,1.0
0.0,1.0,2.2821566718456527e-19,1.0
0.0,1.0,2.523304635823237e-19,1.0
0.0,1.0,2.2835150575078296e-19,1.0
0.0,1.0,2.3463060793127885e-19,1.0
0.0,1.0,2.389755291950785e-19,1.0
0.0,1.0,2.332829756170651e-19,1.0
0.0,1.0,2.3155941556384017e-19,1.0
0.0,1.0,2.3446956620577244e-19,1.0
0.0,1.0,2.281547401625719e-19,1.0
0.0,1.0,2.2946134948828184e-19,1.0
0.0,1.0,2.270529355866513e-19,1.0
0.0,1.0,2.340906399370407e-19,1.0
0.0,1.0,2.359905445571043e-19,1.0
0.0,1.0,2.524373249777079e-19,1.0
0.0,1.0,2.3585374956330336e-19,1.0
0.0,1.0,2.297679233028093e-19,1.0
0.0,1.0,2.3838916153835496e-19,1.0
0.0,1.0,2.363238466451749e-19,1.0
0.0,1.0,0.0,1.0
0.0,1.0,2.3280026403085214e-19,1.0
0.0,1.0,2.3759206962058355e-19,1.0
0.0,1.0,2.2877437598955656e-19,1.0
0.0,1.0,2.302575366772583e-19,1.0
0.0,1.0,2.437967513953438e-19,1.0
0.0,1.0,2.2501202252154154e-19,1.0
0.0,1.0,2.374860354058119e-19,1.0
0.0,1.0,2.4212662203981096e-19,1.0
0.0,1.0,3.4033234779546206e-19,1.0
0.0,1.0,2.278511907271591e-19,1.0
0.0,1.0,2.307261603436637e-19,1.0
0.0,1.0,1.3222364555250804e-13,1.0
0.0,1.0,2.248918745375682e-19,1.0
0.0,1.0,2.3755127927662702e-19,1.0
0.0,1.0,2.3258013059033647e-19,1.0
0.0,1.0,2.250283334892453e-19,1.0
0.0,1.0,3.6253622773125227e-19,1.0
0.0,1.0,2.2510215935891567e-19,1.0
0.0,1.0,2.372315998192694e-19,1.0
0.0,1.0,2.350193828191788e-19,1.0
0.0,1.0,2.285964287602811e-19,1.0
0.0,1.0,2.277634061846519e-19,1.0
0.0,1.0,2.348320781092238e-19,1.0
0.0,1.0,2.3267952151081354e-19,1.0
0.0,1.0,2.265606338752115e-19,1.0
0.0,1.0,2.628139180212735e-19,1.0
0.0,1.0,2.3488225178325397e-19,1.0
0.0,1.0,2.37861394458152e-19,1.0
0.0,1.0,2.2721842340795017e-19,1.0
0.0,1.0,2.296391157717983e-19,1.0
0.0,1.0,2.348096925338966e-19,1.0
0.0,1.0,2.3138369138246094e-19,1.0
0.0,1.0,2.2855631050057226e-19,1.0
0.0,1.0,2.440256477804737e-19,1.0
0.0,1.0,3.811545722265846e-32,1.0
0.0,1.0,2.367082012866765e-19,1.0
0.0,1.0,2.358456328535427e-19,1.0
0.0,1.0,2.487057581381163e-19,1.0
0.0,1.0,0.0,1.0
0.0,1.0,2.403092803846378e-19,1.0
0.0,1.0,2.3687622234860133e-19,1.0
0.0,1.0,0.0,1.0
0.0,1.0,2.401122821518795e-19,1.0
0.0,1.0,2.306672237250193e-19,1.0
0.0,1.0,2.2942547052921236e-19,1.0
0.0,1.0,2.2763139332876727e-19,1.0
0.0,1.0,2.2686937903884693e-19,1.0
0.0,1.0,2.33892478481546e-19,1.0
0.0,1.0,0.0,1.0
0.0,1.0,2.430436809957967e-19,1.0
0.0,1.0,2.3618596597681997e-19,1.0
0.0,1.0,2.36369832717354e-19,1.0
0.0,1.0,2.295813165264962e-19,1.0
0.0,1.0,2.2449844675872267e-19,1.0
0.0,1.0,2.337123082043743e-19,1.0
0.0,1.0,2.3071825042905617e-19,1.0
0.0,1.0,2.3101326956440204e-19,1.0
0.0,1.0,0.0,1.0
0.0,1.0,2.289315144565475e-19,1.0
0.0,1.0,2.287918243306026e-19,1.0
0.0,1.0,3.0955238851569277e-19,1.0
0.0,1.0,2.325269066877975e-19,1.0
0.0,1.0,2.2353708194117706e-19,1.0
0.0,1.0,2.288285046208905e-19,1.0
0.0,1.0,2.2861909867894387e-19,1.0
0.0,1.0,2.2913947283242215e-19,1.0
0.0,1.0,0.0,1.0
0.0,1.0,0.0,1.0
0.0,1.0,2.3192097103970827e-19,1.0
0.0,1.0,2.291202408831803e-19,1.0
0.0,1.0,2.314869855614535e-19,1.0
0.0,1.0,2.2922513772460967e-19,1.0
0.0,1.0,2.36016652445188e-19,1.0
0.0,1.0,2.404660828095049e-19,1.0
0.0,1.0,0.0,1.0
0.0,1.0,2.3391121929229914e-19,1.0
0.0,1.0,5.1405647109960915e-27,1.0
0.0,1.0,2.438664930607397e-19,1.0
0.0,1.0,0.0,1.0
0.0,1.0,0.0,1.0
0.0,1.0,2.387677517649628e-19,1.0
0.0,1.0,2.3320292004340647e-19,1.0
0.0,1.0,2.372189336161397e-19,1.0
0.0,1.0,2.3342631050758407e-19,1.0
0.0,1.0,2.3563431405642953e-19,1.0
0.0,1.0,2.360112499218123e-19,1.0
0.0,1.0,0.0,1.0
0.0,1.0,2.269533637204152e-19,1.0
0.0,1.0,3.0879520806247704e-19,1.0
0.0,1.0,2.3448835871531387e-19,1.0
0.0,1.0,2.3420137874154626e-19,1.0
0.0,1.0,2.29684662404277e-19,1.0
0.0,1.0,2.2855980016878147e-19,1.0
0.0,1.0,0.0,1.0
0.0,1.0,2.6276682042514624e-19,1.0
0.0,1.0,2.4948018013722495e-19,1.0
0.0,1.0,2.385774743746815e-19,1.0
0.0,1.0,2.4380791833361327e-19,1.0
0.0,1.0,2.313201535716592e-19,1.0
0.0,1.0,2.4999652178521703e-19,1.0
0.0,1.0,2.3179539468296507e-19,1.0
0.0,1.0,2.286400366881991e-19,1.0
0.0,1.0,2.518621242592538e-19,1.0
0.0,1.0,2.7462838878388235e-18,1.0
0.0,1.0,2.2710750365768564e-19,1.0
0.0,1.0,2.2824438586145735e-19,1.0
0.0,1.0,2.323398346223898e-19,1.0
0.0,1.0,2.2976355475519927e-19,1.0
0.0,1.0,2.3062762245319333e-19,1.0
0.0,1.0,2.3340227057103175e-19,1.0
0.0,1.0,2.361994852099564e-19,1.0
0.0,1.0,2.3414244212290186e-19,1.0
0.0,1.0,2.3374175066430234e-19,1.0
0.0,1.0,2.280459659120212e-19,1.0
0.0,1.0,2.2762617175115053e-19,1.0
0.0,1.0,2.498011003655014e-19,1.0
0.0,1.0,2.482791914359804e-19,1.0
0.0,1.0,2.3816206944093618e-18,1.0
0.0,1.0,2.3445258315382096e-19,1.0
0.0,1.0,2.322343690942893e-19,1.0
0.0,1.0,2.286557272704435e-19,1.0
0.0,1.0,2.350839546057462e-19,1.0
0.0,1.0,2.526068711538871e-19,1.0
0.0,1.0,2.3692140708956204e-19,1.0
0.0,1.0,2.398239063108282e-19,1.0
0.0,1.0,2.3557049190229223e-19,1.0
0.0,1.0,2.3973886180410008e-19,1.0
0.0,1.0,2.386393578242581e-19,1.0
0.0,1.0,2.5069750565556744e-19,1.0
0.0,1.0,2.293729704097094e-19,1.0
0.0,1.0,2.3285090299397687e-19,1.0
0.0,1.0,2.3743169997932483e-19,1.0
0.0,1.0,2.3884064705644406e-19,1.0
0.0,1.0,0.0,1.0
0.0,1.0,2.323008278866291e-19,1.0
0.0,1.0,2.415361960282071e-19,1.0
0.0,1.0,2.289498675263885e-19,1.0
0.0,1.0,2.3396030729177534e-19,1.0
0.0,1.0,2.305660491963464e-19,1.0
0.0,1.0,2.2597025956239593e-19,1.0
0.0,1.0,2.222438367522387e-19,1.0
0.0,1.0,2.241886417699274e-19,1.0
0.0,1.0,2.2634900488536865e-19,1.0
0.0,1.0,2.335385227275557e-19,1.0
0.0,1.0,3.0490321988283847e-19,1.0
0.0,1.0,2.3188648794792247e-19,1.0
0.0,1.0,2.3068216467483354e-19,1.0
0.0,1.0,0.0,1.0
0.0,1.0,2.356235348590722e-19,1.0
0.0,1.0,2.358420397877569e-19,1.0
0.0,1.0,2.4018646991306783e-19,1.0
0.0,1.0,2.29384344143132e-19,1.0
0.0,1.0,2.40147075436395e-19,1.0
0.0,1.0,0.00021612326963804662,0.9997783899307251
0.0,1.0,2.334957678296444e-19,1.0
0.0,1.0,2.460925136373023e-19,1.0
0.0,1.0,2.4011776222343765e-19,1.0
0.0,1.0,2.3616254642572706e-19,1.0
0.0,1.0,2.281799691712548e-19,1.0
0.0,1.0,2.316283300486235e-19,1.0
0.0,1.0,2.2937558119851775e-19,1.0
0.0,1.0,2.4072491279305157e-19,1.0
0.0,1.0,2.321307388731729e-19,1.0
0.0,1.0,2.2566616728970613e-19,1.0
0.0,1.0,2.28947230888186e-19,1.0
0.0,1.0,2.4109342175594394e-19,1.0
0.0,1.0,2.3597343225818212e-19,1.0
0.0,1.0,2.3790404595848675e-19,1.0
0.0,1.0,0.0,1.0
0.0,1.0,2.315443970658435e-19,1.0
0.0,1.0,2.320103582446523e-19,1.0
0.0,1.0,2.2664190437039485e-19,1.0
0.0,1.0,2.300713951900397e-19,1.0
0.0,1.0,2.4198532925142924e-19,1.0
0.0,1.0,2.2980824835767127e-19,1.0
0.0,1.0,2.3236198755316975e-19,1.0
0.0,1.0,2.349422999258465e-19,1.0
0.0,1.0,2.2945261239306175e-19,1.0
0.0,1.0,3.348376454802137e-18,1.0
0.0,1.0,2.306408056442059e-19,1.0
0.0,1.0,2.285842019968518e-19,1.0
0.0,1.0,0.0,1.0
0.0,1.0,2.9703006311377047e-19,1.0
0.0,1.0,2.2608924432363286e-19,1.0
0.0,1.0,2.3864028840244723e-19,1.0
0.0,1.0,4.420318395750072e-34,1.0
0.0,1.0,2.392820254614235e-19,1.0
0.0,1.0,2.3651505461364536e-19,1.0
0.0,1.0,2.3885703557233026e-19,1.0
0.0,1.0,2.486867846828159e-19,1.0
0.0,1.0,2.537890931949844e-19,1.0
0.0,1.0,2.3420585068673287e-19,1.0
0.0,1.0,2.334752951094837e-19,1.0
0.0,1.0,2.342988051080685e-19,1.0
0.0,1.0,2.404220612912806e-19,1.0
0.0,1.0,2.569717739993587e-19,1.0
0.0,1.0,2.337533311928781e-19,1.0
0.0,1.0,2.2945610206127096e-19,1.0
0.0,1.0,2.3807382477921326e-19,1.0
0.0,1.0,2.3624092178876646e-19,1.0
0.0,1.0,2.2611168159774836e-19,1.0
0.0,1.0,3.056869993626266e-19,1.0
0.0,1.0,2.319085891799141e-19,1.0
0.0,1.0,2.3554355683359597e-19,1.0
0.0,1.0,2.5923631017319335e-19,1.0
0.0,1.0,0.0,1.0
0.0,1.0,2.335616837847072e-19,1.0
0.0,1.0,2.3524721937914885e-19,1.0
0.0,1.0,2.400802030537489e-19,1.0
0.0,1.0,1.7722214551451655e-14,1.0
0.0,1.0,2.440098021018645e-19,1.0
0.0,1.0,2.275549825196827e-19,1.0
0.0,1.0,5.670369627960461e-19,1.0
0.0,1.0,2.0579927937953136e-19,1.0
0.0,1.0,3.770908498651471e-12,1.0
0.0,1.0,1.2456740283370293e-12,1.0
0.0,1.0,2.099976604279384e-19,1.0
0.0,1.0,2.0968066930757159e-19,1.0
0.0,1.0,2.4148330912219158e-30,1.0
0.0,1.0,2.0904813463290994e-19,1.0
0.0,1.0,2.0646058442987336e-19,1.0
0.0,1.0,3.604209459591952e-19,1.0
0.0,1.0,2.1152926288026275e-19,1.0
0.0,1.0,2.1047564157502333e-19,1.0
0.0,1.0,0.0,1.0
0.0,1.0,5.776969046972853e-16,1.0
0.0,1.0,0.0,1.0
0.0,1.0,2.0777054125212472e-19,1.0
0.0,1.0,2.1187813922830406e-19,1.0
0.0,1.0,0.0,1.0
0.0,1.0,2.126668430176763e-19,1.0
0.0,1.0,2.0935777160064327e-19,1.0
0.0,1.0,3.1156399708372996e-34,1.0
0.0,1.0,6.821267444014517e-35,1.0
0.0,1.0,2.192126333975381e-19,1.0
0.0,1.0,9.138302303422071e-23,1.0
0.0,1.0,0.0,1.0
0.0,1.0,3.7632716384949534e-19,1.0
0.0,1.0,2.0901065301140363e-19,1.0
0.0,1.0,4.635566389166721e-26,1.0
0.0,1.0,2.0758673913507602e-19,1.0
0.0,1.0,2.0690841225869133e-19,1.0
0.0,1.0,0.0,1.0
0.0,1.0,0.0,1.0
0.0,1.0,0.0,1.0
0.0,1.0,1.4719872590698406e-35,1.0
0.0,1.0,0.0,1.0
0.0,1.0,0.0,1.0
0.0,1.0,0.0,1.0
0.0,1.0,0.0,1.0
0.0,1.0,0.0,1.0
0.0,1.0,0.0,1.0
0.0,1.0,0.0,1.0
0.0,1.0,0.0,1.0
0.0,1.0,2.1566839711729567e-19,1.0
0.0,1.0,0.0,1.0
0.0,1.0,8.18304412948604e-34,1.0
0.0,1.0,2.8543642889519795e-19,1.0
0.0,1.0,2.07035526654386e-19,1.0
0.0,1.0,2.110657961679887e-19,1.0
0.0,1.0,2.0802749715459608e-19,1.0
0.0,1.0,2.0669856687704428e-19,1.0
0.0,1.0,2.20894033088917e-19,1.0
0.0,1.0,1.0880139436846578e-31,1.0
0.0,1.0,0.0,1.0
0.0,1.0,2.0551528501078718e-19,1.0
0.0,1.0,2.1186359894409903e-19,1.0
0.0,1.0,7.058465856750315e-22,1.0
0.0,1.0,6.000603392946358e-20,1.0
0.0,1.0,1.2823082310973265e-29,1.0
0.0,1.0,2.1102313174295687e-19,1.0
0.0,1.0,2.0553253948137715e-19,1.0
0.0,1.0,2.0797274813780272e-19,1.0
0.0,1.0,2.0766673008524932e-19,1.0
0.0,1.0,1.7105813826188344e-18,1.0
0.0,1.0,2.0834198088373108e-19,1.0
0.0,1.0,2.0967826531391635e-19,1.0
0.0,1.0,2.130184077027084e-19,1.0
0.0,1.0,2.1334532499042585e-19,1.0
0.0,1.0,2.0736670909213692e-19,1.0
0.0,1.0,2.093362132059286e-19,1.0
0.0,1.0,2.124916875229682e-19,1.0
0.0,1.0,2.1555325099108888e-19,1.0
0.0,1.0,2.0879389291682353e-19,1.0
0.0,1.0,2.1278045110493163e-19,1.0
0.0,1.0,2.131013067097227e-19,1.0
0.0,1.0,2.0822041118307993e-19,1.0
0.0,1.0,2.0990075104929898e-19,1.0
0.0,1.0,2.0960708900714558e-19,1.0
0.0,1.0,2.0855190381356055e-19,1.0
0.0,1.0,4.0918083907554093e-19,1.0
0.0,1.0,2.0983029852556419e-19,1.0
0.0,1.0,2.0990474478069396e-19,1.0
0.0,1.0,4.9061564544056885e-14,1.0
0.0,1.0,2.0778956640621344e-19,1.0
0.0,1.0,2.078085786356051e-19,1.0
0.0,1.0,2.1120272040876037e-19,1.0
0.0,1.0,2.0908162252302127e-19,1.0
0.0,1.0,2.0692657145807628e-19,1.0
0.0,1.0,1.7798978625054688e-25,1.0
0.0,1.0,1.9287633556269723e-12,1.0
0.0,1.0,2.112172219188742e-19,1.0
0.0,1.0,1.1299066160203151e-23,1.0
0.0,1.0,2.034916781150557e-19,1.0
0.0,1.0,2.114969899116761e-19,1.0
0.0,1.0,2.07317672791449e-19,1.0
0.0,1.0,2.1007617796264557e-19,1.0
0.0,1.0,2.0814973893949493e-19,1.0
0.0,1.0,2.0513462683264793e-19,1.0
0.0,1.0,2.0459305617597298e-19,1.0
0.0,1.0,2.0837059616304659e-19,1.0
0.0,1.0,2.0617095489320616e-19,1.0
0.0,1.0,1.1926107879034475e-09,1.0
0.0,1.0,2.0554821713892444e-19,1.0
0.0,1.0,2.0808860512234843e-19,1.0
0.0,1.0,2.0451424137323316e-19,1.0
0.0,1.0,2.0508612044453994e-19,1.0
0.0,1.0,2.20527773023315e-19,1.0
0.0,1.0,2.080592402106028e-19,1.0
0.0,1.0,1.4876071929847967e-08,1.0
0.0,1.0,2.1338195358192546e-19,1.0
0.0,1.0,2.0650075438837047e-19,1.0
0.0,1.0,2.0810924586357104e-19,1.0
0.0,1.0,2.072536309174615e-19,1.0
0.0,1.0,1.2589981140953554e-11,1.0
0.0,1.0,8.280746748023926e-12,1.0
0.0,1.0,2.0894608122483621e-19,1.0
0.0,1.0,3.1331484538128435e-19,1.0
0.0,1.0,2.058825144286695e-19,1.0
0.0,1.0,2.1731182404867954e-19,1.0
0.0,1.0,2.1155993318641257e-19,1.0
0.0,1.0,2.1496366508479464e-19,1.0
0.0,1.0,2.0668595237270285e-19,1.0
0.0,1.0,2.0604279359704873e-19,1.0
0.0,1.0,2.0692103968772983e-19,1.0
0.0,1.0,2.0704105842473245e-19,1.0
0.0,1.0,2.0680188690543098e-19,1.0
0.0,1.0,2.1502435946224071e-19,1.0
0.0,1.0,2.063314537814356e-19,1.0
0.0,1.0,7.328097789789004e-35,1.0
0.0,1.0,2.1083966566803202e-19,1.0
0.0,1.0,2.1132360510046675e-19,1.0
0.0,1.0,2.109217245697367e-19,1.0
0.0,1.0,2.0551058042105328e-19,1.0
0.0,1.0,2.1145181809541247e-19,1.0
0.0,1.0,2.0837377563852609e-19,1.0
0.0,1.0,2.0469921963771533e-19,1.0
0.0,1.0,2.0694867269006793e-19,1.0
0.0,1.0,2.0822757146525734e-19,1.0
0.0,1.0,2.0619927290448903e-19,1.0
0.0,1.0,2.0883451523971812e-19,1.0
0.0,1.0,2.092300238947921e-19,1.0
0.0,1.0,2.1116485104634193e-19,1.0
0.0,1.0,2.0724255445207154e-19,1.0
0.0,1.0,2.0700710524552656e-19,1.0
0.0,1.0,2.070118356846546e-19,1.0
0.0,1.0,2.3565768190873415e-19,1.0
0.0,1.0,2.0836343588086917e-19,1.0
0.0,1.0,7.019926467433413e-24,1.0
0.0,1.0,2.0773645882594812e-19,1.0
0.0,1.0,2.0837297430730768e-19,1.0
0.0,1.0,2.0740548318335034e-19,1.0
0.0,1.0,2.041751490208747e-19,1.0
0.0,1.0,2.0615680234991326e-19,1.0
0.0,1.0,2.0476872865856393e-19,1.0
0.0,1.0,2.0988794267450148e-19,1.0
0.0,1.0,2.1815653055046104e-19,1.0
0.0,1.0,2.073572223644867e-19,1.0
0.0,1.0,2.0538205723337785e-19,1.0
0.0,1.0,2.0475935825318735e-19,1.0
0.0,1.0,2.0771506845229538e-19,1.0
0.0,1.0,2.21201795975575e-19,1.0
0.0,1.0,2.0862589770429284e-19,1.0
0.0,1.0,2.0809098326660952e-19,1.0
0.0,1.0,2.1168910260894155e-19,1.0
0.0,1.0,2.0499460066457919e-19,1.0
0.0,1.0,2.2170697068529763e-19,1.0
0.0,1.0,2.6042770874921113e-19,1.0
0.0,1.0,2.0999605776550157e-19,1.0
0.0,1.0,2.0682160999316154e-19,1.0
0.0,1.0,8.90185603035903e-31,1.0
0.0,1.0,1.0727363476617059e-24,1.0
0.0,1.0,2.1369882838001863e-19,1.0
0.0,1.0,2.0615994305130155e-19,1.0
0.0,1.0,2.0437932046050752e-19,1.0
0.0,1.0,3.157915282337476e-26,1.0
0.0,1.0,2.1418605068550943e-19,1.0
0.0,1.0,2.781636139653268e-18,1.0
0.0,1.0,2.161287877516668e-19,1.0
0.0,1.0,2.1081313126494497e-19,1.0
0.0,1.0,2.0559292366609352e-19,1.0
0.0,1.0,1.8367676041180398e-19,1.0
0.0,1.0,1.8377768937123252e-19,1.0
0.0,1.0,1.8398602256332224e-19,1.0
0.0,1.0,1.8367606247816214e-19,1.0
0.0,1.0,1.5926256340639258e-18,1.0
0.0,1.0,1.836382318898349e-19,1.0
0.0,1.0,1.836578515799889e-19,1.0
0.0,1.0,9.21017552884207e-18,1.0
0.0,1.0,1.8586599730050214e-19,1.0
0.0,1.0,1.836305287703805e-19,1.0
0.0,1.0,1.8366415883215962e-19,1.0
0.0,1.0,1.8390742748043263e-19,1.0
0.0,1.0,1.8397339513428374e-19,1.0
0.0,1.0,4.5844996633565135e-25,1.0
0.0,1.0,9.183155467337872e-19,1.0
0.0,1.0,5.067140596004549e-10,1.0
0.0,1.0,1.8381975926019909e-19,1.0
0.0,1.0,2.6821344014586572e-14,1.0
0.0,1.0,1.8362141685894535e-19,1.0
0.0,1.0,3.669276796465504e-13,1.0
0.0,1.0,1.83865344666769e-19,1.0
0.0,1.0,1.8400286344360594e-19,1.0
0.0,1.0,1.4021918934119249e-13,1.0
0.0,1.0,1.8369428630103245e-19,1.0
0.0,1.0,8.026124219179167e-17,1.0
0.0,1.0,1.8366485676580146e-19,1.0
0.0,1.0,1.8586528644216322e-19,1.0
0.0,1.0,1.8374754897766262e-19,1.0
0.0,1.0,1.8534912573993014e-19,1.0
0.0,1.0,1.8434291222354766e-19,1.0
0.0,1.0,1.843393967059443e-19,1.0
0.0,1.0,1.8362002099166167e-19,1.0
0.0,1.0,1.8358150539438967e-19,1.0
0.0,1.0,1.8402743329273818e-19,1.0
0.0,1.0,1.8362563031019055e-19,1.0
0.0,1.0,1.8362071892530351e-19,1.0
0.0,1.0,0.0,1.0
0.0,1.0,1.8403726898720932e-19,1.0
0.0,1.0,1.8369078370812617e-19,1.0
0.0,1.0,1.8372652049552787e-19,1.0
0.0,1.0,1.8363472929692863e-19,1.0
0.0,1.0,1.838632379411464e-19,1.0
0.0,1.0,1.850093483786269e-19,1.0
0.0,1.0,1.573339576026525e-13,1.0
0.0,1.0,3.5197293317233426e-24,1.0
0.0,1.0,1.8380923855678318e-19,1.0
0.0,1.0,3.1323265154574226e-17,1.0
0.0,1.0,1.5181891644807998e-16,1.0
0.0,1.0,1.838927062504686e-19,1.0
0.0,1.0,1.8500581993632649e-19,1.0
0.0,1.0,1.8392567715269709e-19,1.0
0.0,1.0,1.8363472929692863e-19,1.0
0.0,1.0,1.8367886713742658e-19,1.0
0.0,1.0,1.8373983293351115e-19,1.0
0.0,1.0,1.836935883673906e-19,1.0
0.0,1.0,0.0,1.0
0.0,1.0,0.0,1.0
0.0,1.0,1.8390813833877155e-19,1.0
0.0,1.0,1.8364523707564747e-19,1.0
0.0,1.0,1.8361442459782987e-19,1.0
0.0,1.0,1.837938193931773e-19,1.0
0.0,1.0,0.0,1.0
0.0,1.0,1.8366135417289518e-19,1.0
0.0,1.0,1.8510818353712992e-19,1.0
0.0,1.0,1.840449850313608e-19,1.0
0.0,1.0,1.840625367699834e-19,1.0
0.0,1.0,1.8362212771728427e-19,1.0
0.0,1.0,3.548642826461878e-19,1.0
0.0,1.0,1.1520852664425515e-18,1.0
0.0,1.0,3.916341931369871e-23,1.0
0.0,1.0,1.8362141685894535e-19,1.0
0.0,1.0,1.8384360532629534e-19,1.0
0.0,1.0,1.8383097789725684e-19,1.0
0.0,1.0,3.2272810725902934e-12,1.0
0.0,1.0,1.8502064456386709e-19,1.0
0.0,1.0,1.8387375864456231e-19,1.0
0.0,1.0,1.8365504692072446e-19,1.0
0.0,1.0,1.8373493447332119e-19,1.0
0.0,1.0,1.363966029384361e-18,1.0
0.0,1.0,1.8363613808890938e-19,1.0
0.0,1.0,1.198107424375894e-17,1.0
0.0,1.0,0.0,1.0
0.0,1.0,3.2539706606299346e-12,1.0
0.0,1.0,1.836557448543663e-19,1.0
0.0,1.0,1.8366346089851778e-19,1.0
0.0,1.0,1.8361932305801983e-19,1.0
0.0,1.0,1.8362141685894535e-19,1.0
0.0,1.0,1.8394602062588706e-19,1.0
0.0,1.0,2.5562858778093746e-18,1.0
0.0,1.0,0.0,1.0
0.0,1.0,1.0065583473003316e-18,1.0
0.0,1.0,1.8397198634230298e-19,1.0
0.0,1.0,1.97851392387538e-12,1.0
0.0,1.0,1.8507217533108972e-19,1.0
0.0,1.0,3.691151117396485e-12,1.0
0.0,1.0,1.836501484605345e-19,1.0
0.0,1.0,1.8371530185847012e-19,1.0
0.0,1.0,1.8380854062314133e-19,1.0
0.0,1.0,1.8363683602255123e-19,1.0
0.0,1.0,4.840863086922511e-19,1.0
0.0,1.0,2.3874632739534496e-12,1.0
0.0,1.0,5.388179919602054e-12,1.0
0.0,1.0,1.837328277476986e-19,1.0
0.0,1.0,1.8407237246445454e-19,1.0
0.0,1.0,1.848809544379222e-19,1.0
0.0,1.0,1.8438159584188159e-19,1.0
0.0,1.0,0.0,1.0
0.0,1.0,1.8467512863706427e-19,1.0
0.0,1.0,1.8376366607491033e-19,1.0
0.0,1.0,5.167185321586797e-19,1.0
0.0,1.0,1.8376437693324925e-19,1.0
0.0,1.0,1.842620553186706e-19,1.0
0.0,1.0,1.8367466661087846e-19,1.0
0.0,1.0,1.8384149860067274e-19,1.0
0.0,1.0,1.8362772411111607e-19,1.0
0.0,1.0,5.088531302078544e-19,1.0
0.0,1.0,2.9122770683898125e-06,0.9999972581863403
0.0,1.0,1.8362913290309683e-19,1.0
0.0,1.0,1.8366975522599142e-19,1.0
0.0,1.0,0.0,1.0
0.0,1.0,1.8376437693324925e-19,1.0
0.0,1.0,1.8365504692072446e-19,1.0
0.0,1.0,1.836305287703805e-19,1.0
0.0,1.0,0.0,1.0
0.0,1.0,1.840562165931156e-19,1.0
0.0,1.0,1.8452442666921477e-19,1.0
0.0,1.0,3.0539262046507486e-16,1.0
0.0,1.0,1.8364243241638303e-19,1.0
0.0,1.0,1.8563782469840821e-19,1.0
0.0,1.0,2.695692952888409e-19,1.0
0.0,1.0,3.7559243367367434e-14,1.0
0.0,1.0,1.836928775090517e-19,1.0
0.0,1.0,1.883361522292404e-12,1.0
0.0,1.0,0.0,1.0
0.0,1.0,1.8401339707171892e-19,1.0
0.0,1.0,1.8365084639417634e-19,1.0
0.0,1.0,2.012808181461878e-05,0.999981164932251
0.0,1.0,3.7393805510339863e-23,1.0
0.0,1.0,1.8371251012390276e-19,1.0
0.0,1.0,1.8368797904886173e-19,1.0
0.0,1.0,1.8365224226146003e-19,1.0
0.0,1.0,1.8362983083673867e-19,1.0
0.0,1.0,1.8385693068897569e-19,1.0
0.0,1.0,1.869860644733843e-19,1.0
0.0,1.0,1.841847527054881e-19,1.0
0.0,1.0,2.570504781666916e-17,1.0
0.0,1.0,7.406931838704889e-12,1.0
0.0,1.0,1.8481748125060582e-19,1.0
0.0,1.0,1.847279647986911e-19,1.0
0.0,1.0,1.06947897796752e-18,1.0
0.0,1.0,1.0397279134965293e-16,1.0
0.0,1.0,3.276854541631681e-19,1.0
0.0,1.0,1.8556207304887426e-19,1.0
0.0,1.0,5.530633490093995e-19,1.0
0.0,1.0,1.841938904663174e-19,1.0
0.0,1.0,1.836494376021956e-19,1.0
0.0,1.0,6.405648038908252e-14,1.0
0.0,1.0,1.8398812928894484e-19,1.0
0.0,1.0,1.836305287703805e-19,1.0
0.0,1.0,1.8367186195161402e-19,1.0
0.0,1.0,4.168183159736216e-12,1.0
0.0,1.0,1.7360097803731378e-09,1.0
0.0,1.0,2.2145594721878193e-19,1.0
0.0,1.0,1.8364384120836378e-19,1.0
0.0,1.0,1.84164383382904e-19,1.0
0.0,1.0,1.8362141685894535e-19,1.0
0.0,1.0,5.138291385802437e-19,1.0
0.0,1.0,1.8390181816190376e-19,1.0
0.0,1.0,5.036099537392147e-09,1.0
0.0,1.0,2.6156915175490347e-12,1.0
0.0,1.0,0.0,1.0
0.0,1.0,1.8450471650618128e-19,1.0
0.0,1.0,5.130308504408543e-12,1.0
0.0,1.0,0.0,1.0
0.0,1.0,1.839383045817356e-19,1.0
0.0,1.0,1.8363753395619307e-19,1.0
0.0,1.0,8.483608306313894e-19,1.0
0.0,1.0,1.9780598289829615e-17,1.0
0.0,1.0,1.8361932305801983e-19,1.0
0.0,1.0,1.836319246376642e-19,1.0
0.0,1.0,1.8533003596235606e-19,1.0
0.0,1.0,1.8361932305801983e-19,1.0
0.0,1.0,1.1962782550073136e-21,1.0
0.0,1.0,6.224458008845178e-17,1.0
0.0,1.0,1.8365924744727258e-19,1.0
0.0,1.0,1.8363964068181566e-19,1.0
0.0,1.0,1.8367396867723661e-19,1.0
0.0,1.0,2.1928875986328714e-19,1.0
0.0,1.0,1.0692931783073956e-11,1.0
0.0,1.0,1.837033982124676e-19,1.0
0.0,1.0,1.8367396867723661e-19,1.0
0.0,1.0,1.8390603161314895e-19,1.0
0.0,1.0,1.4820723858235962e-13,1.0
0.0,1.0,1.8378470748174215e-19,1.0
0.0,1.0,1.8363122670402235e-19,1.0
0.0,1.0,1.8465822313329522e-19,1.0
0.0,1.0,5.073401246368566e-16,1.0
0.0,1.0,1.840414824384545e-19,1.0
0.0,1.0,1.8408642161017087e-19,1.0
0.0,1.0,1.8366065623925334e-19,1.0
0.0,1.0,1.836928775090517e-19,1.0
0.0,1.0,1.8363892982347675e-19,1.0
0.0,1.0,1.8443786997292934e-19,1.0
0.0,1.0,1.840885154110964e-19,1.0
0.0,1.0,0.0,1.0
0.0,1.0,1.8430704618917525e-19,1.0
0.0,1.0,0.0,1.0
0.0,1.0,7.314399397273519e-08,0.9999999403953552
0.0,1.0,1.8364314327472194e-19,1.0
0.0,1.0,1.6245517037811756e-18,1.0
0.0,1.0,7.900907033654703e-13,1.0
0.0,1.0,1.836494376021956e-19,1.0
0.0,1.0,1.8363472929692863e-19,1.0
0.0,1.0,1.8377838730487436e-19,1.0
0.0,1.0,1.841173116361709e-19,1.0
0.0,1.0,1.8542620863326242e-19,1.0
0.0,1.0,1.8444068755689084e-19,1.0
