1.0,0.0,0.9999999403953552,4.59900775240385e-08
1.0,0.0,0.9999967813491821,3.975852450821549e-06
1.0,0.0,0.9999988675117493,1.6376781104554539e-06
1.0,0.0,0.9999997019767761,4.147157710576721e-07
1.0,0.0,0.9999977946281433,3.160410187774687e-06
1.0,0.0,0.9999897480010986,1.3070182831143029e-05
1.0,0.0,0.9999998807907104,1.7695440135412355e-07
1.0,0.0,0.9999828338623047,1.987068390008062e-05
1.0,0.0,0.9999999403953552,1.3050946279236086e-07
1.0,0.0,0.9999991655349731,1.304020202042011e-06
1.0,0.0,0.9999999403953552,5.821013715490153e-08
1.0,0.0,1.0,6.83928336187023e-09
1.0,0.0,1.0,3.1408792233733607e-11
1.0,0.0,0.9999998211860657,3.18524229214745e-07
1.0,0.0,0.9999983906745911,2.1267485408316134e-06
1.0,0.0,0.9999985694885254,1.972372274394729e-06
1.0,0.0,0.9999999403953552,7.602871932022026e-08
1.0,0.0,1.0,1.0962570407002659e-08
1.0,0.0,0.9999998211860657,2.1525229954022507e-07
1.0,0.0,0.9999995827674866,3.619223889472778e-07
1.0,0.0,1.0,4.198442288272375e-11
1.0,0.0,0.9999975562095642,3.355529997861595e-06
1.0,0.0,1.0,1.5149430917637402e-13
1.0,0.0,1.0,7.634576526527326e-09
1.0,0.0,0.9999999403953552,5.561404137210957e-08
1.0,0.0,0.9999999403953552,1.2339066302047286e-07
1.0,0.0,0.9999984502792358,2.3220547973323846e-06
1.0,0.0,0.9999989867210388,1.295069750995026e-06
1.0,0.0,0.9999998807907104,2.0121512989135226e-07
1.0,0.0,0.9999998807907104,1.2799652893136226e-07
1.0,0.0,0.9999985098838806,2.0632746782212052e-06
1.0,0.0,0.9999996423721313,4.627172529581003e-07
1.0,0.0,0.9999997615814209,1.256353527878673e-07
1.0,0.0,0.9999996423721313,4.912178610538831e-07
1.0,0.0,0.999996542930603,4.357066700322321e-06
1.0,0.0,0.9999977350234985,2.840820798155619e-06
1.0,0.0,0.9999939799308777,7.705509233346675e-06
1.0,0.0,0.9997813105583191,0.0012452476657927036
1.0,0.0,0.9999980926513672,2.656057631611475e-06
1.0,0.0,0.9999983906745911,2.272339088449371e-06
1.0,0.0,0.9999856948852539,1.9910175979021005e-05
1.0,0.0,0.9999969601631165,3.80630990548525e-06
1.0,0.0,0.9999997019767761,4.7245904966075614e-07
1.0,0.0,0.9999998807907104,1.4713103269059502e-07
1.0,0.0,0.9999997019767761,4.538237305951043e-07
1.0,0.0,0.9999996423721313,5.516540113603696e-07
1.0,0.0,0.9999992251396179,1.1584046433199546e-06
1.0,0.0,0.9999999403953552,6.569302968273405e-08
1.0,0.0,0.999991774559021,1.0640197615430225e-05
1.0,0.0,0.9999998807907104,2.036256319115637e-07
1.0,0.0,0.9999998807907104,5.523663659801059e-08
1.0,0.0,0.9999938011169434,7.918184564914554e-06
1.0,0.0,0.9999988675117493,1.5345044630521443e-06
1.0,0.0,0.9999973177909851,3.3781018373701954e-06
1.0,0.0,0.9997550845146179,0.00028433543047867715
1.0,0.0,0.9999999403953552,7.688502279279419e-08
1.0,0.0,0.9999995231628418,6.253641799958132e-07
1.0,0.0,0.9999992847442627,1.0065519973068149e-06
1.0,0.0,1.0,2.3044774977165616e-08
1.0,0.0,0.9999999403953552,4.385977447896039e-08
1.0,0.0,0.999999463558197,7.498910008507664e-07
1.0,0.0,0.9999985694885254,2.1412877231341554e-06
1.0,0.0,0.9999999403953552,4.926810959204886e-08
1.0,0.0,0.9999996423721313,5.509242555490346e-07
1.0,0.0,0.9999998807907104,1.5616126347595127e-07
1.0,0.0,0.9999375343322754,6.769835454178974e-05
1.0,0.0,0.9999966621398926,4.353315944172209e-06
1.0,0.0,0.999995768070221,6.226977347978391e-06
1.0,0.0,1.0,3.3303726443278947e-09
1.0,0.0,0.9999990463256836,1.3270096133055631e-06
1.0,0.0,0.9999996423721313,5.654744654748356e-07
1.0,0.0,0.999997615814209,3.3325140975648537e-06
1.0,0.0,0.9999992847442627,1.0174915132665774e-06
1.0,0.0,0.9999945759773254,6.43582052362035e-06
1.0,0.0,1.0,4.269912068366466e-08
1.0,0.0,0.9999982118606567,2.379236548222252e-06
1.0,0.0,0.9999999403953552,8.836661180566807e-08
1.0,0.0,1.0,6.97822155615313e-09
1.0,0.0,0.9999998807907104,2.1759676371857495e-07
1.0,0.0,1.0,4.461387259624416e-09
1.0,0.0,0.9999879002571106,1.5803496353328228e-05
1.0,0.0,0.9999988079071045,1.566658852425462e-06
1.0,0.0,0.9999998211860657,2.566734735864884e-07
1.0,0.0,0.9999998807907104,1.2922623682243284e-07
1.0,0.0,0.9999998807907104,1.2544498417810246e-07
1.0,0.0,0.9999995231628418,6.472164386650547e-07
1.0,0.0,0.9999999403953552,1.1418302392485202e-07
1.0,0.0,0.9999999403953552,7.414097780156226e-08
1.0,0.0,1.0,1.3258334874421962e-08
1.0,0.0,0.9999999403953552,7.649300926004798e-08
1.0,0.0,0.9999982714653015,2.4535468128306093e-06
1.0,0.0,0.9999991655349731,9.535269782645628e-07
1.0,0.0,1.0,2.6293973220958833e-08
1.0,0.0,0.9999998211860657,2.6239095518576505e-07
1.0,0.0,0.9999999403953552,1.0971944419679858e-07
1.0,0.0,1.0,6.092208240161302e-15
1.0,0.0,0.9999999403953552,4.2674368927464457e-08
1.0,0.0,0.9999995231628418,7.592342399220797e-07
1.0,0.0,0.9999986886978149,1.754616050675395e-06
1.0,0.0,0.9999997019767761,4.3117691461702634e-07
1.0,0.0,0.999997079372406,3.492301402729936e-06
1.0,0.0,0.9999998807907104,1.3153042743851984e-07
1.0,0.0,0.9999998211860657,2.3084152189767337e-07
1.0,0.0,0.9999998211860657,2.2059467141843925e-07
1.0,0.0,0.9999774098396301,2.2785479814046994e-05
1.0,0.0,0.9999982714653015,2.1026789909228683e-06
1.0,0.0,1.0,1.0752926327128876e-09
1.0,0.0,0.9999999403953552,5.973711836304574e-08
1.0,0.0,0.9999909996986389,1.1617875316005666e-05
1.0,0.0,0.9999999403953552,1.039462773633204e-07
1.0,0.0,0.9999998807907104,1.6222615784045047e-07
1.0,0.0,0.9999976754188538,2.7687751753546763e-06
1.0,0.0,0.9999956488609314,5.695277195627568e-06
1.0,0.0,0.9999999403953552,9.619016339001973e-08
1.0,0.0,0.9999987483024597,1.562555439704738e-06
1.0,0.0,0.9999995231628418,6.112074970587855e-07
1.0,0.0,0.9999999403953552,9.18860223464435e-08
1.0,0.0,1.0,1.1447573555756207e-08
1.0,0.0,0.9999997615814209,3.080166948166152e-07
1.0,0.0,0.9999820590019226,2.3303929992835037e-05
1.0,0.0,0.9999999403953552,8.695911901668296e-08
1.0,0.0,1.0,3.3322866244134275e-08
1.0,0.0,0.9999979138374329,2.8726715299853822e-06
1.0,0.0,0.9999875426292419,1.7201035007019527e-05
1.0,0.0,0.9999998211860657,2.964363545743254e-07
1.0,0.0,1.0,1.133818461340752e-08
1.0,0.0,0.999999463558197,7.524828902205627e-07
1.0,0.0,0.9999995231628418,7.667602517358318e-07
1.0,0.0,0.9999975562095642,3.422298732402851e-06
1.0,0.0,0.9999998807907104,1.3928810460583918e-07
1.0,0.0,1.0,4.752945541482145e-13
1.0,0.0,0.9999998807907104,1.4388703561962757e-07
1.0,0.0,0.9999990463256836,1.3916213674747269e-06
1.0,0.0,1.0,3.93130967779598e-08
1.0,0.0,0.9999989867210388,1.3872672752768267e-06
1.0,0.0,0.9999996423721313,4.987916213394783e-07
1.0,0.0,0.9999997615814209,3.1299856573241414e-07
1.0,0.0,0.9999985694885254,1.930913413161761e-06
1.0,0.0,0.9998894333839417,0.00012169624824309722
1.0,0.0,0.9999988675117493,1.6118239045681548e-06
1.0,0.0,0.9999998807907104,1.3857342651135696e-07
1.0,0.0,0.9999986886978149,1.8419091247778852e-06
1.0,0.0,0.9999988079071045,1.5556504422420403e-06
1.0,0.0,0.9999997615814209,3.518043740768917e-07
1.0,0.0,0.9999991655349731,1.1309790579616674e-06
1.0,0.0,0.9999996423721313,4.1282089568994706e-07
1.0,0.0,0.9999998807907104,1.5836998557006154e-07
1.0,0.0,0.9999998211860657,2.6733354729913117e-07
1.0,0.0,0.9999998211860657,2.955902971280011e-07
1.0,0.0,0.9999986886978149,1.7156321518996265e-06
1.0,0.0,0.9999999403953552,4.9488210862591586e-08
1.0,0.0,0.9999998211860657,2.2867472182497295e-07
1.0,0.0,0.9999948143959045,7.2801085480023175e-06
1.0,0.0,0.9999995231628418,6.434045758396678e-07
1.0,0.0,0.9999998807907104,1.7330886237232335e-07
1.0,0.0,1.0,2.0998844617358195e-15
1.0,0.0,0.9999988079071045,1.726957179926103e-06
1.0,0.0,0.9999979734420776,2.939283149316907e-06
1.0,0.0,0.9997021555900574,0.0011896808864548802
1.0,0.0,0.9999999403953552,6.297401711208295e-08
1.0,0.0,0.9999985694885254,1.9374820112716407e-06
1.0,0.0,0.9999945163726807,6.423685590561945e-06
1.0,0.0,0.9999992847442627,1.0111692745340406e-06
1.0,0.0,0.999998927116394,1.4991951502452139e-06
1.0,0.0,0.9999991059303284,1.089830334422004e-06
1.0,0.0,0.9999945163726807,8.05209310783539e-06
1.0,0.0,0.9999123215675354,0.0004383837222121656
1.0,0.0,0.9999998807907104,1.7608341806862882e-07
1.0,0.0,0.9999996423721313,5.07288518747373e-07
1.0,0.0,0.9999973773956299,3.5653431496029953e-06
1.0,0.0,1.0,3.775498580438352e-09
1.0,0.0,0.999994158744812,6.9875522967777215e-06
1.0,0.0,1.0,6.563364074452238e-09
1.0,0.0,0.9999997019767761,4.295041264867905e-07
1.0,0.0,1.0,5.097475330728685e-09
1.0,0.0,1.0,3.151757965724755e-08
1.0,0.0,1.0,3.157185091140491e-08
1.0,0.0,1.0,3.5148167709664335e-10
1.0,0.0,0.9999963045120239,4.495168013818329e-06
1.0,0.0,0.9999914765357971,1.0164937521039974e-05
1.0,0.0,0.9999989867210388,1.4248360002966365e-06
1.0,0.0,0.9999995231628418,3.8703973359588417e-07
1.0,0.0,0.9999999403953552,1.04147112267583e-07
1.0,0.0,0.9999998807907104,1.3350326355521247e-07
1.0,0.0,0.9999967813491821,4.288543550501345e-06
1.0,0.0,1.0,8.02736099814183e-10
1.0,0.0,0.9999995827674866,6.107302397140302e-07
1.0,0.0,0.9999967217445374,4.2448464228073135e-06
1.0,0.0,0.9999988675117493,1.6076178326329682e-06
1.0,0.0,0.9999997615814209,3.497096940918709e-07
1.0,0.0,0.9999999403953552,1.0947925233040223e-07
1.0,0.0,0.9999988675117493,1.6542273897357518e-06
1.0,0.0,1.0,3.06134895211585e-09
1.0,0.0,1.0,2.990075387288016e-08
1.0,0.0,0.9999995827674866,6.155437972665823e-07
1.0,0.0,0.999989926815033,1.279557454836322e-05
1.0,0.0,0.9999999403953552,7.401014556762675e-08
1.0,0.0,0.9999992251396179,1.0421572369523346e-06
1.0,0.0,0.9999988079071045,1.7395110489815124e-06
1.0,0.0,0.9999982714653015,2.4265261799882865e-06
1.0,0.0,0.9999945163726807,7.066118087095674e-06
1.0,0.0,0.9999999403953552,5.994061780256743e-08
1.0,0.0,0.9999999403953552,7.270224244848578e-08
1.0,0.0,0.9999999403953552,4.598797431754065e-08
1.0,0.0,0.9999927878379822,9.935312846209854e-06
1.0,0.0,1.0,6.458922285901281e-09
1.0,0.0,0.9999985098838806,1.986401457543252e-06
1.0,0.0,0.9999665021896362,3.766811641980894e-05
1.0,0.0,0.9999988675117493,1.556524466650444e-06
1.0,0.0,1.0,2.224622264179743e-08
1.0,0.0,0.9999991655349731,1.1943707249884028e-06
1.0,0.0,1.0,8.055878630841562e-09
1.0,0.0,0.9999998211860657,2.7030918658965675e-07
1.0,0.0,0.9999999403953552,1.5655276186521405e-08
1.0,0.0,1.0,4.9268655821776974e-09
1.0,0.0,1.0,3.143737004052127e-08
1.0,0.0,1.0,4.071161316431232e-20
1.0,0.0,1.0,1.0638887548708453e-09
1.0,0.0,0.9999872446060181,1.6925980162341148e-05
1.0,0.0,0.9999632239341736,4.3642674427246675e-05
1.0,0.0,0.9999998807907104,4.6514976759226556e-08
1.0,0.0,0.9999962449073792,4.840659130422864e-06
1.0,0.0,0.9999996423721313,5.261109663479147e-07
1.0,0.0,0.9999999403953552,8.049156008382852e-08
1.0,0.0,0.9999991059303284,1.2795923112207674e-06
1.0,0.0,0.9999991059303284,1.0627544497765484e-06
1.0,0.0,0.9999988675117493,1.5284375649571302e-06
1.0,0.0,0.9999977946281433,3.1306287837651325e-06
1.0,0.0,0.9999955296516418,5.6051098908938e-06
1.0,0.0,0.999999463558197,7.30947590454889e-07
1.0,0.0,0.9073150753974915,0.07645085453987122
1.0,0.0,0.9999974370002747,3.174492803736939e-06
1.0,0.0,0.9999999403953552,1.5271634623559294e-08
1.0,0.0,0.9999945759773254,7.3565020102250855e-06
1.0,0.0,0.9999977946281433,2.9306847864063457e-06
1.0,0.0,1.0,2.8798853080047593e-08
1.0,0.0,0.9999991655349731,1.2307327779126354e-06
1.0,0.0,0.9999952912330627,6.177352133818204e-06
1.0,0.0,0.9999997019767761,3.682552005557227e-07
1.0,0.0,0.9999997615814209,2.992506153987051e-07
1.0,0.0,0.9999988675117493,1.5143983773668879e-06
1.0,0.0,0.9999997615814209,3.607115388604143e-07
1.0,0.0,0.9999935030937195,7.826740329619497e-06
1.0,0.0,0.9999998211860657,2.7990651574327785e-07
1.0,0.0,0.9999995827674866,5.795493507321225e-07
1.0,0.0,0.9999997019767761,4.2777210751410166e-07
1.0,0.0,0.9999997615814209,3.5195202485738264e-07
1.0,0.0,0.9999999403953552,8.114112404200569e-08
1.0,0.0,1.0,4.73086625429886e-10
1.0,0.0,0.9999982714653015,2.00396016225568e-06
1.0,0.0,0.9999994039535522,8.483773399348138e-07
1.0,0.0,0.9999998807907104,1.4478271737061732e-07
1.0,0.0,1.0,2.0283856816405432e-09
1.0,0.0,0.9999998807907104,1.4360902866883407e-07
1.0,0.0,0.9999993443489075,9.04887826891354e-07
1.0,0.0,0.9999996423721313,5.10417123678053e-07
1.0,0.0,0.9999998807907104,1.554874842213394e-07
1.0,0.0,1.0,3.0117455196432275e-08
1.0,0.0,0.9999481439590454,6.41127408016473e-05
1.0,0.0,0.9999997615814209,3.448442384978989e-07
1.0,0.0,0.9999999403953552,4.616602566898109e-08
1.0,0.0,0.9999964833259583,4.8189649533014745e-06
1.0,0.0,0.9999998807907104,1.62121295943507e-07
1.0,0.0,0.9999999403953552,1.203336239541386e-07
1.0,0.0,0.9999997615814209,3.4592034126035287e-07
1.0,0.0,0.999997079372406,3.6065687254449585e-06
1.0,0.0,1.0,2.6138611674414447e-12
1.0,0.0,0.9999964833259583,4.9212844714929815e-06
1.0,0.0,0.9999992847442627,9.857711802396807e-07
1.0,0.0,0.9999998807907104,2.0088840813059505e-07
1.0,0.0,0.9999978542327881,3.2581463074166095e-06
1.0,0.0,0.9999992251396179,1.1351824014127487e-06
1.0,0.0,0.9999997019767761,4.39792273709827e-07
1.0,0.0,0.9999991655349731,1.2240537898833281e-06
1.0,0.0,0.9999979138374329,2.942107130365912e-06
1.0,0.0,0.9999998807907104,1.7978901212245546e-07
1.0,0.0,0.9999998807907104,1.28169489244101e-07
1.0,0.0,0.999999463558197,7.648073960808688e-07
1.0,0.0,0.9999960660934448,5.484612302097958e-06
1.0,0.0,0.9999960660934448,5.026490271120565e-06
1.0,0.0,0.9999999403953552,1.0059265065365253e-07
1.0,0.0,0.9999923706054688,1.0374577868788037e-05
1.0,0.0,0.9999988079071045,1.7271399883611593e-06
1.0,0.0,0.9999920725822449,1.0085141184390523e-05
1.0,0.0,0.999998152256012,2.5592537440388696e-06
1.0,0.0,1.0,4.464519420821489e-09
1.0,0.0,0.9999983906745911,2.127225343429018e-06
1.0,0.0,0.9999998807907104,1.72454974745051e-07
1.0,0.0,0.9999998807907104,2.1646026482358138e-07
1.0,0.0,0.9999997615814209,3.3870074389596994e-07
1.0,0.0,0.9999993443489075,9.033849437400931e-07
1.0,0.0,0.9999971389770508,3.545308118191315e-06
1.0,0.0,0.9999999403953552,5.630588972849182e-08
1.0,0.0,0.9999998211860657,2.406200394489133e-07
1.0,0.0,0.999993622303009,8.947474270826206e-06
1.0,0.0,0.999998927116394,1.396276843479427e-06
1.0,0.0,0.9999997019767761,4.2035884462165996e-07
1.0,0.0,0.999999463558197,7.088974030011741e-07
1.0,0.0,0.9999998807907104,1.5362765282134205e-07
1.0,0.0,1.0,1.1288123324959543e-08
1.0,0.0,0.9999508261680603,5.959521513432264e-05
1.0,0.0,0.9999473690986633,6.122443301137537e-05
1.0,0.0,0.9999995231628418,7.748395773887751e-07
1.0,0.0,1.0,1.0172133357855273e-08
1.0,0.0,1.0,3.3538579913283684e-08
1.0,0.0,0.9999989867210388,1.445245061404421e-06
1.0,0.0,0.9999997019767761,4.206544019780267e-07
1.0,0.0,0.9999995231628418,7.061605629132828e-07
1.0,0.0,0.9999980330467224,2.529731773392996e-06
1.0,0.0,0.9999996423721313,5.522625201592746e-07
1.0,0.0,1.0,1.4843420714782951e-08
1.0,0.0,0.9999997615814209,3.8271997482297593e-07
1.0,0.0,0.9999994039535522,8.268458486782038e-07
1.0,0.0,0.9999977350234985,2.9572329367510974e-06
1.0,0.0,0.9999999403953552,8.291321051956402e-08
1.0,0.0,0.9999921321868896,9.924621735990513e-06
1.0,0.0,0.9999931454658508,7.52673004171811e-05
1.0,0.0,0.9999996423721313,5.60187402243173e-07
1.0,0.0,0.9999905228614807,1.2756000614899676e-05
1.0,0.0,0.9999998211860657,2.3280540517589543e-07
1.0,0.0,0.9999985098838806,2.1670409751095576e-06
1.0,0.0,1.0,3.61676981697201e-08
1.0,0.0,1.0,2.103258900376659e-08
1.0,0.0,0.9999940395355225,8.169344255293254e-06
1.0,0.0,0.9999977946281433,3.1380029668071074e-06
1.0,0.0,0.9999998211860657,2.572577102455398e-07
1.0,0.0,1.0,2.368404951325065e-12
1.0,0.0,0.9999988675117493,1.5955652088450734e-06
1.0,0.0,0.9999998211860657,2.811057413509843e-07
1.0,0.0,0.9999997019767761,3.837828330688353e-07
1.0,0.0,0.9999998211860657,2.398296601313632e-07
1.0,0.0,0.9999998807907104,1.5523457363997295e-07
1.0,0.0,0.9999991655349731,1.0562514489720343e-06
1.0,0.0,0.999998927116394,1.611753191355092e-06
1.0,0.0,0.9999994039535522,8.166417160282435e-07
1.0,0.0,1.0,2.114892794224943e-08
1.0,0.0,0.999999463558197,7.37804725758906e-07
1.0,0.0,0.9999997615814209,3.279217821727798e-07
1.0,0.0,0.9999995231628418,6.13510167113418e-07
1.0,0.0,0.9999998807907104,1.850395534575e-07
1.0,0.0,0.9999995827674866,5.982845436847128e-07
1.0,0.0,0.9999939799308777,7.261525297508342e-06
1.0,0.0,0.9999996423721313,5.326736527422327e-07
1.0,0.0,1.0,1.824772688507892e-08
1.0,0.0,0.9999867081642151,1.7045249478542246e-05
1.0,0.0,0.9999988079071045,1.7501955653642653e-06
1.0,0.0,0.9999799132347107,2.6060659365612082e-05
1.0,0.0,1.0,9.494608654847525e-09
1.0,0.0,1.0,7.47118988897455e-09
1.0,0.0,1.0,1.8381797417532653e-08
1.0,0.0,0.9999991059303284,1.2606710697582457e-06
1.0,0.0,0.9999997019767761,4.2570349023662857e-07
1.0,0.0,0.9999662041664124,3.6360554076964036e-05
1.0,0.0,0.9999809861183167,2.458792005199939e-05
1.0,0.0,0.9999995231628418,6.890633130751667e-07
1.0,0.0,0.999999463558197,7.971028708197991e-07
1.0,0.0,1.0,2.7271719105215197e-08
1.0,0.0,0.9999997019767761,3.765666178878746e-07
1.0,0.0,0.9999995231628418,7.447538905580586e-07
1.0,0.0,1.0,2.9753390862197193e-09
1.0,0.0,0.999989926815033,1.4306213415693492e-05
1.0,0.0,0.9999996423721313,5.416737849373021e-07
1.0,0.0,0.9999216794967651,8.24272574391216e-05
1.0,0.0,0.9999826550483704,2.2478228856925853e-05
1.0,0.0,0.9999999403953552,1.3119317543441866e-07
1.0,0.0,0.9999549388885498,4.405963409226388e-05
1.0,0.0,0.9999998807907104,1.5190778412943473e-07
1.0,0.0,1.0,1.401248450605408e-09
1.0,0.0,0.9999999403953552,1.26066936445568e-07
1.0,0.0,0.9999998211860657,2.644592598244344e-07
1.0,0.0,0.9999999403953552,1.2342032107426348e-07
1.0,0.0,0.9999999403953552,7.916086985915172e-08
1.0,0.0,0.9999995231628418,6.855499918856367e-07
1.0,0.0,0.9999998807907104,2.161951613288693e-07
1.0,0.0,0.9999998807907104,2.0326862681940838e-07
1.0,0.0,0.9999991059303284,1.1859954156534513e-06
1.0,0.0,0.9999998211860657,1.9872264545028884e-07
1.0,0.0,0.9999984502792358,2.0631487132050097e-06
1.0,0.0,0.9999996423721313,5.264522542347549e-07
1.0,0.0,0.999999463558197,7.108077966222481e-07
1.0,0.0,0.9999998807907104,1.8244514876641915e-07
1.0,0.0,0.9999991059303284,1.3458246712616528e-06
1.0,0.0,1.0,1.9740877821305958e-09
1.0,0.0,0.9999961256980896,5.524039806914516e-06
1.0,0.0,1.0,2.003148980023184e-09
1.0,0.0,0.9999998211860657,3.1147277468335233e-07
1.0,0.0,0.9999998211860657,2.508194825168175e-07
1.0,0.0,1.0,2.829375489454833e-08
1.0,0.0,0.9999756813049316,2.7956260964856483e-05
1.0,0.0,0.9999997615814209,3.24501911563857e-07
1.0,0.0,0.9999986290931702,9.167024472844787e-07
1.0,0.0,0.9999999403953552,9.432878300685843e-08
1.0,0.0,0.9999999403953552,1.0552520990358971e-07
1.0,0.0,0.9999997019767761,3.8982801697784453e-07
1.0,0.0,0.9999998211860657,2.2481920325390092e-07
1.0,0.0,0.9999987483024597,1.884914240690705e-06
1.0,0.0,0.9999994039535522,8.466234930892824e-07
1.0,0.0,0.9999993443489075,8.446911579085281e-07
1.0,0.0,1.0,4.441326646731358e-12
1.0,0.0,0.9999995827674866,5.614592737401836e-07
1.0,0.0,0.9999908208847046,1.1723855095624458e-05
1.0,0.0,1.0,0.0
1.0,0.0,0.9999968409538269,4.072054707648931e-06
1.0,0.0,0.9999998211860657,2.271393668706878e-07
1.0,0.0,0.9999997615814209,3.2411898587270116e-07
1.0,0.0,0.9999973177909851,3.27081738760171e-06
1.0,0.0,0.9999995231628418,6.883526566525688e-07
1.0,0.0,0.9999996423721313,5.167022436580737e-07
1.0,0.0,1.0,1.3343016469491431e-08
1.0,0.0,0.999994158744812,7.4159252108074725e-06
0.0,1.0,3.40399743947728e-08,1.0
0.0,1.0,2.087500637060753e-27,1.0
0.0,1.0,3.4041793384176344e-08,1.0
0.0,1.0,3.404270287887812e-08,1.0
0.0,1.0,3.420150562760682e-08,1.0
0.0,1.0,3.5639313722413135e-08,0.9999999403953552
0.0,1.0,3.4235050350162055e-08,1.0
0.0,1.0,3.411940596720342e-08,1.0
0.0,1.0,3.416590388383156e-08,1.0
0.0,1.0,3.4106978574754976e-08,1.0
0.0,1.0,3.40708936619194e-08,1.0
0.0,1.0,3.407017956646996e-08,1.0
0.0,1.0,0.0,1.0
0.0,1.0,3.4462189546502486e-08,1.0
0.0,1.0,3.40446497659741e-08,1.0
0.0,1.0,2.6017594975930654e-31,1.0
0.0,1.0,3.4096053980192664e-08,1.0
0.0,1.0,3.4062317411098775e-08,1.0
0.0,1.0,3.4050493979975727e-08,1.0
0.0,1.0,3.403491177778051e-08,1.0
0.0,1.0,3.401985537720975e-08,1.0
0.0,1.0,0.0,1.0
0.0,1.0,3.404906578907685e-08,1.0
0.0,1.0,3.4054586706133705e-08,1.0
0.0,1.0,0.0,1.0
0.0,1.0,3.410541893344998e-08,1.0
0.0,1.0,3.4050234631877174e-08,1.0
0.0,1.0,3.40995001124611e-08,1.0
0.0,1.0,3.4203591070536277e-08,1.0
0.0,1.0,3.4077654476050157e-08,1.0
0.0,1.0,4.614456349173084e-15,1.0
0.0,1.0,3.405302706482871e-08,1.0
0.0,1.0,3.4033678986133964e-08,1.0
0.0,1.0,3.405374116027815e-08,1.0
0.0,1.0,3.406309900810811e-08,1.0
0.0,1.0,0.0,1.0
0.0,1.0,3.413346760794411e-08,1.0
0.0,1.0,3.4095663181687996e-08,1.0
0.0,1.0,3.404977988452629e-08,1.0
0.0,1.0,3.405582305049393e-08,1.0
0.0,1.0,3.434649897826603e-08,1.0
0.0,1.0,1.986677862357675e-35,1.0
0.0,1.0,3.427895833851835e-08,1.0
0.0,1.0,3.404387172167844e-08,1.0
0.0,1.0,3.4039455698575694e-08,1.0
0.0,1.0,3.4061407916397e-08,1.0
0.0,1.0,0.0,1.0
0.0,1.0,3.403406623192495e-08,1.0
0.0,1.0,3.4106655277810205e-08,1.0
0.0,1.0,3.406270820960344e-08,1.0
0.0,1.0,3.4076418131689934e-08,1.0
0.0,1.0,2.710623105275555e-35,1.0
0.0,1.0,3.4069334020614406e-08,1.0
0.0,1.0,3.407154380852262e-08,1.0
0.0,1.0,3.476223753295926e-08,1.0
0.0,1.0,3.425294892167585e-08,1.0
0.0,1.0,3.4081423905263364e-08,1.0
0.0,1.0,3.416336369355122e-08,1.0
0.0,1.0,3.403594917017472e-08,1.0
0.0,1.0,3.6028616534622415e-08,0.9999999403953552
0.0,1.0,3.407856397075193e-08,1.0
0.0,1.0,3.41187558206002e-08,1.0
0.0,1.0,3.446383445293577e-08,1.0
0.0,1.0,3.405283166557638e-08,1.0
0.0,1.0,3.404270287887812e-08,1.0
0.0,1.0,3.406510984405031e-08,1.0
0.0,1.0,3.4385568170591796e-08,1.0
0.0,1.0,3.4296419926249655e-08,1.0
0.0,1.0,3.4066282239564316e-08,1.0
0.0,1.0,2.55762870687393e-28,1.0
0.0,1.0,3.414479721186581e-08,1.0
0.0,1.0,0.0,1.0
0.0,1.0,3.4091371503564005e-08,1.0
0.0,1.0,3.409390814113067e-08,1.0
0.0,1.0,3.404426252018311e-08,1.0
0.0,1.0,3.404698745157475e-08,1.0
0.0,1.0,3.412890947629421e-08,1.0
0.0,1.0,3.412624138832143e-08,1.0
0.0,1.0,3.438182716308802e-08,1.0
0.0,1.0,3.4146228955478364e-08,1.0
0.0,1.0,3.41436248163518e-08,1.0
0.0,1.0,3.414414706526259e-08,1.0
0.0,1.0,3.4110946955934196e-08,1.0
0.0,1.0,4.6516405203730597e-38,1.0
0.0,1.0,2.609113267807804e-24,1.0
0.0,1.0,3.4190417608215284e-08,1.0
0.0,1.0,3.4076418131689934e-08,1.0
0.0,1.0,3.408649362768301e-08,1.0
0.0,1.0,1.218437088003245e-34,1.0
0.0,1.0,3.4118237124403095e-08,1.0
0.0,1.0,3.4077718424896375e-08,1.0
0.0,1.0,3.413229521243011e-08,1.0
0.0,1.0,3.4116283131879754e-08,1.0
0.0,1.0,3.405945747658734e-08,1.0
0.0,1.0,3.405809323453468e-08,1.0
0.0,1.0,3.4686667760297496e-08,1.0
0.0,1.0,3.406036697128911e-08,1.0
0.0,1.0,3.409195770132101e-08,1.0
0.0,1.0,3.407862791959815e-08,1.0
0.0,1.0,3.4042116681121115e-08,1.0
0.0,1.0,3.4080059663210704e-08,1.0
0.0,1.0,3.4092931144869e-08,1.0
0.0,1.0,3.4061017117892334e-08,1.0
0.0,1.0,3.4114265190510196e-08,1.0
0.0,1.0,3.463239295342646e-08,1.0
0.0,1.0,3.406491799751166e-08,1.0
0.0,1.0,3.4105028134945314e-08,1.0
0.0,1.0,0.0,1.0
0.0,1.0,3.407726367754549e-08,1.0
0.0,1.0,3.403659931677794e-08,1.0
0.0,1.0,3.406472259825932e-08,1.0
0.0,1.0,3.405783388643613e-08,1.0
0.0,1.0,3.4050884778480395e-08,1.0
0.0,1.0,3.411042825973709e-08,1.0
0.0,1.0,3.407980031511215e-08,1.0
0.0,1.0,3.4214878041893826e-08,1.0
0.0,1.0,3.4717182018084713e-08,1.0
0.0,1.0,3.411700078004287e-08,1.0
0.0,1.0,3.406069382094756e-08,1.0
0.0,1.0,3.4052572317477825e-08,1.0
0.0,1.0,3.412656823797988e-08,1.0
0.0,1.0,3.405263981903772e-08,1.0
0.0,1.0,3.409156690281634e-08,1.0
0.0,1.0,0.0,1.0
0.0,1.0,3.5206504378493264e-08,0.9999999403953552
0.0,1.0,3.406725568311231e-08,1.0
0.0,1.0,3.233617966109899e-18,1.0
0.0,1.0,3.412799998159244e-08,1.0
0.0,1.0,3.416212379647732e-08,1.0
0.0,1.0,3.4132426662836224e-08,1.0
0.0,1.0,3.4061343967550783e-08,1.0
0.0,1.0,3.405114412657895e-08,1.0
0.0,1.0,3.412825932969099e-08,1.0
0.0,1.0,3.4163299744705e-08,1.0
0.0,1.0,0.0,1.0
0.0,1.0,3.403582127248228e-08,1.0
0.0,1.0,3.415294003161762e-08,1.0
0.0,1.0,3.4072975552135176e-08,1.0
0.0,1.0,3.4093517342626e-08,1.0
0.0,1.0,3.430034567486473e-08,1.0
0.0,1.0,3.409995485981199e-08,1.0
0.0,1.0,3.410392324099121e-08,1.0
0.0,1.0,3.4133663007196446e-08,1.0
0.0,1.0,3.403316028993686e-08,1.0
0.0,1.0,3.409390814113067e-08,1.0
0.0,1.0,1.483448949888156e-14,1.0
0.0,1.0,3.433346407177851e-08,1.0
0.0,1.0,3.4261439907368185e-08,1.0
0.0,1.0,4.899765571053649e-08,0.9999999403953552
0.0,1.0,3.411172855294353e-08,1.0
0.0,1.0,3.499941669815598e-08,0.9999999403953552
0.0,1.0,3.404296222697667e-08,1.0
0.0,1.0,3.5209726689799936e-08,0.9999999403953552
0.0,1.0,3.4089353562194447e-08,1.0
0.0,1.0,3.409559923284178e-08,1.0
0.0,1.0,3.4092344947111997e-08,1.0
0.0,1.0,3.441502727241641e-08,1.0
0.0,1.0,3.435803108686741e-08,1.0
0.0,1.0,3.4100345658316655e-08,1.0
0.0,1.0,3.406153936680312e-08,1.0
0.0,1.0,3.4164081341714336e-08,1.0
0.0,1.0,3.421292049665681e-08,1.0
0.0,1.0,3.4228914813638767e-08,1.0
0.0,1.0,3.409397208997689e-08,1.0
0.0,1.0,3.42974679767849e-08,1.0
0.0,1.0,3.404153403607779e-08,1.0
0.0,1.0,3.4075377186582045e-08,1.0
0.0,1.0,1.5920360921606873e-26,1.0
0.0,1.0,3.4124223446951873e-08,1.0
0.0,1.0,0.0,1.0
0.0,1.0,0.0,1.0
0.0,1.0,0.0,1.0
0.0,1.0,0.0,1.0
0.0,1.0,3.475421550547253e-08,1.0
0.0,1.0,0.0,1.0
0.0,1.0,1.7503025864163433e-36,1.0
0.0,1.0,3.403776815957826e-08,1.0
0.0,1.0,3.4190417608215284e-08,1.0
0.0,1.0,3.4260526859952734e-08,1.0
0.0,1.0,3.360485223424803e-08,1.0
0.0,1.0,3.407524928888961e-08,1.0
0.0,1.0,3.419419769556953e-08,1.0
0.0,1.0,5.23888444802723e-31,1.0
0.0,1.0,8.567790142245267e-16,1.0
0.0,1.0,3.4139652882458904e-08,1.0
0.0,1.0,3.4344402877195535e-08,1.0
0.0,1.0,3.417124716520448e-08,1.0
0.0,1.0,3.410580973195465e-08,1.0
0.0,1.0,1.1622551454593122e-07,0.9999999403953552
0.0,1.0,3.405945747658734e-08,1.0
0.0,1.0,3.4059588926993456e-08,1.0
0.0,1.0,3.408863946674501e-08,1.0
0.0,1.0,3.509648038857449e-08,0.9999999403953552
0.0,1.0,4.002569666346938e-22,1.0
0.0,1.0,3.414414706526259e-08,1.0
0.0,1.0,0.0,1.0
0.0,1.0,0.0,1.0
0.0,1.0,6.799689390128152e-32,1.0
0.0,1.0,3.428987938036698e-08,1.0
0.0,1.0,3.404159798492401e-08,1.0
0.0,1.0,3.407992821280459e-08,1.0
0.0,1.0,9.969851362257032e-07,0.9999991655349731
0.0,1.0,3.4050170683030956e-08,1.0
0.0,1.0,3.245604132673385e-11,1.0
0.0,1.0,5.9296660463725726e-12,1.0
0.0,1.0,3.4111337754438864e-08,1.0
0.0,1.0,0.0,1.0
0.0,1.0,1.377285101356149e-15,1.0
0.0,1.0,3.408421989092858e-08,1.0
0.0,1.0,0.0,1.0
0.0,1.0,3.4257585213026687e-08,1.0
0.0,1.0,3.4043093677382785e-08,1.0
0.0,1.0,3.4286674832628705e-08,1.0
0.0,1.0,3.400512937901112e-08,1.0
0.0,1.0,1.4465049543382578e-19,1.0
0.0,1.0,3.397997261345154e-08,1.0
0.0,1.0,3.399403780690591e-08,1.0
0.0,1.0,3.400253234531192e-08,1.0
0.0,1.0,3.396649361775417e-08,1.0
0.0,1.0,3.399935621928307e-08,1.0
0.0,1.0,3.3990342984679955e-08,1.0
0.0,1.0,3.399766868028564e-08,1.0
0.0,1.0,3.40120038799796e-08,1.0
0.0,1.0,3.400707271339343e-08,1.0
0.0,1.0,9.80866499133981e-11,1.0
0.0,1.0,3.398541537080746e-08,1.0
0.0,1.0,3.39806831561873e-08,1.0
0.0,1.0,3.403757276032593e-08,1.0
0.0,1.0,3.3978611924112556e-08,1.0
0.0,1.0,3.397187242626387e-08,1.0
0.0,1.0,3.3970380286518775e-08,1.0
0.0,1.0,3.397063963461733e-08,1.0
0.0,1.0,3.9040035946095806e-24,1.0
0.0,1.0,3.4007463511898095e-08,1.0
0.0,1.0,3.398820425104532e-08,1.0
0.0,1.0,3.451231478379668e-08,1.0
0.0,1.0,3.402400849950027e-08,1.0
0.0,1.0,3.397569514618226e-08,1.0
0.0,1.0,3.399222237021604e-08,1.0
0.0,1.0,3.399527059855245e-08,1.0
0.0,1.0,3.465849474082461e-08,1.0
0.0,1.0,3.398340808757894e-08,1.0
0.0,1.0,3.404906578907685e-08,1.0
0.0,1.0,3.3998514226141197e-08,1.0
0.0,1.0,3.3974917101886604e-08,1.0
0.0,1.0,3.39778338798169e-08,1.0
0.0,1.0,3.775204570542656e-35,1.0
0.0,1.0,3.402601933544247e-08,1.0
0.0,1.0,3.4001949700268597e-08,1.0
0.0,1.0,3.39709629315621e-08,1.0
0.0,1.0,3.4007786808842866e-08,1.0
0.0,1.0,3.395386372062603e-08,1.0
0.0,1.0,3.4036990115282606e-08,1.0
0.0,1.0,3.397647319047792e-08,1.0
0.0,1.0,3.395431491526324e-08,1.0
0.0,1.0,3.398742620674966e-08,1.0
0.0,1.0,3.4060953169046115e-08,1.0
0.0,1.0,2.3642615643026943e-12,1.0
0.0,1.0,3.4005775972900665e-08,1.0
0.0,1.0,3.404737825007942e-08,1.0
0.0,1.0,3.3986260916663014e-08,1.0
0.0,1.0,3.39797772141992e-08,1.0
0.0,1.0,3.4154371775230175e-08,1.0
0.0,1.0,3.397459380494183e-08,1.0
0.0,1.0,3.397051173692489e-08,1.0
0.0,1.0,3.400558057364833e-08,1.0
0.0,1.0,6.372050109781924e-11,1.0
0.0,1.0,3.4005712024054446e-08,1.0
0.0,1.0,3.402848491873556e-08,1.0
0.0,1.0,3.39875541044421e-08,1.0
0.0,1.0,3.398152870204285e-08,1.0
0.0,1.0,3.399695813754988e-08,1.0
0.0,1.0,3.399870607267985e-08,1.0
0.0,1.0,3.400078441018195e-08,1.0
0.0,1.0,3.3979322466848316e-08,1.0
0.0,1.0,3.515912538887278e-08,0.9999999403953552
0.0,1.0,3.399287251681926e-08,1.0
0.0,1.0,3.397601844312703e-08,1.0
0.0,1.0,3.3983472036425155e-08,1.0
0.0,1.0,3.397251902015341e-08,1.0
0.0,1.0,5.740502691253813e-12,1.0
0.0,1.0,0.0,1.0
0.0,1.0,3.3964873580316635e-08,1.0
0.0,1.0,3.3988268199891536e-08,1.0
0.0,1.0,3.4428158102173256e-08,1.0
0.0,1.0,3.399598469400189e-08,1.0
0.0,1.0,3.3997928028384194e-08,1.0
0.0,1.0,0.0,1.0
0.0,1.0,3.399189907327127e-08,1.0
0.0,1.0,3.400318249191514e-08,1.0
0.0,1.0,3.397394365833861e-08,1.0
0.0,1.0,3.4363800693881785e-08,1.0
0.0,1.0,3.3027187488269647e-34,1.0
0.0,1.0,3.404666415462998e-08,1.0
0.0,1.0,3.396824155288414e-08,1.0
0.0,1.0,3.399222237021604e-08,1.0
0.0,1.0,3.52120785862553e-08,0.9999999403953552
0.0,1.0,3.5209120775175906e-12,1.0
0.0,1.0,3.39950112504539e-08,1.0
0.0,1.0,3.3968955648333576e-08,1.0
0.0,1.0,3.399390990921347e-08,1.0
0.0,1.0,3.397427050799706e-08,1.0
0.0,1.0,3.398677961286012e-08,1.0
0.0,1.0,3.394952230451054e-08,1.0
0.0,1.0,3.397575909502848e-08,1.0
0.0,1.0,5.516041182845877e-12,1.0
0.0,1.0,3.407557258583438e-08,1.0
0.0,1.0,3.396642966890795e-08,1.0
0.0,1.0,3.400039361167728e-08,1.0
0.0,1.0,3.399488335276146e-08,1.0
0.0,1.0,3.39881403021991e-08,1.0
0.0,1.0,3.398327663717282e-08,1.0
0.0,1.0,3.40039605362108e-08,1.0
0.0,1.0,3.399014758542762e-08,1.0
0.0,1.0,3.400415593546313e-08,1.0
0.0,1.0,3.396856840254259e-08,1.0
0.0,1.0,3.397822112560789e-08,1.0
0.0,1.0,3.4016998995411996e-08,1.0
0.0,1.0,3.401479276021746e-08,1.0
0.0,1.0,0.0,1.0
0.0,1.0,3.3984445479973147e-08,1.0
0.0,1.0,3.39778338798169e-08,1.0
0.0,1.0,3.399942016812929e-08,1.0
0.0,1.0,3.3972778368251966e-08,1.0
0.0,1.0,0.0,1.0
0.0,1.0,3.397848047370644e-08,1.0
0.0,1.0,3.405646964438347e-08,1.0
0.0,1.0,3.4064331799754655e-08,1.0
0.0,1.0,3.400908354933563e-08,1.0
0.0,1.0,3.400363723926603e-08,1.0
0.0,1.0,3.397031633767256e-08,1.0
0.0,1.0,3.3995465997804786e-08,1.0
0.0,1.0,3.3978352576014004e-08,1.0
0.0,1.0,3.400389658736458e-08,1.0
0.0,1.0,3.3969733692629234e-08,1.0
0.0,1.0,3.398742620674966e-08,1.0
0.0,1.0,3.3990019687735185e-08,1.0
0.0,1.0,3.3977574531718346e-08,1.0
0.0,1.0,3.401687109771956e-08,1.0
0.0,1.0,3.4010252392135953e-08,1.0
0.0,1.0,3.416942462308725e-08,1.0
0.0,1.0,3.40210206672964e-08,1.0
0.0,1.0,3.4021802264305734e-08,1.0
0.0,1.0,3.4002340498773265e-08,1.0
0.0,1.0,3.412539584246588e-08,1.0
0.0,1.0,3.399248171831459e-08,1.0
0.0,1.0,3.4002987092662806e-08,1.0
0.0,1.0,3.401544290682068e-08,1.0
0.0,1.0,3.567188855413406e-08,0.9999999403953552
0.0,1.0,3.3997217485648434e-08,1.0
0.0,1.0,0.0,1.0
0.0,1.0,3.400694481570099e-08,1.0
0.0,1.0,3.3988268199891536e-08,1.0
0.0,1.0,3.3986907510552555e-08,1.0
0.0,1.0,3.399248171831459e-08,1.0
0.0,1.0,3.401206782882582e-08,1.0
0.0,1.0,3.400960224553273e-08,1.0
0.0,1.0,3.4008500904292305e-08,1.0
0.0,1.0,3.3992741066413146e-08,1.0
0.0,1.0,3.3990019687735185e-08,1.0
0.0,1.0,3.4013623917417135e-08,1.0
0.0,1.0,3.401077108833306e-08,1.0
0.0,1.0,3.4665106340980856e-08,1.0
0.0,1.0,3.397848047370644e-08,1.0
0.0,1.0,3.399740933218709e-08,1.0
0.0,1.0,3.3973101665196737e-08,1.0
0.0,1.0,3.3984832725764136e-08,1.0
0.0,1.0,3.403991044592658e-08,1.0
0.0,1.0,3.398496417617025e-08,1.0
0.0,1.0,3.39915757763265e-08,1.0
0.0,1.0,3.403582127248228e-08,1.0
0.0,1.0,3.403517112587906e-08,1.0
0.0,1.0,3.397549974692993e-08,1.0
0.0,1.0,3.398645276320167e-08,1.0
0.0,1.0,3.3989696390790414e-08,1.0
0.0,1.0,3.4008436955446086e-08,1.0
0.0,1.0,3.3983148739480384e-08,1.0
0.0,1.0,3.401615700227012e-08,1.0
0.0,1.0,3.406335835620666e-08,1.0
0.0,1.0,3.397206427280253e-08,1.0
0.0,1.0,3.395742353973219e-08,1.0
0.0,1.0,3.39797772141992e-08,1.0
0.0,1.0,3.398509207386269e-08,1.0
0.0,1.0,3.402031012456064e-08,1.0
0.0,1.0,3.574435325504055e-08,0.9999999403953552
0.0,1.0,3.3969993040727786e-08,1.0
0.0,1.0,3.398911019303341e-08,1.0
0.0,1.0,3.4028548867581776e-08,1.0
0.0,1.0,3.410476878684676e-08,1.0
0.0,1.0,3.3985482872367356e-08,1.0
0.0,1.0,3.396111836195814e-08,1.0
0.0,1.0,3.4013236671626146e-08,1.0
0.0,1.0,3.3979322466848316e-08,1.0
0.0,1.0,3.399021508698752e-08,1.0
0.0,1.0,3.4004674631660237e-08,1.0
0.0,1.0,3.443321361373819e-08,1.0
0.0,1.0,3.4016611749621006e-08,1.0
0.0,1.0,3.4003377891167474e-08,1.0
0.0,1.0,1.8365499285063615e-35,1.0
0.0,1.0,2.3483015532121954e-09,1.0
0.0,1.0,3.399935621928307e-08,1.0
0.0,1.0,3.4023749151401717e-08,1.0
0.0,1.0,3.402439574529126e-08,1.0
0.0,1.0,3.404828774478119e-08,1.0
0.0,1.0,3.14465594800515e-26,1.0
0.0,1.0,3.3987944902946765e-08,1.0
0.0,1.0,3.399967951622784e-08,1.0
0.0,1.0,3.4001949700268597e-08,1.0
0.0,1.0,3.4130732018411436e-08,1.0
0.0,1.0,3.4028289519483224e-08,1.0
0.0,1.0,3.399948411697551e-08,1.0
0.0,1.0,3.399740933218709e-08,1.0
0.0,1.0,3.3979322466848316e-08,1.0
0.0,1.0,3.3997217485648434e-08,1.0
0.0,1.0,3.4002340498773265e-08,1.0
0.0,1.0,3.3989369541131964e-08,1.0
0.0,1.0,3.4031664597478084e-08,1.0
0.0,1.0,3.409488158467866e-08,1.0
0.0,1.0,3.397601844312703e-08,1.0
0.0,1.0,5.411744723460288e-07,0.999999463558197
0.0,1.0,3.3999615567381625e-08,1.0
0.0,1.0,3.4004674631660237e-08,1.0
0.0,1.0,3.400603532099922e-08,1.0
0.0,1.0,3.3966557566600386e-08,1.0
0.0,1.0,3.398904624418719e-08,1.0
0.0,1.0,3.4070698262667065e-08,1.0
0.0,1.0,3.398055525849486e-08,1.0
0.0,1.0,3.399397385805969e-08,1.0
0.0,1.0,3.3997540782593205e-08,1.0
0.0,1.0,3.40195285275513e-08,1.0
0.0,1.0,3.4058288633787015e-08,1.0
0.0,1.0,3.397958181494687e-08,1.0
0.0,1.0,3.3997540782593205e-08,1.0
0.0,1.0,1.5236830634973476e-24,1.0
0.0,1.0,3.4005971372153e-08,1.0
0.0,1.0,3.399533454739867e-08,1.0
0.0,1.0,3.4067646481616976e-08,1.0
0.0,1.0,3.3983795333369926e-08,1.0
0.0,1.0,3.3979322466848316e-08,1.0
0.0,1.0,3.3963448942131436e-08,1.0
0.0,1.0,3.3991057080129394e-08,1.0
0.0,1.0,3.398574222046591e-08,1.0
0.0,1.0,3.396254300014334e-08,1.0
0.0,1.0,3.398340808757894e-08,1.0
0.0,1.0,3.3976924385115126e-08,1.0
0.0,1.0,3.3966557566600386e-08,1.0
0.0,1.0,3.397200032395631e-08,1.0
0.0,1.0,3.507613755004968e-08,0.9999999403953552
0.0,1.0,3.403484782893429e-08,1.0
0.0,1.0,3.3992094472523604e-08,1.0
0.0,1.0,3.399604864284811e-08,1.0
0.0,1.0,3.4015638306073015e-08,1.0
0.0,1.0,3.4086752975781565e-08,1.0
0.0,1.0,3.3990019687735185e-08,1.0
0.0,1.0,3.401128978453016e-08,1.0
0.0,1.0,3.424184313871592e-08,1.0
0.0,1.0,1.0847044373818449e-09,1.0
0.0,1.0,3.4194588494074196e-08,1.0
0.0,1.0,3.40343930815834e-08,1.0
0.0,1.0,3.3947905819786683e-08,1.0
0.0,1.0,3.3973492463701405e-08,1.0
0.0,1.0,4.691850907789785e-09,1.0
0.0,1.0,3.3972778368251966e-08,1.0
0.0,1.0,3.396085901385959e-08,1.0
0.0,1.0,3.400707271339343e-08,1.0
0.0,1.0,3.396254300014334e-08,1.0
0.0,1.0,3.406491799751166e-08,1.0
0.0,1.0,3.3975240398831374e-08,1.0
0.0,1.0,3.401622095111634e-08,1.0
0.0,1.0,3.402238490934906e-08,1.0
0.0,1.0,9.094777908558171e-08,0.9999999403953552
0.0,1.0,3.401511960987591e-08,1.0
0.0,1.0,3.3885349637330364e-08,1.0
0.0,1.0,3.400013426357873e-08,1.0
0.0,1.0,3.400428383315557e-08,1.0
0.0,1.0,3.406491799751166e-08,1.0
0.0,1.0,0.0,1.0
0.0,1.0,3.403049930739144e-08,1.0
0.0,1.0,3.4213638144819924e-08,1.0
0.0,1.0,3.3998642123833633e-08,1.0
0.0,1.0,3.4638865997749235e-08,1.0
0.0,1.0,2.67972628570514e-29,1.0
0.0,1.0,3.400428383315557e-08,1.0
0.0,1.0,3.4020050776462085e-08,1.0
0.0,1.0,3.399637193979288e-08,1.0
0.0,1.0,3.400824155619375e-08,1.0
0.0,1.0,3.395742353973219e-08,1.0
0.0,1.0,3.4009474347840296e-08,1.0
0.0,1.0,2.6510738648106264e-29,1.0
0.0,1.0,3.403711801297504e-08,1.0
0.0,1.0,1.573418574204043e-23,1.0
0.0,1.0,3.397375181179996e-08,1.0
0.0,1.0,3.422950101139577e-08,1.0
0.0,1.0,3.397433445684328e-08,1.0
0.0,1.0,3.417998328814065e-08,1.0
0.0,1.0,3.4154698624888624e-08,1.0
0.0,1.0,3.398677961286012e-08,1.0
0.0,1.0,3.3987880954100547e-08,1.0
0.0,1.0,3.3983535985271374e-08,1.0
0.0,1.0,3.399572534590334e-08,1.0
0.0,1.0,3.398574222046591e-08,1.0
0.0,1.0,3.399948411697551e-08,1.0
0.0,1.0,3.3977574531718346e-08,1.0
0.0,1.0,3.4178420094121975e-08,1.0
0.0,1.0,3.398677961286012e-08,1.0
0.0,1.0,3.3962152201638673e-08,1.0
0.0,1.0,3.399319581376403e-08,1.0
0.0,1.0,3.399676273829755e-08,1.0
0.0,1.0,3.398288939138183e-08,1.0
0.0,1.0,3.400182180257616e-08,1.0
0.0,1.0,3.401038028982839e-08,1.0
0.0,1.0,2.4408727053360927e-25,1.0
0.0,1.0,3.398366743567749e-08,1.0
0.0,1.0,3.401797243895999e-08,1.0
0.0,1.0,3.402861636914167e-08,1.0
0.0,1.0,3.3970380286518775e-08,1.0
0.0,1.0,3.403244619448742e-08,1.0
0.0,1.0,3.399131642822795e-08,1.0
0.0,1.0,3.3966557566600386e-08,1.0
0.0,1.0,3.396876024908124e-08,1.0
0.0,1.0,3.4141280025323795e-08,1.0
0.0,1.0,3.4029977058480654e-08,1.0
0.0,1.0,3.404127468797924e-08,1.0
0.0,1.0,3.400285919497037e-08,1.0
0.0,1.0,3.401479276021746e-08,1.0
0.0,1.0,3.398988823732907e-08,1.0
0.0,1.0,3.399780013069176e-08,1.0
0.0,1.0,3.3986971459398774e-08,1.0
0.0,1.0,3.399948411697551e-08,1.0
0.0,1.0,3.400240444761948e-08,1.0
0.0,1.0,3.398872294724242e-08,1.0
0.0,1.0,3.402082882075774e-08,1.0
0.0,1.0,7.814583034558326e-16,1.0
0.0,1.0,3.399559389549722e-08,1.0
0.0,1.0,3.3986260916663014e-08,1.0
0.0,1.0,1.4845459972434583e-08,1.0
0.0,1.0,3.400733206149198e-08,1.0
0.0,1.0,3.398839965029765e-08,1.0
0.0,1.0,3.399714998408854e-08,1.0
0.0,1.0,3.398872294724242e-08,1.0
0.0,1.0,3.400214509952093e-08,1.0
0.0,1.0,3.3981461200482954e-08,1.0
0.0,1.0,3.4064331799754655e-08,1.0
0.0,1.0,0.0002270377444801852,0.9997848868370056
0.0,1.0,3.397355641254762e-08,1.0
0.0,1.0,7.175025764903265e-33,1.0
0.0,1.0,3.4663717229932445e-08,1.0
0.0,1.0,3.397776993097068e-08,1.0
0.0,1.0,3.40004575605235e-08,1.0
0.0,1.0,3.401576620376545e-08,1.0
0.0,1.0,3.398165659973529e-08,1.0
0.0,1.0,3.406751503121086e-08,1.0
0.0,1.0,3.401745374276288e-08,1.0
0.0,1.0,3.395107839310185e-08,1.0
0.0,1.0,3.399799552994409e-08,1.0
0.0,1.0,3.4015961603017786e-08,1.0
0.0,1.0,3.401725834351055e-08,1.0
0.0,1.0,3.3976924385115126e-08,1.0
0.0,1.0,3.398016445999019e-08,1.0
0.0,1.0,3.400519332785734e-08,1.0
0.0,1.0,3.3981397251636736e-08,1.0
0.0,1.0,3.3979649316506766e-08,1.0
0.0,1.0,3.3995529946651004e-08,1.0
0.0,1.0,3.3979063118749764e-08,1.0
0.0,1.0,3.399027903583374e-08,1.0
0.0,1.0,3.400636217065767e-08,1.0
0.0,1.0,3.4406625104566047e-08,1.0
0.0,1.0,3.445042651151198e-08,1.0
0.0,1.0,3.401920523060653e-08,1.0
0.0,1.0,3.39729062659444e-08,1.0
0.0,1.0,3.3980423808088744e-08,1.0
0.0,1.0,3.401206782882582e-08,1.0
0.0,1.0,3.399371450996114e-08,1.0
0.0,1.0,3.3999938864326396e-08,1.0
0.0,1.0,3.3965196877261405e-08,1.0
0.0,1.0,3.4167076279345565e-08,1.0
0.0,1.0,3.3992094472523604e-08,1.0
0.0,1.0,3.401693504656578e-08,1.0
0.0,1.0,3.398632486550923e-08,1.0
0.0,1.0,3.399637193979288e-08,1.0
0.0,1.0,5.364311205923546e-22,1.0
0.0,1.0,3.400908354933563e-08,1.0
0.0,1.0,3.529323322482014e-08,0.9999999403953552
0.0,1.0,4.586990641548321e-22,1.0
0.0,1.0,3.407141591083018e-08,1.0
0.0,1.0,3.401816783821232e-08,1.0
0.0,1.0,3.396960224222312e-08,1.0
0.0,1.0,3.39812018523844e-08,1.0
0.0,1.0,3.4005971372153e-08,1.0
0.0,1.0,3.39826939921295e-08,1.0
0.0,1.0,3.3983148739480384e-08,1.0
0.0,1.0,1.7533146774439956e-06,0.999997615814209
0.0,1.0,3.400389658736458e-08,1.0
0.0,1.0,3.386887215128809e-08,1.0
0.0,1.0,3.399766868028564e-08,1.0
0.0,1.0,3.3981461200482954e-08,1.0
0.0,1.0,3.400318249191514e-08,1.0
0.0,1.0,2.3823070308792958e-29,1.0
0.0,1.0,3.398263004328328e-08,1.0
0.0,1.0,3.406420034934854e-08,1.0
0.0,1.0,3.3983795333369926e-08,1.0
0.0,1.0,3.397913062030966e-08,1.0
0.0,1.0,3.4021734762745837e-08,1.0
0.0,1.0,3.397951786610065e-08,1.0
0.0,1.0,3.39758230438747e-08,1.0
0.0,1.0,3.398859149683631e-08,1.0
0.0,1.0,3.399643944135278e-08,1.0
0.0,1.0,3.399131642822795e-08,1.0
0.0,1.0,3.424517203143296e-08,1.0
0.0,1.0,3.397342496214151e-08,1.0
0.0,1.0,3.397465775378805e-08,1.0
0.0,1.0,3.396649361775417e-08,1.0
0.0,1.0,3.402491444148836e-08,1.0
0.0,1.0,3.4015961603017786e-08,1.0
0.0,1.0,3.4016611749621006e-08,1.0
0.0,1.0,3.3997928028384194e-08,1.0
0.0,1.0,3.400856485313852e-08,1.0
0.0,1.0,3.4210376753662786e-08,1.0
0.0,1.0,3.39970220863961e-08,1.0
0.0,1.0,0.0011060385731980205,0.9993661642074585
0.0,1.0,3.399047443508607e-08,1.0
0.0,1.0,3.4010902538739174e-08,1.0
0.0,1.0,3.4044067120930777e-08,1.0
0.0,1.0,2.1406506220955634e-06,0.999997615814209
0.0,1.0,3.4005712024054446e-08,1.0
0.0,1.0,3.3984445479973147e-08,1.0
0.0,1.0,3.394311320903398e-08,1.0
0.0,1.0,3.393728675860075e-08,1.0
0.0,1.0,5.0736169214360416e-05,0.9999667406082153
0.0,1.0,1.197394642842057e-17,1.0
0.0,1.0,3.3986260916663014e-08,1.0
0.0,1.0,3.394246661514444e-08,1.0
0.0,1.0,3.3937027410502196e-08,1.0
0.0,1.0,3.3956840894688867e-08,1.0
0.0,1.0,3.3947127775491026e-08,1.0
0.0,1.0,3.392880998376313e-08,1.0
0.0,1.0,3.396150560774913e-08,1.0
0.0,1.0,3.395735959088597e-08,1.0
0.0,1.0,6.592102133415985e-37,1.0
0.0,1.0,3.395321712673649e-08,1.0
0.0,1.0,3.409794047115611e-08,1.0
0.0,1.0,3.393748215785308e-08,1.0
0.0,1.0,4.351878956780088e-38,1.0
0.0,1.0,3.3959626222213046e-08,1.0
0.0,1.0,3.3977574531718346e-08,1.0
0.0,1.0,3.397498105073282e-08,1.0
0.0,1.0,3.39613102084968e-08,1.0
0.0,1.0,3.3950364297652413e-08,1.0
0.0,1.0,3.400084835902817e-08,1.0
0.0,1.0,8.81318361541309e-26,1.0
0.0,1.0,3.3932110454770736e-08,1.0
0.0,1.0,3.395807368633541e-08,1.0
0.0,1.0,3.395049574805853e-08,1.0
0.0,1.0,3.396837300329025e-08,1.0
0.0,1.0,3.46238060444648e-08,1.0
0.0,1.0,3.3932174403616955e-08,1.0
0.0,1.0,3.3952762379385604e-08,1.0
0.0,1.0,3.3953472922121364e-08,1.0
0.0,1.0,3.393165570741985e-08,1.0
0.0,1.0,3.399780013069176e-08,1.0
0.0,1.0,3.39432446594401e-08,1.0
0.0,1.0,3.396824155288414e-08,1.0
0.0,1.0,5.906494985139728e-34,1.0
0.0,1.0,3.3956194300799325e-08,1.0
0.0,1.0,3.3972842317098184e-08,1.0
0.0,1.0,1.9635894934707175e-23,1.0
0.0,1.0,3.401440551442647e-08,1.0
0.0,1.0,3.396118231080436e-08,1.0
0.0,1.0,3.396927894527835e-08,1.0
0.0,1.0,0.0,1.0
0.0,1.0,3.394777436938057e-08,1.0
0.0,1.0,3.418376337549489e-08,1.0
0.0,1.0,0.0,1.0
0.0,1.0,3.394848846483001e-08,1.0
0.0,1.0,3.3956581546590314e-08,1.0
0.0,1.0,3.39460264342506e-08,1.0
0.0,1.0,3.395994951915782e-08,1.0
0.0,1.0,3.408447923902713e-08,1.0
0.0,1.0,3.395211578549606e-08,1.0
0.0,1.0,3.394427849912063e-08,1.0
0.0,1.0,3.3944346000680525e-08,1.0
0.0,1.0,3.399462400466291e-08,1.0
0.0,1.0,3.395671299699643e-08,1.0
0.0,1.0,3.395178893583761e-08,1.0
0.0,1.0,3.393301639675883e-08,1.0
0.0,1.0,3.3929392628806454e-08,1.0
0.0,1.0,3.395217973434228e-08,1.0
0.0,1.0,3.3936768062403644e-08,1.0
0.0,1.0,3.3962411549737226e-08,1.0
0.0,1.0,3.393871139678595e-08,1.0
0.0,1.0,3.3933535092955935e-08,1.0
0.0,1.0,3.3959626222213046e-08,1.0
0.0,1.0,3.3953085676330375e-08,1.0
0.0,1.0,3.393903469373072e-08,1.0
0.0,1.0,3.399799552994409e-08,1.0
0.0,1.0,3.395140169004662e-08,1.0
0.0,1.0,3.39797772141992e-08,1.0
0.0,1.0,3.395425096641702e-08,1.0
0.0,1.0,3.396357683982387e-08,1.0
0.0,1.0,3.395949832452061e-08,1.0
0.0,1.0,3.396299419478055e-08,1.0
0.0,1.0,3.400019821242495e-08,1.0
0.0,1.0,3.3947127775491026e-08,1.0
0.0,1.0,3.3953796219066135e-08,1.0
0.0,1.0,3.396163350544157e-08,1.0
0.0,1.0,3.394207936935345e-08,1.0
0.0,1.0,3.395178893583761e-08,1.0
0.0,1.0,3.394013603497115e-08,1.0
0.0,1.0,1.9342748963331584e-31,1.0
0.0,1.0,3.395217973434228e-08,1.0
0.0,1.0,3.394596248540438e-08,1.0
0.0,1.0,3.3945379840361056e-08,1.0
0.0,1.0,3.397355641254762e-08,1.0
0.0,1.0,3.3967207713203607e-08,1.0
0.0,1.0,3.394214331819967e-08,1.0
0.0,1.0,3.7276516592430835e-27,1.0
0.0,1.0,3.3954833611460344e-08,1.0
0.0,1.0,3.393748215785308e-08,1.0
0.0,1.0,2.4006076713314225e-36,1.0
0.0,1.0,3.398230674633851e-08,1.0
0.0,1.0,3.4030236406579206e-08,1.0
0.0,1.0,3.396429093527331e-08,1.0
0.0,1.0,3.278508756920928e-06,0.9999969601631165
0.0,1.0,3.395192038624373e-08,1.0
0.0,1.0,3.393262915096784e-08,1.0
0.0,1.0,3.3957231693193535e-08,1.0
0.0,1.0,3.3957878287083076e-08,1.0
0.0,1.0,3.394628578234915e-08,1.0
0.0,1.0,3.394499259457007e-08,1.0
0.0,1.0,3.3948165167885236e-08,1.0
0.0,1.0,2.48267033965471e-14,1.0
0.0,1.0,3.39432446594401e-08,1.0
0.0,1.0,3.395140169004662e-08,1.0
0.0,1.0,3.3951273792354186e-08,1.0
0.0,1.0,3.3937094912062093e-08,1.0
0.0,1.0,3.3945443789207275e-08,1.0
0.0,1.0,3.3958265532874066e-08,1.0
0.0,1.0,7.944807478565963e-09,1.0
0.0,1.0,1.0853433013348262e-33,1.0
0.0,1.0,3.396785430709315e-08,1.0
0.0,1.0,3.39661703208094e-08,1.0
0.0,1.0,2.2984068934731983e-19,1.0
0.0,1.0,3.396714021164371e-08,1.0
0.0,1.0,3.4016284899962557e-08,1.0
0.0,1.0,3.395697234509498e-08,1.0
0.0,1.0,3.427163619562634e-08,1.0
0.0,1.0,3.3968696300235024e-08,1.0
0.0,1.0,3.395043179921231e-08,1.0
0.0,1.0,3.396649361775417e-08,1.0
0.0,1.0,3.394933045797188e-08,1.0
0.0,1.0,3.394084657770691e-08,1.0
0.0,1.0,3.395729564203975e-08,1.0
0.0,1.0,3.394492509301017e-08,1.0
0.0,1.0,3.394479719531773e-08,1.0
0.0,1.0,3.395975767261916e-08,1.0
0.0,1.0,3.3939812738026376e-08,1.0
0.0,1.0,3.408187865261425e-08,1.0
0.0,1.0,3.394583458771194e-08,1.0
0.0,1.0,3.397161307816532e-08,1.0
0.0,1.0,3.396739955974226e-08,1.0
0.0,1.0,3.39541870175708e-08,1.0
0.0,1.0,3.393579817156933e-08,1.0
0.0,1.0,3.4029913109634435e-08,1.0
0.0,1.0,3.394214331819967e-08,1.0
0.0,1.0,3.39695382933769e-08,1.0
0.0,1.0,3.3940914079266804e-08,1.0
0.0,1.0,3.393120451278264e-08,1.0
0.0,1.0,3.394130132505779e-08,1.0
0.0,1.0,3.408532478488269e-08,1.0
0.0,1.0,3.396370829022999e-08,1.0
0.0,1.0,3.394007208612493e-08,1.0
0.0,1.0,3.3928355236412244e-08,1.0
0.0,1.0,3.396675296585272e-08,1.0
0.0,1.0,3.395729564203975e-08,1.0
0.0,1.0,3.397251902015341e-08,1.0
0.0,1.0,1.7291555578375902e-17,1.0
0.0,1.0,3.396196035510002e-08,1.0
0.0,1.0,3.394984915416899e-08,1.0
0.0,1.0,3.394382730448342e-08,1.0
0.0,1.0,3.394848846483001e-08,1.0
0.0,1.0,3.394285386093543e-08,1.0
0.0,1.0,3.4100409607162874e-08,1.0
0.0,1.0,3.396254300014334e-08,1.0
0.0,1.0,3.397303771635052e-08,1.0
0.0,1.0,3.394628578234915e-08,1.0
0.0,1.0,3.407823712109348e-08,1.0
0.0,1.0,3.428713313269327e-08,1.0
0.0,1.0,5.774728398094899e-21,1.0
0.0,1.0,3.393664016471121e-08,1.0
0.0,1.0,3.3940523280762136e-08,1.0
0.0,1.0,3.475706833455661e-08,1.0
0.0,1.0,3.393864744793973e-08,1.0
0.0,1.0,3.3962802348241894e-08,1.0
0.0,1.0,3.394007208612493e-08,1.0
0.0,1.0,3.395839698328018e-08,1.0
0.0,1.0,3.3964550283371864e-08,1.0
0.0,1.0,3.395904357716972e-08,1.0
0.0,1.0,3.396338499328522e-08,1.0
0.0,1.0,3.3955871003854554e-08,1.0
0.0,1.0,3.3939812738026376e-08,1.0
0.0,1.0,3.39375461066993e-08,1.0
0.0,1.0,3.395489756030656e-08,1.0
0.0,1.0,3.394278991208921e-08,1.0
0.0,1.0,3.3941173427365356e-08,1.0
0.0,1.0,3.39681136551917e-08,1.0
0.0,1.0,3.396513292841519e-08,1.0
0.0,1.0,3.3978675872958775e-08,1.0
0.0,1.0,3.3959693723772943e-08,1.0
0.0,1.0,3.397433445684328e-08,1.0
0.0,1.0,3.394278991208921e-08,1.0
0.0,1.0,3.4046468755377646e-08,1.0
0.0,1.0,3.394356795638487e-08,1.0
0.0,1.0,5.88690921509163e-24,1.0
0.0,1.0,3.3954833611460344e-08,1.0
0.0,1.0,3.394375980292352e-08,1.0
0.0,1.0,3.395140169004662e-08,1.0
0.0,1.0,3.39277086425227e-08,1.0
0.0,1.0,3.395489756030656e-08,1.0
0.0,1.0,3.397025238882634e-08,1.0
0.0,1.0,3.40379635588306e-08,1.0
0.0,1.0,3.395800618477551e-08,1.0
0.0,1.0,3.3961764955847684e-08,1.0
0.0,1.0,3.397232362090108e-08,1.0
0.0,1.0,3.3967207713203607e-08,1.0
0.0,1.0,3.396435488411953e-08,1.0
0.0,1.0,3.3960727563453474e-08,1.0
0.0,1.0,3.3955611655756e-08,1.0
0.0,1.0,3.395522440996501e-08,1.0
0.0,1.0,3.54069129571144e-08,0.9999999403953552
0.0,1.0,3.394674052970004e-08,1.0
0.0,1.0,3.3993131864917814e-08,1.0
0.0,1.0,3.395949832452061e-08,1.0
0.0,1.0,3.3969669743783015e-08,1.0
0.0,1.0,3.396124625965058e-08,1.0
0.0,1.0,3.395464176492169e-08,1.0
0.0,1.0,3.3964486334525645e-08,1.0
0.0,1.0,3.394059078232203e-08,1.0
0.0,1.0,3.4186502517741246e-08,1.0
0.0,1.0,3.393521552652601e-08,1.0
0.0,1.0,3.394777436938057e-08,1.0
0.0,1.0,3.3956130351953107e-08,1.0
0.0,1.0,3.396338499328522e-08,1.0
0.0,1.0,3.396390368948232e-08,1.0
0.0,1.0,3.394971770376287e-08,1.0
0.0,1.0,3.395314962517659e-08,1.0
0.0,1.0,3.3981788050141404e-08,1.0
0.0,1.0,3.3971030433121996e-08,1.0
0.0,1.0,3.3967335610896043e-08,1.0
0.0,1.0,3.3956581546590314e-08,1.0
0.0,1.0,2.7563945454456533e-23,1.0
0.0,1.0,2.9738511653221167e-10,1.0
0.0,1.0,3.395645364889788e-08,1.0
0.0,1.0,3.392188574480315e-08,1.0
0.0,1.0,3.394207936935345e-08,1.0
0.0,1.0,3.3937805454797854e-08,1.0
0.0,1.0,3.393748215785308e-08,1.0
0.0,1.0,3.3990993131283176e-08,1.0
0.0,1.0,3.396681691469894e-08,1.0
0.0,1.0,3.3967658907840814e-08,1.0
0.0,1.0,3.4042443530779565e-08,1.0
0.0,1.0,3.415841121068297e-08,1.0
0.0,1.0,3.4077718424896375e-08,1.0
0.0,1.0,3.4072389354378174e-08,1.0
0.0,1.0,3.409520843433711e-08,1.0
0.0,1.0,3.405809323453468e-08,1.0
0.0,1.0,3.415248173155305e-08,1.0
0.0,1.0,3.4083697642017796e-08,1.0
0.0,1.0,3.410327309438799e-08,1.0
0.0,1.0,3.409924076436255e-08,1.0
0.0,1.0,3.406621473800442e-08,1.0
0.0,1.0,3.412825932969099e-08,1.0
0.0,1.0,3.403724946338116e-08,1.0
0.0,1.0,3.422336547487248e-08,1.0
0.0,1.0,3.406017512475046e-08,1.0
0.0,1.0,3.414447036220736e-08,1.0
0.0,1.0,3.407043891456851e-08,1.0
0.0,1.0,1.1373732178299178e-07,0.9999999403953552
0.0,1.0,2.6863207835958747e-07,0.9999997615814209
0.0,1.0,1.9694164166139672e-07,0.9999998211860657
0.0,1.0,3.403283344027841e-08,1.0
0.0,1.0,3.409019910805e-08,1.0
0.0,1.0,3.4060629872101345e-08,1.0
0.0,1.0,3.417783389636497e-08,1.0
0.0,1.0,3.4150723138282046e-08,1.0
0.0,1.0,3.4101059753766094e-08,1.0
0.0,1.0,3.4111337754438864e-08,1.0
0.0,1.0,3.943243427784182e-05,0.9999693632125854
0.0,1.0,3.408187865261425e-08,1.0
0.0,1.0,1.592033549968619e-05,0.9999887347221375
0.0,1.0,3.309203020762652e-05,0.9999755024909973
0.0,1.0,3.495611977655244e-08,0.9999999403953552
0.0,1.0,3.410841031836753e-08,1.0
0.0,1.0,3.4082724198469805e-08,1.0
0.0,1.0,3.414473326301959e-08,1.0
0.0,1.0,3.4107955571016646e-08,1.0
0.0,1.0,3.406374560199765e-08,1.0
0.0,1.0,3.412292315374543e-08,1.0
0.0,1.0,3.419517824454488e-08,1.0
0.0,1.0,3.4184939323722574e-08,1.0
0.0,1.0,3.47522934873723e-08,1.0
0.0,1.0,3.4143884164450355e-08,1.0
0.0,1.0,3.4072975552135176e-08,1.0
0.0,1.0,3.4068360577066414e-08,1.0
0.0,1.0,3.475667043062458e-08,1.0
0.0,1.0,3.406589144105965e-08,1.0
0.0,1.0,1.2429546814018977e-07,0.9999998807907104
0.0,1.0,1.8414439750813472e-07,0.9999997615814209
0.0,1.0,6.412049970094813e-06,0.9999940395355225
0.0,1.0,1.3531380318454467e-05,0.9999879598617554
0.0,1.0,6.551004503307922e-07,0.9999992847442627
0.0,1.0,7.760908147247392e-07,0.9999992251396179
0.0,1.0,1.25127526189317e-05,0.999988853931427
0.0,1.0,8.536667337466497e-06,0.999992311000824
0.0,1.0,1.2986798765268759e-06,0.9999987483024597
0.0,1.0,1.525056632090127e-06,0.9999983310699463
0.0,1.0,3.4167339180157796e-08,1.0
0.0,1.0,3.4080773758660143e-08,1.0
0.0,1.0,3.410379179058509e-08,1.0
0.0,1.0,3.410450943874821e-08,1.0
0.0,1.0,3.409325799452745e-08,1.0
0.0,1.0,3.410385929214499e-08,1.0
0.0,1.0,3.415157223685128e-08,1.0
0.0,1.0,3.4099631562867216e-08,1.0
0.0,1.0,3.403543047397761e-08,1.0
0.0,1.0,3.413626714632301e-08,1.0
0.0,1.0,3.409429538692166e-08,1.0
0.0,1.0,3.441128626491263e-08,1.0
0.0,1.0,3.4364127543540235e-08,1.0
0.0,1.0,3.407343029948606e-08,1.0
0.0,1.0,3.409117610431167e-08,1.0
0.0,1.0,3.4072062504719725e-08,1.0
0.0,1.0,3.4045818608774425e-08,1.0
0.0,1.0,3.4099368662054985e-08,1.0
0.0,1.0,3.409689952604822e-08,1.0
0.0,1.0,3.40708936619194e-08,1.0
0.0,1.0,3.404133863682546e-08,1.0
0.0,1.0,3.4026538031639575e-08,1.0
0.0,1.0,3.4117974223590863e-08,1.0
0.0,1.0,3.4069984167217626e-08,1.0
0.0,1.0,3.410574578310843e-08,1.0
0.0,1.0,3.405439130688137e-08,1.0
0.0,1.0,3.402050197109929e-08,1.0
0.0,1.0,3.409052595770845e-08,1.0
0.0,1.0,3.45966739700998e-08,1.0
0.0,1.0,3.4094686185426326e-08,1.0
0.0,1.0,1.0605043826217297e-05,0.9999905228614807
0.0,1.0,3.410353244248654e-08,1.0
0.0,1.0,4.583883134662716e-27,1.0
0.0,1.0,3.408051441056159e-08,1.0
0.0,1.0,3.404555926067587e-08,1.0
0.0,1.0,3.409325799452745e-08,1.0
0.0,1.0,3.424197458912204e-08,1.0
0.0,1.0,3.4100736456821323e-08,1.0
0.0,1.0,3.412064231156364e-08,1.0
0.0,1.0,3.406855597631875e-08,1.0
0.0,1.0,3.409514093277721e-08,1.0
0.0,1.0,3.4101709900369315e-08,1.0
0.0,1.0,2.817625045281602e-06,0.9999982714653015
0.0,1.0,3.409149940125644e-08,1.0
0.0,1.0,3.40821380007128e-08,1.0
0.0,1.0,3.416623073349001e-08,1.0
0.0,1.0,3.407323490023373e-08,1.0
0.0,1.0,3.407687287904082e-08,1.0
0.0,1.0,3.405802928568846e-08,1.0
0.0,1.0,3.4075767985086713e-08,1.0
0.0,1.0,3.4055300801583144e-08,1.0
0.0,1.0,3.408363369317158e-08,1.0
0.0,1.0,3.0996456486589996e-13,1.0
0.0,1.0,3.406712423270619e-08,1.0
0.0,1.0,3.4227998213509636e-08,1.0
0.0,1.0,3.461885356159655e-08,1.0
0.0,1.0,3.407687287904082e-08,1.0
0.0,1.0,3.416030125436009e-08,1.0
0.0,1.0,3.404198878342868e-08,1.0
0.0,1.0,3.4123182501843985e-08,1.0
0.0,1.0,3.4101972801181546e-08,1.0
0.0,1.0,3.4084088440522464e-08,1.0
0.0,1.0,3.4077782373742593e-08,1.0
0.0,1.0,3.408779392088945e-08,1.0
0.0,1.0,3.406322690580055e-08,1.0
0.0,1.0,3.4155284822645626e-08,1.0
0.0,1.0,3.4079082666949034e-08,1.0
0.0,1.0,3.411966886801565e-08,1.0
0.0,1.0,3.4057901387996026e-08,1.0
0.0,1.0,3.4105028134945314e-08,1.0
0.0,1.0,3.407128446042407e-08,1.0
0.0,1.0,3.4071675258928735e-08,1.0
0.0,1.0,3.4059588926993456e-08,1.0
0.0,1.0,3.40608892201999e-08,1.0
0.0,1.0,2.0051463961445748e-11,1.0
0.0,1.0,3.4087079825440014e-08,1.0
0.0,1.0,3.404698745157475e-08,1.0
0.0,1.0,3.405984827509201e-08,1.0
0.0,1.0,3.410015025906432e-08,1.0
0.0,1.0,3.406439574860087e-08,1.0
0.0,1.0,3.4072062504719725e-08,1.0
0.0,1.0,3.416942462308725e-08,1.0
0.0,1.0,4.837906519838953e-09,1.0
0.0,1.0,3.4043807772832224e-08,1.0
0.0,1.0,3.409715887414677e-08,1.0
0.0,1.0,3.409364524031844e-08,1.0
0.0,1.0,3.40848700375318e-08,1.0
0.0,1.0,3.4052249020533054e-08,1.0
0.0,1.0,3.409065385540089e-08,1.0
0.0,1.0,1.9965323616588648e-08,0.9999999403953552
0.0,1.0,3.408597493148591e-08,1.0
0.0,1.0,3.410815097026898e-08,1.0
0.0,1.0,3.4102360046972535e-08,1.0
0.0,1.0,3.529673620050744e-08,0.9999999403953552
0.0,1.0,3.406621473800442e-08,1.0
0.0,1.0,3.411530968833176e-08,1.0
0.0,1.0,3.418011473854676e-08,1.0
0.0,1.0,3.4069660870272855e-08,1.0
0.0,1.0,3.4051858222028386e-08,1.0
0.0,1.0,3.417633465119252e-08,1.0
0.0,1.0,3.4108996516124535e-08,1.0
0.0,1.0,3.406290360885578e-08,1.0
0.0,1.0,3.406543669370876e-08,1.0
0.0,1.0,3.411322424540231e-08,1.0
0.0,1.0,3.4065045895204094e-08,1.0
0.0,1.0,3.4079018718102816e-08,1.0
0.0,1.0,3.4043157626229004e-08,1.0
0.0,1.0,3.410626447930554e-08,1.0
0.0,1.0,3.407960491585982e-08,1.0
0.0,1.0,3.417365945779238e-08,1.0
0.0,1.0,3.410541893344998e-08,1.0
0.0,1.0,3.4120187564212756e-08,1.0
0.0,1.0,3.4053549313739495e-08,1.0
0.0,1.0,3.406608684031198e-08,1.0
0.0,1.0,1.4790437971590187e-11,1.0
0.0,1.0,3.405003923262484e-08,1.0
0.0,1.0,3.4057638487183794e-08,1.0
0.0,1.0,3.404705495313465e-08,1.0
0.0,1.0,3.4085715583387355e-08,1.0
0.0,1.0,3.408577953223357e-08,1.0
0.0,1.0,3.414017513136969e-08,1.0
0.0,1.0,3.4106719226656423e-08,1.0
0.0,1.0,3.406036697128911e-08,1.0
0.0,1.0,3.403880555197247e-08,1.0
0.0,1.0,4.338242654000624e-09,1.0
0.0,1.0,3.4072712651322945e-08,1.0
0.0,1.0,4.68669658637566e-10,1.0
0.0,1.0,1.64714436534652e-10,1.0
0.0,1.0,3.4059588926993456e-08,1.0
0.0,1.0,3.407992821280459e-08,1.0
0.0,1.0,3.4080709809813925e-08,1.0
0.0,1.0,3.285760552529382e-11,1.0
0.0,1.0,1.9091675795834817e-08,0.9999999403953552
0.0,1.0,3.405718373983291e-08,1.0
0.0,1.0,3.4061994114154004e-08,1.0
0.0,1.0,3.412630533716765e-08,1.0
0.0,1.0,3.406920612292197e-08,1.0
0.0,1.0,3.406439574860087e-08,1.0
0.0,1.0,3.409546778243566e-08,1.0
0.0,1.0,3.4086365729990575e-08,1.0
0.0,1.0,3.403608062058083e-08,1.0
0.0,1.0,3.409598647863277e-08,1.0
0.0,1.0,3.4074012944529386e-08,1.0
0.0,1.0,3.404088388947457e-08,1.0
0.0,1.0,3.405146742352372e-08,1.0
0.0,1.0,3.409553173128188e-08,1.0
0.0,1.0,3.4083765143577693e-08,1.0
0.0,1.0,3.4080059663210704e-08,1.0
0.0,1.0,3.408649362768301e-08,1.0
0.0,1.0,3.403900095122481e-08,1.0
0.0,1.0,3.406855597631875e-08,1.0
0.0,1.0,5.793726054470483e-10,1.0
0.0,1.0,3.410776017176431e-08,1.0
0.0,1.0,3.407915016850893e-08,1.0
0.0,1.0,3.408851156905257e-08,1.0
0.0,1.0,3.893921984854387e-08,0.9999999403953552
0.0,1.0,3.855896224536082e-08,0.9999999403953552
0.0,1.0,3.84793956698104e-08,0.9999999403953552
0.0,1.0,3.8585007189340104e-08,0.9999999403953552
0.0,1.0,3.836434103732245e-08,0.9999999403953552
0.0,1.0,4.0378477450531136e-08,0.9999999403953552
0.0,1.0,3.915333124382414e-08,0.9999999403953552
0.0,1.0,3.871039666591969e-08,0.9999999403953552
0.0,1.0,3.935323533710289e-08,0.9999999403953552
0.0,1.0,3.825875083407482e-08,0.9999999403953552
0.0,1.0,3.8320898454458074e-08,0.9999999403953552
0.0,1.0,3.914892587886243e-08,0.9999999403953552
0.0,1.0,3.827801720035495e-08,0.9999999403953552
0.0,1.0,3.8334935226203015e-08,0.9999999403953552
0.0,1.0,3.850428598184408e-08,0.9999999403953552
0.0,1.0,3.852235508361446e-08,0.9999999403953552
0.0,1.0,3.7453904866424637e-08,0.9999999403953552
0.0,1.0,3.832535711012497e-08,0.9999999403953552
0.0,1.0,3.946809457033851e-08,0.9999999403953552
0.0,1.0,3.8165310911608685e-08,0.9999999403953552
0.0,1.0,3.9450032573995486e-08,0.9999999403953552
0.0,1.0,3.8384101230803935e-08,0.9999999403953552
0.0,1.0,3.9076340385690855e-08,0.9999999403953552
0.0,1.0,4.199425518436328e-08,0.9999999403953552
0.0,1.0,3.971426920656995e-08,0.9999999403953552
0.0,1.0,3.861858033360477e-08,0.9999999403953552
0.0,1.0,3.8799615964535406e-08,0.9999999403953552
0.0,1.0,3.908766998961255e-08,0.9999999403953552
0.0,1.0,3.806353632285209e-08,0.9999999403953552
0.0,1.0,3.840219164885639e-08,0.9999999403953552
0.0,1.0,3.828305850106517e-08,0.9999999403953552
0.0,1.0,3.834407635849857e-08,0.9999999403953552
0.0,1.0,3.8640244781618094e-08,0.9999999403953552
0.0,1.0,3.8994887319176996e-08,0.9999999403953552
0.0,1.0,3.8249190481565165e-08,0.9999999403953552
0.0,1.0,3.900976608406381e-08,0.9999999403953552
0.0,1.0,4.6101089168359977e-08,0.9999999403953552
0.0,1.0,3.7750830017557746e-08,0.9999999403953552
0.0,1.0,3.9064939727495585e-08,0.9999999403953552
0.0,1.0,3.879184617971987e-08,0.9999999403953552
0.0,1.0,3.797100944780141e-08,0.9999999403953552
0.0,1.0,3.934017556161962e-08,0.9999999403953552
0.0,1.0,3.9503643023408586e-08,0.9999999403953552
0.0,1.0,3.652304769730108e-08,0.9999999403953552
0.0,1.0,5.295121923154511e-07,0.9999997615814209
0.0,1.0,3.8974960148152604e-08,0.9999999403953552
0.0,1.0,3.82350400229825e-08,0.9999999403953552
0.0,1.0,3.88026499820171e-08,0.9999999403953552
0.0,1.0,3.8419408099343855e-08,0.9999999403953552
0.0,1.0,3.897228140203879e-08,0.9999999403953552
0.0,1.0,3.90884160594851e-08,0.9999999403953552
0.0,1.0,3.83351554944511e-08,0.9999999403953552
0.0,1.0,3.829510575314998e-08,0.9999999403953552
0.0,1.0,3.924477098848911e-08,0.9999999403953552
0.0,1.0,3.9065533030679944e-08,0.9999999403953552
0.0,1.0,9.300018177782476e-08,0.9999998807907104
0.0,1.0,3.912160551067245e-08,0.9999999403953552
0.0,1.0,3.858964348069094e-08,0.9999999403953552
0.0,1.0,3.932839831577439e-08,0.9999999403953552
0.0,1.0,3.853881835880202e-08,0.9999999403953552
0.0,1.0,3.795602054879055e-08,0.9999999403953552
0.0,1.0,3.827480554718932e-08,0.9999999403953552
0.0,1.0,3.745083532180615e-08,0.9999999403953552
0.0,1.0,3.7834951172044384e-08,0.9999999403953552
0.0,1.0,3.8891194265033846e-08,0.9999999403953552
0.0,1.0,4.094141914379179e-08,0.9999999403953552
0.0,1.0,3.9037601595737215e-08,0.9999999403953552
0.0,1.0,3.8936395441169225e-08,0.9999999403953552
0.0,1.0,7.10094312239562e-08,0.9999999403953552
0.0,1.0,4.5693582251260523e-07,0.9999995827674866
0.0,1.0,2.261281838509688e-18,1.0
0.0,1.0,3.898700384752374e-08,0.9999999403953552
0.0,1.0,4.076376214356969e-08,0.9999999403953552
0.0,1.0,3.8875025865081625e-08,0.9999999403953552
0.0,1.0,3.895273792409171e-08,0.9999999403953552
0.0,1.0,3.830818329220165e-08,0.9999999403953552
0.0,1.0,3.949166327288367e-08,0.9999999403953552
0.0,1.0,3.846053786560333e-08,0.9999999403953552
0.0,1.0,3.909303813998122e-08,0.9999999403953552
0.0,1.0,3.922523816868306e-08,0.9999999403953552
0.0,1.0,3.949987714690906e-08,0.9999999403953552
0.0,1.0,3.920803592905031e-08,0.9999999403953552
0.0,1.0,3.852720453778602e-08,0.9999999403953552
0.0,1.0,3.8965595194895286e-08,0.9999999403953552
0.0,1.0,4.1045488785584894e-08,0.9999999403953552
0.0,1.0,3.8653954703704585e-08,0.9999999403953552
0.0,1.0,4.098978578781498e-08,0.9999999403953552
0.0,1.0,3.906024304001221e-08,0.9999999403953552
0.0,1.0,3.9874194612821157e-08,0.9999999403953552
0.0,1.0,3.8521179135386774e-08,0.9999999403953552
0.0,1.0,3.758113820140352e-08,0.9999999403953552
0.0,1.0,3.97119990225292e-08,0.9999999403953552
0.0,1.0,3.998371056468386e-08,0.9999999403953552
0.0,1.0,3.9468545764975715e-08,0.9999999403953552
0.0,1.0,3.8380516542702026e-08,0.9999999403953552
0.0,1.0,3.955626937113266e-08,0.9999999403953552
0.0,1.0,4.2102122677079024e-08,0.9999999403953552
0.0,1.0,3.891182132065296e-08,0.9999999403953552
0.0,1.0,3.931857150973883e-08,0.9999999403953552
0.0,1.0,3.9747991564809126e-08,0.9999999403953552
0.0,1.0,3.8244301947543136e-08,0.9999999403953552
0.0,1.0,3.944747106743307e-08,0.9999999403953552
0.0,1.0,3.8893567477771285e-08,0.9999999403953552
0.0,1.0,2.6310907354120353e-25,1.0
0.0,1.0,3.993493180587393e-08,0.9999999403953552
0.0,1.0,3.788318991837514e-08,0.9999999403953552
0.0,1.0,3.8680727953988026e-08,0.9999999403953552
0.0,1.0,3.9445740895871495e-08,0.9999999403953552
0.0,1.0,3.9412125119042685e-08,0.9999999403953552
0.0,1.0,3.8882664199491046e-08,0.9999999403953552
0.0,1.0,3.865749320652867e-08,0.9999999403953552
0.0,1.0,3.833983441836608e-08,0.9999999403953552
0.0,1.0,4.159797128977516e-08,0.9999999403953552
0.0,1.0,3.849642737918657e-08,0.9999999403953552
0.0,1.0,3.782297497423315e-08,0.9999999403953552
0.0,1.0,4.0310681015398586e-08,0.9999999403953552
0.0,1.0,3.814042415228869e-08,0.9999999403953552
0.0,1.0,4.0364231068679146e-08,0.9999999403953552
0.0,1.0,1.4018047199456908e-16,1.0
0.0,1.0,3.818147575884723e-08,0.9999999403953552
0.0,1.0,3.9530927864461773e-08,0.9999999403953552
0.0,1.0,3.8759157661161225e-08,0.9999999403953552
0.0,1.0,4.055979019312872e-08,0.9999999403953552
0.0,1.0,3.8972356009026043e-08,0.9999999403953552
0.0,1.0,3.9473967206049565e-08,0.9999999403953552
0.0,1.0,4.0263117284666805e-08,0.9999999403953552
0.0,1.0,3.869629594532853e-08,0.9999999403953552
0.0,1.0,3.9269632878813354e-08,0.9999999403953552
0.0,1.0,3.907045353912508e-08,0.9999999403953552
0.0,1.0,3.879088694702659e-08,0.9999999403953552
0.0,1.0,4.017489985130851e-08,0.9999999403953552
0.0,1.0,3.871785381193149e-08,0.9999999403953552
0.0,1.0,3.856683505887304e-08,0.9999999403953552
0.0,1.0,4.237483253177743e-08,0.9999999403953552
0.0,1.0,3.931362257958426e-08,0.9999999403953552
0.0,1.0,4.429618982726424e-08,0.9999999403953552
0.0,1.0,7.521651923525496e-08,0.9999999403953552
0.0,1.0,3.8248899159043503e-08,0.9999999403953552
0.0,1.0,3.947321403074966e-08,0.9999999403953552
0.0,1.0,3.880901644492951e-08,0.9999999403953552
0.0,1.0,3.9644039162567424e-08,0.9999999403953552
0.0,1.0,4.040251155856822e-08,0.9999999403953552
0.0,1.0,3.906285073185245e-08,0.9999999403953552
0.0,1.0,3.899101841398078e-08,0.9999999403953552
0.0,1.0,4.364738614981434e-08,0.9999999403953552
0.0,1.0,3.832535711012497e-08,0.9999999403953552
0.0,1.0,3.837407192008868e-08,0.9999999403953552
0.0,1.0,3.8862644657911005e-08,0.9999999403953552
0.0,1.0,3.894538380677659e-08,0.9999999403953552
0.0,1.0,3.938574977269127e-08,0.9999999403953552
0.0,1.0,3.909780943445185e-08,0.9999999403953552
0.0,1.0,3.9275999341725765e-08,0.9999999403953552
0.0,1.0,3.915661750397703e-08,0.9999999403953552
0.0,1.0,3.91868049121058e-08,0.9999999403953552
0.0,1.0,3.8388275669376526e-08,0.9999999403953552
0.0,1.0,3.973116591282633e-08,0.9999999403953552
0.0,1.0,3.887992150453101e-08,0.9999999403953552
0.0,1.0,2.4297475517036718e-14,1.0
0.0,1.0,3.885167743078455e-08,0.9999999403953552
0.0,1.0,3.869924825039561e-08,0.9999999403953552
0.0,1.0,3.968027328937751e-08,0.9999999403953552
0.0,1.0,2.3816492940136047e-13,1.0
0.0,1.0,3.9172753929506143e-08,0.9999999403953552
0.0,1.0,3.970495399130414e-08,0.9999999403953552
0.0,1.0,3.969352135868576e-08,0.9999999403953552
0.0,1.0,3.915751634053777e-08,0.9999999403953552
0.0,1.0,3.8427103277172137e-08,0.9999999403953552
0.0,1.0,3.995893038677423e-08,0.9999999403953552
0.0,1.0,4.002468401154147e-08,0.9999999403953552
0.0,1.0,4.352351723468928e-08,0.9999999403953552
0.0,1.0,4.0304225734644206e-08,0.9999999403953552
0.0,1.0,3.820981575586302e-08,0.9999999403953552
0.0,1.0,6.349095968888113e-15,1.0
0.0,1.0,3.8643118926984243e-08,0.9999999403953552
0.0,1.0,3.83208274001845e-08,0.9999999403953552
0.0,1.0,3.8724500939224527e-08,0.9999999403953552
0.0,1.0,4.273366371876364e-08,0.9999999403953552
0.0,1.0,3.9877161128742955e-08,0.9999999403953552
0.0,1.0,4.213248772089173e-08,0.9999999403953552
0.0,1.0,6.167190311425298e-25,1.0
0.0,1.0,5.5149194365997486e-18,1.0
0.0,1.0,3.8297589100011464e-08,0.9999999403953552
0.0,1.0,3.9388755368463535e-08,0.9999999403953552
0.0,1.0,3.873255494113437e-08,0.9999999403953552
0.0,1.0,3.886271926489826e-08,0.9999999403953552
0.0,1.0,3.91648349307161e-08,0.9999999403953552
0.0,1.0,3.916618140920036e-08,0.9999999403953552
0.0,1.0,3.823234351330029e-08,0.9999999403953552
0.0,1.0,3.820136385002115e-08,0.9999999403953552
0.0,1.0,9.926229819316192e-16,1.0
0.0,1.0,3.9825472697430087e-08,0.9999999403953552
0.0,1.0,5.6797095027150135e-08,0.9999999403953552
0.0,1.0,3.7168707001100643e-10,1.0
0.0,1.0,3.902867007354871e-08,0.9999999403953552
0.0,1.0,3.845019591608434e-08,0.9999999403953552
0.0,1.0,3.796898084829081e-08,0.9999999403953552
0.0,1.0,3.9114219418934226e-08,0.9999999403953552
0.0,1.0,4.031345213206805e-08,0.9999999403953552
0.0,1.0,3.8937436386277113e-08,0.9999999403953552
0.0,1.0,4.068911252375074e-08,0.9999999403953552
0.0,1.0,2.3701911686657695e-06,0.999997615814209
0.0,1.0,3.802253800699873e-08,0.9999999403953552
0.0,1.0,3.8272030877806174e-08,0.9999999403953552
0.0,1.0,4.266020781074076e-08,0.9999999403953552
0.0,1.0,3.872642295732476e-08,0.9999999403953552
0.0,1.0,3.947833349116081e-08,0.9999999403953552
0.0,1.0,8.581630448845166e-15,1.0
0.0,1.0,3.9641694371539415e-08,0.9999999403953552
0.0,1.0,3.883048904640418e-08,0.9999999403953552
0.0,1.0,3.908938595031941e-08,0.9999999403953552
0.0,1.0,3.9497841441971104e-08,0.9999999403953552
0.0,1.0,3.847638652132446e-08,0.9999999403953552
0.0,1.0,3.961470795843525e-08,0.9999999403953552
0.0,1.0,3.841149265326749e-08,0.9999999403953552
0.0,1.0,3.769665113395604e-08,0.9999999403953552
0.0,1.0,6.201110836055869e-18,1.0
0.0,1.0,3.918276902936668e-08,0.9999999403953552
0.0,1.0,3.8700282090076144e-08,0.9999999403953552
0.0,1.0,3.890365718461908e-08,0.9999999403953552
0.0,1.0,3.960269623348722e-08,0.9999999403953552
0.0,1.0,3.88972019038647e-08,0.9999999403953552
0.0,1.0,3.8587877781992574e-08,0.9999999403953552
0.0,1.0,6.395273664951849e-25,1.0
0.0,1.0,3.87830425552238e-08,0.9999999403953552
0.0,1.0,4.297594102808944e-08,0.9999999403953552
0.0,1.0,3.968943218524146e-08,0.9999999403953552
0.0,1.0,3.888303723442732e-08,0.9999999403953552
0.0,1.0,3.966733430615932e-08,0.9999999403953552
0.0,1.0,3.8276411373772135e-08,0.9999999403953552
0.0,1.0,5.3488903972720436e-08,0.9999999403953552
0.0,1.0,4.6034923428805996e-08,0.9999999403953552
0.0,1.0,4.0386947119941397e-08,0.9999999403953552
0.0,1.0,7.306298499543118e-08,0.9999999403953552
0.0,1.0,4.0688259872467825e-08,0.9999999403953552
0.0,1.0,3.811162585520833e-08,0.9999999403953552
0.0,1.0,3.995558017777512e-08,0.9999999403953552
0.0,1.0,3.922740887674081e-08,0.9999999403953552
0.0,1.0,9.53830980603573e-18,1.0
0.0,1.0,3.901579148646306e-08,0.9999999403953552
0.0,1.0,3.918291824334119e-08,0.9999999403953552
0.0,1.0,1.0173346123670153e-21,1.0
0.0,1.0,4.281345411527582e-08,0.9999999403953552
0.0,1.0,3.826276184781818e-08,0.9999999403953552
0.0,1.0,3.807108583941954e-08,0.9999999403953552
0.0,1.0,3.9668467621822856e-08,0.9999999403953552
0.0,1.0,3.861401509652751e-08,0.9999999403953552
0.0,1.0,3.864237996253905e-08,0.9999999403953552
0.0,1.0,3.9048178024359004e-08,0.9999999403953552
0.0,1.0,1.2566659138671112e-23,1.0
0.0,1.0,3.864252917651356e-08,0.9999999403953552
0.0,1.0,3.844352391979555e-08,0.9999999403953552
0.0,1.0,3.846501428483862e-08,0.9999999403953552
0.0,1.0,3.9349483671458074e-08,0.9999999403953552
0.0,1.0,3.9760198689009485e-08,0.9999999403953552
0.0,1.0,3.8806575730632176e-08,0.9999999403953552
0.0,1.0,3.84934892849742e-08,0.9999999403953552
0.0,1.0,3.937155312883078e-08,0.9999999403953552
0.0,1.0,3.765417844192598e-08,0.9999999403953552
0.0,1.0,3.9887886771339254e-08,0.9999999403953552
0.0,1.0,3.896522215995901e-08,0.9999999403953552
0.0,1.0,3.9481044211697736e-08,0.9999999403953552
0.0,1.0,3.9178285504704036e-08,0.9999999403953552
0.0,1.0,3.930365011228787e-08,0.9999999403953552
0.0,1.0,3.962861327977407e-08,0.9999999403953552
0.0,1.0,3.8942559399401944e-08,0.9999999403953552
0.0,1.0,3.513231305873887e-08,0.9999999403953552
0.0,1.0,4.1220914681616705e-08,0.9999999403953552
0.0,1.0,3.878807319779298e-08,0.9999999403953552
0.0,1.0,3.870500719926895e-08,0.9999999403953552
0.0,1.0,3.956026972673499e-08,0.9999999403953552
0.0,1.0,3.8803463553449546e-08,0.9999999403953552
0.0,1.0,3.9742307222923046e-08,0.9999999403953552
0.0,1.0,4.2351476992052994e-08,0.9999999403953552
0.0,1.0,3.873764953254977e-08,0.9999999403953552
0.0,1.0,3.966226458373967e-08,0.9999999403953552
0.0,1.0,4.2140765543763337e-08,0.9999999403953552
0.0,1.0,3.898142608704802e-08,0.9999999403953552
0.0,1.0,1.1385521929696552e-06,0.9999988675117493
0.0,1.0,3.84338463277345e-08,0.9999999403953552
0.0,1.0,3.893810429644873e-08,0.9999999403953552
0.0,1.0,3.857757491232405e-08,0.9999999403953552
0.0,1.0,3.8531982937684006e-08,0.9999999403953552
0.0,1.0,3.840043305558538e-08,0.9999999403953552
0.0,1.0,2.2980690416393232e-23,1.0
0.0,1.0,3.979198837100739e-08,0.9999999403953552
0.0,1.0,3.8344296626746655e-08,0.9999999403953552
0.0,1.0,3.808968074281438e-08,0.9999999403953552
0.0,1.0,3.884767707518222e-08,0.9999999403953552
0.0,1.0,3.860930064547574e-08,0.9999999403953552
0.0,1.0,3.931707226456638e-08,0.9999999403953552
0.0,1.0,3.976823848006461e-08,0.9999999403953552
0.0,1.0,3.965137196360047e-08,0.9999999403953552
0.0,1.0,4.000873232712365e-08,0.9999999403953552
0.0,1.0,3.960345296150081e-08,0.9999999403953552
0.0,1.0,3.9116979877462654e-08,0.9999999403953552
0.0,1.0,3.814930238377201e-08,0.9999999403953552
0.0,1.0,3.918090030197163e-08,0.9999999403953552
0.0,1.0,3.860399999666697e-08,0.9999999403953552
0.0,1.0,3.939078396797413e-08,0.9999999403953552
0.0,1.0,3.954518135174112e-08,0.9999999403953552
0.0,1.0,3.7746652026271477e-08,0.9999999403953552
0.0,1.0,3.9394915773982575e-08,0.9999999403953552
0.0,1.0,3.817666893723981e-08,0.9999999403953552
0.0,1.0,3.902405509847995e-08,0.9999999403953552
0.0,1.0,3.908401779995074e-08,0.9999999403953552
0.0,1.0,3.8344442288007485e-08,0.9999999403953552
0.0,1.0,3.8617550046637916e-08,0.9999999403953552
0.0,1.0,4.025774202887078e-08,0.9999999403953552
0.0,1.0,3.9174025801003154e-08,0.9999999403953552
0.0,1.0,3.770894707599837e-08,0.9999999403953552
0.0,1.0,6.387768536342264e-08,0.9999999403953552
0.0,1.0,3.89753296303752e-08,0.9999999403953552
0.0,1.0,3.88959442432224e-08,0.9999999403953552
0.0,1.0,4.232482808674831e-08,0.9999999403953552
0.0,1.0,3.841515550107033e-08,0.9999999403953552
0.0,1.0,3.9712453769880085e-08,0.9999999403953552
0.0,1.0,6.117182493881046e-08,0.9999999403953552
0.0,1.0,3.948081683802229e-08,0.9999999403953552
0.0,1.0,3.745333643223603e-08,0.9999999403953552
0.0,1.0,3.885634569655849e-08,0.9999999403953552
0.0,1.0,3.849782359566234e-08,0.9999999403953552
0.0,1.0,3.892080258083297e-08,0.9999999403953552
0.0,1.0,3.9343028390703694e-08,0.9999999403953552
0.0,1.0,3.84619340820791e-08,0.9999999403953552
0.0,1.0,9.063596292173428e-22,1.0
0.0,1.0,3.8919985456686845e-08,0.9999999403953552
0.0,1.0,3.8963438697692254e-08,0.9999999403953552
0.0,1.0,3.948511206885996e-08,0.9999999403953552
0.0,1.0,4.060848013409668e-08,0.9999999403953552
0.0,1.0,3.9572267240828296e-08,0.9999999403953552
0.0,1.0,3.977916307462692e-08,0.9999999403953552
0.0,1.0,6.384905759659887e-08,0.9999999403953552
0.0,1.0,3.888125377216056e-08,0.9999999403953552
0.0,1.0,5.972273457027777e-13,1.0
0.0,1.0,3.951524618628355e-08,0.9999999403953552
0.0,1.0,3.9101838211763607e-08,0.9999999403953552
0.0,1.0,4.2976186165333274e-08,0.9999999403953552
0.0,1.0,3.5232297079801356e-08,0.9999999403953552
0.0,1.0,3.922501790043498e-08,0.9999999403953552
0.0,1.0,3.849885032991551e-08,0.9999999403953552
0.0,1.0,3.823234351330029e-08,0.9999999403953552
0.0,1.0,3.855116759154953e-08,0.9999999403953552
0.0,1.0,3.862086472850024e-08,0.9999999403953552
0.0,1.0,1.2995678167423172e-15,1.0
0.0,1.0,4.212099824485449e-08,0.9999999403953552
0.0,1.0,4.7359812072045315e-08,0.9999999403953552
0.0,1.0,6.232659188754042e-08,0.9999999403953552
0.0,1.0,3.7757381221581454e-08,0.9999999403953552
0.0,1.0,3.852639807178093e-08,0.9999999403953552
0.0,1.0,3.83357416922081e-08,0.9999999403953552
0.0,1.0,8.838442673055058e-13,1.0
0.0,1.0,3.939386417073365e-08,0.9999999403953552
0.0,1.0,3.962468397844532e-08,0.9999999403953552
0.0,1.0,3.9137503904385085e-08,0.9999999403953552
0.0,1.0,3.868980158472368e-08,0.9999999403953552
0.0,1.0,2.7487915851274515e-16,1.0
0.0,1.0,3.955762650775796e-08,0.9999999403953552
0.0,1.0,3.8899578669315815e-08,0.9999999403953552
0.0,1.0,3.9802465323646175e-08,0.9999999403953552
0.0,1.0,3.872627374335025e-08,0.9999999403953552
0.0,1.0,3.992891350890204e-08,0.9999999403953552
0.0,1.0,3.804879966651242e-08,0.9999999403953552
0.0,1.0,2.6641924777415227e-10,1.0
0.0,1.0,3.869393339073213e-08,0.9999999403953552
0.0,1.0,3.82215503691441e-08,0.9999999403953552
0.0,1.0,4.043844015200193e-08,0.9999999403953552
0.0,1.0,1.69842414372002e-16,1.0
0.0,1.0,3.9555740016794516e-08,0.9999999403953552
0.0,1.0,4.3841037467018396e-08,0.9999999403953552
0.0,1.0,3.895741684800669e-08,0.9999999403953552
0.0,1.0,3.9640482896174944e-08,0.9999999403953552
0.0,1.0,3.933184800075651e-08,0.9999999403953552
0.0,1.0,3.892035849162312e-08,0.9999999403953552
0.0,1.0,4.0086952424189803e-08,0.9999999403953552
0.0,1.0,3.891404887212957e-08,0.9999999403953552
0.0,1.0,4.0045453175707735e-08,0.9999999403953552
0.0,1.0,3.875464926750283e-08,0.9999999403953552
0.0,1.0,3.820748162297605e-08,0.9999999403953552
0.0,1.0,3.847161877956751e-08,0.9999999403953552
0.0,1.0,3.8260353107943956e-08,0.9999999403953552
0.0,1.0,4.146457754927724e-08,0.9999999403953552
0.0,1.0,4.10658493876781e-08,0.9999999403953552
0.0,1.0,3.9404007168286626e-08,0.9999999403953552
0.0,1.0,3.923100067027008e-08,0.9999999403953552
0.0,1.0,3.991962316263198e-08,0.9999999403953552
0.0,1.0,3.902070488948084e-08,0.9999999403953552
0.0,1.0,3.8843452898618125e-08,0.9999999403953552
0.0,1.0,4.0451936911267694e-08,0.9999999403953552
0.0,1.0,3.945454807308124e-08,0.9999999403953552
0.0,1.0,3.839113205117428e-08,0.9999999403953552
0.0,1.0,3.831505424045645e-08,0.9999999403953552
0.0,1.0,3.891026167934797e-08,0.9999999403953552
0.0,1.0,4.050590618476235e-08,0.9999999403953552
0.0,1.0,3.910944457174992e-08,0.9999999403953552
0.0,1.0,4.021384469865552e-08,0.9999999403953552
0.0,1.0,3.917649138429624e-08,0.9999999403953552
0.0,1.0,3.961002548180659e-08,0.9999999403953552
0.0,1.0,3.9381468752708315e-08,0.9999999403953552
0.0,1.0,9.027137830076948e-19,1.0
0.0,1.0,3.8803612767424056e-08,0.9999999403953552
0.0,1.0,3.877476117963852e-08,0.9999999403953552
0.0,1.0,3.895489086858106e-08,0.9999999403953552
0.0,1.0,3.847095797482325e-08,0.9999999403953552
0.0,1.0,2.082947840299693e-22,1.0
0.0,1.0,3.9362543446941345e-08,0.9999999403953552
0.0,1.0,3.825152461445214e-08,0.9999999403953552
0.0,1.0,3.878903598319994e-08,0.9999999403953552
0.0,1.0,3.858434638459585e-08,0.9999999403953552
0.0,1.0,3.890336230938374e-08,0.9999999403953552
0.0,1.0,3.874806964176969e-08,0.9999999403953552
0.0,1.0,3.875893739291314e-08,0.9999999403953552
0.0,1.0,3.922426827784875e-08,0.9999999403953552
0.0,1.0,1.571367688746328e-11,1.0
0.0,1.0,3.8957864489930216e-08,0.9999999403953552
0.0,1.0,3.8353000775259716e-08,0.9999999403953552
0.0,1.0,3.746927035308545e-08,0.9999999403953552
0.0,1.0,3.928866121327701e-08,0.9999999403953552
0.0,1.0,3.96463057938945e-08,0.9999999403953552
0.0,1.0,3.68508068504525e-08,0.9999999403953552
0.0,1.0,3.6120407997941584e-08,0.9999999403953552
0.0,1.0,3.2990311403964886e-33,1.0
0.0,1.0,3.6935531966264534e-08,0.9999999403953552
0.0,1.0,3.6445527484829654e-08,0.9999999403953552
0.0,1.0,3.693116212843961e-08,0.9999999403953552
0.0,1.0,3.6457343810525344e-08,0.9999999403953552
0.0,1.0,3.671701165330887e-08,0.9999999403953552
0.0,1.0,3.679026860936574e-08,0.9999999403953552
0.0,1.0,3.726137975945676e-08,0.9999999403953552
0.0,1.0,3.658865921352117e-08,0.9999999403953552
0.0,1.0,3.6393842606230464e-08,0.9999999403953552
0.0,1.0,3.656905533944155e-08,0.9999999403953552
0.0,1.0,3.792483127540436e-08,0.9999999403953552
0.0,1.0,4.0257663869169846e-08,0.9999999403953552
0.0,1.0,1.3006582573124592e-12,1.0
0.0,1.0,3.730795938849951e-08,0.9999999403953552
0.0,1.0,7.771640382157578e-20,1.0
0.0,1.0,3.67986210392246e-08,0.9999999403953552
0.0,1.0,4.622260910749085e-15,1.0
0.0,1.0,3.698092854165225e-08,0.9999999403953552
0.0,1.0,3.665683578901735e-08,0.9999999403953552
0.0,1.0,3.739166487548573e-08,0.9999999403953552
0.0,1.0,6.902823221496975e-23,1.0
0.0,1.0,1.2820032978388597e-24,1.0
0.0,1.0,3.836448669858328e-08,0.9999999403953552
0.0,1.0,3.75452451351066e-08,0.9999999403953552
0.0,1.0,3.672184689662572e-08,0.9999999403953552
0.0,1.0,3.689666527861846e-08,0.9999999403953552
0.0,1.0,1.8090301567716105e-26,1.0
0.0,1.0,3.652681002108693e-08,0.9999999403953552
0.0,1.0,2.17405489166822e-08,1.0
0.0,1.0,6.57235617487973e-25,1.0
0.0,1.0,7.375558078319594e-25,1.0
0.0,1.0,7.39718961995095e-05,0.9999220967292786
0.0,1.0,1.0541283268508033e-25,1.0
0.0,1.0,3.760587574674901e-08,0.9999999403953552
0.0,1.0,1.9518698536558077e-05,0.9999908804893494
0.0,1.0,3.647160440323205e-08,0.9999999403953552
0.0,1.0,3.6006223780304936e-08,0.9999999403953552
0.0,1.0,3.624386835099358e-08,0.9999999403953552
0.0,1.0,3.710329821160485e-08,0.9999999403953552
0.0,1.0,9.76390990370027e-25,1.0
0.0,1.0,2.011188847732165e-24,1.0
0.0,1.0,7.512159783118477e-08,0.9999999403953552
0.0,1.0,3.6848067708206145e-08,0.9999999403953552
0.0,1.0,1.3427710125278528e-22,1.0
0.0,1.0,3.415302723081208e-26,1.0
0.0,1.0,2.53487435687836e-25,1.0
0.0,1.0,2.7753276425851994e-27,1.0
0.0,1.0,1.4595424868701912e-10,1.0
0.0,1.0,1.6752052582861113e-27,1.0
0.0,1.0,3.651726743214567e-08,0.9999999403953552
0.0,1.0,1.2096058008848672e-26,1.0
0.0,1.0,5.317672234593942e-23,1.0
0.0,1.0,3.475859987923097e-23,1.0
0.0,1.0,4.765925345605702e-25,1.0
0.0,1.0,3.6911657730342995e-08,0.9999999403953552
0.0,1.0,1.3529685785304525e-27,1.0
0.0,1.0,3.716555596611215e-08,0.9999999403953552
0.0,1.0,3.959597449920693e-08,0.9999999403953552
0.0,1.0,3.653572733242072e-08,0.9999999403953552
0.0,1.0,3.645685708875135e-08,0.9999999403953552
0.0,1.0,3.6717363371963074e-08,0.9999999403953552
0.0,1.0,3.762639622095776e-08,0.9999999403953552
0.0,1.0,3.657261160583403e-08,0.9999999403953552
0.0,1.0,3.645484270009547e-08,0.9999999403953552
0.0,1.0,3.694638195383959e-08,0.9999999403953552
0.0,1.0,3.679048177218647e-08,0.9999999403953552
0.0,1.0,3.680697346908346e-08,0.9999999403953552
0.0,1.0,3.7382822171139196e-08,0.9999999403953552
0.0,1.0,3.679082993812699e-08,0.9999999403953552
0.0,1.0,3.680711557763061e-08,0.9999999403953552
0.0,1.0,3.700131756545488e-08,0.9999999403953552
0.0,1.0,3.6370526146356497e-08,0.9999999403953552
0.0,1.0,3.6834645555927636e-08,0.9999999403953552
0.0,1.0,1.011849400591193e-23,1.0
0.0,1.0,3.455672974249619e-22,1.0
0.0,1.0,3.628329281468723e-08,0.9999999403953552
0.0,1.0,1.5761639104994174e-08,1.0
0.0,1.0,4.9774474319974615e-08,0.9999999403953552
0.0,1.0,3.685319782675833e-08,0.9999999403953552
0.0,1.0,3.6398077440935594e-08,0.9999999403953552
0.0,1.0,3.228337902623324e-21,1.0
0.0,1.0,3.654932001495581e-08,0.9999999403953552
0.0,1.0,3.738374942940936e-08,0.9999999403953552
0.0,1.0,8.656729857599783e-22,1.0
0.0,1.0,3.67528869560374e-08,0.9999999403953552
0.0,1.0,3.3501780541762776e-18,1.0
0.0,1.0,3.749192956092884e-08,0.9999999403953552
0.0,1.0,7.15400219064577e-08,0.9999999403953552
0.0,1.0,4.410070263615937e-15,1.0
0.0,1.0,3.8576764893605286e-08,0.9999999403953552
0.0,1.0,3.57390490535181e-07,0.9999998807907104
0.0,1.0,3.664600001229701e-08,0.9999999403953552
0.0,1.0,3.674657733654385e-08,0.9999999403953552
0.0,1.0,5.642705502850731e-08,0.9999999403953552
0.0,1.0,6.956509537303646e-07,0.9999997615814209
0.0,1.0,3.766732703525122e-08,0.9999999403953552
0.0,1.0,2.040124158497747e-08,1.0
0.0,1.0,3.6444482987008087e-08,0.9999999403953552
0.0,1.0,3.689645211579773e-08,0.9999999403953552
0.0,1.0,3.6695027461064456e-08,0.9999999403953552
0.0,1.0,6.090649407042292e-08,0.9999999403953552
0.0,1.0,3.6469725017695964e-08,0.9999999403953552
0.0,1.0,3.61806691273614e-08,0.9999999403953552
0.0,1.0,3.831059558478955e-08,0.9999999403953552
0.0,1.0,3.7938288954819654e-08,0.9999999403953552
0.0,1.0,3.7587160051089086e-08,0.9999999403953552
0.0,1.0,3.727097208638952e-08,0.9999999403953552
0.0,1.0,3.683627279479863e-15,1.0
0.0,1.0,3.704361617451468e-08,0.9999999403953552
0.0,1.0,3.687731719992371e-08,0.9999999403953552
0.0,1.0,3.840629148044172e-08,0.9999999403953552
0.0,1.0,5.494278957485221e-05,0.9999586343765259
0.0,1.0,3.744098009406116e-08,0.9999999403953552
0.0,1.0,3.6644319578726936e-08,0.9999999403953552
0.0,1.0,3.652332480896803e-08,0.9999999403953552
0.0,1.0,7.681543595650098e-11,1.0
0.0,1.0,3.715655338965007e-08,0.9999999403953552
0.0,1.0,3.805787329724808e-08,0.9999999403953552
0.0,1.0,3.6496587085821375e-08,0.9999999403953552
0.0,1.0,3.712949236955865e-08,0.9999999403953552
0.0,1.0,3.648356994290225e-08,0.9999999403953552
0.0,1.0,3.7437409616813966e-08,0.9999999403953552
0.0,1.0,8.584634583541501e-17,1.0
0.0,1.0,0.0003708434524014592,0.9997597336769104
0.0,1.0,3.671365078616873e-08,0.9999999403953552
0.0,1.0,3.6863109897922186e-08,0.9999999403953552
0.0,1.0,2.596532743589369e-13,1.0
0.0,1.0,3.632795753105711e-08,0.9999999403953552
0.0,1.0,3.662322001218854e-08,0.9999999403953552
0.0,1.0,3.629028455520711e-08,0.9999999403953552
0.0,1.0,3.66987400468588e-08,0.9999999403953552
0.0,1.0,3.697958916859534e-08,0.9999999403953552
0.0,1.0,5.1851257391443556e-15,1.0
0.0,1.0,0.0001973112375708297,0.9996240735054016
0.0,1.0,3.695103245604514e-08,0.9999999403953552
0.0,1.0,3.65027830184772e-08,0.9999999403953552
0.0,1.0,3.651204139032416e-08,0.9999999403953552
0.0,1.0,3.6536427217015444e-08,0.9999999403953552
0.0,1.0,3.665096315330629e-08,0.9999999403953552
0.0,1.0,3.680107951709033e-08,0.9999999403953552
0.0,1.0,3.671477344369123e-08,0.9999999403953552
0.0,1.0,3.625278921504105e-08,0.9999999403953552
0.0,1.0,3.789880054227979e-08,0.9999999403953552
0.0,1.0,1.9657329630717868e-07,0.9999998211860657
0.0,1.0,3.6167559613886624e-08,0.9999999403953552
0.0,1.0,3.723643970943158e-08,0.9999999403953552
0.0,1.0,3.684609950482809e-08,0.9999999403953552
0.0,1.0,2.8956532727164586e-09,1.0
0.0,1.0,3.665138237352039e-08,0.9999999403953552
0.0,1.0,3.772031220705685e-08,0.9999999403953552
0.0,1.0,2.6589459523052028e-08,1.0
0.0,1.0,3.684609950482809e-08,0.9999999403953552
0.0,1.0,0.0046957796439528465,0.9971447587013245
0.0,1.0,2.0308235648691664e-10,1.0
0.0,1.0,3.630302103374561e-08,0.9999999403953552
0.0,1.0,3.6765015920536825e-08,0.9999999403953552
0.0,1.0,3.5923974905927025e-08,0.9999999403953552
0.0,1.0,3.62443515200539e-08,0.9999999403953552
0.0,1.0,3.736036902068918e-08,0.9999999403953552
0.0,1.0,1.2339981756158719e-21,1.0
0.0,1.0,1.3431137801944715e-07,1.0
0.0,1.0,7.49085092999896e-13,1.0
0.0,1.0,3.683872051851722e-08,0.9999999403953552
0.0,1.0,3.6767119127034675e-08,0.9999999403953552
0.0,1.0,3.937185510949348e-08,0.9999999403953552
0.0,1.0,3.628474587458186e-08,0.9999999403953552
0.0,1.0,3.652604263493231e-08,0.9999999403953552
0.0,1.0,3.610731980074888e-08,0.9999999403953552
0.0,1.0,3.6334334652110556e-08,0.9999999403953552
0.0,1.0,3.69137680422682e-08,0.9999999403953552
0.0,1.0,3.7660396401406615e-07,0.9999999403953552
0.0,1.0,3.610759335970215e-08,0.9999999403953552
0.0,1.0,3.6393842606230464e-08,0.9999999403953552
0.0,1.0,3.3925186215810754e-08,1.0
0.0,1.0,3.3878176708412866e-08,1.0
0.0,1.0,3.386771041391512e-08,1.0
0.0,1.0,3.386667657423459e-08,1.0
0.0,1.0,3.3399401218048297e-06,0.9999964833259583
0.0,1.0,3.387442859548173e-08,1.0
0.0,1.0,7.66237064908637e-08,0.9999999403953552
0.0,1.0,3.38706804825506e-08,1.0
0.0,1.0,3.3988658998396204e-08,1.0
0.0,1.0,3.387197367032968e-08,1.0
0.0,1.0,1.600081969943817e-30,1.0
0.0,1.0,1.980044908123091e-05,0.9999760985374451
0.0,1.0,4.0575744153503734e-11,1.0
0.0,1.0,0.0,1.0
0.0,1.0,3.3872879612317774e-08,1.0
0.0,1.0,3.387132707644014e-08,1.0
0.0,1.0,3.390778502421199e-08,1.0
0.0,1.0,3.3958265532874066e-08,1.0
0.0,1.0,3.387345870464742e-08,1.0
0.0,1.0,3.3875721783260815e-08,1.0
0.0,1.0,3.393269309981406e-08,1.0
0.0,1.0,3.4116219183033536e-08,1.0
0.0,1.0,1.743750459581861e-07,0.9999998211860657
0.0,1.0,3.3875721783260815e-08,1.0
0.0,1.0,3.386880820244187e-08,1.0
0.0,1.0,3.386809765970611e-08,1.0
0.0,1.0,3.387449254432795e-08,1.0
0.0,1.0,3.389718017388077e-08,1.0
0.0,1.0,3.387565428170092e-08,1.0
0.0,1.0,3.388735336784521e-08,1.0
0.0,1.0,3.38706804825506e-08,1.0
0.0,1.0,3.3876496274842793e-08,1.0
0.0,1.0,3.3873199356548866e-08,1.0
0.0,1.0,3.389019553878825e-08,1.0
0.0,1.0,2.226953199624404e-07,0.9999998211860657
0.0,1.0,2.6922145480057225e-05,0.9999653100967407
0.0,1.0,3.391444636235974e-08,1.0
0.0,1.0,7.280927061159303e-34,1.0
0.0,1.0,3.3872488813813106e-08,1.0
0.0,1.0,1.7964215658139437e-05,0.9999815225601196
0.0,1.0,7.456145567630301e-08,0.9999999403953552
0.0,1.0,0.0,1.0
0.0,1.0,3.388063163356492e-08,1.0
0.0,1.0,3.387333080695498e-08,1.0
0.0,1.0,3.3876496274842793e-08,1.0
0.0,1.0,4.124663348648028e-07,0.9999995231628418
0.0,1.0,0.0005942411371506751,0.9993540644645691
0.0,1.0,6.223411660034775e-33,1.0
0.0,1.0,5.060520038568939e-07,0.999999463558197
0.0,1.0,3.387016533906717e-08,1.0
0.0,1.0,3.386803371085989e-08,1.0
0.0,1.0,3.3988918346494756e-08,1.0
0.0,1.0,3.3946804478546255e-08,1.0
0.0,1.0,3.3870357185605826e-08,1.0
0.0,1.0,0.00041355486609973013,0.999592661857605
0.0,1.0,3.4288245132074735e-08,1.0
0.0,1.0,3.386880820244187e-08,1.0
0.0,1.0,3.387313540770265e-08,1.0
0.0,1.0,3.401557080451312e-08,1.0
0.0,1.0,2.7318502344941423e-36,1.0
0.0,1.0,0.0,1.0
0.0,1.0,0.0,1.0
0.0,1.0,3.3870421134452044e-08,1.0
0.0,1.0,3.439370033220257e-08,1.0
0.0,1.0,3.390215752574477e-08,1.0
0.0,1.0,3.387520308706371e-08,1.0
0.0,1.0,8.559689490539313e-08,0.9999999403953552
0.0,1.0,3.387384595043841e-08,1.0
0.0,1.0,3.387262026421922e-08,1.0
0.0,1.0,3.3871067728341586e-08,1.0
0.0,1.0,3.9918631955515593e-07,0.9999996423721313
0.0,1.0,8.659305876790313e-07,0.9999991059303284
0.0,1.0,3.386919544823286e-08,1.0
0.0,1.0,3.387668812138145e-08,1.0
0.0,1.0,3.3876755622941346e-08,1.0
0.0,1.0,3.387365410389975e-08,1.0
0.0,1.0,3.388089098166347e-08,1.0
0.0,1.0,2.0925357091527985e-07,0.9999998211860657
0.0,1.0,3.387371805274597e-08,1.0
0.0,1.0,3.408792537129557e-08,1.0
0.0,1.0,3.3874297145075616e-08,1.0
0.0,1.0,1.1686070138239302e-05,0.9999908208847046
0.0,1.0,3.387171432223113e-08,1.0
0.0,1.0,0.00011872886534547433,0.9999020099639893
0.0,1.0,0.0,1.0
0.0,1.0,3.387378200159219e-08,1.0
0.0,1.0,3.3917938679906e-08,1.0
0.0,1.0,3.3932820997506496e-08,1.0
0.0,1.0,0.0,1.0
0.0,1.0,3.41516361856975e-08,1.0
0.0,1.0,1.8191801132161345e-07,0.9999998211860657
0.0,1.0,8.103301496475979e-08,0.9999999403953552
0.0,1.0,7.2537521191407e-05,0.9999376535415649
0.0,1.0,5.51794255443383e-06,0.9999948143959045
0.0,1.0,3.38755903328547e-08,1.0
0.0,1.0,3.390571379213725e-08,1.0
0.0,1.0,3.38711991787477e-08,1.0
0.0,1.0,2.2840467295281996e-07,0.9999997615814209
0.0,1.0,8.802375077721081e-07,0.9999991655349731
0.0,1.0,3.387171432223113e-08,1.0
0.0,1.0,3.3905131147093925e-08,1.0
0.0,1.0,4.101739534689841e-07,0.9999996423721313
0.0,1.0,4.816796996858997e-38,1.0
0.0,1.0,3.387029323675961e-08,1.0
0.0,1.0,3.3945056543416285e-08,1.0
0.0,1.0,5.7672817632692386e-08,0.9999999403953552
0.0,1.0,3.4799455761458375e-08,1.0
0.0,1.0,3.387016533906717e-08,1.0
0.0,1.0,3.3872879612317774e-08,1.0
0.0,1.0,3.387940239463205e-08,1.0
0.0,1.0,1.0877717926405239e-07,0.9999998807907104
0.0,1.0,3.394168857084878e-08,1.0
0.0,1.0,3.390041314332848e-08,1.0
0.0,1.0,3.386939084748519e-08,1.0
0.0,1.0,3.387365410389975e-08,1.0
0.0,1.0,6.327185329882923e-32,1.0
0.0,1.0,7.931838656297766e-30,1.0
0.0,1.0,4.66933798293212e-08,0.9999999403953552
0.0,1.0,3.387365410389975e-08,1.0
0.0,1.0,3.387333080695498e-08,1.0
0.0,1.0,3.400830550503997e-08,1.0
0.0,1.0,3.3866868420773244e-08,1.0
0.0,1.0,3.3883864603012626e-08,1.0
0.0,1.0,3.387688352063378e-08,1.0
0.0,1.0,3.387132707644014e-08,1.0
0.0,1.0,1.2424094109064754e-07,0.9999998807907104
0.0,1.0,4.355922911258858e-08,0.9999999403953552
0.0,1.0,3.387352265349364e-08,1.0
0.0,1.0,3.386771041391512e-08,1.0
0.0,1.0,3.38805676847187e-08,1.0
0.0,1.0,3.3869646642870066e-08,1.0
0.0,1.0,3.410411864024354e-08,1.0
0.0,1.0,3.3867966209299993e-08,1.0
0.0,1.0,3.402472259494971e-08,1.0
0.0,1.0,0.0015020968858152628,0.9982354044914246
0.0,1.0,0.0009513815748505294,0.9990289211273193
0.0,1.0,3.387126312759392e-08,1.0
0.0,1.0,3.3869646642870066e-08,1.0
0.0,1.0,3.3974203006437165e-08,1.0
0.0,1.0,3.387268421306544e-08,1.0
0.0,1.0,9.863327932180255e-08,0.9999999403953552
0.0,1.0,3.400019821242495e-08,1.0
0.0,1.0,3.387701141832622e-08,1.0
0.0,1.0,3.3875334537469826e-08,1.0
0.0,1.0,3.3949266509125664e-08,1.0
0.0,1.0,3.387016533906717e-08,1.0
0.0,1.0,2.1782483599963598e-05,0.9999766945838928
0.0,1.0,3.387584968095325e-08,1.0
0.0,1.0,3.3872879612317774e-08,1.0
0.0,1.0,3.488285571506822e-08,0.9999999403953552
0.0,1.0,3.38662893284436e-08,1.0
0.0,1.0,3.422793426466342e-08,1.0
0.0,1.0,1.5362837075372227e-05,0.999981164932251
0.0,1.0,3.387688352063378e-08,1.0
0.0,1.0,3.3869000048980524e-08,1.0
0.0,1.0,3.387371805274597e-08,1.0
0.0,1.0,3.3975176449985156e-08,1.0
0.0,1.0,3.4299496576295496e-08,1.0
0.0,1.0,3.600415584514849e-05,0.9999595880508423
0.0,1.0,3.387165037338491e-08,1.0
0.0,1.0,3.4797860593016594e-08,1.0
0.0,1.0,3.387262026421922e-08,1.0
0.0,1.0,3.388405644955128e-08,1.0
0.0,1.0,3.387300751001021e-08,1.0
0.0,1.0,4.544613602774916e-06,0.9999956488609314
0.0,1.0,3.39018342288e-08,1.0
0.0,1.0,2.8696273222172314e-19,1.0
0.0,1.0,3.3984186131874594e-08,1.0
0.0,1.0,0.0,1.0
0.0,1.0,3.413079951997133e-08,1.0
0.0,1.0,3.411413729281776e-08,1.0
0.0,1.0,3.387953384503817e-08,1.0
0.0,1.0,3.3895563689156916e-08,1.0
0.0,1.0,3.386602998034505e-08,1.0
0.0,1.0,3.4296419926249655e-08,1.0
0.0,1.0,3.387126312759392e-08,1.0
0.0,1.0,0.0,1.0
0.0,1.0,1.1051089131797198e-05,0.9999845027923584
0.0,1.0,3.387223301842823e-08,1.0
0.0,1.0,0.0,1.0
0.0,1.0,1.0049235772388723e-34,1.0
0.0,1.0,4.4996037081044096e-32,1.0
0.0,1.0,5.6990799635059375e-08,0.9999999403953552
0.0,1.0,1.0109332038155117e-07,0.9999998807907104
0.0,1.0,3.38747518924265e-08,1.0
0.0,1.0,2.8032110321873915e-07,0.9999997019767761
0.0,1.0,1.8763739717542194e-07,0.9999997615814209
0.0,1.0,3.386531943760929e-08,1.0
0.0,1.0,3.383181379490452e-08,1.0
0.0,1.0,0.0004052670847158879,0.9995424151420593
0.0,1.0,3.3866157878037484e-08,1.0
0.0,1.0,3.555502917151898e-05,0.9999516606330872
0.0,1.0,1.268530695597292e-06,0.9999988079071045
0.0,1.0,1.3786154636659024e-22,1.0
0.0,1.0,3.388541358617658e-08,1.0
0.0,1.0,2.1921168809058145e-06,0.9999978542327881
