1.0,0.0,0.9999954700469971,3.941264822060475e-06
1.0,0.0,0.9999969601631165,2.651514705576119e-06
1.0,0.0,1.0,2.000795779055764e-10
1.0,0.0,0.9999980926513672,1.4984590279709664e-06
1.0,0.0,1.0,0.0
1.0,0.0,0.9999951124191284,4.0027571230893955e-06
1.0,0.0,0.9999662041664124,2.8395008484949358e-05
1.0,0.0,0.9999982714653015,1.4562108390236972e-06
1.0,0.0,1.0,5.442194105976782e-25
1.0,0.0,0.9999991655349731,6.545328119500482e-07
1.0,0.0,0.9999958872795105,3.3328224162687548e-06
1.0,0.0,1.0,1.1296209592879362e-33
1.0,0.0,0.969323456287384,0.019758233800530434
1.0,0.0,0.999995768070221,3.735282234629267e-06
1.0,0.0,0.9999992251396179,6.575539828190813e-07
1.0,0.0,0.999986469745636,1.2436270480975509e-05
1.0,0.0,0.9999850988388062,1.2135254110035021e-05
1.0,0.0,0.999708354473114,0.0002765399403870106
1.0,0.0,0.9999846816062927,1.1939566320506856e-05
1.0,0.0,0.999999463558197,3.645589288225892e-07
1.0,0.0,0.9999985694885254,1.1944904372285237e-06
1.0,0.0,0.9999969601631165,2.557277412051917e-06
1.0,0.0,0.999999463558197,4.5652853941646754e-07
1.0,0.0,0.9999951720237732,4.416614956426201e-06
1.0,0.0,1.0,3.5554220158273697e-13
1.0,0.0,0.999991238117218,8.259826245193835e-06
1.0,0.0,0.9999859929084778,1.0403884516563267e-05
1.0,0.0,0.9999940395355225,4.858219654124696e-06
1.0,0.0,0.9999977350234985,2.0326779122115113e-06
1.0,0.0,0.999947190284729,4.128710497752763e-05
1.0,0.0,0.9999855160713196,1.3247498827695381e-05
1.0,0.0,0.999995231628418,4.038400675199227e-06
1.0,0.0,0.9999900460243225,8.504174729750957e-06
1.0,0.0,0.9999992251396179,6.160265115795482e-07
1.0,0.0,0.999996542930603,3.0406595215026755e-06
1.0,0.0,0.9999791383743286,1.990696728171315e-05
1.0,0.0,0.9999933838844299,5.1333181545487605e-06
1.0,0.0,0.9998645782470703,9.780843538464978e-05
1.0,0.0,0.9998440146446228,0.0001490482536610216
1.0,0.0,0.9999830722808838,1.3807580216962378e-05
1.0,0.0,0.9999938011169434,4.940658982377499e-06
1.0,0.0,0.9998846054077148,0.00016406405484303832
1.0,0.0,0.9999983906745911,1.0672507642084383e-06
1.0,0.0,0.999993085861206,6.0930883591936436e-06
1.0,0.0,0.9999971985816956,2.193421778429183e-06
1.0,0.0,0.9999873042106628,1.1834750694106333e-05
1.0,0.0,0.9999958276748657,3.728562660398893e-06
1.0,0.0,0.9999997615814209,1.6007825820452126e-07
1.0,0.0,0.9999935626983643,4.718593118013814e-06
1.0,0.0,0.9999904632568359,8.865958079695702e-06
1.0,0.0,0.9999957084655762,3.370829062987468e-06
1.0,0.0,0.9999663829803467,3.226329499739222e-05
1.0,0.0,0.9999960064888,3.258394826843869e-06
1.0,0.0,0.9999940395355225,4.637833626475185e-06
1.0,0.0,0.9999631643295288,3.723212648765184e-05
1.0,0.0,0.9999967813491821,2.515120286261663e-06
1.0,0.0,0.9999938011169434,5.784368568129139e-06
1.0,0.0,0.9999992251396179,6.704961492687289e-07
1.0,0.0,0.9999966621398926,2.945150299638044e-06
1.0,0.0,0.9999969601631165,2.2843762508273358e-06
1.0,0.0,0.9999967217445374,2.9317470762180164e-06
1.0,0.0,0.9999915957450867,6.75849105391535e-06
1.0,0.0,0.9999696016311646,4.221640483592637e-05
1.0,0.0,0.9999982714653015,1.4774677765672095e-06
1.0,0.0,0.9999954700469971,3.9148844734882005e-06
1.0,0.0,0.9999892711639404,9.978622074413579e-06
1.0,0.0,0.9999979734420776,1.555325525259832e-06
1.0,0.0,0.9999916553497314,7.745486072963104e-06
1.0,0.0,0.9999831914901733,1.3771022167929914e-05
1.0,0.0,0.9999871253967285,9.432628758077044e-06
1.0,0.0,0.9999935030937195,4.909180916001787e-06
1.0,0.0,0.9999464750289917,4.324156543589197e-05
1.0,0.0,0.999993622303009,6.098901849327376e-06
1.0,0.0,0.9999969005584717,2.7807941478386056e-06
1.0,0.0,0.9999986886978149,1.1376361044312944e-06
1.0,0.0,0.9999948740005493,4.356788394943578e-06
1.0,0.0,0.9999983310699463,1.4583038137061521e-06
1.0,0.0,0.9999991059303284,8.10319761512801e-07
1.0,0.0,0.9999437928199768,5.230970054981299e-05
1.0,0.0,0.9999476671218872,5.3385276260087267e-05
1.0,0.0,0.9999979734420776,1.6796255977169494e-06
1.0,0.0,0.999991238117218,7.282344540726626e-06
1.0,0.0,0.9999944567680359,5.1071351663267706e-06
1.0,0.0,0.999998152256012,1.6129879440995865e-06
1.0,0.0,0.9999912977218628,7.617910796398064e-06
1.0,0.0,0.9999975562095642,2.1723255940742092e-06
1.0,0.0,0.9999978542327881,1.64652772127738e-06
1.0,0.0,0.9999805688858032,1.9082146536675282e-05
1.0,0.0,0.9999891519546509,1.0070455573440995e-05
1.0,0.0,0.9999913573265076,7.485001788154477e-06
1.0,0.0,0.9999600052833557,4.02671612391714e-05
1.0,0.0,0.9999991059303284,7.481295369871077e-07
1.0,0.0,0.9999861717224121,1.223815434059361e-05
1.0,0.0,0.9999992251396179,6.294970376075071e-07
1.0,0.0,0.9999843835830688,1.5275372788892128e-05
1.0,0.0,0.9999979138374329,1.856989115367469e-06
1.0,0.0,0.9999423623085022,4.0058766899164766e-05
1.0,0.0,0.9999920725822449,7.123805971787078e-06
1.0,0.0,0.9999983310699463,1.480839159739844e-06
1.0,0.0,0.9999964237213135,3.0017693006811896e-06
1.0,0.0,0.9999895691871643,9.319474884250667e-06
1.0,0.0,0.999998152256012,1.4266377093008487e-06
1.0,0.0,0.9999954700469971,3.966683379985625e-06
1.0,0.0,0.9999867677688599,1.0416851182526443e-05
1.0,0.0,0.9999924898147583,6.565033345395932e-06
1.0,0.0,0.9999542236328125,4.738388452096842e-05
1.0,0.0,0.999985933303833,1.1651316526695155e-05
1.0,0.0,0.9999884963035583,1.0633086276357062e-05
1.0,0.0,1.0,2.2882149508518523e-08
1.0,0.0,0.9999862909317017,1.0033500984718557e-05
1.0,0.0,0.9999951720237732,4.13087354900199e-06
1.0,0.0,0.9999969005584717,2.5383446882187854e-06
1.0,0.0,0.9999920725822449,6.577698968612822e-06
1.0,0.0,0.9999963641166687,2.914930519182235e-06
1.0,0.0,0.9999963641166687,3.2502387057320448e-06
1.0,0.0,0.999998152256012,1.6563711824346683e-06
1.0,0.0,0.9999979138374329,1.6906984683373594e-06
1.0,0.0,0.9999964237213135,2.8816468784498284e-06
1.0,0.0,0.999997079372406,2.557477500886307e-06
1.0,0.0,0.9999902844429016,8.657193575345445e-06
1.0,0.0,0.9999964833259583,3.077472911172663e-06
1.0,0.0,0.999997079372406,2.5435983843635768e-06
1.0,0.0,0.9999904632568359,8.426311069342773e-06
1.0,0.0,0.9999960064888,3.2552920856687706e-06
1.0,0.0,0.9999975562095642,2.161229076591553e-06
1.0,0.0,0.9999974966049194,2.1934554297331488e-06
1.0,0.0,0.9999957084655762,3.4716533718892606e-06
1.0,0.0,0.9999962449073792,2.9597551929327892e-06
1.0,0.0,0.9999885559082031,9.260919796361122e-06
1.0,0.0,0.9999943375587463,4.790793354914058e-06
1.0,0.0,0.9999977946281433,1.701867063275131e-06
1.0,0.0,0.9999935626983643,5.1963738769700285e-06
1.0,0.0,1.0,0.0
1.0,0.0,0.9999797940254211,1.763577529345639e-05
1.0,0.0,0.9999929666519165,6.175090220494894e-06
1.0,0.0,0.9999982118606567,1.5259164456438157e-06
1.0,0.0,0.9999986886978149,1.1205820555915125e-06
1.0,0.0,0.9999994039535522,4.995647486794041e-07
1.0,0.0,0.9999939203262329,4.945552063873038e-06
1.0,0.0,0.999995231628418,4.21528102378943e-06
1.0,0.0,0.999998927116394,9.150978712568758e-07
1.0,0.0,0.9999967813491821,2.6654031444195425e-06
1.0,0.0,0.9999994039535522,4.6446493229268526e-07
1.0,0.0,0.999983549118042,1.565381717227865e-05
1.0,0.0,0.9999144077301025,6.426399340853095e-05
1.0,0.0,0.9999947547912598,4.573155820253305e-06
1.0,0.0,0.9999973177909851,2.389480414421996e-06
1.0,0.0,0.9999830722808838,1.19450778583996e-05
1.0,0.0,0.9999969005584717,2.739191359069082e-06
1.0,0.0,0.9999988079071045,1.0300923349859659e-06
1.0,0.0,0.999998152256012,1.4653453490609536e-06
1.0,0.0,0.9999996423721313,2.9367848242145556e-07
1.0,0.0,0.9999983310699463,1.2594381360031548e-06
1.0,0.0,0.9999949336051941,4.478365099203074e-06
1.0,0.0,0.9999966025352478,2.9599527806567494e-06
1.0,0.0,0.9999908804893494,8.416873242822476e-06
1.0,0.0,0.9999982714653015,1.4310471669887193e-06
1.0,0.0,1.0,1.7007193383092832e-16
1.0,0.0,0.9999739527702332,2.466254954924807e-05
1.0,0.0,0.9999898076057434,7.168013780756155e-06
1.0,0.0,0.9993510842323303,0.0005684875068254769
1.0,0.0,0.9999978542327881,1.6425096873717848e-06
1.0,0.0,0.9999790191650391,2.004728048632387e-05
1.0,0.0,0.9999991059303284,7.499468210880877e-07
1.0,0.0,0.9999960064888,3.185386049153749e-06
1.0,0.0,0.9999945759773254,4.744538728118641e-06
1.0,0.0,0.9999957084655762,3.919285063602729e-06
1.0,0.0,0.9999955892562866,4.0166992221202236e-06
1.0,0.0,0.9999840259552002,1.4112964890955482e-05
1.0,0.0,0.9999974370002747,2.1204846234468278e-06
1.0,0.0,0.9998902082443237,0.00011075387010350823
1.0,0.0,0.9999879598617554,1.1364281817805022e-05
1.0,0.0,0.9999849200248718,1.3630474313686136e-05
1.0,0.0,0.9998117089271545,0.00014275748981162906
1.0,0.0,0.9999964237213135,3.1734214189782506e-06
1.0,0.0,0.9999640583992004,3.2379652111558244e-05
1.0,0.0,0.9999060034751892,9.42595288506709e-05
1.0,0.0,0.9999982118606567,1.4864677950754412e-06
1.0,0.0,0.9999914765357971,7.365333203779301e-06
1.0,0.0,0.9999979734420776,1.701073529147834e-06
1.0,0.0,0.999958336353302,3.42999046551995e-05
1.0,0.0,0.9999956488609314,3.856974217342213e-06
1.0,0.0,0.9999994039535522,5.036039283368154e-07
1.0,0.0,0.9999988675117493,1.0020456784332055e-06
1.0,0.0,0.9999971389770508,2.2554213501280174e-06
1.0,0.0,1.0,7.265379704107788e-14
1.0,0.0,0.999997079372406,2.3539787434856407e-06
1.0,0.0,0.9999973177909851,2.0998675154260127e-06
1.0,0.0,0.9999862313270569,1.4453937183134258e-05
1.0,0.0,0.9999818205833435,1.6905654774745926e-05
1.0,0.0,0.9999956488609314,3.883847966790199e-06
1.0,0.0,0.9999966025352478,2.9782956971757812e-06
1.0,0.0,0.9999913573265076,7.184781679825392e-06
1.0,0.0,0.9999852776527405,1.2066601811966393e-05
1.0,0.0,0.9999937415122986,4.941850875184173e-06
1.0,0.0,0.9999826550483704,1.6479527403134853e-05
1.0,0.0,0.999989926815033,9.000516911328305e-06
1.0,0.0,0.9999691843986511,2.7883334041689523e-05
1.0,0.0,0.9999969005584717,2.6543661988398526e-06
1.0,0.0,0.9999994039535522,3.3930791687453166e-07
1.0,0.0,0.9999958276748657,3.7638242247339804e-06
1.0,0.0,0.9999922513961792,5.928874088567682e-06
1.0,0.0,0.9999984502792358,1.2734348047160893e-06
1.0,0.0,0.9999926686286926,6.206984835444018e-06
1.0,0.0,0.9999794363975525,1.6551613953197375e-05
1.0,0.0,0.999996542930603,2.9652305784111377e-06
1.0,0.0,0.9999961853027344,3.4732065614662133e-06
1.0,0.0,0.9999878406524658,1.135260481532896e-05
1.0,0.0,0.9999939203262329,5.3244839364197105e-06
1.0,0.0,1.0,4.4672191903513864e-21
1.0,0.0,0.9999797344207764,1.5273828466888517e-05
1.0,0.0,0.9999972581863403,2.422897978249239e-06
1.0,0.0,0.9998912811279297,0.00010280730202794075
1.0,0.0,0.9999883770942688,1.0897735592152458e-05
1.0,0.0,0.9999922513961792,7.2909751906991005e-06
1.0,0.0,0.9999781250953674,1.9030896510230377e-05
1.0,0.0,0.9999927282333374,6.306846444203984e-06
1.0,0.0,0.9999933242797852,5.782515472674277e-06
1.0,0.0,0.999999463558197,4.210079964650504e-07
1.0,0.0,0.9999874234199524,1.1386075129848905e-05
1.0,0.0,0.9999986290931702,9.976175761039485e-07
1.0,0.0,0.9999592900276184,3.270104934927076e-05
1.0,0.0,0.9999909996986389,7.462507710442878e-06
1.0,0.0,0.9999992251396179,6.605287126149051e-07
1.0,0.0,0.9999968409538269,2.7223702545597916e-06
1.0,0.0,0.999989926815033,7.460870619979687e-06
1.0,0.0,0.9999859929084778,1.1197980711585842e-05
1.0,0.0,1.0,7.607288132760459e-10
1.0,0.0,1.0,1.8488743793333012e-14
1.0,0.0,1.0,3.883979184278463e-13
1.0,0.0,0.9999925494194031,6.598621439479757e-06
1.0,0.0,0.9999977946281433,1.7139803958343691e-06
1.0,0.0,0.9999692440032959,2.4135593776009046e-05
1.0,0.0,0.9999985694885254,1.229598410645849e-06
1.0,0.0,0.9999894499778748,1.0077776096295565e-05
1.0,0.0,0.9999985694885254,9.315309057456034e-07
1.0,0.0,0.9999969601631165,2.3407530989061343e-06
1.0,0.0,0.9999994039535522,4.754449491883861e-07
1.0,0.0,0.9999983310699463,1.434043156223197e-06
1.0,0.0,0.9999434351921082,4.780571907758713e-05
1.0,0.0,0.9999992251396179,6.305930355665623e-07
1.0,0.0,0.9999980330467224,1.7081646319638821e-06
1.0,0.0,1.0,0.0
1.0,0.0,0.999996542930603,2.810859086821438e-06
1.0,0.0,0.9999836683273315,1.2126473848184105e-05
1.0,0.0,0.9999984502792358,1.1931776953133522e-06
1.0,0.0,1.0,6.99954959444693e-13
1.0,0.0,0.9999998211860657,9.81848629066917e-08
1.0,0.0,0.9999921321868896,7.587820618937258e-06
1.0,0.0,0.9999990463256836,7.835163273739454e-07
1.0,0.0,0.9999989867210388,7.515599236285198e-07
1.0,0.0,0.9999995231628418,3.9162668485914764e-07
1.0,0.0,0.999998927116394,7.280625027306087e-07
1.0,0.0,0.9999955296516418,3.846384061034769e-06
1.0,0.0,0.9999802112579346,1.8741682652034797e-05
1.0,0.0,0.9992883801460266,0.0006320739630609751
1.0,0.0,0.9999958276748657,3.7183219774306053e-06
1.0,0.0,0.9999940395355225,5.548664830712369e-06
1.0,0.0,0.9999942183494568,4.7235498641384766e-06
1.0,0.0,0.9999887347221375,9.696365850686561e-06
1.0,0.0,0.9999935030937195,5.874013368156739e-06
1.0,0.0,0.9999641180038452,2.5659501261543483e-05
1.0,0.0,0.9999964237213135,2.981535544677172e-06
1.0,0.0,0.9999991059303284,7.698611170781078e-07
1.0,0.0,0.9999720454216003,2.719284748309292e-05
1.0,0.0,0.9999983310699463,1.4406900845642667e-06
1.0,0.0,0.9999926090240479,6.458120424213121e-06
1.0,0.0,0.9999980330467224,1.687169401520805e-06
1.0,0.0,0.9994502067565918,0.00043170101707801223
1.0,0.0,0.999979555606842,1.9046874513151124e-05
1.0,0.0,0.9999980926513672,1.3500307431968395e-06
1.0,0.0,0.999962568283081,2.8218759325682186e-05
1.0,0.0,0.999996542930603,3.1944334750733105e-06
1.0,0.0,0.9999982118606567,1.5066711966937874e-06
1.0,0.0,0.9999393224716187,5.594138929154724e-05
1.0,0.0,0.9999751448631287,2.2587133571505547e-05
1.0,0.0,1.0,0.0
1.0,0.0,0.9999995827674866,3.4542816251814656e-07
1.0,0.0,0.9999890327453613,8.93260494194692e-06
1.0,0.0,0.9999916553497314,7.550141617684858e-06
1.0,0.0,0.9999721050262451,2.368693458265625e-05
1.0,0.0,0.9999969601631165,2.569500338722719e-06
1.0,0.0,0.9999983310699463,1.4396174492503633e-06
1.0,0.0,0.9999989867210388,8.74916338489129e-07
1.0,0.0,0.999997079372406,2.3234679247252643e-06
1.0,0.0,0.9999851584434509,1.1526365597092081e-05
1.0,0.0,0.9999960660934448,3.1310767099057557e-06
1.0,0.0,0.9999973177909851,2.181403942813631e-06
1.0,0.0,0.9999900460243225,8.67155449668644e-06
1.0,0.0,0.9999997019767761,2.37163320093714e-07
1.0,0.0,0.9999942779541016,4.577986601361772e-06
1.0,0.0,0.999713122844696,0.0002459934912621975
1.0,0.0,0.9999718070030212,2.1646987079293467e-05
1.0,0.0,0.9999980926513672,1.5710051002315595e-06
1.0,0.0,0.9999961853027344,3.137189196422696e-06
1.0,0.0,0.9999986886978149,1.0916694463958265e-06
1.0,0.0,0.999991238117218,8.138303201121744e-06
1.0,0.0,0.9999924302101135,6.894050784467254e-06
1.0,0.0,0.9999849796295166,1.4827618542767595e-05
1.0,0.0,0.9999983310699463,1.4089065416555968e-06
1.0,0.0,1.0,0.0
1.0,0.0,0.9999990463256836,8.02761860541068e-07
1.0,0.0,0.9999988675117493,9.379241987517162e-07
1.0,0.0,0.9999957084655762,3.7848631109227426e-06
1.0,0.0,0.9999943375587463,4.28192333856714e-06
1.0,0.0,0.9999834299087524,2.142710036423523e-05
1.0,0.0,0.9999917149543762,7.075403573253425e-06
1.0,0.0,0.999998152256012,1.495879018875712e-06
1.0,0.0,0.9999926090240479,6.8277317950560246e-06
1.0,0.0,0.9999969601631165,2.3611059987160843e-06
1.0,0.0,0.9999967813491821,2.5692722829262493e-06
1.0,0.0,0.9999905228614807,8.1085781857837e-06
1.0,0.0,0.9999930262565613,6.251253580558114e-06
1.0,0.0,0.9999966025352478,2.923638930951711e-06
1.0,0.0,0.9999858140945435,1.2207883628434502e-05
1.0,0.0,0.9999963045120239,3.333556605866761e-06
1.0,0.0,0.9999978542327881,1.8821982621375355e-06
1.0,0.0,0.9999908208847046,8.349836207344197e-06
1.0,0.0,0.99997878074646,1.7817590560298413e-05
1.0,0.0,0.9999915361404419,7.29169823898701e-06
1.0,0.0,0.9999933838844299,5.760367457696702e-06
1.0,0.0,0.9999935626983643,5.203167802392272e-06
1.0,0.0,0.9999946355819702,4.637320671463385e-06
1.0,0.0,0.9999978542327881,1.7724399867802276e-06
1.0,0.0,0.9999966621398926,3.0352014164236607e-06
1.0,0.0,0.9999939203262329,5.442397196020465e-06
1.0,0.0,0.9999105334281921,6.167601532069966e-05
1.0,0.0,0.999997615814209,2.087177335852175e-06
1.0,0.0,0.9999923706054688,6.281677542574471e-06
1.0,0.0,0.9999987483024597,1.0436102684252546e-06
1.0,0.0,0.9999883770942688,1.0139057849301025e-05
1.0,0.0,0.9999983310699463,1.3097196642775089e-06
1.0,0.0,0.9999969601631165,2.5045621896424564e-06
1.0,0.0,0.9999979138374329,1.7915517673827708e-06
1.0,0.0,1.0,6.5307590446650465e-09
1.0,0.0,0.9999973773956299,2.3211955522128846e-06
1.0,0.0,0.999994695186615,4.004586116934661e-06
1.0,0.0,0.999999463558197,4.7065481112440466e-07
1.0,0.0,0.999996542930603,2.9196462492109276e-06
1.0,0.0,0.9999957084655762,3.7995787351974286e-06
1.0,0.0,0.9999988079071045,1.0026182053479715e-06
1.0,0.0,0.9999971985816956,2.453127990520443e-06
1.0,0.0,0.9999993443489075,5.142599661667191e-07
1.0,0.0,0.9999988079071045,1.0019042520070798e-06
1.0,0.0,0.9999901056289673,8.880056157067884e-06
1.0,0.0,0.9999997615814209,2.182922145266275e-07
1.0,0.0,0.9999955296516418,3.847491825581528e-06
1.0,0.0,1.0,9.005758812297149e-12
1.0,0.0,0.9999936819076538,5.702451289835153e-06
1.0,0.0,0.9999987483024597,1.0348589967179578e-06
1.0,0.0,0.9999960660934448,3.1734546155348653e-06
1.0,0.0,0.99949049949646,0.0007166158175095916
1.0,0.0,0.9999934434890747,6.131537247711094e-06
1.0,0.0,0.9999840259552002,1.2363142559479456e-05
1.0,0.0,0.9999964833259583,2.7856090127897914e-06
1.0,0.0,0.9999992847442627,8.334628205375338e-07
1.0,0.0,0.9999934434890747,5.698895620298572e-06
1.0,0.0,0.9999949932098389,4.4943540160602424e-06
1.0,0.0,0.9999968409538269,2.8535719138744753e-06
1.0,0.0,0.9999979138374329,1.8711164102569455e-06
1.0,0.0,0.9999989867210388,9.023714824252238e-07
1.0,0.0,0.9999822974205017,1.344851898466004e-05
1.0,0.0,0.999990701675415,7.831280527170748e-06
1.0,0.0,0.9999878406524658,9.510417839919683e-06
1.0,0.0,0.9999872446060181,1.1044619895983487e-05
1.0,0.0,0.9999900460243225,7.96811127656838e-06
1.0,0.0,0.9999962449073792,3.405771849429584e-06
1.0,0.0,0.9999973177909851,2.1411569832707755e-06
1.0,0.0,0.999994695186615,4.780159542860929e-06
1.0,0.0,0.9999919533729553,6.100100108596962e-06
1.0,0.0,0.9999964237213135,3.293334202680853e-06
1.0,0.0,0.9999988079071045,9.619299135010806e-07
1.0,0.0,0.9999969005584717,2.4198614028136944e-06
1.0,0.0,0.9787155389785767,0.02278522588312626
1.0,0.0,0.9631185531616211,0.034857284277677536
1.0,0.0,0.999998152256012,1.4830269492449588e-06
1.0,0.0,0.9999995231628418,4.180277812793065e-07
1.0,0.0,0.9999991655349731,7.065405043249484e-07
1.0,0.0,0.9999974370002747,2.174813062083558e-06
1.0,0.0,0.9999951124191284,4.4066691771149635e-06
1.0,0.0,0.9999966621398926,2.8182350888528163e-06
1.0,0.0,0.9999995231628418,4.175341246082098e-07
1.0,0.0,0.9999683499336243,2.602656059025321e-05
1.0,0.0,0.9999993443489075,5.415477062342688e-07
1.0,0.0,0.9999988675117493,9.367880124955263e-07
1.0,0.0,0.9999996423721313,4.172873104835162e-07
1.0,0.0,0.9999899864196777,9.0383218775969e-06
1.0,0.0,0.9999908804893494,8.655501005705446e-06
1.0,0.0,0.9999967813491821,2.418202711851336e-06
1.0,0.0,0.9999989867210388,8.811311431600188e-07
1.0,0.0,0.9999919533729553,6.762739758414682e-06
1.0,0.0,0.9999908804893494,8.738916221773252e-06
1.0,0.0,0.9999920725822449,6.76230774843134e-06
1.0,0.0,0.9999341368675232,8.016877109184861e-05
1.0,0.0,1.0,1.0970393693574739e-19
1.0,0.0,0.9999990463256836,7.832661026441201e-07
1.0,0.0,0.9999929666519165,6.6324751060165e-06
1.0,0.0,0.9999975562095642,1.8568811128716334e-06
1.0,0.0,0.9999972581863403,2.1440666841954226e-06
1.0,0.0,0.9999942779541016,5.003294518246548e-06
1.0,0.0,0.9999854564666748,1.3807381947117392e-05
1.0,0.0,0.9999917149543762,8.128212357405573e-06
1.0,0.0,0.9999939203262329,4.606175934895873e-06
1.0,0.0,0.9999905228614807,8.673655429447535e-06
1.0,0.0,1.0,0.0
1.0,0.0,0.999988317489624,1.1149113561259583e-05
1.0,0.0,0.9999931454658508,4.923340384266339e-06
1.0,0.0,1.0,3.2689464425401844e-22
1.0,0.0,0.9999947547912598,4.182174507150194e-06
1.0,0.0,0.9999989867210388,7.954944862831326e-07
0.0,1.0,3.769519363316931e-09,1.0
0.0,1.0,3.723883645889714e-09,1.0
0.0,1.0,9.224862301563708e-20,1.0
0.0,1.0,1.761475486956529e-13,1.0
0.0,1.0,3.7153702336922834e-09,1.0
0.0,1.0,3.716334129322263e-09,1.0
0.0,1.0,3.7132306118792258e-09,1.0
0.0,1.0,3.710851625982059e-09,1.0
0.0,1.0,3.7150795773044365e-09,1.0
0.0,1.0,3.840626927598123e-09,1.0
0.0,1.0,3.7173124578515626e-09,1.0
0.0,1.0,3.7119347595648833e-09,1.0
0.0,1.0,3.7122604990003083e-09,1.0
0.0,1.0,3.713478635702927e-09,1.0
0.0,1.0,3.7212637415962035e-09,1.0
0.0,1.0,3.712826934787472e-09,1.0
0.0,1.0,3.714852869762808e-09,1.0
0.0,1.0,3.736376985585821e-09,1.0
0.0,1.0,3.7170428957011836e-09,1.0
0.0,1.0,2.701469881127849e-10,1.0
0.0,1.0,3.7330432078874765e-09,1.0
0.0,1.0,3.7171492550669427e-09,1.0
0.0,1.0,3.774245804777365e-09,1.0
0.0,1.0,3.7103138339489306e-09,1.0
0.0,1.0,3.7193266244628376e-09,1.0
0.0,1.0,3.723059860405442e-09,1.0
0.0,1.0,3.726242425727833e-09,1.0
0.0,1.0,3.7153702336922834e-09,1.0
0.0,1.0,3.713011009764955e-09,1.0
0.0,1.0,3.7691596510569525e-09,1.0
0.0,1.0,3.733157338814408e-09,1.0
0.0,1.0,3.729897279924899e-09,1.0
0.0,1.0,3.717879559772541e-09,1.0
0.0,1.0,8.351336936292997e-22,1.0
0.0,1.0,6.209855187304294e-15,1.0
0.0,1.0,3.750857846540612e-09,1.0
0.0,1.0,3.7174967548736504e-09,1.0
0.0,1.0,3.789082825278456e-09,1.0
0.0,1.0,3.725631358975079e-09,1.0
0.0,1.0,4.0831140551977896e-12,1.0
0.0,1.0,4.682336740557957e-10,1.0
0.0,1.0,3.7156606680355253e-09,1.0
0.0,1.0,3.788128921655698e-09,1.0
0.0,1.0,3.380439671064948e-16,1.0
0.0,1.0,3.7125649221536605e-09,1.0
0.0,1.0,3.739556664328347e-09,1.0
0.0,1.0,3.7122391827182355e-09,1.0
0.0,1.0,9.037503307881033e-20,1.0
0.0,1.0,3.7149521237012095e-09,1.0
0.0,1.0,3.7161780319650006e-09,1.0
0.0,1.0,3.7246010720082268e-09,1.0
0.0,1.0,3.716348118132373e-09,1.0
0.0,1.0,3.7144987086179526e-09,1.0
0.0,1.0,3.716745133885979e-09,1.0
0.0,1.0,3.7166105748553946e-09,1.0
0.0,1.0,3.716908336670599e-09,1.0
0.0,1.0,3.7121825613439796e-09,1.0
0.0,1.0,2.0770152091287297e-12,1.0
0.0,1.0,3.7181917544870657e-09,1.0
0.0,1.0,3.757280708782673e-09,1.0
0.0,1.0,3.717539165393191e-09,1.0
0.0,1.0,3.718723551315861e-09,1.0
0.0,1.0,3.726981834262233e-09,1.0
0.0,1.0,4.028214206641678e-09,1.0
0.0,1.0,3.728979791617348e-09,1.0
0.0,1.0,7.719757381381845e-27,1.0
0.0,1.0,3.735621589839866e-09,1.0
0.0,1.0,3.718744867597934e-09,1.0
0.0,1.0,3.7240897032830844e-09,1.0
0.0,1.0,3.7149023857097063e-09,1.0
0.0,1.0,3.7107101835687217e-09,1.0
0.0,1.0,3.7212495307414883e-09,1.0
0.0,1.0,3.738080511794806e-09,1.0
0.0,1.0,3.7249279216666764e-09,1.0
0.0,1.0,4.1188039645589924e-09,1.0
0.0,1.0,3.725681096966582e-09,1.0
0.0,1.0,3.7193832458370935e-09,1.0
0.0,1.0,3.710016516222936e-09,1.0
0.0,1.0,3.71680197730484e-09,1.0
0.0,1.0,3.7256739915392245e-09,1.0
0.0,1.0,3.715377339119641e-09,1.0
0.0,1.0,1.2674514486988447e-13,1.0
0.0,1.0,1.0014639487027707e-19,1.0
0.0,1.0,3.728574338168755e-09,1.0
0.0,1.0,3.748969579220329e-09,1.0
0.0,1.0,3.722009145334937e-09,1.0
0.0,1.0,3.7135210462224677e-09,1.0
0.0,1.0,3.712154361679154e-09,1.0
0.0,1.0,5.590869304262312e-29,1.0
0.0,1.0,5.0480548560716265e-12,1.0
0.0,1.0,3.7154552767759697e-09,1.0
0.0,1.0,3.7161638211102854e-09,1.0
0.0,1.0,3.7145340137101357e-09,1.0
0.0,1.0,3.7157670274012844e-09,1.0
0.0,1.0,3.720255881134449e-09,1.0
0.0,1.0,3.7128056185053993e-09,1.0
0.0,1.0,3.7135989838787964e-09,1.0
0.0,1.0,3.97806543261936e-09,1.0
0.0,1.0,3.711885243617985e-09,1.0
0.0,1.0,3.719354824127663e-09,1.0
0.0,1.0,3.722868235911392e-09,1.0
0.0,1.0,3.717397500935249e-09,1.0
0.0,1.0,3.7217606774220258e-09,1.0
0.0,1.0,3.718546359721131e-09,1.0
0.0,1.0,3.715249663471809e-09,1.0
0.0,1.0,3.7139247233142214e-09,1.0
0.0,1.0,3.710229012909849e-09,1.0
0.0,1.0,3.714491603190595e-09,1.0
0.0,1.0,1.5562078015118885e-10,1.0
0.0,1.0,3.747654186980753e-09,1.0
0.0,1.0,3.715412644211824e-09,1.0
0.0,1.0,4.01026012397665e-09,1.0
0.0,1.0,3.72085917632603e-09,1.0
0.0,1.0,3.71697916889957e-09,1.0
0.0,1.0,3.718510832584343e-09,1.0
0.0,1.0,3.7175251765830808e-09,1.0
0.0,1.0,3.7243597095226733e-09,1.0
0.0,1.0,3.719645702560115e-09,1.0
0.0,1.0,3.713280127826124e-09,1.0
0.0,1.0,4.035581202543881e-09,1.0
0.0,1.0,3.7250202922223252e-09,1.0
0.0,1.0,3.7168443878243806e-09,1.0
0.0,1.0,3.849530472166407e-09,1.0
0.0,1.0,7.605046800640558e-12,1.0
0.0,1.0,3.716603469428037e-09,1.0
0.0,1.0,3.7177236844598838e-09,1.0
0.0,1.0,3.713081841993926e-09,1.0
0.0,1.0,3.717163465921658e-09,1.0
0.0,1.0,3.7142648956489666e-09,1.0
0.0,1.0,2.517100972099229e-10,1.0
0.0,1.0,1.1741428662670472e-10,1.0
0.0,1.0,3.7166671962296505e-09,1.0
0.0,1.0,3.87748100294516e-09,1.0
0.0,1.0,3.726868147424511e-09,1.0
0.0,1.0,3.713627183543622e-09,1.0
0.0,1.0,3.7146474785032524e-09,1.0
0.0,1.0,3.7129472829633414e-09,1.0
0.0,1.0,3.715285190608597e-09,1.0
0.0,1.0,3.716227769956504e-09,1.0
0.0,1.0,3.717971708283585e-09,1.0
0.0,1.0,3.7169152200533517e-09,1.0
0.0,1.0,3.7202487757070912e-09,1.0
0.0,1.0,4.927316776814905e-09,1.0
0.0,1.0,3.712940177535984e-09,1.0
0.0,1.0,3.7165750477186066e-09,1.0
0.0,1.0,3.730274311664061e-09,1.0
0.0,1.0,3.7205611924662207e-09,1.0
0.0,1.0,3.7411189701686e-09,1.0
0.0,1.0,3.729015318754136e-09,1.0
0.0,1.0,3.7186100865227445e-09,1.0
0.0,1.0,3.715122209868582e-09,1.0
0.0,1.0,3.7156535626081677e-09,1.0
0.0,1.0,3.726420061411773e-09,1.0
0.0,1.0,1.4054412147967987e-11,1.0
0.0,1.0,3.7153842225023936e-09,1.0
0.0,1.0,3.735571851848363e-09,1.0
0.0,1.0,3.382147450992079e-09,1.0
0.0,1.0,3.7154268550665392e-09,1.0
0.0,1.0,2.6026003794037307e-14,1.0
0.0,1.0,2.323400803347364e-13,1.0
0.0,1.0,3.3444915725766577e-09,1.0
0.0,1.0,3.748089838495616e-09,1.0
0.0,1.0,2.278462811030096e-24,1.0
0.0,1.0,3.7182910084254672e-09,1.0
0.0,1.0,5.870510327854461e-11,1.0
0.0,1.0,3.901673650830162e-09,1.0
0.0,1.0,3.717269825287417e-09,1.0
0.0,1.0,3.737118170477061e-09,1.0
0.0,1.0,3.729541564467809e-09,1.0
0.0,1.0,3.618258581639111e-09,1.0
0.0,1.0,1.0315424958662334e-08,1.0
0.0,1.0,3.740755261105733e-09,1.0
0.0,1.0,4.12301703889284e-09,1.0
0.0,1.0,3.712897767016443e-09,1.0
0.0,1.0,1.6403765948011367e-24,1.0
0.0,1.0,3.734866638183121e-09,1.0
0.0,1.0,3.7132730223987664e-09,1.0
0.0,1.0,3.0918424070991435e-11,1.0
0.0,1.0,5.975135750763139e-12,1.0
0.0,1.0,1.0245510630212465e-14,1.0
0.0,1.0,3.7160505783617737e-09,1.0
0.0,1.0,3.7206391301225494e-09,1.0
0.0,1.0,3.715377339119641e-09,1.0
0.0,1.0,6.432655934357526e-26,1.0
0.0,1.0,4.052796856700918e-21,1.0
0.0,1.0,4.450898760666178e-09,1.0
0.0,1.0,1.1951543399391085e-07,0.9999998807907104
0.0,1.0,1.6408721603689003e-11,1.0
0.0,1.0,3.717255614432702e-09,1.0
0.0,1.0,1.1606894612103957e-10,1.0
0.0,1.0,3.715086682731794e-09,1.0
0.0,1.0,8.042132743963162e-22,1.0
0.0,1.0,3.718602981095387e-09,1.0
0.0,1.0,2.7391497032097374e-17,1.0
0.0,1.0,3.7146474785032524e-09,1.0
0.0,1.0,3.7173124578515626e-09,1.0
0.0,1.0,3.758240829654369e-09,1.0
0.0,1.0,2.0043458659212163e-20,1.0
0.0,1.0,3.7149732179386774e-09,1.0
0.0,1.0,3.7157457111192116e-09,1.0
0.0,1.0,1.8479058283560335e-09,1.0
0.0,1.0,3.7133580654824527e-09,1.0
0.0,1.0,3.7068195180012253e-09,1.0
0.0,1.0,3.705087792127415e-09,1.0
0.0,1.0,3.7045648770828166e-09,1.0
0.0,1.0,3.7073497605177863e-09,1.0
0.0,1.0,3.704854423247639e-09,1.0
0.0,1.0,3.706621454213632e-09,1.0
0.0,1.0,3.6992127139257036e-09,1.0
0.0,1.0,3.704536455373386e-09,1.0
0.0,1.0,3.709450524524982e-09,1.0
0.0,1.0,3.7049181500492523e-09,1.0
0.0,1.0,3.7070175817888185e-09,1.0
0.0,1.0,3.705476370186034e-09,1.0
0.0,1.0,3.70570973906581e-09,1.0
0.0,1.0,9.949897572525401e-10,1.0
0.0,1.0,3.7090401860950806e-09,1.0
0.0,1.0,3.7045717604655692e-09,1.0
0.0,1.0,3.704041962038218e-09,1.0
0.0,1.0,4.582403789754608e-09,1.0
0.0,1.0,3.7180851730767017e-09,1.0
0.0,1.0,3.7067062752527136e-09,1.0
0.0,1.0,3.7044729506163776e-09,1.0
0.0,1.0,5.639955326765603e-14,1.0
0.0,1.0,2.424039963787153e-18,1.0
0.0,1.0,3.7055754020798304e-09,1.0
0.0,1.0,3.732808284695466e-09,1.0
0.0,1.0,3.7059357804736237e-09,1.0
0.0,1.0,3.70932329296636e-09,1.0
0.0,1.0,5.801571118925855e-16,1.0
0.0,1.0,3.7059217916635134e-09,1.0
0.0,1.0,3.957722594094548e-09,1.0
0.0,1.0,3.704352824485113e-09,1.0
0.0,1.0,3.7081631099056267e-09,1.0
0.0,1.0,3.727280262211252e-09,1.0
0.0,1.0,3.7076397507718184e-09,1.0
0.0,1.0,3.7020078114125e-09,1.0
0.0,1.0,3.703639173124884e-09,1.0
0.0,1.0,3.704741402543732e-09,1.0
0.0,1.0,3.7054481705212083e-09,1.0
0.0,1.0,3.7096627991672904e-09,1.0
0.0,1.0,3.7057237278759203e-09,1.0
0.0,1.0,3.0281005365395686e-06,0.9999930262565613
0.0,1.0,3.6989233898054863e-09,1.0
0.0,1.0,3.710377560750544e-09,1.0
0.0,1.0,3.704077267130401e-09,1.0
0.0,1.0,3.7052219070687897e-09,1.0
0.0,1.0,7.826431119666282e-15,1.0
0.0,1.0,3.7075689185428473e-09,1.0
0.0,1.0,3.7040914779851164e-09,1.0
0.0,1.0,3.7043317302476453e-09,1.0
0.0,1.0,3.707851803369522e-09,1.0
0.0,1.0,3.72802677617301e-09,1.0
0.0,1.0,3.7056673285462693e-09,1.0
0.0,1.0,3.7110214901048266e-09,1.0
0.0,1.0,3.7063034863393796e-09,1.0
0.0,1.0,3.707717466383542e-09,1.0
0.0,1.0,3.7059781909931644e-09,1.0
0.0,1.0,3.7077458880929726e-09,1.0
0.0,1.0,5.899893854716121e-12,1.0
0.0,1.0,3.704041962038218e-09,1.0
0.0,1.0,3.7067913183364e-09,1.0
0.0,1.0,3.7081702153329843e-09,1.0
0.0,1.0,3.705638906836839e-09,1.0
0.0,1.0,3.7078731196515946e-09,1.0
0.0,1.0,3.7181917544870657e-09,1.0
0.0,1.0,3.7074912029311236e-09,1.0
0.0,1.0,3.7079084247437777e-09,1.0
0.0,1.0,3.7039076250522385e-09,1.0
0.0,1.0,3.707759876903083e-09,1.0
0.0,1.0,4.695566158119391e-09,1.0
0.0,1.0,3.7071448133474405e-09,1.0
0.0,1.0,3.7064518121354695e-09,1.0
0.0,1.0,3.710540319445954e-09,1.0
0.0,1.0,2.33361812133296e-15,1.0
0.0,1.0,3.7066145708308795e-09,1.0
0.0,1.0,3.952472127366491e-09,1.0
0.0,1.0,3.7074416869842253e-09,1.0
0.0,1.0,3.707554929732737e-09,1.0
0.0,1.0,3.7048968337671795e-09,1.0
0.0,1.0,3.7021490317812322e-09,1.0
0.0,1.0,1.8330729760626776e-18,1.0
0.0,1.0,3.7067418023895016e-09,1.0
0.0,1.0,3.741818410674114e-09,1.0
0.0,1.0,3.7050946755101677e-09,1.0
0.0,1.0,3.7202063651875505e-09,1.0
0.0,1.0,3.731370323833971e-09,1.0
0.0,1.0,3.964665928890554e-09,1.0
0.0,1.0,3.7081346881961963e-09,1.0
0.0,1.0,3.7114817885708362e-09,1.0
0.0,1.0,3.709577978128209e-09,1.0
0.0,1.0,3.704868634102354e-09,1.0
0.0,1.0,3.7073781822272167e-09,1.0
0.0,1.0,3.709556661846136e-09,1.0
0.0,1.0,3.705525886132932e-09,1.0
0.0,1.0,3.740177501043718e-09,1.0
0.0,1.0,3.703441553426501e-09,1.0
0.0,1.0,3.704282214300747e-09,1.0
0.0,1.0,3.703215512018687e-09,1.0
0.0,1.0,4.068551717750779e-09,1.0
0.0,1.0,3.7068337288559405e-09,1.0
0.0,1.0,3.7057026336384524e-09,1.0
0.0,1.0,4.047576052101931e-09,1.0
0.0,1.0,3.708849227734845e-09,1.0
0.0,1.0,3.7053704549094846e-09,1.0
0.0,1.0,2.7748457891894017e-16,1.0
0.0,1.0,3.7053491386274118e-09,1.0
0.0,1.0,3.709634599502465e-09,1.0
0.0,1.0,3.7047485079710896e-09,1.0
0.0,1.0,3.7065295277471932e-09,1.0
0.0,1.0,3.709033080667723e-09,1.0
0.0,1.0,3.7121825613439796e-09,1.0
0.0,1.0,3.7062892754846644e-09,1.0
0.0,1.0,3.7076397507718184e-09,1.0
0.0,1.0,3.720326935408025e-09,1.0
0.0,1.0,3.708120699386086e-09,1.0
0.0,1.0,3.7086582693746095e-09,1.0
0.0,1.0,3.705306728107871e-09,1.0
0.0,1.0,3.7078731196515946e-09,1.0
0.0,1.0,3.7056249180267287e-09,1.0
0.0,1.0,3.71010866473398e-09,1.0
0.0,1.0,3.7056673285462693e-09,1.0
0.0,1.0,3.905452350405625e-11,1.0
0.0,1.0,3.7118357276710867e-09,1.0
0.0,1.0,6.99630934783424e-12,1.0
0.0,1.0,3.7142080522301057e-09,1.0
0.0,1.0,3.7057732438228186e-09,1.0
0.0,1.0,3.7074558978389405e-09,1.0
0.0,1.0,1.2537302582247363e-16,1.0
0.0,1.0,2.2131248308129226e-18,1.0
0.0,1.0,3.707187223866981e-09,1.0
0.0,1.0,3.7044234346694793e-09,1.0
0.0,1.0,3.7084388893049436e-09,1.0
0.0,1.0,1.044494856104999e-15,1.0
0.0,1.0,3.7055682966524728e-09,1.0
0.0,1.0,3.711156049135411e-09,1.0
0.0,1.0,4.141688769720986e-09,1.0
0.0,1.0,3.708792606360589e-09,1.0
0.0,1.0,3.7092100502178482e-09,1.0
0.0,1.0,3.7061054225517864e-09,1.0
0.0,1.0,3.7125507112989453e-09,1.0
0.0,1.0,3.702834039387426e-09,1.0
0.0,1.0,3.708813922642662e-09,1.0
0.0,1.0,3.6868155195435293e-09,1.0
0.0,1.0,3.7072507286239897e-09,1.0
0.0,1.0,3.729136111019216e-09,1.0
0.0,1.0,3.7048828449570692e-09,1.0
0.0,1.0,3.7052643175883304e-09,1.0
0.0,1.0,3.7162490862385766e-09,1.0
0.0,1.0,3.7182910084254672e-09,1.0
0.0,1.0,3.7463387947411775e-09,1.0
0.0,1.0,3.7064518121354695e-09,1.0
0.0,1.0,4.309821421625464e-21,1.0
0.0,1.0,3.73164077416277e-09,1.0
0.0,1.0,2.1223309776274846e-09,1.0
0.0,1.0,2.92431546368738e-20,1.0
0.0,1.0,3.7096627991672904e-09,1.0
0.0,1.0,3.7125507112989453e-09,1.0
0.0,1.0,3.706607465403522e-09,1.0
0.0,1.0,3.7037382050186807e-09,1.0
0.0,1.0,3.7100236216502935e-09,1.0
0.0,1.0,3.7048828449570692e-09,1.0
0.0,1.0,3.7061054225517864e-09,1.0
0.0,1.0,3.7088421223074874e-09,1.0
0.0,1.0,3.719915264710494e-09,1.0
0.0,1.0,3.7155685195244814e-09,1.0
0.0,1.0,8.578804577526536e-14,1.0
0.0,1.0,3.7056249180267287e-09,1.0
0.0,1.0,3.707554929732737e-09,1.0
0.0,1.0,3.7055045698508593e-09,1.0
0.0,1.0,3.7062679592025916e-09,1.0
0.0,1.0,3.7205611924662207e-09,1.0
0.0,1.0,3.706748907816859e-09,1.0
0.0,1.0,1.599084702001187e-14,1.0
0.0,1.0,1.0565077865299852e-13,1.0
0.0,1.0,3.7057874546775338e-09,1.0
0.0,1.0,3.7048968337671795e-09,1.0
0.0,1.0,3.7150300613575382e-09,1.0
0.0,1.0,3.7065932545488067e-09,1.0
0.0,1.0,3.7070739811184694e-09,1.0
0.0,1.0,3.7026361976444377e-09,1.0
0.0,1.0,3.706515538937083e-09,1.0
0.0,1.0,4.053450197716302e-08,0.9999999403953552
0.0,1.0,3.705433959666493e-09,1.0
0.0,1.0,3.751108312854967e-09,1.0
0.0,1.0,1.75091585674636e-07,0.9999995231628418
0.0,1.0,3.7044023404320114e-09,1.0
0.0,1.0,3.7170784228379716e-09,1.0
0.0,1.0,3.865894715460172e-09,1.0
0.0,1.0,3.704041962038218e-09,1.0
0.0,1.0,3.7056602231189117e-09,1.0
0.0,1.0,3.704812012728098e-09,1.0
0.0,1.0,3.7038654365773027e-09,1.0
0.0,1.0,3.7043881295772962e-09,1.0
0.0,1.0,7.748774777383005e-08,0.9999998807907104
0.0,1.0,3.706225548683051e-09,1.0
0.0,1.0,3.7071024028279e-09,1.0
0.0,1.0,3.705836970624432e-09,1.0
0.0,1.0,3.759618205068072e-16,1.0
0.0,1.0,2.175699904682915e-07,0.9999995231628418
0.0,1.0,3.7050240653258015e-09,1.0
0.0,1.0,3.710745488660905e-09,1.0
0.0,1.0,3.7068337288559405e-09,1.0
0.0,1.0,3.706296380912022e-09,1.0
0.0,1.0,3.7214624715176114e-09,1.0
0.0,1.0,3.7069820546520305e-09,1.0
0.0,1.0,3.7068124125738677e-09,1.0
0.0,1.0,3.7047274137336217e-09,1.0
0.0,1.0,3.707427698174115e-09,1.0
0.0,1.0,3.7056813173563796e-09,1.0
0.0,1.0,3.7071588021575508e-09,1.0
0.0,1.0,5.192197338743654e-09,1.0
0.0,1.0,3.7056318014094813e-09,1.0
0.0,1.0,3.7082974468916063e-09,1.0
0.0,1.0,3.7064802338449e-09,1.0
0.0,1.0,3.7070881919731846e-09,1.0
0.0,1.0,3.706098317124429e-09,1.0
0.0,1.0,3.707554929732737e-09,1.0
0.0,1.0,3.71092245821103e-09,1.0
0.0,1.0,3.711630336411531e-09,1.0
0.0,1.0,3.719695440551618e-09,1.0
0.0,1.0,1.517277503637615e-08,0.9999998807907104
0.0,1.0,3.7128198293601145e-09,1.0
0.0,1.0,3.7104412875521575e-09,1.0
0.0,1.0,3.706974949224673e-09,1.0
0.0,1.0,3.758448663404579e-09,1.0
0.0,1.0,3.705999507275237e-09,1.0
0.0,1.0,3.707625539917103e-09,1.0
0.0,1.0,3.705419970856383e-09,1.0
0.0,1.0,3.7050029710883337e-09,1.0
0.0,1.0,3.708594542572996e-09,1.0
0.0,1.0,3.706388307378461e-09,1.0
0.0,1.0,3.753462873845592e-09,1.0
0.0,1.0,3.7076539616265336e-09,1.0
0.0,1.0,3.747425036948471e-09,1.0
0.0,1.0,3.7070739811184694e-09,1.0
0.0,1.0,3.7065226443644406e-09,1.0
0.0,1.0,3.706225548683051e-09,1.0
0.0,1.0,3.7101652861082357e-09,1.0
0.0,1.0,3.7109648687305707e-09,1.0
0.0,1.0,1.533421176494465e-12,1.0
0.0,1.0,2.529523044358939e-05,0.9999171495437622
0.0,1.0,3.707795404039871e-09,1.0
0.0,1.0,3.705292739297761e-09,1.0
0.0,1.0,3.7064518121354695e-09,1.0
0.0,1.0,3.7045859713202844e-09,1.0
0.0,1.0,3.706748907816859e-09,1.0
0.0,1.0,3.7037239941639655e-09,1.0
0.0,1.0,3.7068901281855915e-09,1.0
0.0,1.0,3.7080782888665453e-09,1.0
0.0,1.0,3.706918549895022e-09,1.0
0.0,1.0,3.7091745230810602e-09,1.0
0.0,1.0,3.731071451795742e-09,1.0
0.0,1.0,3.708085172249298e-09,1.0
0.0,1.0,3.7088279114527722e-09,1.0
0.0,1.0,3.715249663471809e-09,1.0
0.0,1.0,3.7104270766974423e-09,1.0
0.0,1.0,3.713825691420425e-09,1.0
0.0,1.0,3.7049534551414354e-09,1.0
0.0,1.0,2.3912488700261747e-07,0.9999996423721313
0.0,1.0,1.6231629719218738e-27,1.0
0.0,1.0,3.712409268885608e-09,1.0
0.0,1.0,3.7053209389625863e-09,1.0
0.0,1.0,3.7124374685504336e-09,1.0
0.0,1.0,3.7077316772382574e-09,1.0
0.0,1.0,3.7098397687174156e-09,1.0
0.0,1.0,3.7082763526541385e-09,1.0
0.0,1.0,3.707356865945144e-09,1.0
0.0,1.0,3.7057521495853507e-09,1.0
0.0,1.0,3.7142506847942514e-09,1.0
0.0,1.0,3.7057166224485627e-09,1.0
0.0,1.0,3.7082903414642487e-09,1.0
0.0,1.0,4.648364804182847e-09,1.0
0.0,1.0,3.706607465403522e-09,1.0
0.0,1.0,1.9203319823191123e-08,1.0
0.0,1.0,3.709393903150726e-09,1.0
0.0,1.0,3.706437823325359e-09,1.0
0.0,1.0,3.708686469039435e-09,1.0
0.0,1.0,3.704868634102354e-09,1.0
0.0,1.0,3.7065013280823678e-09,1.0
0.0,1.0,3.7058156543423593e-09,1.0
0.0,1.0,2.9440441196015854e-08,1.0
0.0,1.0,3.713244822733941e-09,1.0
0.0,1.0,3.705087792127415e-09,1.0
0.0,1.0,3.7063245805768474e-09,1.0
0.0,1.0,3.7067771074816847e-09,1.0
0.0,1.0,3.7065650548839812e-09,1.0
0.0,1.0,3.820746385940765e-09,1.0
0.0,1.0,3.7063812019511033e-09,1.0
0.0,1.0,3.716334129322263e-09,1.0
0.0,1.0,3.7143357278779376e-09,1.0
0.0,1.0,3.7059004753814406e-09,1.0
0.0,1.0,3.7056249180267287e-09,1.0
0.0,1.0,3.7053915491469525e-09,1.0
0.0,1.0,3.70806407801183e-09,1.0
0.0,1.0,3.70775299352033e-09,1.0
0.0,1.0,3.704868634102354e-09,1.0
0.0,1.0,3.7074345815568677e-09,1.0
0.0,1.0,3.7101863803457036e-09,1.0
0.0,1.0,3.926031943990438e-09,1.0
0.0,1.0,3.7043599299124708e-09,1.0
0.0,1.0,3.6727432206618005e-09,1.0
0.0,1.0,3.812280269244184e-09,1.0
0.0,1.0,3.7082903414642487e-09,1.0
0.0,1.0,3.70790131931642e-09,1.0
0.0,1.0,3.707081086545827e-09,1.0
0.0,1.0,3.705582507507188e-09,1.0
0.0,1.0,7.424887940032932e-07,0.9999995231628418
0.0,1.0,3.795563863207008e-09,1.0
0.0,1.0,3.7094647353796972e-09,1.0
0.0,1.0,3.7224634485966135e-09,1.0
0.0,1.0,3.708247930944708e-09,1.0
0.0,1.0,3.704557771655459e-09,1.0
0.0,1.0,3.706607465403522e-09,1.0
0.0,1.0,3.708941154201284e-09,1.0
0.0,1.0,3.7070175817888185e-09,1.0
0.0,1.0,9.556349358268722e-23,1.0
0.0,1.0,3.7160858834539567e-09,1.0
0.0,1.0,3.6896434796318545e-09,1.0
0.0,1.0,3.7059004753814406e-09,1.0
0.0,1.0,3.7072012126770915e-09,1.0
0.0,1.0,3.744588639165158e-09,1.0
0.0,1.0,3.706409401615929e-09,1.0
0.0,1.0,3.7092948712569296e-09,1.0
0.0,1.0,3.7072931391435304e-09,1.0
0.0,1.0,3.710179274918346e-09,1.0
0.0,1.0,3.747439691892396e-09,1.0
0.0,1.0,3.70492525547661e-09,1.0
0.0,1.0,3.710030727077651e-09,1.0
0.0,1.0,3.7035403632756925e-09,1.0
0.0,1.0,3.706331686004205e-09,1.0
0.0,1.0,3.7112055650823095e-09,1.0
0.0,1.0,3.696948525089283e-09,1.0
0.0,1.0,3.7115879258919904e-09,1.0
0.0,1.0,3.705363349482127e-09,1.0
0.0,1.0,3.707611551106993e-09,1.0
0.0,1.0,3.707448792411583e-09,1.0
0.0,1.0,3.7101297589714477e-09,1.0
0.0,1.0,3.7059428859009813e-09,1.0
0.0,1.0,3.706678075587888e-09,1.0
0.0,1.0,3.7040914779851164e-09,1.0
0.0,1.0,3.7090543969497958e-09,1.0
0.0,1.0,3.706883244802839e-09,1.0
0.0,1.0,3.7620275783467605e-09,1.0
0.0,1.0,3.7088774273996705e-09,1.0
0.0,1.0,3.7082055204251674e-09,1.0
0.0,1.0,3.7041407718874098e-09,1.0
0.0,1.0,3.7057590329681034e-09,1.0
0.0,1.0,3.7118994544727e-09,1.0
0.0,1.0,3.7055682966524728e-09,1.0
0.0,1.0,3.7042893197281046e-09,1.0
0.0,1.0,3.707356865945144e-09,1.0
0.0,1.0,3.7081488990509115e-09,1.0
0.0,1.0,3.7046425926945403e-09,1.0
0.0,1.0,3.71010866473398e-09,1.0
0.0,1.0,2.4945644327090122e-05,0.9999828934669495
0.0,1.0,3.70822683670724e-09,1.0
0.0,1.0,3.709507145899238e-09,1.0
0.0,1.0,3.707498308358481e-09,1.0
0.0,1.0,3.708318763173679e-09,1.0
0.0,1.0,3.966314832126727e-09,1.0
0.0,1.0,3.706755791199612e-09,1.0
0.0,1.0,3.7082197312798826e-09,1.0
0.0,1.0,3.7074558978389405e-09,1.0
0.0,1.0,1.2596997940225007e-22,1.0
0.0,1.0,3.758900302130996e-09,1.0
0.0,1.0,3.709287765829572e-09,1.0
0.0,1.0,3.7052079182586795e-09,1.0
0.0,1.0,3.70446584518902e-09,1.0
0.0,1.0,3.7047342971163744e-09,1.0
0.0,1.0,4.432066713633276e-09,1.0
0.0,1.0,3.708028772919647e-09,1.0
0.0,1.0,3.7066569813504202e-09,1.0
0.0,1.0,3.7119134432828105e-09,1.0
0.0,1.0,3.7080216674922895e-09,1.0
0.0,1.0,3.708212625852525e-09,1.0
0.0,1.0,3.706366991096388e-09,1.0
0.0,1.0,3.7088421223074874e-09,1.0
0.0,1.0,4.6733028113976616e-08,0.9999999403953552
0.0,1.0,3.714420770961624e-09,1.0
0.0,1.0,3.706678075587888e-09,1.0
0.0,1.0,3.710724394423437e-09,1.0
0.0,1.0,3.7038865308147706e-09,1.0
0.0,1.0,3.7072862557607777e-09,1.0
0.0,1.0,3.7075054137858388e-09,1.0
0.0,1.0,3.434731476016986e-14,1.0
0.0,1.0,3.7051017809375253e-09,1.0
0.0,1.0,3.7216967285758074e-09,1.0
0.0,1.0,3.710667773049181e-09,1.0
0.0,1.0,4.576491122518705e-20,1.0
0.0,1.0,3.7071024028279e-09,1.0
0.0,1.0,3.7060701174596034e-09,1.0
0.0,1.0,3.7110075012947163e-09,1.0
0.0,1.0,3.7101157701613374e-09,1.0
0.0,1.0,3.7070881919731846e-09,1.0
0.0,1.0,3.7079650461180336e-09,1.0
0.0,1.0,3.703490847328794e-09,1.0
0.0,1.0,3.708177320760342e-09,1.0
0.0,1.0,2.0582960001204088e-22,1.0
0.0,1.0,3.76990749728634e-09,1.0
0.0,1.0,3.865216147147521e-09,1.0
0.0,1.0,3.7112550810292078e-09,1.0
0.0,1.0,3.7101157701613374e-09,1.0
0.0,1.0,3.7077811931851556e-09,1.0
0.0,1.0,3.7057237278759203e-09,1.0
0.0,1.0,3.7191136836867145e-09,1.0
0.0,1.0,3.707392171037327e-09,1.0
0.0,1.0,3.71546926558608e-09,1.0
0.0,1.0,2.311044163893041e-16,1.0
0.0,1.0,3.704798023917988e-09,1.0
0.0,1.0,3.7064660229901847e-09,1.0
0.0,1.0,3.707081086545827e-09,1.0
0.0,1.0,3.7100025274128257e-09,1.0
0.0,1.0,4.138777498496893e-08,0.9999999403953552
0.0,1.0,3.705695528211095e-09,1.0
0.0,1.0,3.706748907816859e-09,1.0
0.0,1.0,6.166627538467528e-13,1.0
0.0,1.0,3.752317567773389e-09,1.0
0.0,1.0,3.7066922864426033e-09,1.0
0.0,1.0,3.7059004753814406e-09,1.0
0.0,1.0,3.7067275915347864e-09,1.0
0.0,1.0,3.7041478773147674e-09,1.0
0.0,1.0,3.707540718878022e-09,1.0
0.0,1.0,3.7094576299523396e-09,1.0
0.0,1.0,3.7102572125746747e-09,1.0
0.0,1.0,3.87280252311939e-09,1.0
0.0,1.0,5.9129962211301734e-12,1.0
0.0,1.0,3.705893369954083e-09,1.0
0.0,1.0,3.7078378145594115e-09,1.0
0.0,1.0,3.7088279114527722e-09,1.0
0.0,1.0,2.38908857145237e-20,1.0
0.0,1.0,3.1853473851650715e-12,1.0
0.0,1.0,3.701104089870455e-09,1.0
0.0,1.0,3.7048757395297116e-09,1.0
0.0,1.0,3.712430363123076e-09,1.0
0.0,1.0,3.702961270946048e-09,1.0
0.0,1.0,3.702431472518697e-09,1.0
0.0,1.0,3.704868634102354e-09,1.0
0.0,1.0,8.032930975943302e-15,1.0
0.0,1.0,3.7026222088343275e-09,1.0
0.0,1.0,3.701563056068835e-09,1.0
0.0,1.0,3.703349626960062e-09,1.0
0.0,1.0,3.7014782350297537e-09,1.0
0.0,1.0,3.7007794606580546e-09,1.0
0.0,1.0,3.7029117549991497e-09,1.0
0.0,1.0,3.7021701260187e-09,1.0
0.0,1.0,3.703363837814777e-09,1.0
0.0,1.0,6.106718361225299e-18,1.0
0.0,1.0,3.7005605246775986e-09,1.0
0.0,1.0,3.7033425215327043e-09,1.0
0.0,1.0,3.7012382048118297e-09,1.0
0.0,1.0,3.6999112662527978e-09,1.0
0.0,1.0,3.702043116504683e-09,1.0
0.0,1.0,3.708743090413691e-09,1.0
0.0,1.0,3.700588724342424e-09,1.0
0.0,1.0,3.7037453104460383e-09,1.0
0.0,1.0,3.8009102532043926e-09,1.0
0.0,1.0,3.850419094675317e-09,1.0
0.0,1.0,3.7187022350337884e-09,1.0
0.0,1.0,3.7199436864199242e-09,1.0
0.0,1.0,3.7011111952978126e-09,1.0
0.0,1.0,3.700941775264255e-09,1.0
0.0,1.0,3.703823026057762e-09,1.0
0.0,1.0,3.4505993982275607e-12,1.0
0.0,1.0,3.7008922593173565e-09,1.0
0.0,1.0,3.700511230775305e-09,1.0
0.0,1.0,3.7050806867000574e-09,1.0
0.0,1.0,3.701379425180562e-09,1.0
0.0,1.0,4.9971961748199724e-27,1.0
0.0,1.0,4.994436949345982e-06,0.9999966621398926
0.0,1.0,3.7016689713453843e-09,1.0
0.0,1.0,3.7032861222030533e-09,1.0
0.0,1.0,3.7329006552511146e-09,1.0
0.0,1.0,3.700751260993229e-09,1.0
0.0,1.0,3.7007865660854122e-09,1.0
0.0,1.0,3.7021279375437643e-09,1.0
0.0,1.0,3.7017959808594014e-09,1.0
0.0,1.0,3.703257922538228e-09,1.0
0.0,1.0,3.701873696471125e-09,1.0
0.0,1.0,9.960679321042155e-22,1.0
0.0,1.0,3.701930095800776e-09,1.0
0.0,1.0,3.707936846453208e-09,1.0
0.0,1.0,3.705158402311781e-09,1.0
0.0,1.0,3.702756323775702e-09,1.0
0.0,1.0,3.7021279375437643e-09,1.0
0.0,1.0,9.778244192657123e-21,1.0
0.0,1.0,3.700624029434607e-09,1.0
0.0,1.0,2.3354195946012624e-06,0.9999983310699463
0.0,1.0,3.6998266672583213e-09,1.0
0.0,1.0,1.408409502801078e-06,0.999995768070221
0.0,1.0,3.699996087291879e-09,1.0
0.0,1.0,3.7003065056495643e-09,1.0
0.0,1.0,3.70870067989415e-09,1.0
0.0,1.0,3.704960560568793e-09,1.0
0.0,1.0,3.7013723197532045e-09,1.0
0.0,1.0,5.098590438734618e-10,1.0
0.0,1.0,3.7018101917141166e-09,1.0
0.0,1.0,3.7025091881304206e-09,1.0
0.0,1.0,6.758757025364444e-23,1.0
0.0,1.0,3.701563056068835e-09,1.0
0.0,1.0,2.405155100822792e-20,1.0
0.0,1.0,3.702848250242141e-09,1.0
0.0,1.0,3.7055400969876473e-09,1.0
0.0,1.0,3.799692560590984e-09,1.0
0.0,1.0,3.702650408499153e-09,1.0
0.0,1.0,5.320896862017984e-16,1.0
0.0,1.0,3.7011183007251702e-09,1.0
0.0,1.0,3.7067842129090423e-09,1.0
0.0,1.0,3.70154884521412e-09,1.0
0.0,1.0,3.701252415666545e-09,1.0
0.0,1.0,3.7033567323874195e-09,1.0
0.0,1.0,3.7010969844430974e-09,1.0
0.0,1.0,3.7018665910437676e-09,1.0
0.0,1.0,3.7025444932226037e-09,1.0
0.0,1.0,3.7039642464264944e-09,1.0
0.0,1.0,3.703858331149945e-09,1.0
0.0,1.0,3.7068901281855915e-09,1.0
0.0,1.0,3.701471129602396e-09,1.0
0.0,1.0,3.708396478785403e-09,1.0
0.0,1.0,3.7014218357001027e-09,1.0
0.0,1.0,3.702078421596866e-09,1.0
0.0,1.0,3.7014429299375706e-09,1.0
0.0,1.0,3.715561414097124e-09,1.0
0.0,1.0,3.707625539917103e-09,1.0
0.0,1.0,3.7034979527561518e-09,1.0
0.0,1.0,3.7016054665883757e-09,1.0
0.0,1.0,3.7033143218678788e-09,1.0
0.0,1.0,3.702650408499153e-09,1.0
0.0,1.0,3.703088280460065e-09,1.0
0.0,1.0,3.702022022267215e-09,1.0
0.0,1.0,3.7024032728538714e-09,1.0
0.0,1.0,3.704268003446032e-09,1.0
0.0,1.0,3.699650141797406e-09,1.0
0.0,1.0,3.701972506320317e-09,1.0
0.0,1.0,3.7034697530913263e-09,1.0
0.0,1.0,3.70154884521412e-09,1.0
0.0,1.0,3.700991069166548e-09,1.0
0.0,1.0,3.7048828449570692e-09,1.0
0.0,1.0,6.574056692356401e-19,1.0
0.0,1.0,3.7015559506414775e-09,1.0
0.0,1.0,3.7021066212616915e-09,1.0
0.0,1.0,3.702297357577322e-09,1.0
0.0,1.0,3.70631747514949e-09,1.0
0.0,1.0,3.700588724342424e-09,1.0
0.0,1.0,3.702721018683519e-09,1.0
0.0,1.0,3.701139394962638e-09,1.0
0.0,1.0,3.701012385448621e-09,1.0
0.0,1.0,3.7041125722225843e-09,1.0
0.0,1.0,3.7046212764124675e-09,1.0
0.0,1.0,3.7038159206304044e-09,1.0
0.0,1.0,3.80263598387387e-09,1.0
0.0,1.0,3.7282688047923784e-09,1.0
0.0,1.0,3.703639173124884e-09,1.0
0.0,1.0,3.700751260993229e-09,1.0
0.0,1.0,9.205587048199959e-06,0.9999935030937195
0.0,1.0,3.7077882986125132e-09,1.0
0.0,1.0,3.700518336202663e-09,1.0
0.0,1.0,3.70185948561641e-09,1.0
0.0,1.0,3.7002994002222067e-09,1.0
0.0,1.0,5.355033305676216e-09,1.0
0.0,1.0,3.703144901834321e-09,1.0
0.0,1.0,3.7020007059851423e-09,1.0
0.0,1.0,3.7003418107417474e-09,1.0
0.0,1.0,4.931006697645707e-22,1.0
0.0,1.0,1.6902582787514425e-19,1.0
0.0,1.0,3.702262052485139e-09,1.0
0.0,1.0,3.735051823383628e-09,1.0
0.0,1.0,3.7104412875521575e-09,1.0
0.0,1.0,4.7599570507372846e-07,0.9999997019767761
0.0,1.0,3.7021843368734153e-09,1.0
0.0,1.0,3.703582773795233e-09,1.0
0.0,1.0,3.705200812831322e-09,1.0
0.0,1.0,3.6999747710098063e-09,1.0
0.0,1.0,3.7008500708424208e-09,1.0
0.0,1.0,3.797337999600359e-09,1.0
0.0,1.0,3.7076184344897456e-09,1.0
0.0,1.0,1.4750323154214215e-22,1.0
0.0,1.0,3.702226747392956e-09,1.0
0.0,1.0,3.709577978128209e-09,1.0
0.0,1.0,3.7033001110131636e-09,1.0
0.0,1.0,3.7000806862863556e-09,1.0
0.0,1.0,3.700221906655088e-09,1.0
0.0,1.0,3.7047696022085574e-09,1.0
0.0,1.0,3.7028835553343242e-09,1.0
0.0,1.0,3.7024385779460545e-09,1.0
0.0,1.0,3.707625539917103e-09,1.0
0.0,1.0,3.7008922593173565e-09,1.0
0.0,1.0,3.714073493199521e-09,1.0
0.0,1.0,3.7069609604145626e-09,1.0
0.0,1.0,3.701873696471125e-09,1.0
0.0,1.0,3.732345543738802e-09,1.0
0.0,1.0,3.743831911151574e-09,1.0
0.0,1.0,3.702502082703063e-09,1.0
0.0,1.0,4.411807807969126e-09,1.0
0.0,1.0,3.702558704077319e-09,1.0
0.0,1.0,3.702537387795246e-09,1.0
0.0,1.0,3.705653117691554e-09,1.0
0.0,1.0,3.709938800611212e-09,1.0
0.0,1.0,3.7014218357001027e-09,1.0
0.0,1.0,3.7013370146610214e-09,1.0
0.0,1.0,3.7026433030717953e-09,1.0
0.0,1.0,3.704409445859369e-09,1.0
0.0,1.0,3.7012453102391873e-09,1.0
0.0,1.0,3.7015701614961927e-09,1.0
0.0,1.0,3.703215512018687e-09,1.0
0.0,1.0,3.711325913258179e-09,1.0
0.0,1.0,7.738164780848227e-17,1.0
0.0,1.0,3.7095495564187786e-09,1.0
0.0,1.0,3.7031517852170737e-09,1.0
0.0,1.0,3.7022691579124967e-09,1.0
0.0,1.0,1.0678911621653242e-06,0.9999992251396179
0.0,1.0,3.700440620590939e-09,1.0
0.0,1.0,3.702353756906973e-09,1.0
0.0,1.0,3.71012265354409e-09,1.0
0.0,1.0,3.700419526353471e-09,1.0
0.0,1.0,3.7012664044766552e-09,1.0
0.0,1.0,3.703808815203047e-09,1.0
0.0,1.0,3.701732476102393e-09,1.0
0.0,1.0,3.7021985477281305e-09,1.0
0.0,1.0,3.7020289056499678e-09,1.0
0.0,1.0,3.7014429299375706e-09,1.0
0.0,1.0,3.701824180524227e-09,1.0
0.0,1.0,3.701788875432044e-09,1.0
0.0,1.0,3.704260898018674e-09,1.0
0.0,1.0,3.7028622390522514e-09,1.0
0.0,1.0,3.6996572472247635e-09,1.0
0.0,1.0,3.7010547959681617e-09,1.0
0.0,1.0,3.7030458699405244e-09,1.0
0.0,1.0,3.702721018683519e-09,1.0
0.0,1.0,1.1756754929592717e-06,0.9999990463256836
0.0,1.0,3.718602981095387e-09,1.0
0.0,1.0,3.715540319859656e-09,1.0
0.0,1.0,3.7187306567432188e-09,1.0
0.0,1.0,3.7180569734118762e-09,1.0
0.0,1.0,3.723883645889714e-09,1.0
0.0,1.0,3.717539165393191e-09,1.0
0.0,1.0,3.7130323260470277e-09,1.0
0.0,1.0,3.7190073243209554e-09,1.0
0.0,1.0,3.7307654743301555e-09,1.0
0.0,1.0,3.7158378596302555e-09,1.0
0.0,1.0,3.7213345738251746e-09,1.0
0.0,1.0,3.716674301657008e-09,1.0
0.0,1.0,3.7146403730758948e-09,1.0
0.0,1.0,3.729150321873931e-09,1.0
0.0,1.0,3.747046228852469e-09,1.0
0.0,1.0,3.71846109459284e-09,1.0
0.0,1.0,3.734232478791455e-09,1.0
0.0,1.0,2.232414544778294e-06,0.9999984502792358
0.0,1.0,2.9774392373838054e-07,0.9999997615814209
0.0,1.0,3.7237841699067076e-09,1.0
0.0,1.0,3.714689889022793e-09,1.0
0.0,1.0,3.7154410659212544e-09,1.0
0.0,1.0,3.74310360484742e-09,1.0
0.0,1.0,3.7161638211102854e-09,1.0
0.0,1.0,5.928391692577861e-05,0.9999557137489319
0.0,1.0,3.7140097663979077e-09,1.0
0.0,1.0,3.7138681019399655e-09,1.0
0.0,1.0,3.718368946081796e-09,1.0
0.0,1.0,2.0750097473598572e-10,1.0
0.0,1.0,1.273663201573072e-06,0.9999991059303284
0.0,1.0,3.864869757563838e-09,1.0
0.0,1.0,3.721469576944969e-09,1.0
0.0,1.0,3.710703078141364e-09,1.0
0.0,1.0,3.763857669980553e-09,1.0
0.0,1.0,3.7187022350337884e-09,1.0
0.0,1.0,3.713535257077183e-09,1.0
0.0,1.0,3.727586239676839e-09,1.0
0.0,1.0,3.9166381249344795e-09,1.0
0.0,1.0,3.759430988736767e-09,1.0
0.0,1.0,3.7184326728834094e-09,1.0
0.0,1.0,3.715412644211824e-09,1.0
0.0,1.0,3.717716579032526e-09,1.0
0.0,1.0,9.384562872583047e-06,0.9999929666519165
0.0,1.0,3.7287453125145475e-09,1.0
0.0,1.0,5.220257435212261e-07,0.9999995827674866
0.0,1.0,1.0956696314678993e-05,0.9999927282333374
0.0,1.0,3.64927984719543e-07,0.9999997019767761
0.0,1.0,1.7015346998050518e-07,0.9999998807907104
0.0,1.0,4.716592047482315e-11,1.0
0.0,1.0,3.357157822847512e-07,0.9999997019767761
0.0,1.0,1.3383730674831895e-06,0.9999988675117493
0.0,1.0,6.425270839827135e-07,0.9999995231628418
0.0,1.0,4.4685222633233934e-07,0.9999996423721313
0.0,1.0,1.675226712904987e-07,0.9999998807907104
0.0,1.0,5.573474027187331e-06,0.9999961256980896
0.0,1.0,3.938285715321399e-07,0.9999997019767761
0.0,1.0,3.717574692529979e-09,1.0
0.0,1.0,3.7118428330984443e-09,1.0
0.0,1.0,3.7152638743265243e-09,1.0
0.0,1.0,3.7153489174102106e-09,1.0
0.0,1.0,3.7195109214849253e-09,1.0
0.0,1.0,3.7200644786850035e-09,1.0
0.0,1.0,3.726391639702342e-09,1.0
0.0,1.0,3.7191492108235025e-09,1.0
0.0,1.0,3.7240683870010116e-09,1.0
0.0,1.0,3.7157243948371388e-09,1.0
0.0,1.0,2.1395067051344085e-07,0.9999998211860657
0.0,1.0,3.7238907513170716e-09,1.0
0.0,1.0,3.717071317410614e-09,1.0
0.0,1.0,3.721938091061361e-09,1.0
0.0,1.0,3.726868147424511e-09,1.0
0.0,1.0,4.243943418913432e-09,1.0
0.0,1.0,3.725823205513734e-09,1.0
0.0,1.0,3.7207243952508406e-09,1.0
0.0,1.0,4.095959571515095e-09,1.0
0.0,1.0,3.718298113852825e-09,1.0
0.0,1.0,3.714874186044881e-09,1.0
0.0,1.0,3.71697916889957e-09,1.0
0.0,1.0,3.7175533762479063e-09,1.0
0.0,1.0,3.7144276543443766e-09,1.0
0.0,1.0,3.71400266097055e-09,1.0
0.0,1.0,1.624764649932331e-06,0.999998927116394
0.0,1.0,3.724508701452578e-09,1.0
0.0,1.0,3.7188583323910507e-09,1.0
0.0,1.0,1.152212576016609e-06,0.9999991655349731
0.0,1.0,3.718475305447555e-09,1.0
0.0,1.0,3.7206036029857614e-09,1.0
0.0,1.0,3.7157315002644964e-09,1.0
0.0,1.0,3.7116374418388887e-09,1.0
0.0,1.0,3.730174835681055e-09,1.0
0.0,1.0,3.7251197682053316e-09,1.0
0.0,1.0,3.7113188078308212e-09,1.0
0.0,1.0,3.718262586716037e-09,1.0
0.0,1.0,3.7233083283183532e-09,1.0
0.0,1.0,3.7138538910852503e-09,1.0
0.0,1.0,4.061651015518919e-09,1.0
0.0,1.0,3.7163270238949053e-09,1.0
0.0,1.0,7.009770541799298e-09,1.0
0.0,1.0,3.7194753943481373e-09,1.0
0.0,1.0,3.7151151044412245e-09,1.0
0.0,1.0,3.717376184653176e-09,1.0
0.0,1.0,3.713839680230535e-09,1.0
0.0,1.0,1.7458097545386408e-06,0.9999987483024597
0.0,1.0,3.720703078968768e-09,1.0
0.0,1.0,3.7157812382559996e-09,1.0
0.0,1.0,3.7185887702406717e-09,1.0
0.0,1.0,3.7157315002644964e-09,1.0
0.0,1.0,3.735536324711575e-09,1.0
0.0,1.0,1.0309288533960626e-08,1.0
0.0,1.0,3.7149663345559247e-09,1.0
0.0,1.0,3.714619056793822e-09,1.0
0.0,1.0,3.732751441276605e-09,1.0
0.0,1.0,3.748390486890685e-09,1.0
0.0,1.0,3.7233225391730684e-09,1.0
0.0,1.0,3.715880492194401e-09,1.0
0.0,1.0,3.7190639456952113e-09,1.0
0.0,1.0,3.7195819757585014e-09,1.0
0.0,1.0,3.8825058723546135e-09,1.0
0.0,1.0,3.7246365991450148e-09,1.0
0.0,1.0,3.717163465921658e-09,1.0
0.0,1.0,3.716404961551234e-09,1.0
0.0,1.0,3.7170642119832564e-09,1.0
0.0,1.0,3.720447505628499e-09,1.0
0.0,1.0,3.718794605589437e-09,1.0
0.0,1.0,3.7131953067870427e-09,1.0
0.0,1.0,3.7159086918592266e-09,1.0
0.0,1.0,3.7204404002011415e-09,1.0
0.0,1.0,3.7299185962069714e-09,1.0
0.0,1.0,3.7249989759402524e-09,1.0
0.0,1.0,3.777623547307485e-09,1.0
0.0,1.0,2.289748078643239e-11,1.0
0.0,1.0,3.7240541761462964e-09,1.0
0.0,1.0,3.7164333832606644e-09,1.0
0.0,1.0,3.715901586431869e-09,1.0
0.0,1.0,3.7154268550665392e-09,1.0
0.0,1.0,3.723130914679018e-09,1.0
0.0,1.0,3.7206178138404766e-09,1.0
0.0,1.0,3.7354008775025704e-09,1.0
0.0,1.0,3.7155543086697662e-09,1.0
0.0,1.0,3.722506081160759e-09,1.0
0.0,1.0,3.724345498667958e-09,1.0
0.0,1.0,3.7223923943230375e-09,1.0
0.0,1.0,3.7134573194208542e-09,1.0
0.0,1.0,3.712012697221212e-09,1.0
0.0,1.0,5.2289813368133764e-08,0.9999999403953552
0.0,1.0,3.7133438546277375e-09,1.0
0.0,1.0,3.711177365417484e-09,1.0
0.0,1.0,3.7185532431038837e-09,1.0
0.0,1.0,3.720255881134449e-09,1.0
0.0,1.0,3.7143215170232224e-09,1.0
0.0,1.0,3.7130039043375973e-09,1.0
0.0,1.0,3.7186242973774597e-09,1.0
0.0,1.0,3.7198515379088803e-09,1.0
0.0,1.0,3.7137759534289216e-09,1.0
0.0,1.0,3.7274721087499074e-09,1.0
0.0,1.0,3.71465458393061e-09,1.0
0.0,1.0,3.7136840269624827e-09,1.0
0.0,1.0,3.7101157701613374e-09,1.0
0.0,1.0,3.7306588929197915e-09,1.0
0.0,1.0,3.7172982469968474e-09,1.0
0.0,1.0,3.754321742377442e-09,1.0
0.0,1.0,3.7170997391200444e-09,1.0
0.0,1.0,3.714441865199092e-09,1.0
0.0,1.0,3.720468821910572e-09,1.0
0.0,1.0,3.717071317410614e-09,1.0
0.0,1.0,3.716369434414446e-09,1.0
0.0,1.0,3.7198870650456684e-09,1.0
0.0,1.0,2.8057053902408313e-10,1.0
0.0,1.0,3.7182839029981096e-09,1.0
0.0,1.0,3.7203340408353824e-09,1.0
0.0,1.0,3.7188583323910507e-09,1.0
0.0,1.0,3.7207315006781982e-09,1.0
0.0,1.0,4.843594414438712e-09,1.0
0.0,1.0,3.72395470016329e-09,1.0
0.0,1.0,3.7175251765830808e-09,1.0
0.0,1.0,3.7184468837381246e-09,1.0
0.0,1.0,3.7134360031387814e-09,1.0
0.0,1.0,3.7141372200011347e-09,1.0
0.0,1.0,4.196372582754293e-09,1.0
0.0,1.0,3.7127774188405738e-09,1.0
0.0,1.0,3.7163623289870884e-09,1.0
0.0,1.0,3.719915264710494e-09,1.0
0.0,1.0,3.710851625982059e-09,1.0
0.0,1.0,3.7122747098550235e-09,1.0
0.0,1.0,4.870913785162689e-13,1.0
0.0,1.0,3.715122209868582e-09,1.0
0.0,1.0,3.7162206645291462e-09,1.0
0.0,1.0,3.7185958756680293e-09,1.0
0.0,1.0,3.7207668057703813e-09,1.0
0.0,1.0,3.7144065601069087e-09,1.0
0.0,1.0,1.3657150063628443e-11,1.0
0.0,1.0,9.713033710667673e-10,1.0
0.0,1.0,3.724118124992515e-09,1.0
0.0,1.0,3.7155472032424086e-09,1.0
0.0,1.0,3.7207243952508406e-09,1.0
0.0,1.0,3.713641394398337e-09,1.0
0.0,1.0,3.716078778026599e-09,1.0
0.0,1.0,3.7148599751901656e-09,1.0
0.0,1.0,3.7123455420839946e-09,1.0
0.0,1.0,3.721327690442422e-09,1.0
0.0,1.0,3.7149165965644215e-09,1.0
0.0,1.0,3.722200769828987e-09,1.0
0.0,1.0,1.767284203424424e-07,0.9999998807907104
0.0,1.0,3.7125436058715877e-09,1.0
0.0,1.0,3.7147183107322235e-09,1.0
0.0,1.0,3.726242425727833e-09,1.0
0.0,1.0,1.055363327395753e-06,0.9999991655349731
0.0,1.0,3.7145695408469237e-09,1.0
0.0,1.0,3.712430363123076e-09,1.0
0.0,1.0,3.7200784674951137e-09,1.0
0.0,1.0,3.716766450168052e-09,1.0
0.0,1.0,3.718567453958599e-09,1.0
0.0,1.0,3.7125296170614774e-09,1.0
0.0,1.0,4.753136995105933e-09,1.0
0.0,1.0,4.2608383488129675e-09,1.0
0.0,1.0,5.8788187651259705e-09,1.0
0.0,1.0,4.239550488449595e-09,1.0
0.0,1.0,4.166043510167583e-09,1.0
0.0,1.0,7.780875146664104e-14,1.0
0.0,1.0,4.458052593747652e-09,1.0
0.0,1.0,4.36843361484307e-09,1.0
0.0,1.0,5.650845569249441e-09,1.0
0.0,1.0,4.3537271565696756e-09,1.0
0.0,1.0,4.1614929280342494e-09,1.0
0.0,1.0,5.993624707656409e-09,1.0
0.0,1.0,4.185413349233613e-09,1.0
0.0,1.0,4.157779898150693e-09,1.0
0.0,1.0,4.129336428349006e-09,1.0
0.0,1.0,4.2652694709488514e-09,1.0
0.0,1.0,4.310504397864179e-09,1.0
0.0,1.0,5.099920138973424e-11,1.0
0.0,1.0,4.281620391566321e-09,1.0
0.0,1.0,4.219342208955368e-09,1.0
0.0,1.0,4.277049825418544e-09,1.0
0.0,1.0,5.116587153963792e-09,1.0
0.0,1.0,4.2211052431184726e-09,1.0
0.0,1.0,4.351311311268091e-09,1.0
0.0,1.0,4.386342400408694e-09,1.0
0.0,1.0,7.327874840257209e-08,0.9999999403953552
0.0,1.0,3.7443342080223374e-06,0.9999939203262329
0.0,1.0,4.110531914847115e-09,1.0
0.0,1.0,1.6966565041798276e-08,0.9999999403953552
0.0,1.0,4.2142191958305375e-09,1.0
0.0,1.0,0.00012316100765019655,0.9998709559440613
0.0,1.0,4.4641534913125724e-09,1.0
0.0,1.0,4.210225945655566e-09,1.0
0.0,1.0,4.160445321588213e-09,1.0
0.0,1.0,4.5426951089666545e-09,1.0
0.0,1.0,4.269616216134864e-09,1.0
0.0,1.0,4.170965350880351e-09,1.0
0.0,1.0,4.208178694398157e-09,1.0
0.0,1.0,4.186283764084919e-09,1.0
0.0,1.0,4.249208096496204e-09,1.0
0.0,1.0,4.213118298679319e-09,1.0
0.0,1.0,5.876969133566945e-09,1.0
0.0,1.0,4.211535120646204e-09,1.0
0.0,1.0,4.549058907343806e-09,1.0
0.0,1.0,4.4183425806920695e-09,1.0
0.0,1.0,4.283654320147434e-09,1.0
0.0,1.0,4.407821219132302e-09,1.0
0.0,1.0,4.203525971746558e-09,1.0
0.0,1.0,7.074489072229677e-19,1.0
0.0,1.0,4.139895981580821e-09,1.0
0.0,1.0,4.129864006330308e-09,1.0
0.0,1.0,4.1806025308233075e-09,1.0
0.0,1.0,4.270789055738078e-09,1.0
0.0,1.0,4.352166182997053e-09,1.0
0.0,1.0,4.3967540719336284e-09,1.0
0.0,1.0,1.302050733897886e-08,1.0
0.0,1.0,4.210788162595236e-09,1.0
0.0,1.0,4.305098055823464e-09,1.0
0.0,1.0,1.2964117397208038e-18,1.0
0.0,1.0,4.149192545099822e-09,1.0
0.0,1.0,4.234547823500634e-09,1.0
0.0,1.0,4.6541135390043564e-09,1.0
0.0,1.0,1.4532631986696742e-08,1.0
0.0,1.0,4.295312994173628e-09,1.0
0.0,1.0,4.251121232812238e-09,1.0
0.0,1.0,4.251615948192011e-09,1.0
0.0,1.0,4.2295997815244846e-09,1.0
0.0,1.0,4.26598578684434e-09,1.0
0.0,1.0,4.1939722805750534e-09,1.0
0.0,1.0,4.251023977275281e-09,1.0
0.0,1.0,4.236421879966201e-09,1.0
0.0,1.0,1.8011242275406403e-08,1.0
0.0,1.0,4.236300643611912e-09,1.0
0.0,1.0,1.9994592964525592e-19,1.0
0.0,1.0,4.206846870857817e-09,1.0
0.0,1.0,4.389933305759541e-09,1.0
0.0,1.0,4.372027275498607e-24,1.0
0.0,1.0,4.276152321125437e-09,1.0
0.0,1.0,1.2734513177292683e-07,0.9999998807907104
0.0,1.0,4.173997147915998e-09,1.0
0.0,1.0,2.1617699630382958e-08,1.0
0.0,1.0,4.310183765454667e-09,1.0
0.0,1.0,4.276821119475471e-09,1.0
0.0,1.0,4.2875125672026115e-09,1.0
0.0,1.0,2.9678801638510777e-09,0.9999999403953552
0.0,1.0,4.884050941456053e-09,1.0
0.0,1.0,4.246510254546365e-09,1.0
0.0,1.0,4.360907635003741e-09,1.0
0.0,1.0,4.276339726771994e-09,1.0
0.0,1.0,1.894939546191721e-15,1.0
0.0,1.0,4.478208026625907e-09,1.0
0.0,1.0,4.306600853709597e-09,1.0
0.0,1.0,9.267079548180845e-09,1.0
0.0,1.0,4.11318268334071e-09,1.0
0.0,1.0,4.3930992177365624e-09,1.0
0.0,1.0,4.316905499734958e-09,1.0
0.0,1.0,4.271782927389722e-09,1.0
0.0,1.0,4.131116781991295e-09,1.0
0.0,1.0,4.436718548106455e-09,1.0
0.0,1.0,4.31624691543675e-09,1.0
0.0,1.0,4.275924059271574e-09,1.0
0.0,1.0,4.4254777620267305e-09,1.0
0.0,1.0,1.3397691844829751e-08,1.0
0.0,1.0,4.484738358456752e-09,1.0
0.0,1.0,4.274081089050696e-09,1.0
0.0,1.0,4.283915888692036e-09,1.0
0.0,1.0,4.19422008235415e-09,1.0
0.0,1.0,4.570392952985003e-09,1.0
0.0,1.0,4.200296110923318e-09,1.0
0.0,1.0,4.2860408555611684e-09,1.0
0.0,1.0,1.4029197803466786e-09,1.0
0.0,1.0,4.250813478989812e-09,1.0
0.0,1.0,4.178410062394278e-09,1.0
0.0,1.0,4.3227554868963125e-09,1.0
0.0,1.0,4.458095226311798e-09,1.0
0.0,1.0,4.184615320923513e-09,1.0
0.0,1.0,4.57040139067999e-09,1.0
0.0,1.0,4.2629029195495605e-09,1.0
0.0,1.0,4.347934901005601e-09,1.0
0.0,1.0,4.4009240696141205e-09,1.0
0.0,1.0,4.174204537576998e-09,1.0
0.0,1.0,3.136263818093177e-11,1.0
0.0,1.0,4.28331148327743e-09,1.0
0.0,1.0,4.3122230231062986e-09,1.0
0.0,1.0,4.567935363297693e-09,1.0
0.0,1.0,4.289369304188995e-09,1.0
0.0,1.0,4.337150638633602e-09,1.0
0.0,1.0,4.198342118399978e-09,1.0
0.0,1.0,4.1865231281690285e-09,1.0
0.0,1.0,4.41040270970916e-09,1.0
0.0,1.0,4.286727417479597e-09,1.0
0.0,1.0,4.238717377091916e-09,1.0
0.0,1.0,4.609745918315866e-09,1.0
0.0,1.0,4.3090659929134745e-09,1.0
0.0,1.0,4.2120897880693065e-09,1.0
0.0,1.0,4.445646961670491e-09,1.0
0.0,1.0,1.1873606111395438e-17,1.0
0.0,1.0,4.651992124848903e-09,1.0
0.0,1.0,4.121428531789206e-09,1.0
0.0,1.0,4.3181822562132766e-09,1.0
0.0,1.0,2.4715287953742336e-26,1.0
0.0,1.0,4.1656305072024225e-09,1.0
0.0,1.0,4.244672169306796e-09,1.0
0.0,1.0,4.306683010213419e-09,1.0
0.0,1.0,4.279057108647066e-09,1.0
0.0,1.0,5.2585935605975465e-09,1.0
0.0,1.0,4.275124698693844e-09,1.0
0.0,1.0,4.255672703123992e-09,1.0
0.0,1.0,4.319846258482585e-09,1.0
0.0,1.0,4.0544399837472156e-08,0.9999999403953552
0.0,1.0,4.279448795330154e-09,1.0
0.0,1.0,4.350332094560372e-09,1.0
0.0,1.0,4.185078061880176e-09,1.0
0.0,1.0,4.451917501313574e-09,1.0
0.0,1.0,4.268126296835817e-09,1.0
0.0,1.0,2.737041713066213e-12,1.0
0.0,1.0,1.1370691943568545e-08,1.0
0.0,1.0,4.532205721829996e-09,1.0
0.0,1.0,4.260147346002441e-09,1.0
0.0,1.0,4.451960133877719e-09,1.0
0.0,1.0,9.211731204217255e-12,1.0
0.0,1.0,4.261797137417034e-09,1.0
0.0,1.0,1.249360224164775e-07,0.9999998807907104
0.0,1.0,4.161072375552521e-09,1.0
0.0,1.0,9.486427094212647e-24,1.0
0.0,1.0,4.354117510985134e-09,1.0
0.0,1.0,4.219889770951113e-09,1.0
0.0,1.0,2.3487505274033538e-08,1.0
0.0,1.0,4.318610358211572e-09,1.0
0.0,1.0,4.2589696214179185e-09,1.0
0.0,1.0,4.98529395542846e-09,1.0
0.0,1.0,3.8710507510586467e-07,0.9999997019767761
0.0,1.0,4.371600859087721e-09,1.0
0.0,1.0,4.2044483450354164e-09,1.0
0.0,1.0,2.0568034386769796e-08,1.0
0.0,1.0,4.171665235475075e-09,1.0
0.0,1.0,4.268492670433943e-09,1.0
0.0,1.0,4.3626218193537625e-09,1.0
0.0,1.0,4.083603233340227e-09,1.0
0.0,1.0,9.629453492786006e-25,1.0
0.0,1.0,4.307685319560051e-09,1.0
0.0,1.0,4.555310795240075e-09,1.0
0.0,1.0,4.208018378193401e-09,1.0
0.0,1.0,4.112163054514895e-09,1.0
0.0,1.0,4.3788110914988465e-09,1.0
0.0,1.0,4.262260766552117e-09,1.0
0.0,1.0,4.301232259251719e-09,1.0
0.0,1.0,4.556840238478799e-09,1.0
0.0,1.0,4.308696066601669e-09,1.0
0.0,1.0,4.260651387255621e-09,1.0
0.0,1.0,9.355232991957056e-29,1.0
0.0,1.0,4.152469923468516e-09,1.0
0.0,1.0,4.246226925630481e-09,1.0
0.0,1.0,4.182883817094307e-09,1.0
0.0,1.0,4.306222933792014e-09,1.0
0.0,1.0,4.296902833544891e-09,1.0
0.0,1.0,4.17123580120915e-09,1.0
0.0,1.0,4.383315044265146e-09,1.0
0.0,1.0,4.328283509380526e-09,1.0
0.0,1.0,4.388911900576886e-09,1.0
0.0,1.0,3.479182429699831e-27,1.0
0.0,1.0,4.166575973130193e-09,1.0
0.0,1.0,4.386685681367908e-09,1.0
0.0,1.0,4.2091099494712125e-09,1.0
0.0,1.0,4.279824050712477e-09,1.0
0.0,1.0,7.732485762801389e-09,1.0
0.0,1.0,4.210683801630921e-09,1.0
0.0,1.0,4.1811207829312025e-09,1.0
0.0,1.0,4.230495065371542e-09,1.0
0.0,1.0,4.244898654803819e-09,1.0
0.0,1.0,4.373602369156515e-09,1.0
0.0,1.0,4.324792524101895e-09,1.0
0.0,1.0,4.6215689053497044e-09,1.0
0.0,1.0,4.6414632137725675e-09,1.0
0.0,1.0,4.371651041168434e-09,1.0
0.0,1.0,4.375046103177738e-09,1.0
0.0,1.0,4.199158798456892e-09,1.0
0.0,1.0,4.3395256277278804e-09,1.0
0.0,1.0,4.329092639920873e-09,1.0
0.0,1.0,4.350937832242607e-09,1.0
0.0,1.0,4.2268335498363285e-09,1.0
0.0,1.0,4.334024694685468e-09,1.0
0.0,1.0,4.170177536622077e-09,1.0
0.0,1.0,4.283670751448199e-09,1.0
0.0,1.0,4.359003380471904e-09,1.0
0.0,1.0,4.139517173484819e-09,1.0
0.0,1.0,4.300977796134475e-09,1.0
0.0,1.0,4.751523174917338e-09,1.0
0.0,1.0,4.3135885974265875e-09,1.0
0.0,1.0,4.23055990239618e-09,1.0
0.0,1.0,4.215392923612171e-09,1.0
0.0,1.0,4.316337509635559e-09,1.0
0.0,1.0,6.274798014516136e-09,1.0
0.0,1.0,4.6384540652866235e-09,1.0
0.0,1.0,4.3701002816476375e-09,1.0
0.0,1.0,4.223722704921329e-09,1.0
0.0,1.0,4.276364595767745e-09,1.0
0.0,1.0,4.232391770386812e-09,1.0
0.0,1.0,4.123315466841859e-09,1.0
0.0,1.0,4.3139589678276025e-09,1.0
0.0,1.0,7.28764559809747e-09,1.0
0.0,1.0,4.227631578146429e-09,1.0
0.0,1.0,4.215151783171223e-09,1.0
0.0,1.0,4.369833384032518e-09,1.0
0.0,1.0,8.872848160190951e-21,1.0
0.0,1.0,9.356665664483899e-09,1.0
0.0,1.0,8.759348963508445e-20,1.0
0.0,1.0,1.7455329626159255e-08,1.0
0.0,1.0,4.31624691543675e-09,1.0
0.0,1.0,5.045521778157536e-09,1.0
0.0,1.0,4.226962335707185e-09,1.0
0.0,1.0,4.366625727669771e-09,1.0
0.0,1.0,4.316774049328842e-09,1.0
0.0,1.0,4.225777505695305e-09,1.0
0.0,1.0,4.242373563556612e-09,1.0
0.0,1.0,4.306428547096175e-09,1.0
0.0,1.0,4.227736383199954e-09,1.0
0.0,1.0,4.385781959825863e-09,1.0
0.0,1.0,4.2199861383096504e-09,1.0
0.0,1.0,4.243168660877927e-08,0.9999999403953552
0.0,1.0,4.2224499452458986e-09,1.0
0.0,1.0,4.277849185996274e-09,1.0
0.0,1.0,4.314082424627941e-09,1.0
0.0,1.0,4.328547742460387e-09,1.0
0.0,1.0,1.2275071348286719e-25,1.0
0.0,1.0,4.3098387081386136e-09,1.0
0.0,1.0,4.409948406447484e-09,1.0
0.0,1.0,4.308474466085954e-09,1.0
0.0,1.0,4.245408913305937e-09,1.0
0.0,1.0,4.26400070807631e-09,1.0
0.0,1.0,4.346757176421079e-09,1.0
0.0,1.0,4.208475790079547e-09,1.0
0.0,1.0,4.420956045692037e-09,1.0
0.0,1.0,4.342588955097426e-09,1.0
0.0,1.0,4.3131116456152085e-09,1.0
0.0,1.0,4.767573447139739e-09,1.0
0.0,1.0,4.25546975435509e-09,1.0
0.0,1.0,4.36656755198328e-09,1.0
0.0,1.0,4.203373649147579e-09,1.0
0.0,1.0,4.41979253196223e-09,1.0
0.0,1.0,4.2510079900637265e-09,1.0
0.0,1.0,4.3514525316368236e-09,1.0
0.0,1.0,4.166965439367232e-09,1.0
0.0,1.0,4.263455810615824e-09,1.0
0.0,1.0,4.184032675880189e-09,1.0
0.0,1.0,4.336174530550352e-09,1.0
0.0,1.0,4.467705760902163e-09,1.0
0.0,1.0,4.132858499872327e-09,1.0
0.0,1.0,4.304523404385918e-09,1.0
0.0,1.0,2.5026980737035353e-16,1.0
0.0,1.0,4.31932711819627e-09,1.0
0.0,1.0,4.295116262653664e-09,1.0
0.0,1.0,9.02943853020588e-09,1.0
0.0,1.0,4.2084198348391055e-09,1.0
0.0,1.0,8.12243872161389e-09,1.0
0.0,1.0,4.252191931897187e-09,1.0
0.0,1.0,4.2835970326393635e-09,1.0
0.0,1.0,4.294960831430217e-09,1.0
0.0,1.0,4.225890304354607e-09,1.0
0.0,1.0,4.158747568538956e-09,1.0
0.0,1.0,4.461412572709378e-09,1.0
0.0,1.0,1.0041068715392343e-20,1.0
0.0,1.0,4.2764622953939124e-09,1.0
0.0,1.0,5.04037881988691e-15,1.0
0.0,1.0,4.230729100385133e-09,1.0
0.0,1.0,4.231633266016388e-09,1.0
0.0,1.0,4.301659028982385e-09,1.0
0.0,1.0,4.35537161891375e-09,1.0
0.0,1.0,4.26811785914083e-09,1.0
0.0,1.0,4.442663126269508e-09,1.0
0.0,1.0,1.8482259065422113e-06,0.9999955892562866
0.0,1.0,4.3126919813119e-09,1.0
0.0,1.0,4.23556567596961e-09,1.0
0.0,1.0,1.2058135823167504e-08,1.0
0.0,1.0,7.990659469214734e-06,0.9999833106994629
0.0,1.0,4.3019872109084645e-09,1.0
0.0,1.0,4.231366812490478e-09,1.0
0.0,1.0,4.447097357029861e-09,1.0
0.0,1.0,4.22238555231047e-09,1.0
0.0,1.0,4.909726847301954e-09,1.0
0.0,1.0,4.303891021351092e-09,1.0
0.0,1.0,3.727573371498094e-12,1.0
0.0,1.0,4.18225321041632e-09,1.0
0.0,1.0,3.3504294716206473e-13,1.0
0.0,1.0,4.679776122173962e-09,1.0
0.0,1.0,4.359211214222114e-09,1.0
0.0,1.0,4.181503587830093e-09,1.0
0.0,1.0,4.427943345319818e-09,1.0
0.0,1.0,4.2245766884718705e-09,1.0
0.0,1.0,4.252256768921825e-09,1.0
0.0,1.0,4.376957463136932e-09,1.0
0.0,1.0,4.226938354889853e-09,1.0
0.0,1.0,4.338739145737236e-09,1.0
0.0,1.0,4.512100026943244e-09,1.0
0.0,1.0,4.431356614986726e-09,1.0
0.0,1.0,4.280624299468627e-09,1.0
0.0,1.0,4.455018132176747e-09,1.0
0.0,1.0,4.3203653987688995e-09,1.0
0.0,1.0,4.364094863262835e-09,1.0
0.0,1.0,4.343011728025203e-09,1.0
0.0,1.0,4.394339558899674e-09,1.0
0.0,1.0,4.416051080369243e-09,1.0
0.0,1.0,4.3701002816476375e-09,1.0
0.0,1.0,4.168340783650137e-09,1.0
0.0,1.0,4.207472592554495e-09,1.0
0.0,1.0,4.15068068804203e-09,1.0
0.0,1.0,4.215256144135537e-09,1.0
0.0,1.0,4.242187046088475e-09,1.0
0.0,1.0,4.300264144774246e-09,1.0
0.0,1.0,4.313424284418943e-09,1.0
0.0,1.0,4.210346737920645e-09,1.0
0.0,1.0,4.254471441811347e-09,1.0
0.0,1.0,4.236494710596617e-09,1.0
0.0,1.0,4.3304386743159284e-09,1.0
0.0,1.0,4.606783843286166e-09,1.0
0.0,1.0,4.3137040606211485e-09,1.0
0.0,1.0,4.2490624352353734e-09,1.0
0.0,1.0,4.255364061123146e-09,1.0
0.0,1.0,4.233013495280602e-09,1.0
0.0,1.0,4.512762608044341e-09,1.0
0.0,1.0,4.281122123472869e-09,1.0
0.0,1.0,4.248219553915078e-09,1.0
0.0,1.0,4.2647569920006845e-09,1.0
0.0,1.0,4.33931868215609e-09,1.0
0.0,1.0,4.260821917512203e-09,1.0
0.0,1.0,4.358878591403936e-09,1.0
0.0,1.0,4.3866186238972205e-09,1.0
0.0,1.0,4.265871655917408e-09,1.0
0.0,1.0,4.236858419659484e-09,1.0
0.0,1.0,7.630834630845129e-09,1.0
0.0,1.0,4.286841992495738e-09,1.0
0.0,1.0,1.579275550880947e-23,1.0
0.0,1.0,4.2074246309198315e-09,1.0
0.0,1.0,4.344336890227396e-09,1.0
0.0,1.0,6.639730543156475e-09,1.0
0.0,1.0,4.2126200305858674e-09,1.0
0.0,1.0,4.167068912153127e-09,1.0
0.0,1.0,4.156844202185539e-09,1.0
0.0,1.0,4.104538486870979e-09,1.0
0.0,1.0,6.081998460416571e-09,1.0
0.0,1.0,4.3929064830194875e-09,1.0
0.0,1.0,4.234685047066478e-09,1.0
0.0,1.0,4.1448737775340305e-09,1.0
0.0,1.0,4.453803104098597e-09,1.0
0.0,1.0,5.839742578395146e-11,1.0
0.0,1.0,4.20671852907617e-09,1.0
0.0,1.0,4.262602271154492e-09,1.0
0.0,1.0,4.385840579601563e-09,1.0
0.0,1.0,4.492066274508488e-09,1.0
0.0,1.0,4.3283905348801e-09,1.0
0.0,1.0,1.9613081774991215e-13,1.0
0.0,1.0,4.257369567994829e-09,1.0
0.0,1.0,4.412043619339556e-09,1.0
0.0,1.0,4.349676618886633e-09,1.0
0.0,1.0,4.181056834084984e-09,1.0
0.0,1.0,4.181072821296539e-09,1.0
0.0,1.0,4.263219999245393e-09,1.0
0.0,1.0,4.228212446832913e-09,1.0
0.0,1.0,4.217282967289293e-09,1.0
0.0,1.0,4.251381025000001e-09,1.0
0.0,1.0,4.496103933604445e-09,1.0
0.0,1.0,4.221580418573012e-09,1.0
0.0,1.0,4.2781267417524305e-09,1.0
0.0,1.0,4.321477842239574e-09,1.0
0.0,1.0,6.50939391277916e-09,1.0
0.0,1.0,4.243870588283016e-09,1.0
0.0,1.0,4.270381825932645e-09,1.0
0.0,1.0,4.384209884022994e-09,1.0
0.0,1.0,4.19380397076452e-09,1.0
0.0,1.0,4.221226035383552e-09,1.0
0.0,1.0,4.4357286732576995e-09,1.0
0.0,1.0,4.500106297200546e-05,0.9998354315757751
0.0,1.0,4.178386081576946e-09,1.0
0.0,1.0,4.371175865713894e-09,1.0
0.0,1.0,4.90876228553816e-09,1.0
0.0,1.0,4.3186267895123365e-09,1.0
0.0,1.0,4.316329516029782e-09,1.0
0.0,1.0,6.50877307606379e-09,1.0
0.0,1.0,8.353955749385023e-09,1.0
0.0,1.0,4.472096470919951e-09,1.0
0.0,1.0,4.354391514027611e-09,1.0
0.0,1.0,4.265586994733894e-09,1.0
0.0,1.0,4.3207442068649016e-09,1.0
0.0,1.0,1.3111420393840945e-08,1.0
0.0,1.0,4.811660847536814e-09,1.0
0.0,1.0,4.34755342837434e-09,1.0
0.0,1.0,4.2611878470211195e-09,1.0
0.0,1.0,4.326038638424734e-09,1.0
0.0,1.0,4.381058182900688e-09,1.0
0.0,1.0,4.3384829062631525e-09,1.0
0.0,1.0,4.34900471191213e-09,1.0
0.0,1.0,4.447478829661122e-09,1.0
0.0,1.0,4.666949493525863e-09,1.0
0.0,1.0,4.286882848703044e-09,1.0
0.0,1.0,4.3229122503873896e-09,1.0
0.0,1.0,4.255209962167328e-09,1.0
0.0,1.0,4.5533994352808804e-09,1.0
0.0,1.0,4.207151516055774e-09,1.0
0.0,1.0,4.298312816786165e-09,1.0
0.0,1.0,4.133189790422875e-09,1.0
0.0,1.0,4.137867382070226e-09,1.0
0.0,1.0,2.8070155574932976e-11,1.0
0.0,1.0,3.953919858190602e-09,1.0
0.0,1.0,4.07467926066829e-09,1.0
0.0,1.0,1.0497191560432384e-08,1.0
0.0,1.0,4.0840317794277325e-09,1.0
0.0,1.0,4.310068746349316e-09,1.0
0.0,1.0,7.611489563630336e-12,1.0
0.0,1.0,4.041281531641516e-09,1.0
0.0,1.0,2.2643018837698037e-07,0.9999998211860657
0.0,1.0,2.8252140822740928e-18,1.0
0.0,1.0,4.047190138578571e-09,1.0
0.0,1.0,4.1040921772150796e-09,1.0
0.0,1.0,4.012716381396331e-09,1.0
0.0,1.0,3.986093677355029e-09,1.0
0.0,1.0,4.029005573613631e-09,1.0
0.0,1.0,4.0177017268661075e-09,1.0
0.0,1.0,4.032842060297526e-09,1.0
0.0,1.0,4.3802979021734245e-09,1.0
0.0,1.0,4.067651548922413e-09,1.0
0.0,1.0,4.010245024943515e-09,1.0
0.0,1.0,4.231270001042731e-09,1.0
0.0,1.0,2.5223663361373567e-23,1.0
0.0,1.0,3.997483677409264e-09,1.0
0.0,1.0,3.98961530478914e-09,1.0
0.0,1.0,4.064239611523135e-09,1.0
0.0,1.0,3.421105164817658e-26,1.0
0.0,1.0,6.251489959909478e-25,1.0
0.0,1.0,1.339754522811119e-26,1.0
0.0,1.0,1.9135704661546857e-24,1.0
0.0,1.0,8.781497058407695e-07,0.9999950528144836
0.0,1.0,2.63538620244862e-28,1.0
0.0,1.0,1.257348419759311e-28,1.0
0.0,1.0,2.5627437713634234e-22,1.0
0.0,1.0,4.0588710170652575e-09,1.0
0.0,1.0,9.529564559404343e-29,1.0
0.0,1.0,1.3090967129175377e-29,1.0
0.0,1.0,4.002053799467831e-09,1.0
0.0,1.0,4.106237572187865e-09,1.0
0.0,1.0,3.086937329797221e-28,1.0
0.0,1.0,4.205555015346363e-09,1.0
0.0,1.0,4.019894195295137e-09,1.0
0.0,1.0,1.6562472964290476e-12,1.0
0.0,1.0,4.0381609167639e-09,1.0
0.0,1.0,2.6923949036197485e-26,1.0
0.0,1.0,3.016374530715778e-26,1.0
0.0,1.0,3.6494912591240274e-27,1.0
0.0,1.0,5.498425220636584e-27,1.0
0.0,1.0,1.4154578060996862e-25,1.0
0.0,1.0,1.058648181096314e-28,1.0
0.0,1.0,3.1593926800497025e-29,1.0
0.0,1.0,1.1596649335254838e-10,1.0
0.0,1.0,1.4003212736283557e-28,1.0
0.0,1.0,8.863913216816182e-29,1.0
0.0,1.0,1.4689536072003923e-26,1.0
0.0,1.0,1.7494921310341465e-24,1.0
0.0,1.0,8.538324127588259e-13,1.0
0.0,1.0,2.1008734307770283e-08,1.0
0.0,1.0,5.231692412621669e-09,1.0
0.0,1.0,4.036043055322125e-09,1.0
0.0,1.0,7.406876608735509e-19,1.0
0.0,1.0,2.1341973327482222e-12,1.0
0.0,1.0,4.0032599457617835e-09,1.0
0.0,1.0,3.990589636515551e-09,1.0
0.0,1.0,1.9095387163853283e-12,1.0
0.0,1.0,4.006429854541693e-09,1.0
0.0,1.0,6.942943143888851e-29,1.0
0.0,1.0,4.116801122222569e-09,1.0
0.0,1.0,4.030673572685828e-09,1.0
0.0,1.0,3.977625784301608e-09,1.0
0.0,1.0,4.04399536080291e-09,1.0
0.0,1.0,9.195522108301224e-21,1.0
0.0,1.0,3.996523112448358e-09,1.0
0.0,1.0,4.005848985855209e-09,1.0
0.0,1.0,3.983501972726344e-09,1.0
0.0,1.0,4.079158344438838e-09,1.0
0.0,1.0,9.057327937201664e-17,1.0
0.0,1.0,4.092788774556766e-09,1.0
0.0,1.0,4.055442648365215e-09,1.0
0.0,1.0,3.998284370254623e-09,1.0
0.0,1.0,4.025833000298462e-09,1.0
0.0,1.0,4.033795963920284e-09,1.0
0.0,1.0,4.184591340106181e-09,1.0
0.0,1.0,4.0704222215026675e-09,1.0
0.0,1.0,4.09271860846161e-09,1.0
0.0,1.0,4.113088536428222e-09,1.0
0.0,1.0,3.97101551641299e-09,1.0
0.0,1.0,4.001740716574886e-09,1.0
0.0,1.0,3.989524266501121e-09,1.0
0.0,1.0,4.098741346325596e-09,1.0
0.0,1.0,4.998605085404506e-09,1.0
0.0,1.0,1.155816723422218e-20,1.0
0.0,1.0,4.025556776809935e-09,1.0
0.0,1.0,4.819698996798142e-16,1.0
0.0,1.0,1.8499658524026916e-20,1.0
0.0,1.0,4.021581290203358e-09,1.0
0.0,1.0,3.933219971941071e-09,1.0
0.0,1.0,4.08703160204027e-09,1.0
0.0,1.0,1.09145839033431e-08,1.0
0.0,1.0,4.0146836965959665e-09,1.0
0.0,1.0,4.162763023174421e-09,1.0
0.0,1.0,4.225173100280699e-09,1.0
0.0,1.0,4.17049594858554e-09,1.0
0.0,1.0,4.001252218444051e-09,1.0
0.0,1.0,3.9693115461147954e-09,1.0
0.0,1.0,4.0080729846181384e-09,1.0
0.0,1.0,4.112484575102826e-09,1.0
0.0,1.0,4.446901957777527e-09,1.0
0.0,1.0,4.932617684971774e-06,0.999995768070221
0.0,1.0,3.983843921417929e-09,1.0
0.0,1.0,3.983357643733143e-09,1.0
0.0,1.0,4.023061883628998e-09,1.0
0.0,1.0,4.0587084804144524e-09,1.0
0.0,1.0,3.965165085162425e-09,1.0
0.0,1.0,4.03170385965268e-09,1.0
0.0,1.0,3.973091189379829e-09,1.0
0.0,1.0,2.433917789534945e-10,1.0
0.0,1.0,1.0353529944495676e-07,0.9999999403953552
0.0,1.0,4.082668425553493e-09,1.0
0.0,1.0,4.01390254367584e-09,1.0
0.0,1.0,4.056781133243703e-09,1.0
0.0,1.0,3.9731973267009835e-09,1.0
0.0,1.0,4.005039411225653e-09,1.0
0.0,1.0,4.093491323686749e-09,1.0
0.0,1.0,4.204841363986134e-09,1.0
0.0,1.0,4.001664333230792e-09,1.0
0.0,1.0,4.493790364847841e-16,1.0
0.0,1.0,4.085005222975724e-09,1.0
0.0,1.0,1.3621091381561502e-19,1.0
0.0,1.0,2.647385044204139e-14,1.0
0.0,1.0,4.26151292032273e-09,1.0
0.0,1.0,4.003733344859484e-09,1.0
0.0,1.0,3.960660244217706e-09,1.0
0.0,1.0,4.0002832157881585e-09,1.0
0.0,1.0,4.039208523209936e-09,1.0
0.0,1.0,3.983205765223374e-09,1.0
0.0,1.0,4.328316371982055e-09,1.0
0.0,1.0,4.001190934133092e-09,1.0
0.0,1.0,4.0863925576672955e-09,1.0
0.0,1.0,2.1228321089362436e-14,1.0
0.0,1.0,4.071004866545991e-09,1.0
0.0,1.0,4.116306406842796e-09,1.0
0.0,1.0,4.118725360768849e-09,1.0
0.0,1.0,6.812219055518653e-08,0.9999999403953552
0.0,1.0,3.928638747652258e-09,1.0
0.0,1.0,4.061132319321814e-09,1.0
0.0,1.0,3.967298489726545e-09,1.0
0.0,1.0,4.019602872773476e-09,1.0
0.0,1.0,4.3241326075360575e-09,1.0
0.0,1.0,4.025909827731766e-09,1.0
0.0,1.0,1.644891867158549e-08,1.0
0.0,1.0,4.038938961059557e-09,1.0
0.0,1.0,3.992066677227513e-09,1.0
0.0,1.0,4.049383051096811e-09,1.0
0.0,1.0,3.947966398243352e-09,1.0
0.0,1.0,4.032203460013761e-09,1.0
0.0,1.0,8.533310058567167e-09,1.0
0.0,1.0,3.977625784301608e-09,1.0
0.0,1.0,4.0387306832201375e-09,1.0
0.0,1.0,2.926191200458561e-08,1.0
0.0,1.0,7.519111591136607e-07,0.9999994039535522
0.0,1.0,0.0017196693224832416,0.9964155554771423
0.0,1.0,3.9700989162838596e-09,1.0
0.0,1.0,3.962677741498055e-09,1.0
0.0,1.0,3.992827846133196e-09,1.0
0.0,1.0,4.029251599035888e-09,1.0
0.0,1.0,4.008944731737074e-09,1.0
0.0,1.0,4.006857956539989e-09,1.0
0.0,1.0,4.025418220976462e-09,1.0
0.0,1.0,4.081485371898452e-09,1.0
0.0,1.0,3.885772454671754e-13,1.0
0.0,1.0,4.027806976836246e-09,1.0
0.0,1.0,4.044628187926946e-09,1.0
0.0,1.0,3.987409069594605e-09,1.0
0.0,1.0,3.996020403462808e-09,1.0
0.0,1.0,4.012662646601939e-09,1.0
0.0,1.0,4.127855834923366e-09,1.0
0.0,1.0,3.994953257091538e-09,1.0
0.0,1.0,3.994777841853647e-09,1.0
0.0,1.0,4.005138887208659e-09,1.0
0.0,1.0,3.6935936531534708e-09,1.0
0.0,1.0,3.6928329283369976e-09,1.0
0.0,1.0,3.445355787334847e-07,0.9999995827674866
0.0,1.0,3.776643886510556e-09,1.0
0.0,1.0,9.373061927305357e-28,1.0
0.0,1.0,0.0,1.0
0.0,1.0,3.693199079890519e-09,1.0
0.0,1.0,3.6931568914155832e-09,1.0
0.0,1.0,3.692748329342521e-09,1.0
0.0,1.0,1.5540113196266248e-08,1.0
0.0,1.0,3.695376449286414e-09,1.0
0.0,1.0,3.730793896039586e-09,1.0
0.0,1.0,3.88210850132964e-08,0.9999999403953552
0.0,1.0,1.3098802504320218e-30,1.0
0.0,1.0,3.693382266689582e-09,1.0
0.0,1.0,3.6921425916602857e-09,1.0
0.0,1.0,8.557385058338696e-07,0.9999989867210388
0.0,1.0,3.6929808100438777e-09,1.0
0.0,1.0,3.6927623181526315e-09,1.0
0.0,1.0,3.693572558916003e-09,1.0
0.0,1.0,3.6930933866585747e-09,1.0
0.0,1.0,3.6928751168119334e-09,1.0
0.0,1.0,1.0903618452573483e-08,1.0
0.0,1.0,3.919560231935293e-09,1.0
0.0,1.0,3.747417931521113e-09,1.0
0.0,1.0,3.6928751168119334e-09,1.0
0.0,1.0,3.693924721659414e-09,1.0
0.0,1.0,3.693847228092295e-09,1.0
0.0,1.0,5.882685218239203e-05,0.999953031539917
0.0,1.0,3.6924807655935865e-09,1.0
0.0,1.0,3.693438666019233e-09,1.0
0.0,1.0,3.6931286917507578e-09,1.0
0.0,1.0,3.6950098536436826e-09,1.0
0.0,1.0,4.343528498443245e-19,1.0
0.0,1.0,3.1230724744091276e-06,0.9999969005584717
0.0,1.0,1.0437895880954784e-08,1.0
0.0,1.0,3.8069614127778095e-09,1.0
0.0,1.0,3.694129002695945e-09,1.0
0.0,1.0,3.7861931367899615e-09,1.0
0.0,1.0,3.728097830446586e-09,1.0
0.0,1.0,2.3838532570152893e-07,0.9999997615814209
0.0,1.0,5.287393832986709e-06,0.9999945759773254
0.0,1.0,0.0,1.0
0.0,1.0,2.1229652702459134e-06,0.9999984502792358
0.0,1.0,6.568533936756466e-29,1.0
0.0,1.0,9.908353248988533e-09,1.0
0.0,1.0,3.711885243617985e-09,1.0
0.0,1.0,3.770022516391691e-09,1.0
0.0,1.0,3.6928751168119334e-09,1.0
0.0,1.0,3.6931215863234e-09,1.0
0.0,1.0,3.6929315161415843e-09,1.0
0.0,1.0,8.562501056764375e-15,1.0
0.0,1.0,3.6929315161415843e-09,1.0
0.0,1.0,3.6921847801352214e-09,1.0
0.0,1.0,3.768598766384912e-09,1.0
0.0,1.0,0.0,1.0
0.0,1.0,3.692438355074046e-09,1.0
0.0,1.0,1.9202295789000345e-06,0.9999982714653015
0.0,1.0,2.1779104741881383e-08,1.0
0.0,1.0,3.82642006968581e-09,1.0
0.0,1.0,3.869352894980693e-06,0.9999953508377075
0.0,1.0,3.692860905957218e-09,1.0
0.0,1.0,3.7007228392837987e-09,1.0
0.0,1.0,3.6931357971781154e-09,1.0
0.0,1.0,1.3370996384765022e-05,0.9999833703041077
0.0,1.0,3.692748329342521e-09,1.0
0.0,1.0,4.788152807577717e-08,0.9999999403953552
0.0,1.0,0.0016104539390653372,0.9987056851387024
0.0,1.0,1.1050742543261549e-08,1.0
0.0,1.0,3.6939740155617073e-09,1.0
0.0,1.0,3.724189179266091e-09,1.0
0.0,1.0,3.6927201296776957e-09,1.0
0.0,1.0,3.69310759751329e-09,1.0
0.0,1.0,3.6935654534886453e-09,1.0
0.0,1.0,3.6925511537333477e-09,1.0
0.0,1.0,3.692325778459349e-09,1.0
0.0,1.0,3.6932061853178766e-09,1.0
0.0,1.0,3.692431471691293e-09,1.0
0.0,1.0,0.0,1.0
0.0,1.0,3.6928187174822824e-09,1.0
0.0,1.0,3.6933540670247567e-09,1.0
0.0,1.0,3.6925580371161004e-09,1.0
0.0,1.0,3.6938190284274697e-09,1.0
0.0,1.0,0.0001423100766260177,0.9998366832733154
0.0,1.0,2.2178890048962785e-06,0.9999975562095642
0.0,1.0,3.6950169590710402e-09,1.0
0.0,1.0,3.69559494117766e-09,1.0
0.0,1.0,0.0,1.0
0.0,1.0,3.6930019042813456e-09,1.0
0.0,1.0,3.693459760256701e-09,1.0
0.0,1.0,3.6935936531534708e-09,1.0
0.0,1.0,3.6924947544036968e-09,1.0
0.0,1.0,1.3815920851811825e-07,0.9999998807907104
0.0,1.0,4.216907001364234e-08,0.9999999403953552
0.0,1.0,3.6931215863234e-09,1.0
0.0,1.0,3.69239616659911e-09,1.0
0.0,1.0,3.693382266689582e-09,1.0
0.0,1.0,3.6927765290073467e-09,1.0
0.0,1.0,3.757932631742733e-09,1.0
0.0,1.0,3.6927834123900993e-09,1.0
0.0,1.0,3.6923679669342846e-09,1.0
0.0,1.0,1.0040965889857034e-06,0.9999990463256836
0.0,1.0,3.6924807655935865e-09,1.0
0.0,1.0,3.6926637303480447e-09,1.0
0.0,1.0,3.694777372942326e-09,1.0
0.0,1.0,3.6935794422987556e-09,1.0
0.0,1.0,3.692917305286869e-09,1.0
0.0,1.0,9.748405318532605e-07,0.9999992251396179
0.0,1.0,0.0,1.0
0.0,1.0,3.6961094185272714e-09,1.0
0.0,1.0,2.403757015656538e-08,1.0
0.0,1.0,3.694777372942326e-09,1.0
0.0,1.0,3.693889416567231e-09,1.0
0.0,1.0,0.0,1.0
0.0,1.0,8.75395755883801e-08,0.9999999403953552
0.0,1.0,3.6925229540685223e-09,1.0
0.0,1.0,5.327384311470951e-09,1.0
0.0,1.0,3.692846917147108e-09,1.0
0.0,1.0,3.692360861506927e-09,1.0
0.0,1.0,0.0001267662737518549,0.9998958110809326
0.0,1.0,1.64276501407737e-36,1.0
0.0,1.0,0.00015646008250769228,0.9998649954795837
0.0,1.0,3.692382177789e-09,1.0
0.0,1.0,3.73181885393592e-09,1.0
0.0,1.0,3.6924947544036968e-09,1.0
0.0,1.0,3.694002215226533e-09,1.0
0.0,1.0,3.843103613121457e-09,1.0
0.0,1.0,3.6939669101343497e-09,1.0
0.0,1.0,1.2789918013567103e-09,1.0
0.0,1.0,8.535605111603672e-09,1.0
0.0,1.0,2.6406584652249876e-07,0.9999997615814209
0.0,1.0,3.747804289133683e-09,1.0
0.0,1.0,3.7445673228830856e-09,1.0
0.0,1.0,3.692269379129698e-09,1.0
0.0,1.0,3.730651787492434e-09,1.0
0.0,1.0,0.0011958105023950338,0.9984589219093323
0.0,1.0,0.00010531611769692972,0.999835729598999
0.0,1.0,4.066129974944488e-07,0.9999996423721313
0.0,1.0,3.6924807655935865e-09,1.0
0.0,1.0,0.0003454849938862026,0.9993837475776672
0.0,1.0,3.6930019042813456e-09,1.0
0.0,1.0,3.692804728672172e-09,1.0
0.0,1.0,3.693924721659414e-09,1.0
0.0,1.0,3.692438355074046e-09,1.0
0.0,1.0,3.692790517817457e-09,1.0
0.0,1.0,3.6942346959278893e-09,1.0
0.0,1.0,2.2764352181070535e-08,1.0
0.0,1.0,3.6927061408675854e-09,1.0
0.0,1.0,3.6928680113845758e-09,1.0
0.0,1.0,3.6938754277571206e-09,1.0
0.0,1.0,3.693459760256701e-09,1.0
0.0,1.0,3.7011675946274636e-09,1.0
0.0,1.0,6.389786335603276e-07,0.999999463558197
0.0,1.0,3.692156802515001e-09,1.0
0.0,1.0,3.735956433104093e-09,1.0
0.0,1.0,3.6963703209380583e-09,1.0
0.0,1.0,4.537499265211409e-09,1.0
0.0,1.0,3.693072292421107e-09,1.0
0.0,1.0,3.733292341934202e-09,1.0
0.0,1.0,3.699092809839044e-09,1.0
0.0,1.0,0.0010443819919601083,0.9992263913154602
0.0,1.0,4.40125136336178e-09,1.0
0.0,1.0,3.6925580371161004e-09,1.0
0.0,1.0,6.341469998005778e-05,0.999956488609314
0.0,1.0,3.6928540225744655e-09,1.0
0.0,1.0,5.354397671908373e-07,0.9999995827674866
0.0,1.0,3.6924101554092204e-09,1.0
0.0,1.0,3.6927061408675854e-09,1.0
0.0,1.0,1.2161548708329107e-15,1.0
0.0,1.0,3.7123242258019218e-09,1.0
0.0,1.0,1.1478029193767725e-08,1.0
0.0,1.0,1.3378387286877569e-08,1.0
0.0,1.0,3.6927623181526315e-09,1.0
0.0,1.0,3.6930933866585747e-09,1.0
0.0,1.0,3.75175224220925e-09,1.0
0.0,1.0,3.6935301483964622e-09,1.0
0.0,1.0,3.6928329283369976e-09,1.0
0.0,1.0,3.6933047731224633e-09,1.0
0.0,1.0,3.699410333624087e-09,1.0
0.0,1.0,3.692234074037515e-09,1.0
0.0,1.0,3.693030103946171e-09,1.0
0.0,1.0,1.7926954853919597e-07,0.9999998211860657
0.0,1.0,3.6933187619325736e-09,1.0
0.0,1.0,0.0,1.0
0.0,1.0,3.6932061853178766e-09,1.0
0.0,1.0,3.6928187174822824e-09,1.0
0.0,1.0,1.534211975240396e-07,0.9999998807907104
0.0,1.0,0.14454783499240875,0.8567600846290588
0.0,1.0,1.8165632843444857e-12,1.0
0.0,1.0,3.692642636110577e-09,1.0
0.0,1.0,3.748190202657042e-09,1.0
0.0,1.0,3.792777647504408e-09,1.0
0.0,1.0,3.761388978062996e-09,1.0
0.0,1.0,3.692508743213807e-09,1.0
0.0,1.0,1.4301402219626133e-16,1.0
0.0,1.0,3.692212979800047e-09,1.0
0.0,1.0,3.6925933422082835e-09,1.0
