1.0,0.0,1.0,3.2176902808878083e-10
1.0,0.0,0.9999999403953552,4.9496897247536253e-08
1.0,0.0,1.0,2.7637065969088326e-08
1.0,0.0,0.9999999403953552,5.353095389182272e-08
1.0,0.0,1.0,1.5547939824500645e-08
1.0,0.0,0.9999998211860657,1.6513102707449434e-07
1.0,0.0,0.9999995231628418,4.742955468373111e-07
1.0,0.0,0.9999999403953552,4.124962416085509e-08
1.0,0.0,0.9999999403953552,3.353832411789881e-08
1.0,0.0,1.0,1.419898953969323e-08
1.0,0.0,0.9999816417694092,1.9488514226395637e-05
1.0,0.0,0.9999995231628418,4.5979771812199033e-07
1.0,0.0,1.0,2.0342024953379223e-08
1.0,0.0,0.9999980330467224,2.068479943773127e-06
1.0,0.0,0.9999997615814209,2.262208198544613e-07
1.0,0.0,0.9999990463256836,9.758748547028517e-07
1.0,0.0,1.0,9.602516115592152e-09
1.0,0.0,0.9999974966049194,3.3496564810775453e-06
1.0,0.0,0.9999784827232361,2.2727903342456557e-05
1.0,0.0,0.9999998807907104,1.0061280164563868e-07
1.0,0.0,1.0,7.949991776001752e-09
1.0,0.0,0.9999999403953552,5.342405628994129e-08
1.0,0.0,1.0,1.7368583016263983e-08
1.0,0.0,0.9999983906745911,1.6622864222881617e-06
1.0,0.0,1.0,1.7187169021326554e-08
1.0,0.0,1.0,1.3250901709227492e-08
1.0,0.0,0.9999452829360962,5.540643905987963e-05
1.0,0.0,0.9999999403953552,6.923984585682774e-08
1.0,0.0,1.0,1.2468089061190568e-10
1.0,0.0,1.0,1.6679326364510416e-08
1.0,0.0,0.9999998807907104,1.0505928571546974e-07
1.0,0.0,1.0,2.1104924030623806e-08
1.0,0.0,0.9999998807907104,9.485759733252053e-08
1.0,0.0,0.9999984502792358,1.5978523606463568e-06
1.0,0.0,0.9999999403953552,3.725107333707456e-08
1.0,0.0,0.9999999403953552,6.123976703520384e-08
1.0,0.0,0.9999853372573853,1.5969375454005785e-05
1.0,0.0,1.0,7.548121239153716e-09
1.0,0.0,1.0,4.217218574353865e-09
1.0,0.0,0.9999994039535522,6.292377747740829e-07
1.0,0.0,0.9999998807907104,9.006807033529185e-08
1.0,0.0,0.9999982118606567,1.8915194459623308e-06
1.0,0.0,0.9999996423721313,3.8960948245403415e-07
1.0,0.0,0.9999991059303284,9.204359798786754e-07
1.0,0.0,0.999999463558197,5.693760272151849e-07
1.0,0.0,0.9999998211860657,1.736410553121459e-07
1.0,0.0,0.9999998807907104,1.317046383064735e-07
1.0,0.0,0.9999998211860657,1.6365684984975815e-07
1.0,0.0,1.0,2.324278465005991e-13
1.0,0.0,0.9999999403953552,4.12888212508733e-08
1.0,0.0,0.9999998807907104,1.4728138353348186e-07
1.0,0.0,1.0,2.894185868740351e-08
1.0,0.0,1.0,1.7604183000230478e-08
1.0,0.0,0.9999995231628418,4.955513759341557e-07
1.0,0.0,1.0,2.8341501590034568e-08
1.0,0.0,1.0,9.386798005550645e-10
1.0,0.0,0.9999999403953552,5.714187523153669e-08
1.0,0.0,0.9999998807907104,1.3458988235015568e-07
1.0,0.0,1.0,3.0200620733431854e-24
1.0,0.0,0.9999997615814209,2.688758229396626e-07
1.0,0.0,0.9998158812522888,0.0001910257851704955
1.0,0.0,0.9999993443489075,7.059504696371732e-07
1.0,0.0,0.9999999403953552,5.403442671081393e-08
1.0,0.0,0.9999673366546631,3.425503018661402e-05
1.0,0.0,0.9999935626983643,5.94480661675334e-06
1.0,0.0,0.9999999403953552,7.700595716642056e-08
1.0,0.0,1.0,1.9686179797417935e-08
1.0,0.0,1.0,1.4076968923859567e-08
1.0,0.0,0.9999843239784241,1.6256346498266794e-05
1.0,0.0,1.0,7.355023257105131e-09
1.0,0.0,0.9995521903038025,0.00044858487672172487
1.0,0.0,0.9999997615814209,2.602497204406973e-07
1.0,0.0,0.9999988675117493,1.0768274023575941e-06
1.0,0.0,0.999998927116394,1.1879265002789907e-06
1.0,0.0,0.9999998807907104,1.0303413233714309e-07
1.0,0.0,0.9999999403953552,3.5508698204012035e-08
1.0,0.0,1.0,2.415361599616972e-08
1.0,0.0,1.0,8.473009849296886e-09
1.0,0.0,1.0,1.3314441105194419e-08
1.0,0.0,0.9999998211860657,2.169846169408629e-07
1.0,0.0,0.9999992847442627,7.335278837672377e-07
1.0,0.0,0.999998152256012,1.9078061086474918e-06
1.0,0.0,1.0,1.1941397870529613e-10
1.0,0.0,0.9999998211860657,1.6821665838051558e-07
1.0,0.0,0.9999999403953552,3.2953494155663066e-08
1.0,0.0,0.9999999403953552,3.82123666042844e-08
1.0,0.0,0.9999999403953552,4.8869136293205884e-08
1.0,0.0,1.0,5.880310460781857e-09
1.0,0.0,0.9999988079071045,1.2420783832567395e-06
1.0,0.0,1.0,6.743284819421547e-10
1.0,0.0,1.0,4.831490676288075e-12
1.0,0.0,0.9999999403953552,4.091823413432394e-08
1.0,0.0,1.0,4.553364796322512e-09
1.0,0.0,0.9999954104423523,4.77652793051675e-06
1.0,0.0,0.9999994039535522,6.26283906512981e-07
1.0,0.0,0.9999997019767761,2.7776638944487786e-07
1.0,0.0,1.0,2.872982074464403e-09
1.0,0.0,0.9999977350234985,2.4196906451834366e-06
1.0,0.0,0.9999998807907104,1.321074449833759e-07
1.0,0.0,0.9999998807907104,1.004544145644104e-07
1.0,0.0,1.0,2.4716570456995157e-10
1.0,0.0,0.9999600648880005,4.3353378714527935e-05
1.0,0.0,1.0,8.063826939519458e-09
1.0,0.0,0.9999999403953552,6.269776520184678e-08
1.0,0.0,0.9999986886978149,1.361212412120949e-06
1.0,0.0,1.0,4.430190436721659e-09
1.0,0.0,1.0,2.910411112111433e-08
1.0,0.0,1.0,8.751603623222461e-27
1.0,0.0,0.9999999403953552,8.10823337360489e-08
1.0,0.0,1.0,6.761537552080199e-09
1.0,0.0,1.0,2.6301696820496545e-08
1.0,0.0,0.9999711513519287,2.8667722290265374e-05
1.0,0.0,1.0,2.360060024948014e-18
1.0,0.0,0.9999999403953552,3.92622183653657e-08
1.0,0.0,0.999980628490448,2.0303075871197507e-05
1.0,0.0,0.9999962449073792,3.824693067144835e-06
1.0,0.0,1.0,8.029468226550488e-38
1.0,0.0,1.0,2.2223602957893718e-09
1.0,0.0,0.999999463558197,5.137550829203974e-07
1.0,0.0,0.9999932050704956,7.079931947373552e-06
1.0,0.0,1.0,8.027452591541362e-10
1.0,0.0,1.0,9.278522838940262e-09
1.0,0.0,1.0,1.2324794518292492e-08
1.0,0.0,1.0,6.863210444407741e-09
1.0,0.0,0.9999999403953552,6.839716348849834e-08
1.0,0.0,0.9999916553497314,8.64354024088243e-06
1.0,0.0,0.9999999403953552,3.858037089798927e-08
1.0,0.0,0.9999999403953552,3.73898103589454e-08
1.0,0.0,1.0,4.210001236515382e-09
1.0,0.0,1.0,4.5714130259000285e-09
1.0,0.0,0.9999850392341614,1.5823372450540774e-05
1.0,0.0,0.9999994039535522,5.981733011140022e-07
1.0,0.0,0.9999999403953552,7.313004601883222e-08
1.0,0.0,1.0,3.101113676962086e-08
1.0,0.0,1.0,3.893065425586428e-09
1.0,0.0,0.9999999403953552,3.5419340349562844e-08
1.0,0.0,1.0,5.390665247517745e-09
1.0,0.0,0.999998927116394,9.510993663752743e-07
1.0,0.0,1.0,1.620879608310588e-08
1.0,0.0,0.99998939037323,1.1217648534511682e-05
1.0,0.0,0.9999998211860657,1.6697558180567285e-07
1.0,0.0,0.9999998807907104,1.0556889407098424e-07
1.0,0.0,0.9999999403953552,7.621093089937858e-08
1.0,0.0,1.0,1.300640928292296e-08
1.0,0.0,1.0,3.588319363867498e-10
1.0,0.0,0.9998904466629028,0.00011647835344774649
1.0,0.0,1.0,2.3364530310487908e-09
1.0,0.0,0.9999997019767761,3.084632282934763e-07
1.0,0.0,0.9999954104423523,4.875485501543153e-06
1.0,0.0,1.0,1.7336743596274573e-08
1.0,0.0,0.9999997615814209,2.3884180677669065e-07
1.0,0.0,0.9999990463256836,1.0061057764687575e-06
1.0,0.0,1.0,4.6050003810194085e-09
1.0,0.0,0.9999966621398926,3.5195639611629304e-06
1.0,0.0,0.9999991655349731,8.71866120633058e-07
1.0,0.0,0.9999998807907104,9.434839398636541e-08
1.0,0.0,0.9999995231628418,5.039776738158253e-07
1.0,0.0,1.0,5.734810404334212e-09
1.0,0.0,1.0,1.0404601624713905e-08
1.0,0.0,0.9999998807907104,9.9380329743326e-08
1.0,0.0,0.9999998807907104,1.4492513855657307e-07
1.0,0.0,1.0,3.079362542734998e-09
1.0,0.0,0.9999999403953552,5.04591781691488e-08
1.0,0.0,1.0,1.1396290133802722e-08
1.0,0.0,1.0,5.927265249644676e-17
1.0,0.0,0.9999998211860657,1.826429070206359e-07
1.0,0.0,0.9999977350234985,2.384590516157914e-06
1.0,0.0,0.9876470565795898,0.010696729645133018
1.0,0.0,1.0,3.066392251227512e-09
1.0,0.0,1.0,2.5890173560583207e-08
1.0,0.0,0.9999999403953552,6.510253314218062e-08
1.0,0.0,1.0,7.937820400982787e-10
1.0,0.0,0.9999997615814209,2.545029360589979e-07
1.0,0.0,1.0,1.1652379505733279e-08
1.0,0.0,0.9999999403953552,6.514240169508412e-08
1.0,0.0,1.0,2.4727573322280705e-09
1.0,0.0,0.9999982714653015,1.7422919427190209e-06
1.0,0.0,0.9999990463256836,9.998530003940687e-07
1.0,0.0,1.0,8.170980749793943e-17
1.0,0.0,1.0,1.737259225365051e-08
1.0,0.0,1.0,1.3504808025900675e-23
1.0,0.0,0.9999997615814209,2.2229174589938339e-07
1.0,0.0,1.0,2.1486442847162834e-08
1.0,0.0,0.9999957084655762,4.479060862649931e-06
1.0,0.0,0.9999999403953552,6.637947791432453e-08
1.0,0.0,0.9999998807907104,1.287698268015447e-07
1.0,0.0,0.9999991059303284,8.964804010247462e-07
1.0,0.0,1.0,1.3618516092606114e-08
1.0,0.0,0.9999997615814209,2.8327835366326326e-07
1.0,0.0,1.0,2.8741839130930202e-08
1.0,0.0,1.0,2.2464821114454026e-09
1.0,0.0,0.9999991059303284,8.02070871941396e-07
1.0,0.0,0.9999915361404419,8.998253179015592e-06
1.0,0.0,0.9999997615814209,2.2611922645410232e-07
1.0,0.0,0.9999997615814209,2.3509855395786872e-07
1.0,0.0,0.9999998807907104,1.2859949549692828e-07
1.0,0.0,1.0,5.328665064752158e-09
1.0,0.0,0.9999997615814209,2.3947404770297e-07
1.0,0.0,0.9999955296516418,4.650362825486809e-06
1.0,0.0,1.0,3.6873148978600057e-09
1.0,0.0,1.0,6.380201922340234e-10
1.0,0.0,0.9999943375587463,6.103638042986859e-06
1.0,0.0,0.9999997019767761,2.979399198466126e-07
1.0,0.0,0.9999538660049438,4.8213740228675306e-05
1.0,0.0,0.9999999403953552,7.704341697944983e-08
1.0,0.0,1.0,2.0919726395618454e-08
1.0,0.0,0.9999999403953552,5.127687074946152e-08
1.0,0.0,0.9999993443489075,6.581751108569733e-07
1.0,0.0,1.0,5.8566723519504205e-12
1.0,0.0,0.9999997019767761,2.9244483812362887e-07
1.0,0.0,1.0,3.2700212858767757e-28
1.0,0.0,0.9999998211860657,2.155801723802142e-07
1.0,0.0,0.9999999403953552,3.942280102364748e-08
1.0,0.0,1.0,7.986995532180755e-14
1.0,0.0,0.9999998807907104,1.0510959924658891e-07
1.0,0.0,0.9999999403953552,3.534059089815855e-08
1.0,0.0,0.9999986290931702,1.3494900485966355e-06
1.0,0.0,0.9999430775642395,6.112514529377222e-05
1.0,0.0,0.9999999403953552,3.2862985221981944e-08
1.0,0.0,0.9999999403953552,5.508197986614505e-08
1.0,0.0,0.9999966621398926,4.441908913577208e-06
1.0,0.0,1.0,2.4081385774366026e-09
1.0,0.0,1.0,2.4405855114650876e-09
1.0,0.0,1.0,1.7879226987815855e-08
1.0,0.0,0.9999999403953552,4.220084903749921e-08
1.0,0.0,1.0,4.287044608197732e-10
1.0,0.0,0.9999999403953552,4.229101691066717e-08
1.0,0.0,0.9999998211860657,2.1439716135773779e-07
1.0,0.0,0.9999890327453613,1.2577786947076675e-05
1.0,0.0,0.9999969005584717,3.3456433357059723e-06
1.0,0.0,0.9986765384674072,0.0013471852289512753
1.0,0.0,0.9999992251396179,7.729472031314799e-07
1.0,0.0,0.9999992847442627,7.561004622402834e-07
1.0,0.0,1.0,8.396095374507695e-09
1.0,0.0,0.999996542930603,3.495016699162079e-06
1.0,0.0,0.9999858736991882,1.5184741641860455e-05
1.0,0.0,0.9999990463256836,1.3819812920701224e-06
1.0,0.0,0.9999999403953552,6.457434409412599e-08
1.0,0.0,0.9999997615814209,2.3950281047291355e-07
1.0,0.0,0.9999997615814209,2.4563229317209334e-07
1.0,0.0,1.0,4.002815841436465e-21
1.0,0.0,0.9999997019767761,3.191274799974053e-07
1.0,0.0,0.9999997615814209,2.547047017742443e-07
1.0,0.0,0.9999994039535522,7.001668791417615e-07
1.0,0.0,1.0,2.2317563352913794e-09
1.0,0.0,0.9999994039535522,6.428132905966777e-07
1.0,0.0,0.9999975562095642,2.6551078917691484e-06
1.0,0.0,1.0,1.8071117935392067e-08
1.0,0.0,1.0,3.8828464887785685e-09
1.0,0.0,1.0,1.2316170305837204e-08
1.0,0.0,0.9999998807907104,1.4872829012801958e-07
1.0,0.0,0.9999999403953552,4.774627981873891e-08
1.0,0.0,1.0,5.457976293143929e-09
1.0,0.0,0.9999991655349731,8.618507649771345e-07
1.0,0.0,1.0,3.534949771800858e-23
1.0,0.0,0.9999997019767761,3.4776607549247274e-07
1.0,0.0,1.0,2.2645261665843464e-08
1.0,0.0,0.9999995827674866,3.854859471630334e-07
1.0,0.0,1.0,9.89875181822697e-10
1.0,0.0,0.9999999403953552,3.316403507369614e-08
1.0,0.0,1.0,4.806595121920054e-10
1.0,0.0,1.0,4.3489198353618974e-10
1.0,0.0,0.9999997019767761,3.194036253262311e-07
1.0,0.0,0.9999999403953552,4.1330501687752985e-08
1.0,0.0,0.9999999403953552,8.039827292805057e-08
1.0,0.0,1.0,3.343560317503602e-09
1.0,0.0,1.0,6.578704692117299e-09
1.0,0.0,1.0,3.983676943875025e-09
1.0,0.0,0.999946653842926,5.6208649766631424e-05
1.0,0.0,1.0,4.575902764458633e-18
1.0,0.0,0.9999977350234985,2.406215116934618e-06
1.0,0.0,1.0,2.2822768119823422e-09
1.0,0.0,0.999998927116394,1.1316511745462776e-06
1.0,0.0,0.9999999403953552,8.078070834471873e-08
1.0,0.0,0.9999997615814209,2.488512222953432e-07
1.0,0.0,1.0,2.552403011168991e-10
1.0,0.0,0.9999605417251587,4.152908513788134e-05
1.0,0.0,1.0,1.5928606211801366e-09
1.0,0.0,0.9999989867210388,1.0801691132655833e-06
1.0,0.0,0.9999999403953552,8.918478755504111e-08
1.0,0.0,1.0,1.5086237814543324e-11
1.0,0.0,1.0,1.4677031812126984e-09
1.0,0.0,1.0,3.2340484457105134e-11
1.0,0.0,0.9999996423721313,3.8162002624630986e-07
1.0,0.0,1.0,0.0
1.0,0.0,1.0,9.854933535891064e-10
1.0,0.0,0.9999998211860657,1.7247256778318842e-07
1.0,0.0,0.9999164342880249,8.264560165116563e-05
1.0,0.0,0.9999999403953552,4.732197567136609e-08
1.0,0.0,0.9999995827674866,4.81636448057543e-07
1.0,0.0,1.0,4.19300416609758e-09
1.0,0.0,1.0,9.705972831008935e-11
1.0,0.0,0.9999998807907104,1.3658829800533567e-07
1.0,0.0,0.999998927116394,1.1681918294925708e-06
1.0,0.0,0.9999998807907104,1.0109640413702436e-07
1.0,0.0,1.0,1.7109773597923095e-09
1.0,0.0,1.0,9.53455092655986e-09
1.0,0.0,0.9999998807907104,1.1092663498857291e-07
1.0,0.0,0.9999894499778748,1.102984242606908e-05
1.0,0.0,0.999998152256012,1.9212991446693195e-06
1.0,0.0,1.0,1.3422835287713042e-08
1.0,0.0,0.9999995827674866,4.4458320758167247e-07
1.0,0.0,0.9999992847442627,7.620938049512915e-07
1.0,0.0,0.9999991059303284,8.807656399767438e-07
1.0,0.0,1.0,3.1722739990414084e-09
1.0,0.0,0.9999991059303284,9.192061725116218e-07
1.0,0.0,1.0,2.662040365919438e-09
1.0,0.0,0.9999818801879883,1.9350101865711622e-05
1.0,0.0,0.9999995231628418,5.132986302669451e-07
1.0,0.0,0.9999969005584717,2.9299526431714185e-06
1.0,0.0,0.9999999403953552,3.3232801399663003e-08
1.0,0.0,0.9999995231628418,5.055431415712519e-07
1.0,0.0,0.999993085861206,7.4718150244734716e-06
1.0,0.0,0.9999995827674866,4.278622611764149e-07
1.0,0.0,0.9999927878379822,7.608740361320088e-06
1.0,0.0,1.0,1.9355926639264e-08
1.0,0.0,1.0,1.8834407811141318e-08
1.0,0.0,1.0,7.255880341006105e-10
1.0,0.0,0.9999223947525024,7.983668911037967e-05
1.0,0.0,0.9999842643737793,1.676481952017639e-05
1.0,0.0,0.9999998807907104,1.0999644928233465e-07
1.0,0.0,0.9999999403953552,3.125102310264083e-08
1.0,0.0,1.0,5.439297345866123e-10
1.0,0.0,0.9999998807907104,1.1570075741929031e-07
1.0,0.0,1.0,1.1071587202593491e-08
1.0,0.0,1.0,2.7564837523641472e-08
1.0,0.0,0.9999996423721313,3.9476751112488273e-07
1.0,0.0,1.0,8.274475327141317e-09
1.0,0.0,1.0,8.327213585346271e-09
1.0,0.0,0.9999999403953552,4.19028012288436e-08
1.0,0.0,0.9999955892562866,4.506280674831942e-06
1.0,0.0,0.9999992251396179,8.607976837993192e-07
1.0,0.0,0.9999998807907104,1.0814332540576288e-07
1.0,0.0,0.9999996423721313,3.750716928152542e-07
1.0,0.0,1.0,2.4745038018636478e-08
1.0,0.0,1.0,4.07783182221344e-11
1.0,0.0,0.9999976754188538,2.5144486244244035e-06
1.0,0.0,1.0,1.6508195699316275e-08
1.0,0.0,1.0,4.6126460984119433e-10
1.0,0.0,0.9999951720237732,5.025541213399265e-06
1.0,0.0,0.9999999403953552,7.641820332082716e-08
1.0,0.0,0.9999998807907104,1.334181263246137e-07
1.0,0.0,0.999999463558197,5.478477191900311e-07
1.0,0.0,0.999996542930603,3.6019009712617844e-06
1.0,0.0,1.0,1.2347642019960858e-08
1.0,0.0,0.9999986290931702,1.4355032362800557e-06
1.0,0.0,1.0,1.688756157136595e-08
1.0,0.0,0.9999996423721313,3.7027621146989986e-07
1.0,0.0,0.9999997615814209,2.3852268782320607e-07
1.0,0.0,0.9999979734420776,2.1040389128756942e-06
1.0,0.0,0.9999971389770508,2.955377794933156e-06
1.0,0.0,1.0,6.085569825842185e-10
1.0,0.0,1.0,1.66574143367626e-09
1.0,0.0,0.9999971389770508,2.9893481041654013e-06
1.0,0.0,1.0,7.214552955048248e-09
1.0,0.0,0.9999998211860657,1.7183162981382338e-07
1.0,0.0,0.9999999403953552,6.442818545338014e-08
1.0,0.0,1.0,2.6589346280303516e-09
1.0,0.0,1.0,5.562557969795989e-09
1.0,0.0,0.9999999403953552,5.8138567737842095e-08
1.0,0.0,0.9999997019767761,2.781690682240878e-07
1.0,0.0,0.9999999403953552,3.711363305569648e-08
1.0,0.0,1.0,1.0693436358621966e-08
1.0,0.0,1.0,1.2365082915910541e-12
1.0,0.0,1.0,2.2133978205829408e-08
1.0,0.0,1.0,7.313238903350339e-09
1.0,0.0,1.0,3.7050664758453422e-09
1.0,0.0,1.0,1.6107792877306792e-09
1.0,0.0,1.0,1.0376810521961488e-09
1.0,0.0,0.9999998807907104,1.3730385717281024e-07
1.0,0.0,0.9999999403953552,3.0699812469947574e-08
1.0,0.0,0.999994695186615,5.609500021819258e-06
1.0,0.0,0.9999996423721313,3.6918493151461007e-07
1.0,0.0,1.0,8.338211898717418e-09
1.0,0.0,0.9999997615814209,2.3677078786477068e-07
1.0,0.0,1.0,2.7401485525047065e-09
1.0,0.0,0.9999856352806091,1.5044320207380224e-05
1.0,0.0,1.0,2.4920118746329933e-10
1.0,0.0,1.0,1.585738609391332e-26
1.0,0.0,1.0,4.3613983535806256e-09
1.0,0.0,0.9999992251396179,7.993234021341777e-07
1.0,0.0,1.0,1.1102672559104576e-08
1.0,0.0,0.9999999403953552,6.762584803254867e-08
1.0,0.0,1.0,4.71872985130517e-09
1.0,0.0,0.9999998211860657,1.6805358882265864e-07
1.0,0.0,1.0,7.536583801481811e-09
1.0,0.0,0.999997615814209,2.4844555355230113e-06
1.0,0.0,0.999858558177948,0.00015309953596442938
1.0,0.0,0.9999988675117493,1.2124380646127975e-06
1.0,0.0,0.9999529719352722,5.097637767903507e-05
1.0,0.0,0.9998478889465332,0.00015445923781953752
1.0,0.0,0.9999999403953552,4.7563585070520276e-08
1.0,0.0,0.9999999403953552,6.949083086738028e-08
1.0,0.0,1.0,9.413266610636128e-09
1.0,0.0,1.0,1.3955885336258689e-09
1.0,0.0,0.9999998211860657,1.9790694238963624e-07
1.0,0.0,1.0,6.5320922004730164e-09
1.0,0.0,0.9999999403953552,3.038697471424712e-08
1.0,0.0,0.9999999403953552,6.846372713198434e-08
1.0,0.0,1.0,8.143737240118298e-09
1.0,0.0,0.9999986290931702,1.479038246543496e-06
1.0,0.0,1.0,1.0137037875779242e-08
1.0,0.0,0.9999998211860657,1.5734778457954235e-07
1.0,0.0,0.9999985098838806,1.3210761835580342e-06
1.0,0.0,1.0,2.8073088742530672e-08
1.0,0.0,0.9999945163726807,5.775934823759599e-06
1.0,0.0,1.0,1.229417456727333e-09
1.0,0.0,1.0,2.969336776459386e-08
1.0,0.0,0.9999982118606567,1.8729321027421975e-06
1.0,0.0,1.0,1.5121663686848419e-12
0.0,1.0,1.835020135843024e-08,1.0
0.0,1.0,1.835692309271053e-08,1.0
0.0,1.0,1.8347961372455757e-08,1.0
0.0,1.0,1.8394459289083898e-08,1.0
0.0,1.0,1.8364136877835335e-08,1.0
0.0,1.0,2.027690726436049e-08,1.0
0.0,1.0,1.8361649978260175e-08,1.0
0.0,1.0,0.0,1.0
0.0,1.0,1.8346211660968947e-08,1.0
0.0,1.0,1.834733076577777e-08,1.0
0.0,1.0,1.8263813572616527e-08,1.0
0.0,1.0,1.8369672005746907e-08,1.0
0.0,1.0,1.2797907923956055e-30,1.0
0.0,1.0,1.836136931387955e-08,1.0
0.0,1.0,1.841717356398931e-08,1.0
0.0,1.0,1.834019336399706e-08,1.0
0.0,1.0,1.8371773435887917e-08,1.0
0.0,1.0,1.8338583984700563e-08,1.0
0.0,1.0,2.4013922537157436e-31,1.0
0.0,1.0,1.8332533713305565e-08,1.0
0.0,1.0,1.8447266825205588e-08,1.0
0.0,1.0,1.8386707267836755e-08,1.0
0.0,1.0,1.8351460795429375e-08,1.0
0.0,1.0,1.8346071328778635e-08,1.0
0.0,1.0,1.836501262175716e-08,1.0
0.0,1.0,1.8353350839106497e-08,1.0
0.0,1.0,1.8335086338083784e-08,1.0
0.0,1.0,1.837002194804427e-08,1.0
0.0,1.0,3.0622604324102415e-20,1.0
0.0,1.0,1.8402880996859494e-08,1.0
0.0,1.0,1.8376610455561604e-08,1.0
0.0,1.0,1.8358251807626402e-08,1.0
0.0,1.0,4.098342246232292e-32,1.0
0.0,1.0,1.837706520291249e-08,1.0
0.0,1.0,1.8461733475305664e-08,1.0
0.0,1.0,1.8363715881264397e-08,1.0
0.0,1.0,1.834614060669537e-08,1.0
0.0,1.0,3.6582893906673265e-18,1.0
0.0,1.0,1.8447302352342376e-08,1.0
0.0,1.0,1.8367218856951695e-08,1.0
0.0,1.0,1.8341417273859406e-08,1.0
0.0,1.0,0.0,1.0
0.0,1.0,1.851106290473581e-08,1.0
0.0,1.0,1.831456941658871e-08,1.0
0.0,1.0,1.8346980823480408e-08,1.0
0.0,1.0,1.8364206155752072e-08,1.0
0.0,1.0,0.0,1.0
0.0,1.0,1.834190754834708e-08,1.0
0.0,1.0,2.07279947151662e-17,1.0
0.0,1.0,1.835387664073096e-08,1.0
0.0,1.0,1.8370407417478418e-08,1.0
0.0,1.0,1.8347050101397144e-08,1.0
0.0,1.0,1.836196439342075e-08,1.0
0.0,1.0,1.843073782481497e-08,1.0
0.0,1.0,0.0,1.0
0.0,1.0,1.834323803961979e-08,1.0
0.0,1.0,1.8346035801641847e-08,1.0
0.0,1.0,1.8338202561979368e-19,1.0
0.0,1.0,1.8365643228435147e-08,1.0
0.0,1.0,0.0,1.0
0.0,1.0,1.8352020347833786e-08,1.0
0.0,1.0,1.8356221431758968e-08,1.0
0.0,1.0,1.837766205881053e-08,1.0
0.0,1.0,1.8432460890949187e-08,1.0
0.0,1.0,1.8360633902148038e-08,1.0
0.0,1.0,1.835965335317269e-08,1.0
0.0,1.0,1.8349989971966352e-08,1.0
0.0,1.0,1.8357622977305255e-08,1.0
0.0,1.0,1.838221841410359e-08,1.0
0.0,1.0,1.8812327695627573e-08,1.0
0.0,1.0,1.836214025274785e-08,1.0
0.0,1.0,1.8897054587796447e-08,1.0
0.0,1.0,1.755382752628658e-23,1.0
0.0,1.0,1.832316520733457e-08,1.0
0.0,1.0,1.271547225693316e-15,1.0
0.0,1.0,1.8463389039879985e-08,1.0
0.0,1.0,0.0,1.0
0.0,1.0,1.8463882867081338e-08,1.0
0.0,1.0,1.8343902397077727e-08,1.0
0.0,1.0,1.83605646242313e-08,1.0
0.0,1.0,1.833903873205145e-08,1.0
0.0,1.0,1.207644061955542e-22,1.0
0.0,1.0,1.8338759844027663e-08,1.0
0.0,1.0,1.9982124399575696e-08,1.0
0.0,1.0,4.0994862373345125e-31,1.0
0.0,1.0,4.835065843298221e-20,1.0
0.0,1.0,1.8374542776200542e-08,1.0
0.0,1.0,0.0,1.0
0.0,1.0,1.837345564581483e-08,1.0
0.0,1.0,1.8339633811592648e-08,1.0
0.0,1.0,2.0015539448081654e-08,1.0
0.0,1.0,1.8350130304156664e-08,1.0
0.0,1.0,1.8372054100268542e-08,1.0
0.0,1.0,1.8358182529709666e-08,1.0
0.0,1.0,1.8341626883966455e-08,1.0
0.0,1.0,0.0,1.0
0.0,1.0,1.834694529634362e-08,1.0
0.0,1.0,2.2189359232223528e-30,1.0
0.0,1.0,1.8347749985991868e-08,1.0
0.0,1.0,1.837552332517589e-08,1.0
0.0,1.0,1.836827046020062e-08,1.0
0.0,1.0,1.8317260597200402e-08,1.0
0.0,1.0,1.8352055874970574e-08,1.0
0.0,1.0,1.8375873267473253e-08,1.0
0.0,1.0,1.846145281092504e-08,1.0
0.0,1.0,1.8358813136387653e-08,1.0
0.0,1.0,1.836249019504521e-08,1.0
0.0,1.0,1.8320649886049978e-08,1.0
0.0,1.0,1.8375487798039103e-08,1.0
0.0,1.0,1.8362385389991687e-08,1.0
0.0,1.0,1.8367042997624594e-08,1.0
0.0,1.0,1.8329771478420298e-08,1.0
0.0,1.0,1.841471508612358e-08,1.0
0.0,1.0,1.8481921770785448e-08,1.0
0.0,1.0,1.8354681330379208e-08,1.0
0.0,1.0,1.8337395601975004e-08,1.0
0.0,1.0,1.8381728139615916e-08,1.0
0.0,1.0,1.839193330965827e-08,1.0
0.0,1.0,1.9861102984464196e-08,1.0
0.0,1.0,1.8367813936492894e-08,1.0
0.0,1.0,1.8372720234083317e-08,1.0
0.0,1.0,1.8369846088717168e-08,1.0
0.0,1.0,1.8351810737726737e-08,1.0
0.0,1.0,1.8509297206037445e-08,1.0
0.0,1.0,1.839270602488341e-08,1.0
0.0,1.0,1.8327289907915656e-08,1.0
0.0,1.0,1.837016228023458e-08,1.0
0.0,1.0,1.8372789512000054e-08,1.0
0.0,1.0,1.8348730534967217e-08,1.0
0.0,1.0,1.8365431841971258e-08,1.0
0.0,1.0,1.8386883127163856e-08,1.0
0.0,1.0,1.8328304207670953e-08,1.0
0.0,1.0,1.8359093800768278e-08,1.0
0.0,1.0,1.8349956221186403e-08,1.0
0.0,1.0,1.8406883128818663e-08,1.0
0.0,1.0,1.834288809732243e-08,1.0
0.0,1.0,1.8913281607524368e-08,1.0
0.0,1.0,0.0,1.0
0.0,1.0,1.8364941567483584e-08,1.0
0.0,1.0,1.8339738616646173e-08,1.0
0.0,1.0,1.834155760604972e-08,1.0
0.0,1.0,1.834078844353826e-08,1.0
0.0,1.0,3.9901451367581666e-37,1.0
0.0,1.0,1.8371423493590555e-08,1.0
0.0,1.0,0.0,1.0
0.0,1.0,1.877042876685664e-08,1.0
0.0,1.0,1.83392483421585e-08,1.0
0.0,1.0,1.8344461949482138e-08,1.0
0.0,1.0,1.836424168288886e-08,1.0
0.0,1.0,1.834848539772338e-08,1.0
0.0,1.0,1.8347821040265444e-08,1.0
0.0,1.0,1.8359862963279738e-08,1.0
0.0,1.0,1.8334842977196786e-08,1.0
0.0,1.0,1.835601182165192e-08,1.0
0.0,1.0,1.8366868914654333e-08,1.0
0.0,1.0,1.8365712506351883e-08,1.0
0.0,1.0,1.8362595000098736e-08,1.0
0.0,1.0,4.558435643827748e-22,1.0
0.0,1.0,1.8890208508537398e-08,1.0
0.0,1.0,1.8365536647024783e-08,1.0
0.0,1.0,1.859801557202445e-08,1.0
0.0,1.0,1.966730245328563e-08,1.0
0.0,1.0,1.8358042197519353e-08,1.0
0.0,1.0,1.3381010830926243e-05,0.9999868273735046
0.0,1.0,1.8362804610205785e-08,1.0
0.0,1.0,1.3314585436789705e-13,1.0
0.0,1.0,1.8342571905805016e-08,1.0
0.0,1.0,2.4150236123922638e-17,1.0
0.0,1.0,7.529625523344102e-14,1.0
0.0,1.0,1.9666515527205775e-08,1.0
0.0,1.0,1.8433865989209153e-08,1.0
0.0,1.0,1.8684843894334335e-08,1.0
0.0,1.0,1.837727658937638e-08,1.0
0.0,1.0,1.8402811718942758e-08,1.0
0.0,1.0,2.080779413893373e-30,1.0
0.0,1.0,1.8488691466700402e-08,1.0
0.0,1.0,1.8401863144390518e-08,1.0
0.0,1.0,1.8355276409920407e-08,1.0
0.0,1.0,1.8358813136387653e-08,1.0
0.0,1.0,4.364066375233043e-22,1.0
0.0,1.0,1.8365643228435147e-08,1.0
0.0,1.0,1.8389373579452695e-08,1.0
0.0,1.0,1.8381411948098503e-08,1.0
0.0,1.0,6.1680385243789715e-09,1.0
0.0,1.0,1.8367568799249057e-08,1.0
0.0,1.0,1.836273533228905e-08,1.0
0.0,1.0,1.8314259462205238e-23,1.0
0.0,1.0,4.425538747794974e-31,1.0
0.0,1.0,8.566096287549477e-30,1.0
0.0,1.0,1.8370512222531943e-08,1.0
0.0,1.0,6.926405424197641e-30,1.0
0.0,1.0,1.8380466926259942e-08,1.0
0.0,1.0,2.364767940464462e-30,1.0
0.0,1.0,1.960909479237216e-08,1.0
0.0,1.0,1.92638136553569e-08,1.0
0.0,1.0,0.0,1.0
0.0,1.0,0.0,1.0
0.0,1.0,8.540609996998683e-05,0.999786913394928
0.0,1.0,1.8364696430239746e-08,1.0
0.0,1.0,1.478452986702905e-06,0.9999988079071045
0.0,1.0,1.832837348558769e-08,1.0
0.0,1.0,5.238222056960541e-32,1.0
0.0,1.0,0.0,1.0
0.0,1.0,1.8399477497155203e-08,1.0
0.0,1.0,1.9702708797808555e-08,1.0
0.0,1.0,1.999653598261375e-08,1.0
0.0,1.0,1.8490066366894098e-08,1.0
0.0,1.0,1.835867280419734e-08,1.0
0.0,1.0,1.8346490548992733e-08,1.0
0.0,1.0,1.8359022746494702e-08,1.0
0.0,1.0,1.8306327120853894e-08,1.0
0.0,1.0,1.8325682304976e-08,1.0
0.0,1.0,1.830290585758121e-08,1.0
0.0,1.0,1.830308171690831e-08,1.0
0.0,1.0,1.831264917484532e-08,1.0
0.0,1.0,1.8354191055891533e-08,1.0
0.0,1.0,1.8307620308632977e-08,1.0
0.0,1.0,1.8306677063151255e-08,1.0
0.0,1.0,1.832603224727336e-08,1.0
0.0,1.0,1.8334317175572323e-08,1.0
0.0,1.0,1.830070672781403e-08,1.0
0.0,1.0,1.8321488326478175e-08,1.0
0.0,1.0,1.8303325077795307e-08,1.0
0.0,1.0,1.831806351049181e-08,1.0
0.0,1.0,1.8311810734417122e-08,1.0
0.0,1.0,1.833340768087055e-08,1.0
0.0,1.0,1.849631026118459e-08,1.0
0.0,1.0,1.834600027450506e-08,1.0
0.0,1.0,1.8300253756819984e-08,1.0
0.0,1.0,1.8316455907552154e-08,1.0
0.0,1.0,1.8307620308632977e-08,1.0
0.0,1.0,1.8317225070063614e-08,1.0
0.0,1.0,7.143422138533584e-12,1.0
0.0,1.0,1.8328233153397377e-08,1.0
0.0,1.0,1.8293343728714717e-08,1.0
0.0,1.0,1.8318973005193584e-08,1.0
0.0,1.0,1.8298612403100378e-08,1.0
0.0,1.0,1.831125118201271e-08,1.0
0.0,1.0,1.8334073814685325e-08,1.0
0.0,1.0,1.8299102677588053e-08,1.0
0.0,1.0,1.830112594802813e-08,1.0
0.0,1.0,1.8294914028160747e-08,1.0
0.0,1.0,2.1157133535416873e-18,1.0
0.0,1.0,1.831925189321737e-08,1.0
0.0,1.0,4.190055854363939e-12,1.0
0.0,1.0,1.831202034452417e-08,1.0
0.0,1.0,8.15010426226219e-14,1.0
0.0,1.0,1.8515017075060314e-08,1.0
0.0,1.0,1.8308039528847075e-08,1.0
0.0,1.0,1.834789031818218e-08,1.0
0.0,1.0,1.8307479976442664e-08,1.0
0.0,1.0,1.8325577499922474e-08,1.0
0.0,1.0,1.8334807450059998e-08,1.0
0.0,1.0,1.8330926110365908e-08,1.0
0.0,1.0,1.1286421016526438e-12,1.0
0.0,1.0,1.832019513869909e-08,1.0
0.0,1.0,1.8476917773568857e-08,1.0
0.0,1.0,1.8337324547701428e-08,1.0
0.0,1.0,1.829798534913607e-08,1.0
0.0,1.0,1.829718243584466e-08,1.0
0.0,1.0,1.832722062999892e-08,1.0
0.0,1.0,1.82965891326603e-08,1.0
0.0,1.0,1.8289471270804825e-08,1.0
0.0,1.0,1.669973276999189e-27,1.0
0.0,1.0,1.8311146376959186e-08,1.0
0.0,1.0,1.8307829918740026e-08,1.0
0.0,1.0,4.5323552910758735e-08,0.9999999403953552
0.0,1.0,1.83081443339006e-08,1.0
0.0,1.0,1.8325192030488324e-08,1.0
0.0,1.0,1.8331171247609745e-08,1.0
0.0,1.0,1.831435980648166e-08,1.0
0.0,1.0,1.831090301607219e-08,1.0
0.0,1.0,1.8300463366927033e-08,1.0
0.0,1.0,1.8321138384180813e-08,1.0
0.0,1.0,1.831928564399732e-08,1.0
0.0,1.0,1.8739843454795846e-08,1.0
0.0,1.0,1.8346211660968947e-08,1.0
0.0,1.0,1.83250872254348e-08,1.0
0.0,1.0,1.8305140514485174e-08,1.0
0.0,1.0,1.8335191143137308e-08,1.0
0.0,1.0,1.8308387694787598e-08,1.0
0.0,1.0,1.8297845016945757e-08,1.0
0.0,1.0,1.8309750160483418e-08,1.0
0.0,1.0,1.8310588600911615e-08,1.0
0.0,1.0,1.8318027983355023e-08,1.0
0.0,1.0,7.0058937289392275e-28,1.0
0.0,1.0,1.8318239369818912e-08,1.0
0.0,1.0,1.831027418575104e-08,1.0
0.0,1.0,1.989245568267961e-08,1.0
0.0,1.0,1.830053264484377e-08,1.0
0.0,1.0,1.8318727867949747e-08,1.0
0.0,1.0,1.8313452088136728e-08,1.0
0.0,1.0,1.830699147831183e-08,1.0
0.0,1.0,1.830678186820478e-08,1.0
0.0,1.0,1.8363996545645023e-08,1.0
0.0,1.0,2.668324515619e-27,1.0
0.0,1.0,1.830150964110544e-08,1.0
0.0,1.0,4.8501561541429884e-21,1.0
0.0,1.0,1.8322221961852847e-08,1.0
0.0,1.0,1.830601448205016e-08,1.0
0.0,1.0,1.8322047878882586e-08,1.0
0.0,1.0,1.8500402987342568e-08,1.0
0.0,1.0,1.8318027983355023e-08,1.0
0.0,1.0,1.8322117156799322e-08,1.0
0.0,1.0,4.276028425359547e-25,1.0
0.0,1.0,1.8309785687620206e-08,1.0
0.0,1.0,1.8308458749061174e-08,1.0
0.0,1.0,1.8306746341067992e-08,1.0
0.0,1.0,3.306008780815054e-19,1.0
0.0,1.0,1.8323270012388093e-08,1.0
0.0,1.0,1.8324248785006603e-08,1.0
0.0,1.0,1.8301266280218442e-08,1.0
0.0,1.0,1.8305106763705226e-08,1.0
0.0,1.0,2.5836284260113473e-25,1.0
0.0,1.0,1.8311391514203024e-08,1.0
0.0,1.0,1.831788942752155e-08,1.0
0.0,1.0,2.0724972190893888e-26,1.0
0.0,1.0,1.831554818920722e-08,1.0
0.0,1.0,1.8317155792146878e-08,1.0
0.0,1.0,1.8415171609831305e-08,1.0
0.0,1.0,1.840544427977875e-08,1.0
0.0,1.0,1.832641594035067e-08,1.0
0.0,1.0,1.832704477067182e-08,1.0
0.0,1.0,1.828329665443107e-08,1.0
0.0,1.0,1.8316246297445105e-08,1.0
0.0,1.0,1.83085635541147e-08,1.0
0.0,1.0,1.8308632832031435e-08,1.0
0.0,1.0,1.8294983306077484e-08,1.0
0.0,1.0,3.1569036298562883e-26,1.0
0.0,1.0,1.8321278716371125e-08,1.0
0.0,1.0,1.8317853900384762e-08,1.0
0.0,1.0,1.840010988019003e-08,1.0
0.0,1.0,1.831788942752155e-08,1.0
0.0,1.0,1.8303744298009406e-08,1.0
0.0,1.0,1.830363949295588e-08,1.0
0.0,1.0,5.990809722073088e-29,1.0
0.0,1.0,1.832096430121055e-08,1.0
0.0,1.0,1.8327849460320067e-08,1.0
0.0,1.0,1.8303429882848832e-08,1.0
0.0,1.0,1.8302557691640686e-08,1.0
0.0,1.0,1.8316770322712728e-08,1.0
0.0,1.0,1.827838147505645e-08,1.0
0.0,1.0,1.832491314246454e-08,1.0
0.0,1.0,1.8313103922196206e-08,1.0
0.0,1.0,1.832368923260219e-08,1.0
0.0,1.0,1.83289330379921e-08,1.0
0.0,1.0,1.8337150464731167e-08,1.0
0.0,1.0,1.8304477933384078e-08,1.0
0.0,1.0,1.8365712506351883e-08,1.0
0.0,1.0,1.8321523853614963e-08,1.0
0.0,1.0,1.831107709904245e-08,1.0
0.0,1.0,1.8341243190889145e-08,1.0
0.0,1.0,1.832760432307623e-08,1.0
0.0,1.0,1.8324772810274226e-08,1.0
0.0,1.0,2.0575019021862317e-08,1.0
0.0,1.0,1.8305874149859847e-08,1.0
0.0,1.0,1.830426832327703e-08,1.0
0.0,1.0,1.8311775207280334e-08,1.0
0.0,1.0,1.8305909676996635e-08,1.0
0.0,1.0,1.8304687543491127e-08,1.0
0.0,1.0,1.830639817512747e-08,1.0
0.0,1.0,0.0,1.0
0.0,1.0,1.8295157389047745e-08,1.0
0.0,1.0,1.8321243189234337e-08,1.0
0.0,1.0,1.833054064093176e-08,1.0
0.0,1.0,1.832215268393611e-08,1.0
0.0,1.0,1.8311112626179238e-08,1.0
0.0,1.0,1.83141857235114e-08,1.0
0.0,1.0,1.8305664539752797e-08,1.0
0.0,1.0,1.832393436984603e-08,1.0
0.0,1.0,5.544060780670195e-29,1.0
0.0,1.0,1.8341173912972408e-08,1.0
0.0,1.0,1.8324808337411014e-08,1.0
0.0,1.0,1.8293622616738503e-08,1.0
0.0,1.0,1.8306536730960943e-08,1.0
0.0,1.0,1.8319111561027057e-08,1.0
0.0,1.0,3.595236494532333e-30,1.0
0.0,1.0,1.8303708770872618e-08,1.0
0.0,1.0,1.8307515503579452e-08,1.0
0.0,1.0,1.830112594802813e-08,1.0
0.0,1.0,1.837594432174683e-08,1.0
0.0,1.0,1.827287299249747e-08,1.0
0.0,1.0,1.8284936231793836e-08,1.0
0.0,1.0,1.8311951066607435e-08,1.0
0.0,1.0,1.8326765882648033e-08,1.0
0.0,1.0,8.743355974123734e-13,1.0
0.0,1.0,1.835580221154487e-08,1.0
0.0,1.0,1.8313487615273516e-08,1.0
0.0,1.0,1.830363949295588e-08,1.0
0.0,1.0,4.553833427519426e-28,1.0
0.0,1.0,1.8300253756819984e-08,1.0
0.0,1.0,1.829386775398234e-08,1.0
0.0,1.0,1.8433057746847226e-08,1.0
0.0,1.0,1.8305874149859847e-08,1.0
0.0,1.0,1.8306293370073945e-08,1.0
0.0,1.0,1.830737517138914e-08,1.0
0.0,1.0,1.832334106666167e-08,1.0
0.0,1.0,3.302850129607474e-16,1.0
0.0,1.0,1.832662555045772e-08,1.0
0.0,1.0,1.8300637449897295e-08,1.0
0.0,1.0,1.8322396044823108e-08,1.0
0.0,1.0,1.8324389117196915e-08,1.0
0.0,1.0,1.8309854965536942e-08,1.0
0.0,1.0,1.831167040222681e-08,1.0
0.0,1.0,1.8316875127766252e-08,1.0
0.0,1.0,0.0,1.0
0.0,1.0,1.83085635541147e-08,1.0
0.0,1.0,1.831635110249863e-08,1.0
0.0,1.0,1.830699147831183e-08,1.0
0.0,1.0,1.8301824056266014e-08,1.0
0.0,1.0,9.746451562486769e-11,1.0
0.0,1.0,1.8298473847266905e-08,1.0
0.0,1.0,1.0239584146028114e-19,1.0
0.0,1.0,1.8297356518814922e-08,1.0
0.0,1.0,1.8311915539470647e-08,1.0
0.0,1.0,1.833634577508292e-08,1.0
0.0,1.0,1.739793378807697e-11,1.0
0.0,1.0,1.8322500849876633e-08,1.0
0.0,1.0,1.8307899196656763e-08,1.0
0.0,1.0,1.8298123904969543e-08,1.0
0.0,1.0,1.8303603965819093e-08,1.0
0.0,1.0,1.830032303473672e-08,1.0
0.0,1.0,7.729918593234186e-13,1.0
0.0,1.0,1.8330576168068546e-08,1.0
0.0,1.0,1.8314326055701713e-08,1.0
0.0,1.0,1.832627560816036e-08,1.0
0.0,1.0,1.8316631766879254e-08,1.0
0.0,1.0,1.8308004001710287e-08,1.0
0.0,1.0,1.8324737283137438e-08,1.0
0.0,1.0,1.833033103082471e-08,1.0
0.0,1.0,0.0,1.0
0.0,1.0,1.8326206330243622e-08,1.0
0.0,1.0,1.8331800077930893e-08,1.0
0.0,1.0,0.0,1.0
0.0,1.0,1.1030039216343857e-16,1.0
0.0,1.0,1.831656071260568e-08,1.0
0.0,1.0,1.8327535045159493e-08,1.0
0.0,1.0,1.8306119287103684e-08,1.0
0.0,1.0,1.830014895176646e-08,1.0
0.0,1.0,1.8321347994287862e-08,1.0
0.0,1.0,1.8367042997624594e-08,1.0
0.0,1.0,0.0,1.0
0.0,1.0,1.830636264799068e-08,1.0
0.0,1.0,1.8308597304894647e-08,1.0
0.0,1.0,1.8335436280381145e-08,1.0
0.0,1.0,2.0259561920687114e-18,1.0
0.0,1.0,1.8307270366335615e-08,1.0
0.0,1.0,1.8306712590288043e-08,1.0
0.0,1.0,1.830817808468055e-08,1.0
0.0,1.0,2.815355057109154e-21,1.0
0.0,1.0,1.8309016525108746e-08,1.0
0.0,1.0,1.831886642378322e-08,1.0
0.0,1.0,1.8341383523079458e-08,1.0
0.0,1.0,1.8315269301183434e-08,1.0
0.0,1.0,1.8323024875144256e-08,1.0
0.0,1.0,1.8311427041339812e-08,1.0
0.0,1.0,1.830346540998562e-08,1.0
0.0,1.0,1.834211715845413e-08,1.0
0.0,1.0,1.8301266280218442e-08,1.0
0.0,1.0,1.8352860564618823e-08,1.0
0.0,1.0,1.8292819703447094e-08,1.0
0.0,1.0,1.8322850792173995e-08,1.0
0.0,1.0,1.831750573444424e-08,1.0
0.0,1.0,1.83176798174145e-08,1.0
0.0,1.0,1.8308249138954125e-08,1.0
0.0,1.0,1.824389883609001e-08,1.0
0.0,1.0,1.8334317175572323e-08,1.0
0.0,1.0,1.832487761532775e-08,1.0
0.0,1.0,1.832973772764035e-08,1.0
0.0,1.0,1.9447627508384357e-08,1.0
0.0,1.0,1.83384099017303e-08,1.0
0.0,1.0,1.8317644290277713e-08,1.0
0.0,1.0,1.836000329547005e-08,1.0
0.0,1.0,1.832019513869909e-08,1.0
0.0,1.0,1.8291633097078375e-08,1.0
0.0,1.0,1.8312928062869105e-08,1.0
0.0,1.0,1.8520491806839345e-08,1.0
0.0,1.0,1.830349916076557e-08,1.0
0.0,1.0,1.8317853900384762e-08,1.0
0.0,1.0,1.8319566308377944e-08,1.0
0.0,1.0,1.8306886673258305e-08,1.0
0.0,1.0,1.8324634254440753e-08,1.0
0.0,1.0,1.832816387548064e-08,1.0
0.0,1.0,1.833631024794613e-08,1.0
0.0,1.0,1.8300392312653457e-08,1.0
0.0,1.0,1.831907603389027e-08,1.0
0.0,1.0,1.8318377925652385e-08,1.0
0.0,1.0,1.8308213611817337e-08,1.0
0.0,1.0,1.8325192030488324e-08,1.0
0.0,1.0,1.8306817395341568e-08,1.0
0.0,1.0,1.8320649886049978e-08,1.0
0.0,1.0,3.5996000784273406e-23,1.0
0.0,1.0,1.829365814387529e-08,1.0
0.0,1.0,1.8309471272459632e-08,1.0
0.0,1.0,1.831261364770853e-08,1.0
0.0,1.0,1.8315093441856334e-08,1.0
0.0,1.0,1.8321626882311648e-08,1.0
0.0,1.0,1.8350061026239928e-08,1.0
0.0,1.0,1.8305140514485174e-08,1.0
0.0,1.0,1.831635110249863e-08,1.0
0.0,1.0,1.8293622616738503e-08,1.0
0.0,1.0,1.8316841376986304e-08,1.0
0.0,1.0,1.8309471272459632e-08,1.0
0.0,1.0,1.829679874276735e-08,1.0
0.0,1.0,1.7307570487901103e-08,1.0
0.0,1.0,1.830245288658716e-08,1.0
0.0,1.0,1.8326975492755082e-08,1.0
0.0,1.0,1.832389884270924e-08,1.0
0.0,1.0,1.831519824690986e-08,1.0
0.0,1.0,1.830325579987857e-08,1.0
0.0,1.0,0.000524620059877634,0.999529242515564
0.0,1.0,1.825065076843657e-08,1.0
0.0,1.0,1.831788942752155e-08,1.0
0.0,1.0,1.8313103922196206e-08,1.0
0.0,1.0,1.831928564399732e-08,1.0
0.0,1.0,1.8321452799341387e-08,1.0
0.0,1.0,1.8337710017135578e-08,1.0
0.0,1.0,1.8325017947518063e-08,1.0
0.0,1.0,1.831303286792263e-08,1.0
0.0,1.0,1.8334736395786422e-08,1.0
0.0,1.0,1.8319566308377944e-08,1.0
0.0,1.0,1.8316631766879254e-08,1.0
0.0,1.0,1.8319392225407682e-08,1.0
0.0,1.0,1.8315407857016908e-08,1.0
0.0,1.0,1.830384910306293e-08,1.0
0.0,1.0,1.833127605266327e-08,1.0
0.0,1.0,1.8337324547701428e-08,1.0
0.0,1.0,3.782962831877512e-11,1.0
0.0,1.0,1.8326661077594508e-08,1.0
0.0,1.0,1.8298683457373954e-08,1.0
0.0,1.0,1.8294354475756336e-08,1.0
0.0,1.0,1.8299486370665363e-08,1.0
0.0,1.0,1.833764073921884e-08,1.0
0.0,1.0,1.830349916076557e-08,1.0
0.0,1.0,1.8319740391348205e-08,1.0
0.0,1.0,1.983615405265482e-08,1.0
0.0,1.0,1.8308458749061174e-08,1.0
0.0,1.0,1.8317818373247974e-08,1.0
0.0,1.0,1.8329981088527347e-08,1.0
0.0,1.0,1.8323969896982817e-08,1.0
0.0,1.0,1.831027418575104e-08,1.0
0.0,1.0,1.8337745544272366e-08,1.0
0.0,1.0,1.8303603965819093e-08,1.0
0.0,1.0,1.8331380857716795e-08,1.0
0.0,1.0,1.8242994670458756e-08,1.0
0.0,1.0,1.830461648921755e-08,1.0
0.0,1.0,1.832236229404316e-08,1.0
0.0,1.0,1.8310622351691563e-08,1.0
0.0,1.0,1.3935458840121654e-16,1.0
0.0,1.0,1.829742579673166e-08,1.0
0.0,1.0,3.1665664988611976e-17,1.0
0.0,1.0,1.8332359630335304e-08,1.0
0.0,1.0,1.831981144562178e-08,1.0
0.0,1.0,1.8296658410577038e-08,1.0
0.0,1.0,1.4040197982012614e-07,0.9999998211860657
0.0,1.0,1.890794365522197e-08,1.0
0.0,1.0,1.830231255439685e-08,1.0
0.0,1.0,1.8316422156772205e-08,1.0
0.0,1.0,1.830933094026932e-08,1.0
0.0,1.0,1.8294215919922863e-08,1.0
0.0,1.0,1.831747020730745e-08,1.0
0.0,1.0,2.00443873252026e-34,1.0
0.0,1.0,1.832564677783921e-08,1.0
0.0,1.0,1.8320859496157027e-08,1.0
0.0,1.0,1.8302941384717997e-08,1.0
0.0,1.0,1.8256116618431406e-08,1.0
0.0,1.0,1.834656160326631e-08,1.0
0.0,1.0,1.8315862604367794e-08,1.0
0.0,1.0,1.8314255001428137e-08,1.0
0.0,1.0,1.8320509553859665e-08,1.0
0.0,1.0,1.830109042089134e-08,1.0
0.0,1.0,1.8313837557570878e-08,1.0
0.0,1.0,5.524902720622745e-25,1.0
0.0,1.0,1.8324948669601326e-08,1.0
0.0,1.0,1.832505347465485e-08,1.0
0.0,1.0,1.831397611340435e-08,1.0
0.0,1.0,1.8323060402281044e-08,1.0
0.0,1.0,1.8339109786325025e-08,1.0
0.0,1.0,1.833903873205145e-08,1.0
0.0,1.0,1.8354750608295944e-08,1.0
0.0,1.0,1.8318308647735648e-08,1.0
0.0,1.0,1.8287517278281484e-08,1.0
0.0,1.0,2.22269064953128e-21,1.0
0.0,1.0,1.8330192474991236e-08,1.0
0.0,1.0,1.8361509646069862e-08,1.0
0.0,1.0,1.8305350124592223e-08,1.0
0.0,1.0,1.8311041571905662e-08,1.0
0.0,1.0,1.830304618977152e-08,1.0
0.0,1.0,1.831338281021999e-08,1.0
0.0,1.0,1.8311391514203024e-08,1.0
0.0,1.0,1.832410845281629e-08,1.0
0.0,1.0,1.8318937478056796e-08,1.0
0.0,1.0,1.83180990376286e-08,1.0
0.0,1.0,1.8300985615837817e-08,1.0
0.0,1.0,1.831712026501009e-08,1.0
0.0,1.0,1.831670104479599e-08,1.0
0.0,1.0,1.830133555813518e-08,1.0
0.0,1.0,1.8301998139236275e-08,1.0
0.0,1.0,1.831610774161163e-08,1.0
0.0,1.0,1.832061435891319e-08,1.0
0.0,1.0,1.8312160676714484e-08,1.0
0.0,1.0,1.8359934017553314e-08,1.0
0.0,1.0,1.830852802697791e-08,1.0
0.0,1.0,1.8313697225380565e-08,1.0
0.0,1.0,1.830095186505787e-08,1.0
0.0,1.0,1.8304687543491127e-08,1.0
0.0,1.0,2.8976712584949382e-08,1.0
0.0,1.0,1.8311601124310073e-08,1.0
0.0,1.0,1.8301649973295753e-08,1.0
0.0,1.0,1.8342431573614704e-08,1.0
0.0,1.0,1.8294215919922863e-08,1.0
0.0,1.0,1.830520979240191e-08,1.0
0.0,1.0,1.8298333515076592e-08,1.0
0.0,1.0,1.831942597618763e-08,1.0
0.0,1.0,1.8344321617291826e-08,1.0
0.0,1.0,1.8343902397077727e-08,1.0
0.0,1.0,1.8312508842655006e-08,1.0
0.0,1.0,1.83170847378733e-08,1.0
0.0,1.0,1.831928564399732e-08,1.0
0.0,1.0,1.8301545168242228e-08,1.0
0.0,1.0,1.8322710459983682e-08,1.0
0.0,1.0,1.8318027983355023e-08,1.0
0.0,1.0,1.830831841687086e-08,1.0
0.0,1.0,1.831401164054114e-08,1.0
0.0,1.0,1.8301021142974605e-08,1.0
0.0,1.0,6.808790976942727e-27,1.0
0.0,1.0,1.8320859496157027e-08,1.0
0.0,1.0,1.8344776364642712e-08,1.0
0.0,1.0,1.8348556451996956e-08,1.0
0.0,1.0,1.8318342398515597e-08,1.0
0.0,1.0,1.8315059691076385e-08,1.0
0.0,1.0,1.8316841376986304e-08,1.0
0.0,1.0,1.8306502980180994e-08,1.0
0.0,1.0,1.8312718452762056e-08,1.0
0.0,1.0,1.8291389736191377e-08,1.0
0.0,1.0,1.830287210680126e-08,1.0
0.0,1.0,1.8335995832785557e-08,1.0
0.0,1.0,1.8312508842655006e-08,1.0
0.0,1.0,1.9459724498460673e-08,1.0
0.0,1.0,1.8293413006631454e-08,1.0
0.0,1.0,1.8395686751659923e-08,1.0
0.0,1.0,1.8289261660697775e-08,1.0
0.0,1.0,1.8276150370866162e-08,1.0
0.0,1.0,1.8288703884650204e-08,1.0
0.0,1.0,1.829114637530438e-08,1.0
0.0,1.0,1.8291215653221116e-08,1.0
0.0,1.0,1.830583862272306e-08,1.0
0.0,1.0,1.826754214562243e-08,1.0
0.0,1.0,1.829407558773255e-08,1.0
0.0,1.0,1.829097051597728e-08,1.0
0.0,1.0,1.8313278005166467e-08,1.0
0.0,1.0,1.1070912554808587e-34,1.0
0.0,1.0,1.8300008619576147e-08,1.0
0.0,1.0,1.8261236078842558e-08,1.0
0.0,1.0,1.8310133853560728e-08,1.0
0.0,1.0,1.8266288037693812e-08,1.0
0.0,1.0,1.8293029313554143e-08,1.0
0.0,1.0,2.174861412524581e-25,1.0
0.0,1.0,1.8287867220578846e-08,1.0
0.0,1.0,1.827580220492564e-08,1.0
0.0,1.0,1.829055307212002e-08,1.0
0.0,1.0,1.8768925968970507e-08,1.0
0.0,1.0,3.2001899068399625e-26,1.0
0.0,1.0,1.830622231580037e-08,1.0
0.0,1.0,1.829547180420832e-08,1.0
0.0,1.0,1.889085687878378e-08,1.0
0.0,1.0,1.828821538651937e-08,1.0
0.0,1.0,1.905963304460238e-18,1.0
0.0,1.0,1.8291249404001064e-08,1.0
0.0,1.0,1.8307270366335615e-08,1.0
0.0,1.0,1.82868191700436e-08,1.0
0.0,1.0,1.8303779825146194e-08,1.0
0.0,1.0,1.828995976893566e-08,1.0
0.0,1.0,1.8283227376514333e-08,1.0
0.0,1.0,1.829721796298145e-08,1.0
0.0,1.0,5.4188554470476785e-22,1.0
0.0,1.0,1.8289680880911874e-08,1.0
0.0,1.0,1.8308458749061174e-08,1.0
0.0,1.0,1.8290378989149758e-08,1.0
0.0,1.0,0.0001406744704581797,0.9998742938041687
0.0,1.0,1.828856355245989e-08,1.0
0.0,1.0,1.8297845016945757e-08,1.0
0.0,1.0,1.8285703617948457e-08,1.0
0.0,1.0,1.829466889091691e-08,1.0
0.0,1.0,1.8291599346298426e-08,1.0
0.0,1.0,1.8296379522553252e-08,1.0
0.0,1.0,1.8285739145085245e-08,1.0
0.0,1.0,1.8290622350036756e-08,1.0
0.0,1.0,1.8273778934485563e-08,1.0
0.0,1.0,9.620197565917918e-26,1.0
0.0,1.0,1.8294111114869338e-08,1.0
0.0,1.0,1.8295333248374845e-08,1.0
0.0,1.0,1.8284588065853313e-08,1.0
0.0,1.0,1.828287921057381e-08,1.0
0.0,1.0,1.828898277267399e-08,1.0
0.0,1.0,1.828050777419321e-08,1.0
0.0,1.0,1.827520890174128e-08,1.0
0.0,1.0,1.828388995761543e-08,1.0
0.0,1.0,1.8301790305486065e-08,1.0
0.0,1.0,1.8280996272324046e-08,1.0
0.0,1.0,1.8276429258889948e-08,1.0
0.0,1.0,4.325900966752157e-27,1.0
0.0,1.0,1.0359745420098883e-24,1.0
0.0,1.0,1.824828466112649e-08,1.0
0.0,1.0,4.968088259456549e-30,1.0
0.0,1.0,1.8280369218359738e-08,1.0
0.0,1.0,1.8273709656568826e-08,1.0
0.0,1.0,1.82736048515153e-08,1.0
0.0,1.0,2.701304959340685e-14,1.0
0.0,1.0,1.828326290365112e-08,1.0
0.0,1.0,1.838754926097863e-08,1.0
0.0,1.0,1.8291633097078375e-08,1.0
0.0,1.0,1.8292052317292473e-08,1.0
0.0,1.0,1.8297113157927924e-08,1.0
0.0,1.0,1.8280019276062376e-08,1.0
0.0,1.0,2.4106119766997836e-08,1.0
0.0,1.0,4.8915187456088915e-09,1.0
0.0,1.0,1.829247153750657e-08,1.0
0.0,1.0,1.1499883009857281e-22,1.0
0.0,1.0,1.8272594104473683e-08,1.0
0.0,1.0,1.8288146108602632e-08,1.0
0.0,1.0,1.8319147088163845e-08,1.0
0.0,1.0,1.8470680984705723e-08,1.0
0.0,1.0,1.830171925121249e-08,1.0
0.0,1.0,1.830329132701536e-08,1.0
0.0,1.0,1.8297635406838708e-08,1.0
0.0,1.0,1.825503836982989e-08,1.0
0.0,1.0,1.8295681414315368e-08,1.0
0.0,1.0,1.8291284931137852e-08,1.0
0.0,1.0,1.8297670933975496e-08,1.0
0.0,1.0,6.871421773958013e-17,1.0
0.0,1.0,1.8727766004644764e-08,1.0
0.0,1.0,1.8290448267066495e-08,1.0
0.0,1.0,1.4122585429152e-34,1.0
0.0,1.0,1.8280612579246736e-08,1.0
0.0,1.0,1.8290378989149758e-08,1.0
0.0,1.0,1.828368034750838e-08,1.0
0.0,1.0,1.8284378455746264e-08,1.0
0.0,1.0,1.829547180420832e-08,1.0
0.0,1.0,1.8324003647762765e-08,1.0
0.0,1.0,1.8332290352418568e-08,1.0
0.0,1.0,1.829309859147088e-08,1.0
0.0,1.0,1.8295542858481895e-08,1.0
0.0,1.0,1.82820762972824e-08,1.0
0.0,1.0,1.8298683457373954e-08,1.0
0.0,1.0,1.3629580797314134e-09,1.0
0.0,1.0,1.8295681414315368e-08,1.0
0.0,1.0,1.8289645353775086e-08,1.0
0.0,1.0,1.8279287417044543e-08,1.0
0.0,1.0,1.8304337601193765e-08,1.0
0.0,1.0,1.8286890224317176e-08,1.0
0.0,1.0,1.8312753979898844e-08,1.0
0.0,1.0,1.8302138471426588e-08,1.0
0.0,1.0,1.8286471004103078e-08,1.0
0.0,1.0,1.829993934165941e-08,1.0
0.0,1.0,1.830461648921755e-08,1.0
0.0,1.0,1.8292750425530357e-08,1.0
0.0,1.0,1.8281589575508406e-08,1.0
0.0,1.0,1.8302591442420635e-08,1.0
0.0,1.0,1.829170415135195e-08,1.0
0.0,1.0,1.8288458747406366e-08,1.0
0.0,1.0,1.8282147351555977e-08,1.0
0.0,1.0,1.829386775398234e-08,1.0
0.0,1.0,1.8282459990359712e-08,1.0
0.0,1.0,1.8294146642006126e-08,1.0
0.0,1.0,1.832739471296918e-08,1.0
0.0,1.0,1.8310133853560728e-08,1.0
0.0,1.0,1.8295576609261843e-08,1.0
0.0,1.0,1.8277649616038616e-08,1.0
0.0,1.0,1.828050777419321e-08,1.0
0.0,1.0,1.8299415316391787e-08,1.0
0.0,1.0,1.832312968019778e-08,1.0
0.0,1.0,1.832061435891319e-08,1.0
0.0,1.0,1.8298543125183642e-08,1.0
0.0,1.0,1.8795757839029648e-08,1.0
0.0,1.0,1.886964717812134e-08,1.0
0.0,1.0,1.8291563819161638e-08,1.0
0.0,1.0,1.828741247322796e-08,1.0
0.0,1.0,1.829170415135195e-08,1.0
0.0,1.0,1.8294530335083437e-08,1.0
0.0,1.0,1.8275731150652064e-08,1.0
0.0,1.0,1.8298857540344216e-08,1.0
0.0,1.0,1.8294180392786075e-08,1.0
0.0,1.0,1.8282181102335926e-08,1.0
0.0,1.0,1.8931832101998225e-08,1.0
0.0,1.0,1.8294111114869338e-08,1.0
0.0,1.0,1.8285772895865193e-08,1.0
0.0,1.0,1.8282564795413236e-08,1.0
0.0,1.0,1.829365814387529e-08,1.0
0.0,1.0,1.8286296921132816e-08,1.0
0.0,1.0,1.8291389736191377e-08,1.0
0.0,1.0,1.828563434003172e-08,1.0
0.0,1.0,1.829449480794665e-08,1.0
0.0,1.0,1.8291006043114066e-08,1.0
0.0,1.0,1.8292540815423308e-08,1.0
0.0,1.0,1.8294530335083437e-08,1.0
0.0,1.0,1.82820762972824e-08,1.0
0.0,1.0,1.8282635849686812e-08,1.0
0.0,1.0,1.828131068748462e-08,1.0
0.0,1.0,1.8285355452007934e-08,1.0
0.0,1.0,1.828702878015065e-08,1.0
0.0,1.0,1.8286156588942504e-08,1.0
0.0,1.0,1.8295750692232104e-08,1.0
0.0,1.0,1.8268831780687833e-08,1.0
0.0,1.0,1.8273535573598565e-08,1.0
0.0,1.0,1.4876622611743884e-14,1.0
0.0,1.0,1.829212337156605e-08,1.0
0.0,1.0,1.8288424996626418e-08,1.0
0.0,1.0,1.8287867220578846e-08,1.0
0.0,1.0,1.8289645353775086e-08,1.0
0.0,1.0,1.8282007019365665e-08,1.0
0.0,1.0,6.8284342728584284e-18,1.0
0.0,1.0,1.8289052050590726e-08,1.0
0.0,1.0,1.8516818300895466e-08,1.0
0.0,1.0,1.8300637449897295e-08,1.0
0.0,1.0,1.829501883321427e-08,1.0
0.0,1.0,1.828776241552532e-08,1.0
0.0,1.0,1.8283715874645168e-08,1.0
0.0,1.0,1.8296903547820875e-08,1.0
0.0,1.0,9.406480585769095e-13,1.0
0.0,1.0,1.8273151880521254e-08,1.0
0.0,1.0,1.8294180392786075e-08,1.0
0.0,1.0,1.827994999814564e-08,1.0
0.0,1.0,1.3085355021758005e-07,0.9999998807907104
0.0,1.0,1.8286192116079292e-08,1.0
0.0,1.0,1.8301371085271967e-08,1.0
0.0,1.0,1.827580220492564e-08,1.0
0.0,1.0,1.8299870063742674e-08,1.0
0.0,1.0,1.828172813134188e-08,1.0
0.0,1.0,1.8277928504062402e-08,1.0
0.0,1.0,1.831264917484532e-08,1.0
0.0,1.0,3.073453713753338e-09,1.0
0.0,1.0,1.8288842440483677e-08,1.0
0.0,1.0,1.8303918380979667e-08,1.0
0.0,1.0,1.8286749892126863e-08,1.0
0.0,1.0,1.8285110314764097e-08,1.0
0.0,1.0,1.8282252156609502e-08,1.0
0.0,1.0,1.8290274184096234e-08,1.0
0.0,1.0,1.8350725383697863e-08,1.0
0.0,1.0,1.833802443229615e-08,1.0
0.0,1.0,1.833648610727323e-08,1.0
0.0,1.0,1.8369672005746907e-08,1.0
0.0,1.0,1.8401898671527306e-08,1.0
0.0,1.0,1.834537144418391e-08,1.0
0.0,1.0,1.837766205881053e-08,1.0
0.0,1.0,1.8358182529709666e-08,1.0
0.0,1.0,1.836805907373673e-08,1.0
0.0,1.0,1.257709908442095e-10,1.0
0.0,1.0,1.834173346537682e-08,1.0
0.0,1.0,1.8405375001862012e-08,1.0
0.0,1.0,1.839042518270162e-08,1.0
0.0,1.0,1.837135243931698e-08,1.0
0.0,1.0,1.8381026478664353e-08,1.0
0.0,1.0,1.837994112463548e-08,1.0
0.0,1.0,1.8425922121423355e-08,1.0
0.0,1.0,1.836308527458641e-08,1.0
0.0,1.0,5.155755502528336e-07,0.9999995231628418
0.0,1.0,0.00012931392120663077,0.9998850226402283
0.0,1.0,2.0287700408516685e-08,1.0
0.0,1.0,1.8375628130229416e-08,1.0
0.0,1.0,1.834733076577777e-08,1.0
0.0,1.0,1.8406989710229027e-08,1.0
0.0,1.0,1.834229301778123e-08,1.0
0.0,1.0,1.842919061800785e-08,1.0
0.0,1.0,1.8368549348224406e-08,1.0
0.0,1.0,1.833263851835909e-08,1.0
0.0,1.0,1.838162333456239e-08,1.0
0.0,1.0,1.835982921249979e-08,1.0
0.0,1.0,1.8371633103697604e-08,1.0
0.0,1.0,0.000150459905853495,0.9998643398284912
0.0,1.0,0.00014847700367681682,0.9998664855957031
0.0,1.0,1.8353910391510908e-08,1.0
0.0,1.0,1.8363435216883772e-08,1.0
0.0,1.0,1.842806618412851e-08,1.0
0.0,1.0,1.8356081099568655e-08,1.0
0.0,1.0,1.8349711083942566e-08,1.0
0.0,1.0,1.8410570845617258e-08,1.0
0.0,1.0,1.8370336363204842e-08,1.0
0.0,1.0,1.837710073004928e-08,1.0
0.0,1.0,1.870716559437824e-08,1.0
0.0,1.0,3.368051693541929e-05,0.9999712109565735
0.0,1.0,1.6209951354539953e-05,0.9999843239784241
0.0,1.0,6.7069395299768075e-06,0.999993622303009
0.0,1.0,7.571022251795512e-06,0.9999927878379822
0.0,1.0,2.7476498871692456e-06,0.9999973773956299
0.0,1.0,1.5323387287935475e-06,0.9999985694885254
0.0,1.0,1.8363575549074085e-08,1.0
0.0,1.0,1.521165540907532e-05,0.9999855756759644
0.0,1.0,2.640447787083713e-28,1.0
0.0,1.0,9.575179319654126e-06,0.9999909400939941
0.0,1.0,8.12603445865534e-07,0.9999992251396179
0.0,1.0,3.7418422493828984e-07,0.9999996423721313
0.0,1.0,3.0559049735146004e-10,1.0
0.0,1.0,1.7041787941707298e-05,0.9999849796295166
0.0,1.0,1.8394002765376172e-08,1.0
0.0,1.0,1.8371773435887917e-08,1.0
0.0,1.0,1.8422197101131133e-08,1.0
0.0,1.0,0.00015934360271785408,0.9998565912246704
0.0,1.0,0.00011966976308031008,0.9998921155929565
0.0,1.0,1.8351601127619688e-08,1.0
0.0,1.0,1.8366097975786033e-08,1.0
0.0,1.0,1.8373315313624516e-08,1.0
0.0,1.0,1.834152207891293e-08,1.0
0.0,1.0,1.8349920694049615e-08,1.0
0.0,1.0,1.8335645890488195e-08,1.0
0.0,1.0,1.8372368515429116e-08,1.0
0.0,1.0,1.833571694476177e-08,1.0
0.0,1.0,1.8344390895208562e-08,1.0
0.0,1.0,1.8340438501240897e-08,1.0
0.0,1.0,1.8432741555329812e-08,1.0
0.0,1.0,1.8373700783058666e-08,1.0
0.0,1.0,1.8373141230654255e-08,1.0
0.0,1.0,1.8367568799249057e-08,1.0
0.0,1.0,1.8367042997624594e-08,1.0
0.0,1.0,1.8413976121678388e-08,1.0
0.0,1.0,1.836560770129836e-08,1.0
0.0,1.0,1.835751817225173e-08,1.0
0.0,1.0,1.8356711706246642e-08,1.0
0.0,1.0,1.1934159374504816e-05,0.9999895691871643
0.0,1.0,1.852625075571268e-08,1.0
0.0,1.0,1.83967046041289e-08,1.0
0.0,1.0,1.852112774258785e-08,1.0
0.0,1.0,1.8333548013060863e-08,1.0
0.0,1.0,1.8374647581254067e-08,1.0
0.0,1.0,1.837440244401023e-08,1.0
0.0,1.0,1.3002724017496803e-06,0.9999988079071045
0.0,1.0,1.8404918478154286e-08,1.0
0.0,1.0,1.83608079851183e-08,1.0
0.0,1.0,1.8376399069097715e-08,1.0
0.0,1.0,5.763570879935287e-05,0.9999494552612305
0.0,1.0,3.452974519461355e-28,1.0
0.0,1.0,1.837724106223959e-08,1.0
0.0,1.0,1.8389723521750057e-08,1.0
0.0,1.0,1.8476001173439727e-08,1.0
0.0,1.0,1.8345266639130386e-08,1.0
0.0,1.0,1.8364696430239746e-08,1.0
0.0,1.0,1.8383516930953192e-08,1.0
0.0,1.0,1.83608079851183e-08,1.0
0.0,1.0,1.8373736310195454e-08,1.0
0.0,1.0,1.8379063604356816e-08,1.0
0.0,1.0,4.800428943241286e-10,1.0
0.0,1.0,1.8350061026239928e-08,1.0
0.0,1.0,1.8348906394294318e-08,1.0
0.0,1.0,1.8370476695395155e-08,1.0
0.0,1.0,1.839021379623773e-08,1.0
0.0,1.0,1.838853158631082e-08,1.0
0.0,1.0,5.997615737385331e-09,1.0
0.0,1.0,1.8811107338478905e-08,1.0
0.0,1.0,1.8373876642385767e-08,1.0
0.0,1.0,1.8369110676985656e-08,1.0
0.0,1.0,1.8356081099568655e-08,1.0
0.0,1.0,1.836634311302987e-08,1.0
0.0,1.0,1.8417594560560246e-08,1.0
0.0,1.0,1.8398459644686227e-08,1.0
0.0,1.0,1.8386286271265817e-08,1.0
0.0,1.0,1.8380010402552216e-08,1.0
0.0,1.0,1.8377521726620216e-08,1.0
0.0,1.0,2.967526224750827e-11,1.0
0.0,1.0,1.8432494641729136e-08,1.0
0.0,1.0,1.836364660334766e-08,1.0
0.0,1.0,1.8336940854624117e-08,1.0
0.0,1.0,1.8362944942396098e-08,1.0
0.0,1.0,1.8356887565573743e-08,1.0
0.0,1.0,1.834113838583562e-08,1.0
0.0,1.0,1.8363575549074085e-08,1.0
0.0,1.0,1.8340264418270635e-08,1.0
0.0,1.0,1.8342047880537393e-08,1.0
0.0,1.0,2.0465234840116864e-08,1.0
0.0,1.0,1.8358006670382565e-08,1.0
0.0,1.0,1.8494969111770843e-08,1.0
0.0,1.0,1.8343026653155903e-08,1.0
0.0,1.0,1.839267049774662e-08,1.0
0.0,1.0,1.838891705574497e-08,1.0
0.0,1.0,1.841566366067582e-08,1.0
0.0,1.0,1.833515739235736e-08,1.0
0.0,1.0,1.835349117129681e-08,1.0
0.0,1.0,1.8380255539796053e-08,1.0
0.0,1.0,1.8362174003527798e-08,1.0
0.0,1.0,1.8465783568899496e-08,1.0
0.0,1.0,1.8360914566528663e-08,1.0
0.0,1.0,1.8375663657366204e-08,1.0
0.0,1.0,1.834386686994094e-08,1.0
0.0,1.0,1.8808883339715976e-08,1.0
0.0,1.0,1.84128179370191e-08,1.0
0.0,1.0,1.8355521547164244e-08,1.0
0.0,1.0,1.838849605917403e-08,1.0
0.0,1.0,5.151179497958706e-29,1.0
0.0,1.0,1.8389233247262382e-08,1.0
0.0,1.0,1.8362804610205785e-08,1.0
0.0,1.0,1.833669571738028e-08,1.0
0.0,1.0,1.835195106991705e-08,1.0
0.0,1.0,1.8345476249237436e-08,1.0
0.0,1.0,1.5379203688326015e-08,1.0
0.0,1.0,1.8564099590889782e-08,1.0
0.0,1.0,1.8343376595453265e-08,1.0
0.0,1.0,1.833284812846614e-08,1.0
0.0,1.0,1.8371002497019617e-08,1.0
0.0,1.0,1.8360914566528663e-08,1.0
0.0,1.0,1.83965287448018e-08,1.0
0.0,1.0,1.838029106693284e-08,1.0
0.0,1.0,1.8353421893380073e-08,1.0
0.0,1.0,1.8450082350796038e-08,1.0
0.0,1.0,1.8355276409920407e-08,1.0
0.0,1.0,1.8350689856561075e-08,1.0
0.0,1.0,1.8381131283717878e-08,1.0
0.0,1.0,1.835485718970631e-08,1.0
0.0,1.0,1.8400740486868017e-08,1.0
0.0,1.0,1.8345126306940074e-08,1.0
0.0,1.0,1.615598677062735e-08,1.0
0.0,1.0,1.850830955163474e-08,1.0
0.0,1.0,1.833725526978469e-08,1.0
0.0,1.0,1.836616725370277e-08,1.0
0.0,1.0,1.8374297638956705e-08,1.0
0.0,1.0,2.0880504693039592e-19,1.0
0.0,1.0,1.835790186532904e-08,1.0
0.0,1.0,1.838144747523529e-08,1.0
0.0,1.0,1.84142923131958e-08,1.0
0.0,1.0,1.8371073551293193e-08,1.0
0.0,1.0,2.7513202383033786e-08,1.0
0.0,1.0,1.8385795996778143e-08,1.0
0.0,1.0,1.836616725370277e-08,1.0
0.0,1.0,1.83521606800241e-08,1.0
0.0,1.0,1.837289431705358e-08,1.0
0.0,1.0,1.8375208910015317e-08,1.0
0.0,1.0,1.839421415184006e-08,1.0
0.0,1.0,1.8344952223969813e-08,1.0
0.0,1.0,1.8390529987755144e-08,1.0
0.0,1.0,1.836154517320665e-08,1.0
0.0,1.0,1.8328304207670953e-08,1.0
0.0,1.0,1.8332952933519664e-08,1.0
0.0,1.0,1.8373700783058666e-08,1.0
0.0,1.0,1.839610774823086e-08,1.0
0.0,1.0,1.8357273035007893e-08,1.0
0.0,1.0,1.834614060669537e-08,1.0
0.0,1.0,1.836557217416157e-08,1.0
0.0,1.0,2.0022641322725576e-08,1.0
0.0,1.0,1.8379660460254854e-08,1.0
0.0,1.0,8.478777440345739e-14,1.0
0.0,1.0,1.8368689680414718e-08,1.0
0.0,1.0,1.8361124176635713e-08,1.0
0.0,1.0,1.8341383523079458e-08,1.0
0.0,1.0,1.8359934017553314e-08,1.0
0.0,1.0,1.891357115368919e-08,1.0
0.0,1.0,1.83623498628549e-08,1.0
0.0,1.0,1.8330471363015022e-08,1.0
0.0,1.0,1.8398178980305602e-08,1.0
0.0,1.0,1.8358392139816715e-08,1.0
0.0,1.0,1.8542477775440602e-08,1.0
0.0,1.0,1.8373105703517467e-08,1.0
0.0,1.0,1.847187824921548e-08,1.0
0.0,1.0,8.987016464345743e-09,1.0
0.0,1.0,1.8399477497155203e-08,1.0
0.0,1.0,1.8338933926997925e-08,1.0
0.0,1.0,1.8383236266572567e-08,1.0
0.0,1.0,1.8599257245455192e-08,1.0
0.0,1.0,3.5614493576474615e-09,1.0
0.0,1.0,1.8353981445784484e-08,1.0
0.0,1.0,1.8343026653155903e-08,1.0
0.0,1.0,2.12389927867207e-08,1.0
0.0,1.0,2.135622878540744e-08,1.0
0.0,1.0,2.0509157039327874e-08,1.0
0.0,1.0,2.105337948421493e-08,1.0
0.0,1.0,2.0586874427408475e-08,1.0
0.0,1.0,2.1900616431480557e-08,1.0
0.0,1.0,2.2510471708869773e-08,1.0
0.0,1.0,2.0967142688732565e-08,1.0
0.0,1.0,2.1277188011481485e-08,1.0
0.0,1.0,2.114957275978213e-08,1.0
0.0,1.0,3.5029202649639046e-08,1.0
0.0,1.0,2.1078653489325916e-08,1.0
0.0,1.0,8.162947295886624e-08,0.9999999403953552
0.0,1.0,2.1157077867428598e-08,1.0
0.0,1.0,2.171812596429845e-08,1.0
0.0,1.0,2.1430247798548407e-08,1.0
0.0,1.0,2.1082914969383637e-08,1.0
0.0,1.0,2.1319925380680615e-08,1.0
0.0,1.0,1.4336886522414716e-07,0.9999998807907104
0.0,1.0,1.2547458189647587e-14,1.0
0.0,1.0,2.1451555198837013e-08,1.0
0.0,1.0,2.141406696409831e-08,1.0
0.0,1.0,2.1503703706571287e-08,1.0
0.0,1.0,2.076140326323639e-08,1.0
0.0,1.0,2.0770947628534486e-08,1.0
0.0,1.0,2.0502156417023798e-08,1.0
0.0,1.0,2.1104279213091104e-08,1.0
0.0,1.0,2.17529922963422e-08,1.0
0.0,1.0,2.0799769018253755e-08,1.0
0.0,1.0,1.2561139328681747e-07,0.9999998807907104
0.0,1.0,2.1611308298474796e-08,1.0
0.0,1.0,2.038125046510686e-08,1.0
0.0,1.0,2.1223929280722587e-08,1.0
0.0,1.0,2.102813745352705e-08,1.0
0.0,1.0,2.0557523683351064e-08,1.0
0.0,1.0,2.0861909533209655e-08,1.0
0.0,1.0,2.095966422643869e-08,1.0
0.0,1.0,2.099215201667448e-08,1.0
0.0,1.0,2.0633574848716307e-08,1.0
0.0,1.0,2.2268126897984075e-08,1.0
0.0,1.0,2.1815109718659187e-08,1.0
0.0,1.0,2.107330665523932e-08,1.0
0.0,1.0,2.1481403322809456e-08,1.0
0.0,1.0,2.0764531427630573e-08,1.0
0.0,1.0,2.0907998887764734e-08,1.0
0.0,1.0,2.0891295804403853e-08,1.0
0.0,1.0,2.1259541682638883e-08,1.0
0.0,1.0,2.114190955637696e-08,1.0
0.0,1.0,1.9778918058932504e-08,1.0
0.0,1.0,2.1011057782516218e-08,1.0
0.0,1.0,2.0671141122592662e-13,1.0
0.0,1.0,2.1097195102015576e-08,1.0
0.0,1.0,2.115582731221366e-08,1.0
0.0,1.0,2.0318681848152664e-08,1.0
0.0,1.0,2.310189728405021e-08,1.0
0.0,1.0,2.0825334345886404e-08,1.0
0.0,1.0,2.1501284308556023e-08,1.0
0.0,1.0,2.0631057751074877e-08,1.0
0.0,1.0,2.04676169346385e-08,1.0
0.0,1.0,2.146649435985637e-08,1.0
0.0,1.0,2.5371379996919075e-10,1.0
0.0,1.0,2.122983921992727e-08,1.0
0.0,1.0,2.9426574954527496e-08,1.0
0.0,1.0,2.0648418086466336e-08,1.0
0.0,1.0,2.17928608492457e-08,1.0
0.0,1.0,4.1352555060769625e-13,1.0
0.0,1.0,2.1200543542931882e-08,1.0
0.0,1.0,2.081747041415838e-08,1.0
0.0,1.0,2.1236886027509172e-08,1.0
0.0,1.0,4.1053901407963125e-14,1.0
0.0,1.0,2.1374077618929732e-08,1.0
0.0,1.0,2.2168075375361695e-08,1.0
0.0,1.0,2.1301957531250082e-08,1.0
0.0,1.0,2.0644124631985505e-08,1.0
0.0,1.0,2.1432333241477863e-08,1.0
0.0,1.0,2.2041254155169554e-08,1.0
0.0,1.0,2.0528410971110134e-08,1.0
0.0,1.0,2.0692494828722374e-08,1.0
0.0,1.0,2.0307252768247963e-08,1.0
0.0,1.0,2.133753973510011e-08,1.0
0.0,1.0,2.0754631790964595e-08,1.0
0.0,1.0,2.1337051236969273e-08,1.0
0.0,1.0,2.079469219040675e-08,1.0
0.0,1.0,2.0689180146860053e-08,1.0
0.0,1.0,2.075364236020505e-08,1.0
0.0,1.0,2.1806913608202194e-08,1.0
0.0,1.0,2.0632395347774946e-08,1.0
0.0,1.0,2.068519577846928e-08,1.0
0.0,1.0,2.0622245244794613e-08,1.0
0.0,1.0,2.1103595315707935e-08,1.0
0.0,1.0,2.089041828412519e-08,1.0
0.0,1.0,2.13415294325614e-08,1.0
0.0,1.0,9.266650446018073e-29,1.0
0.0,1.0,2.0665398281494163e-08,1.0
0.0,1.0,2.1669549710168212e-08,1.0
0.0,1.0,5.442405992539534e-08,0.9999999403953552
0.0,1.0,2.193401904548864e-08,1.0
0.0,1.0,3.47379622896854e-13,1.0
0.0,1.0,2.1428041563353872e-08,1.0
0.0,1.0,2.1081145717971594e-08,1.0
0.0,1.0,3.013400373674813e-08,1.0
0.0,1.0,2.1267206662400895e-08,1.0
0.0,1.0,2.1053661924952394e-08,1.0
0.0,1.0,2.131081799916501e-08,1.0
0.0,1.0,2.0934495026381228e-08,1.0
0.0,1.0,2.1623966617312362e-08,1.0
0.0,1.0,2.0931659960865545e-08,1.0
0.0,1.0,2.1038768949210862e-08,1.0
0.0,1.0,2.070378712915044e-08,1.0
0.0,1.0,2.1000520433744896e-08,1.0
0.0,1.0,2.1143925721389678e-08,1.0
0.0,1.0,2.0667883404712484e-08,1.0
0.0,1.0,2.049222480593471e-08,1.0
0.0,1.0,2.101149831901239e-08,1.0
0.0,1.0,2.128425080627494e-08,1.0
0.0,1.0,2.103515761575636e-08,1.0
0.0,1.0,2.0434537617575188e-08,1.0
0.0,1.0,2.1053981669183486e-08,1.0
0.0,1.0,2.0804570510790654e-08,1.0
0.0,1.0,2.147484856607207e-08,1.0
0.0,1.0,2.076876981504938e-08,1.0
0.0,1.0,2.1015988949102393e-08,1.0
0.0,1.0,2.116151698317026e-08,1.0
0.0,1.0,2.2740092475714846e-08,1.0
0.0,1.0,2.085940309370926e-08,1.0
0.0,1.0,2.0520465326967496e-08,1.0
0.0,1.0,2.0447364690312497e-08,1.0
0.0,1.0,2.104117591272825e-08,1.0
0.0,1.0,7.100037579424143e-19,1.0
0.0,1.0,2.1588649090631407e-08,1.0
0.0,1.0,2.1082151135942695e-08,1.0
0.0,1.0,2.127077713964809e-08,1.0
0.0,1.0,2.0909393327883663e-08,1.0
0.0,1.0,3.2000968985812506e-08,1.0
0.0,1.0,2.1120587945233638e-08,1.0
0.0,1.0,2.183313441150858e-08,1.0
0.0,1.0,2.053514691624514e-08,1.0
0.0,1.0,2.147599609259032e-08,1.0
0.0,1.0,2.5000838732580632e-08,1.0
0.0,1.0,2.120288833395989e-08,1.0
0.0,1.0,2.2476664085502307e-08,1.0
0.0,1.0,2.069691618089564e-08,1.0
0.0,1.0,2.143871036253131e-08,1.0
0.0,1.0,2.1197955391016876e-08,1.0
0.0,1.0,2.0916973042517384e-08,1.0
0.0,1.0,5.937620173313007e-09,1.0
0.0,1.0,2.0975100767373078e-08,1.0
0.0,1.0,2.062444615091863e-08,1.0
0.0,1.0,2.1443291586820123e-08,1.0
0.0,1.0,2.2137102817509913e-08,1.0
0.0,1.0,2.1323218746260864e-08,1.0
0.0,1.0,2.1162970043064888e-08,1.0
0.0,1.0,2.0794374222532497e-08,1.0
0.0,1.0,2.1310695430543092e-08,1.0
0.0,1.0,2.1032187547120884e-08,1.0
0.0,1.0,2.1657731608115682e-08,1.0
0.0,1.0,2.0608325712601072e-08,1.0
0.0,1.0,2.1418193441036237e-08,1.0
0.0,1.0,2.0816200319018208e-08,1.0
0.0,1.0,2.0882968243540745e-08,1.0
0.0,1.0,3.9609645341442956e-08,0.9999999403953552
0.0,1.0,2.079762673190544e-08,1.0
0.0,1.0,7.343349781190915e-27,1.0
0.0,1.0,2.127799980655709e-08,1.0
0.0,1.0,2.1520362381011182e-08,1.0
0.0,1.0,2.111732477771966e-08,1.0
0.0,1.0,2.0958825786010493e-08,1.0
0.0,1.0,5.7687005993821664e-27,1.0
0.0,1.0,2.121308284586121e-08,1.0
0.0,1.0,2.123502262918464e-08,1.0
0.0,1.0,2.125451459278338e-08,1.0
0.0,1.0,4.302851408510833e-08,0.9999999403953552
0.0,1.0,2.2183513692652923e-08,1.0
0.0,1.0,2.1338882660870695e-08,1.0
0.0,1.0,2.1925778526110662e-08,1.0
0.0,1.0,2.1404879646524932e-08,1.0
0.0,1.0,2.1083197410121102e-08,1.0
0.0,1.0,2.1130379224132412e-08,1.0
0.0,1.0,4.689542155120728e-28,1.0
0.0,1.0,2.1364213509400543e-08,1.0
0.0,1.0,2.160525092165244e-08,1.0
0.0,1.0,2.1462073007683102e-08,1.0
0.0,1.0,2.136922638840133e-08,1.0
0.0,1.0,2.1167693375900853e-08,1.0
0.0,1.0,2.0975701175984796e-08,1.0
0.0,1.0,2.1343156575426292e-08,1.0
0.0,1.0,2.1008693451562976e-08,1.0
0.0,1.0,2.0779387099878477e-08,1.0
0.0,1.0,2.1212111178670057e-08,1.0
0.0,1.0,2.1207297251635282e-08,1.0
0.0,1.0,2.219007200210399e-08,1.0
0.0,1.0,0.0,1.0
0.0,1.0,2.071871918474244e-08,1.0
0.0,1.0,2.1034434638522725e-08,1.0
0.0,1.0,2.203196380889949e-08,1.0
0.0,1.0,2.080635574941425e-08,1.0
0.0,1.0,2.1063501165485832e-08,1.0
0.0,1.0,1.1012660650067119e-07,0.9999998807907104
0.0,1.0,2.0896555597005317e-08,1.0
0.0,1.0,2.0497934016816544e-08,1.0
0.0,1.0,2.089109685243784e-08,1.0
0.0,1.0,2.1740175881745927e-08,1.0
0.0,1.0,2.1054866294889507e-08,1.0
0.0,1.0,2.1050167831049293e-08,1.0
0.0,1.0,4.672920652304762e-34,1.0
0.0,1.0,2.1636425984183916e-08,1.0
0.0,1.0,2.1113821802032362e-08,1.0
0.0,1.0,2.0853873294868208e-08,1.0
0.0,1.0,2.227042195102058e-08,1.0
0.0,1.0,2.1731386468104574e-08,1.0
0.0,1.0,2.19129852041533e-08,1.0
0.0,1.0,1.1159591849718709e-05,0.9999890327453613
0.0,1.0,2.1098243152550822e-08,1.0
0.0,1.0,2.1713487896590777e-08,1.0
0.0,1.0,2.1912024195103186e-08,1.0
0.0,1.0,3.536553805361109e-08,1.0
0.0,1.0,2.5442833617717042e-08,1.0
0.0,1.0,2.116184028011503e-08,1.0
0.0,1.0,2.1950883777321906e-08,1.0
0.0,1.0,2.1299642938288343e-08,1.0
0.0,1.0,3.7329954238884966e-08,0.9999999403953552
0.0,1.0,2.0939486589099943e-08,1.0
0.0,1.0,2.177150548732243e-08,1.0
0.0,1.0,2.058440173868803e-08,1.0
0.0,1.0,2.1116720816394263e-08,1.0
0.0,1.0,2.0914180609565847e-08,1.0
0.0,1.0,3.8229497789643574e-08,0.9999999403953552
0.0,1.0,2.1699245067452466e-08,1.0
0.0,1.0,2.0932937161433074e-08,1.0
0.0,1.0,3.641613233185126e-08,0.9999999403953552
0.0,1.0,2.080754590849665e-08,1.0
0.0,1.0,2.1958799223398273e-08,1.0
0.0,1.0,4.2646295383974575e-08,0.9999999403953552
0.0,1.0,7.361198317568096e-09,1.0
0.0,1.0,2.308617297330784e-08,1.0
0.0,1.0,4.148894205968645e-08,0.9999999403953552
0.0,1.0,2.4666437781206696e-08,1.0
0.0,1.0,2.1473045563880078e-08,1.0
0.0,1.0,2.843316870837498e-08,1.0
0.0,1.0,2.1864430266305135e-08,1.0
0.0,1.0,2.112514074781302e-08,1.0
0.0,1.0,2.1365925917393724e-08,1.0
0.0,1.0,1.0288168728553386e-20,1.0
0.0,1.0,2.1535718985887797e-08,1.0
0.0,1.0,2.10631796448979e-08,1.0
0.0,1.0,4.003697426924191e-07,0.9999997019767761
0.0,1.0,2.1211139511478905e-08,1.0
0.0,1.0,2.0951350876430297e-08,1.0
0.0,1.0,2.1978701525426914e-08,1.0
0.0,1.0,2.1752702750177377e-08,1.0
0.0,1.0,2.1578728137683356e-08,1.0
0.0,1.0,2.1223037549589208e-08,1.0
0.0,1.0,2.192761883179628e-08,1.0
0.0,1.0,2.0971381076151374e-08,1.0
0.0,1.0,2.072476590342376e-08,1.0
0.0,1.0,2.1715973019809098e-08,1.0
0.0,1.0,2.0970581715573644e-08,1.0
0.0,1.0,2.1304558117662964e-08,1.0
0.0,1.0,2.0296681668696692e-08,1.0
0.0,1.0,2.1320007093095228e-08,1.0
0.0,1.0,2.2472933736139566e-08,1.0
0.0,1.0,2.2393349397020756e-08,1.0
0.0,1.0,2.0846833592713665e-08,1.0
0.0,1.0,2.067281101858498e-08,1.0
0.0,1.0,2.1158610863381e-08,1.0
0.0,1.0,3.7494484699421324e-32,1.0
0.0,1.0,2.1422728480047226e-08,1.0
0.0,1.0,2.1107661396513322e-08,1.0
0.0,1.0,2.107961805108971e-08,1.0
0.0,1.0,2.1677156070154524e-08,1.0
0.0,1.0,2.1080783341176357e-08,1.0
0.0,1.0,2.1266883365456124e-08,1.0
0.0,1.0,2.141602806204901e-08,1.0
0.0,1.0,2.101771201523661e-08,1.0
0.0,1.0,2.285689326697593e-08,1.0
0.0,1.0,2.154660805331332e-08,1.0
0.0,1.0,2.1116358439599026e-08,1.0
0.0,1.0,1.0013143299874996e-28,1.0
0.0,1.0,2.109816144013621e-08,1.0
0.0,1.0,2.1324723320503836e-08,1.0
0.0,1.0,2.1335383237897076e-08,1.0
0.0,1.0,2.1322202670148727e-08,1.0
0.0,1.0,2.2085945516892025e-08,1.0
0.0,1.0,5.6930737420493585e-30,1.0
0.0,1.0,2.3953770522666673e-08,1.0
0.0,1.0,2.1633249858155068e-08,1.0
0.0,1.0,2.260905063167229e-08,1.0
0.0,1.0,2.228295592487939e-08,1.0
0.0,1.0,2.2195701276928048e-08,1.0
0.0,1.0,2.0727650706930945e-08,1.0
0.0,1.0,2.1262907878849546e-08,1.0
0.0,1.0,2.209875482606094e-08,1.0
0.0,1.0,2.1940754990623645e-08,1.0
0.0,1.0,2.1320698095905755e-08,1.0
0.0,1.0,2.114344255232936e-08,1.0
0.0,1.0,2.115481834152888e-08,1.0
0.0,1.0,2.187828052058194e-08,1.0
0.0,1.0,2.2374223362930934e-08,1.0
0.0,1.0,1.6092213419318607e-22,1.0
0.0,1.0,2.1366536984146478e-08,1.0
0.0,1.0,2.1190638577195386e-08,1.0
0.0,1.0,2.1127316784941286e-08,1.0
0.0,1.0,2.138480148516919e-08,1.0
0.0,1.0,1.6437059432818933e-20,1.0
0.0,1.0,2.170628299325017e-08,1.0
0.0,1.0,2.1198886202000722e-08,1.0
0.0,1.0,2.155943334969379e-08,1.0
0.0,1.0,1.0026111448148052e-18,1.0
0.0,1.0,2.539907451026835e-10,1.0
0.0,1.0,2.0398790212539097e-08,1.0
0.0,1.0,2.1353784518396424e-08,1.0
0.0,1.0,2.089041828412519e-08,1.0
0.0,1.0,2.1315534226573618e-08,1.0
0.0,1.0,3.2555267958910705e-17,1.0
0.0,1.0,2.191745807067491e-08,1.0
0.0,1.0,2.1362096092047977e-08,1.0
0.0,1.0,2.1037124042777577e-08,1.0
0.0,1.0,2.151781686166032e-08,1.0
0.0,1.0,2.0662245248104227e-08,1.0
0.0,1.0,2.086242645304992e-08,1.0
0.0,1.0,2.1752660117613232e-08,1.0
0.0,1.0,2.068507676256104e-08,1.0
0.0,1.0,2.0847986448302436e-08,1.0
0.0,1.0,2.1699328556223918e-08,1.0
0.0,1.0,2.2002694777256693e-08,1.0
0.0,1.0,2.055674030998489e-08,1.0
0.0,1.0,2.0716900195338894e-08,1.0
0.0,1.0,2.112437513801524e-08,1.0
0.0,1.0,2.1054303189771417e-08,1.0
0.0,1.0,2.1231743474459108e-08,1.0
0.0,1.0,2.0796358413122107e-08,1.0
0.0,1.0,2.104727769847159e-08,1.0
0.0,1.0,2.1017109830268055e-08,1.0
0.0,1.0,2.073749882924858e-08,1.0
0.0,1.0,2.2569885516077193e-08,1.0
0.0,1.0,2.1184696663567593e-08,1.0
0.0,1.0,2.0655626542520622e-08,1.0
0.0,1.0,2.0775384967919308e-08,1.0
0.0,1.0,2.1538184569180885e-08,1.0
0.0,1.0,2.183396574650942e-08,1.0
0.0,1.0,2.108030194847288e-08,1.0
0.0,1.0,2.1135377892278484e-08,1.0
0.0,1.0,2.1092006363687688e-08,1.0
0.0,1.0,2.2673180666288317e-08,1.0
0.0,1.0,2.1748512324393232e-08,1.0
0.0,1.0,3.6015290305613235e-08,1.0
0.0,1.0,2.0985586601796058e-08,1.0
0.0,1.0,2.0450134030625122e-08,1.0
0.0,1.0,2.204108540126981e-08,1.0
0.0,1.0,2.106635399456991e-08,1.0
0.0,1.0,2.1017470430706453e-08,1.0
0.0,1.0,2.0224494079457145e-08,1.0
0.0,1.0,2.1506615155431064e-08,1.0
0.0,1.0,3.3791825674450715e-12,1.0
0.0,1.0,2.0508139186858898e-08,1.0
0.0,1.0,2.1545579542703308e-08,1.0
0.0,1.0,2.6171486311454828e-08,1.0
0.0,1.0,2.0692338509320507e-08,1.0
0.0,1.0,2.0824737489988365e-08,1.0
0.0,1.0,2.8235692894895692e-08,1.0
0.0,1.0,2.105936403040687e-08,1.0
0.0,1.0,2.035231005947935e-08,1.0
0.0,1.0,2.061111636919577e-08,1.0
0.0,1.0,2.1809700712083213e-08,1.0
0.0,1.0,2.1695687024703147e-08,1.0
0.0,1.0,2.1043906173190408e-08,1.0
0.0,1.0,2.1571732844449798e-08,1.0
0.0,1.0,2.1862762267232938e-08,1.0
0.0,1.0,2.1412189354919064e-08,1.0
0.0,1.0,2.0891734564543185e-08,1.0
0.0,1.0,2.5300882115486393e-21,1.0
0.0,1.0,2.2274372568631406e-08,1.0
0.0,1.0,3.2433359820061014e-07,0.9999997019767761
0.0,1.0,2.0862028549117895e-08,1.0
0.0,1.0,2.1650379267157405e-08,1.0
0.0,1.0,2.0868275996122065e-08,1.0
0.0,1.0,2.266647847193326e-08,1.0
0.0,1.0,2.11870414545956e-08,1.0
0.0,1.0,1.9492304895017036e-23,1.0
0.0,1.0,2.1028418117907677e-08,1.0
0.0,1.0,2.095886486586096e-08,1.0
0.0,1.0,2.1473947953154493e-08,1.0
0.0,1.0,2.044560964975517e-08,1.0
0.0,1.0,2.152220979212416e-08,1.0
0.0,1.0,2.1460026644604113e-08,1.0
0.0,1.0,2.1670127026141017e-08,1.0
0.0,1.0,2.1881367828768816e-08,1.0
0.0,1.0,2.0979943116117283e-08,1.0
0.0,1.0,2.137322141493314e-08,1.0
0.0,1.0,1.4900692664523824e-23,1.0
0.0,1.0,2.1213567791278365e-08,1.0
0.0,1.0,1.3205500738520627e-25,1.0
0.0,1.0,2.267006671274885e-08,1.0
0.0,1.0,2.0934454170173922e-08,1.0
0.0,1.0,2.0616424123431898e-08,1.0
0.0,1.0,2.1623966617312362e-08,1.0
0.0,1.0,2.127974596533022e-08,1.0
0.0,1.0,7.471667035074958e-11,1.0
0.0,1.0,2.0896555597005317e-08,1.0
0.0,1.0,2.1043705444867555e-08,1.0
0.0,1.0,2.17747864184048e-08,1.0
0.0,1.0,2.37576163186759e-08,1.0
0.0,1.0,2.0755582141873674e-08,1.0
0.0,1.0,2.1293834251423505e-08,1.0
0.0,1.0,2.1751871415176538e-08,1.0
0.0,1.0,2.4849089896861187e-08,1.0
0.0,1.0,2.087273465178896e-08,1.0
0.0,1.0,2.0770750452925313e-08,1.0
0.0,1.0,2.0687719981538066e-08,1.0
0.0,1.0,2.071836391337456e-08,1.0
0.0,1.0,2.1172013475734275e-08,1.0
0.0,1.0,2.089249129255677e-08,1.0
0.0,1.0,2.0881614659629122e-08,1.0
0.0,1.0,2.186734882059227e-08,1.0
0.0,1.0,2.0735757999545967e-08,1.0
0.0,1.0,2.121890929629444e-08,1.0
0.0,1.0,2.1369919167568696e-08,1.0
0.0,1.0,2.3782369851232943e-08,1.0
0.0,1.0,2.1013663697999618e-08,1.0
0.0,1.0,1.9730613587398693e-08,1.0
0.0,1.0,1.670340078139534e-15,1.0
0.0,1.0,1.9256797045841267e-08,1.0
0.0,1.0,1.994553144868405e-08,1.0
0.0,1.0,1.9701131392935167e-08,1.0
0.0,1.0,2.0327830085875576e-08,1.0
0.0,1.0,1.995451093250722e-08,1.0
0.0,1.0,1.9476694035347464e-08,1.0
0.0,1.0,6.459737988961933e-08,0.9999999403953552
0.0,1.0,2.0031617253835066e-08,1.0
0.0,1.0,1.9876564394394336e-08,1.0
0.0,1.0,2.018526146230215e-08,1.0
0.0,1.0,1.987068998232644e-08,1.0
0.0,1.0,1.1791545658727115e-17,1.0
0.0,1.0,2.0505089182165648e-08,1.0
0.0,1.0,1.9733622735884637e-08,1.0
0.0,1.0,8.635533532697082e-08,0.9999999403953552
0.0,1.0,7.525124345875156e-08,0.9999999403953552
0.0,1.0,9.2416821435425e-16,1.0
0.0,1.0,2.449661984371687e-08,1.0
0.0,1.0,1.9979609078291105e-08,1.0
0.0,1.0,1.9807194107102077e-08,1.0
0.0,1.0,2.0180834781058365e-08,1.0
0.0,1.0,4.800670231138096e-24,1.0
0.0,1.0,1.971225671582033e-08,1.0
0.0,1.0,1.965627660638347e-08,1.0
0.0,1.0,3.681090632312589e-08,0.9999999403953552
0.0,1.0,1.965995188868419e-08,1.0
0.0,1.0,8.374839080885392e-17,1.0
0.0,1.0,1.9792919303540657e-08,1.0
0.0,1.0,8.885701856731201e-17,1.0
0.0,1.0,2.5297648130096994e-17,1.0
0.0,1.0,1.2144299065711257e-23,1.0
0.0,1.0,2.55393356953438e-28,1.0
0.0,1.0,7.25047501128878e-24,1.0
0.0,1.0,7.54052648889728e-27,1.0
0.0,1.0,2.0076676321423292e-08,1.0
0.0,1.0,3.1340641726274043e-06,0.9999976754188538
0.0,1.0,1.972064289645914e-08,1.0
0.0,1.0,1.82702177522972e-24,1.0
0.0,1.0,2.18465885382102e-08,1.0
0.0,1.0,1.094744490615085e-07,0.9999998807907104
0.0,1.0,3.881245736888529e-21,1.0
0.0,1.0,1.423760774203125e-23,1.0
0.0,1.0,5.8206740711316124e-33,1.0
0.0,1.0,5.876898866027215e-25,1.0
0.0,1.0,2.0227695074481744e-08,1.0
0.0,1.0,1.1070920782487927e-25,1.0
0.0,1.0,8.78479763903007e-24,1.0
0.0,1.0,8.184672987282156e-25,1.0
0.0,1.0,2.9118088606871954e-24,1.0
0.0,1.0,5.8530713223850145e-25,1.0
0.0,1.0,9.212723203869015e-29,1.0
0.0,1.0,3.0229621740905547e-27,1.0
0.0,1.0,1.1129651476881632e-25,1.0
0.0,1.0,2.519082654277978e-19,1.0
0.0,1.0,2.3524000525299016e-08,1.0
0.0,1.0,1.9869096590241497e-08,1.0
0.0,1.0,4.243445072697099e-19,1.0
0.0,1.0,1.7098075783168482e-15,1.0
0.0,1.0,2.0687997093205013e-08,1.0
0.0,1.0,2.0261984090552687e-08,1.0
0.0,1.0,1.9720417299140536e-08,1.0
0.0,1.0,1.9860724620457404e-08,1.0
0.0,1.0,1.999440080169279e-08,1.0
0.0,1.0,1.976017749427683e-08,1.0
0.0,1.0,3.135622606009747e-08,1.0
0.0,1.0,1.9711880128170378e-08,1.0
0.0,1.0,2.340249771748404e-08,1.0
0.0,1.0,1.9887144375729804e-08,1.0
0.0,1.0,1.9535775663825916e-08,1.0
0.0,1.0,1.8592300400337988e-16,1.0
0.0,1.0,4.794153574039228e-05,0.9999517798423767
0.0,1.0,1.235334026099353e-16,1.0
0.0,1.0,1.9903461989656535e-08,1.0
0.0,1.0,1.9776654980319108e-08,1.0
0.0,1.0,1.9704099685213805e-08,1.0
0.0,1.0,1.7200516566617807e-08,1.0
0.0,1.0,2.017590894354271e-08,1.0
0.0,1.0,1.9977779430746523e-08,1.0
0.0,1.0,1.906532657441895e-12,1.0
0.0,1.0,2.004090404739145e-08,1.0
0.0,1.0,1.9767753656196874e-08,1.0
0.0,1.0,2.0028446456876736e-08,1.0
0.0,1.0,1.9767302461559666e-08,1.0
0.0,1.0,1.1869752276921554e-18,1.0
0.0,1.0,5.072381403792292e-10,1.0
0.0,1.0,2.0225380481520006e-08,1.0
0.0,1.0,1.9764586411952223e-08,1.0
0.0,1.0,2.009679000991582e-08,1.0
0.0,1.0,5.679610140131473e-20,1.0
0.0,1.0,1.95905531796825e-08,1.0
0.0,1.0,6.2164111958462625e-18,1.0
0.0,1.0,1.9592196309758947e-08,1.0
0.0,1.0,1.9891583491471465e-08,1.0
0.0,1.0,1.9774315518361618e-08,1.0
0.0,1.0,2.040890834109632e-08,1.0
0.0,1.0,1.9876450707556614e-08,1.0
0.0,1.0,1.4529781822147925e-07,0.9999998807907104
0.0,1.0,1.936637872290703e-08,1.0
0.0,1.0,2.682859303604346e-07,0.9999998211860657
0.0,1.0,1.5610912669217214e-06,0.9999986886978149
0.0,1.0,2.2708181859343313e-06,0.9999976754188538
0.0,1.0,1.9713910504037813e-08,1.0
0.0,1.0,1.9999397693482024e-08,1.0
0.0,1.0,2.8789054340450093e-06,0.9999978542327881
0.0,1.0,1.9906956083559635e-08,1.0
0.0,1.0,6.680038900502838e-12,1.0
0.0,1.0,1.986758135785749e-08,1.0
0.0,1.0,1.9573521470306332e-08,1.0
0.0,1.0,1.985182329633517e-08,1.0
0.0,1.0,1.9791068339714002e-08,1.0
0.0,1.0,2.0849379112064526e-08,1.0
0.0,1.0,8.723802930044045e-12,1.0
0.0,1.0,2.4878360704860825e-07,0.9999997615814209
0.0,1.0,1.98805842899219e-08,1.0
0.0,1.0,2.002443544313337e-08,1.0
0.0,1.0,1.985508113477863e-08,1.0
0.0,1.0,2.3085116040988396e-08,1.0
0.0,1.0,2.044167146664222e-08,1.0
0.0,1.0,1.9646719806587498e-08,1.0
0.0,1.0,1.9593654698724094e-08,1.0
0.0,1.0,1.9547480079040724e-08,1.0
0.0,1.0,1.9960449293421334e-08,1.0
0.0,1.0,7.957958713353285e-16,1.0
0.0,1.0,1.9825563413178315e-08,1.0
0.0,1.0,1.9822575580974444e-08,1.0
0.0,1.0,1.9885741053826678e-08,1.0
0.0,1.0,1.625553803976526e-13,1.0
0.0,1.0,2.2308938696369296e-08,1.0
0.0,1.0,1.9581923638156695e-08,1.0
0.0,1.0,1.9661902328493852e-08,1.0
0.0,1.0,1.974578545116401e-08,1.0
0.0,1.0,1.5157971233747958e-07,0.9999998807907104
0.0,1.0,3.347155538846458e-11,1.0
0.0,1.0,3.1808437483960006e-07,0.9999997615814209
0.0,1.0,1.9975455956000587e-08,1.0
0.0,1.0,1.9899021097558034e-08,1.0
0.0,1.0,1.961283579987594e-08,1.0
0.0,1.0,1.974924934700084e-08,1.0
0.0,1.0,2.030841450562093e-08,1.0
0.0,1.0,1.968246365890991e-08,1.0
0.0,1.0,1.9622413915953985e-08,1.0
0.0,1.0,1.987990039253873e-08,1.0
0.0,1.0,1.955519834950792e-08,1.0
0.0,1.0,1.9811652762768972e-08,1.0
0.0,1.0,1.9492599534487454e-08,1.0
0.0,1.0,1.945961258797979e-08,1.0
0.0,1.0,2.0074763185107258e-08,1.0
0.0,1.0,1.9703948694882456e-08,1.0
0.0,1.0,1.967488216791935e-08,1.0
0.0,1.0,2.0107679077341345e-08,1.0
0.0,1.0,2.124085618504523e-08,1.0
0.0,1.0,2.0392954880321668e-08,1.0
0.0,1.0,8.382621853597616e-13,1.0
0.0,1.0,1.9803151118935602e-08,1.0
0.0,1.0,1.9673830564670425e-08,1.0
0.0,1.0,1.940860805405009e-08,1.0
0.0,1.0,6.24273965854627e-11,1.0
0.0,1.0,1.9533912265501385e-08,1.0
0.0,1.0,1.9493752390076224e-08,1.0
0.0,1.0,1.9895657048392933e-14,1.0
0.0,1.0,6.459368506739338e-08,0.9999999403953552
0.0,1.0,1.9687607988316813e-08,1.0
0.0,1.0,1.986417075272584e-08,1.0
0.0,1.0,1.958188455830623e-08,1.0
0.0,1.0,1.989313958006278e-08,1.0
0.0,1.0,1.981826613928206e-08,1.0
0.0,1.0,2.0136349476729265e-08,1.0
0.0,1.0,2.422036970983754e-08,1.0
0.0,1.0,1.9994972788595078e-08,1.0
0.0,1.0,1.940064997540958e-08,1.0
0.0,1.0,1.973885588313351e-08,1.0
0.0,1.0,1.9983421140068458e-08,1.0
0.0,1.0,1.9583641375220395e-08,1.0
0.0,1.0,1.9408014750865732e-08,1.0
0.0,1.0,1.9708759069203552e-08,1.0
0.0,1.0,7.312544667015253e-12,1.0
0.0,1.0,2.840464308206947e-09,1.0
0.0,1.0,1.099353164057959e-09,1.0
0.0,1.0,1.8245360777768838e-08,1.0
0.0,1.0,1.9558742678782437e-06,0.9999977350234985
0.0,1.0,1.8759154229996966e-08,1.0
0.0,1.0,1.8242785060351707e-08,1.0
0.0,1.0,1.823955031454716e-08,1.0
0.0,1.0,1.8246543831423878e-08,1.0
0.0,1.0,1.8244037391923484e-08,1.0
0.0,1.0,2.0004700118647634e-08,1.0
0.0,1.0,9.862253591563785e-07,0.999998927116394
0.0,1.0,1.824428252916732e-08,1.0
0.0,1.0,4.4124334408479626e-08,0.9999999403953552
0.0,1.0,3.7109853110450786e-06,0.9999964833259583
0.0,1.0,1.825684847744924e-08,1.0
0.0,1.0,1.867650567533019e-08,1.0
0.0,1.0,1.824076711898215e-08,1.0
0.0,1.0,5.737810582218117e-08,0.9999999403953552
0.0,1.0,1.824452589005432e-08,1.0
0.0,1.0,1.8246264943400092e-08,1.0
0.0,1.0,1.8593583561710147e-08,1.0
0.0,1.0,1.8246787192310876e-08,1.0
0.0,1.0,1.8246822719447664e-08,1.0
0.0,1.0,1.8255873257544408e-08,1.0
0.0,1.0,1.8237253485153815e-08,1.0
0.0,1.0,1.8244559640834268e-08,1.0
0.0,1.0,1.824275130957176e-08,1.0
0.0,1.0,1.8347016350617196e-08,1.0
0.0,1.0,0.00011464812268968672,0.9998939037322998
0.0,1.0,4.6075371296083745e-10,1.0
0.0,1.0,8.499020172532401e-13,1.0
0.0,1.0,1.8249746602805317e-08,1.0
0.0,1.0,1.8243063948375493e-08,1.0
0.0,1.0,1.8244177724113797e-08,1.0
0.0,1.0,0.0,1.0
0.0,1.0,7.366688805632293e-06,0.9999918341636658
0.0,1.0,1.8242054977690714e-08,1.0
0.0,1.0,1.8492642084311228e-08,1.0
0.0,1.0,1.825503836982989e-08,1.0
0.0,1.0,1.0584128062873788e-07,0.9999999403953552
0.0,1.0,1.8245360777768838e-08,1.0
0.0,1.0,1.8242090504827502e-08,1.0
0.0,1.0,8.572651495342143e-07,0.9999992847442627
0.0,1.0,1.879504019086653e-08,1.0
0.0,1.0,1.8246543831423878e-08,1.0
0.0,1.0,1.8249746602805317e-08,1.0
0.0,1.0,1.207777557965528e-07,0.9999998807907104
0.0,1.0,1.824570894370936e-08,1.0
0.0,1.0,1.8241253840756144e-08,1.0
0.0,1.0,1.8244628918751005e-08,1.0
0.0,1.0,1.8249050270924272e-08,1.0
0.0,1.0,1.8246057109649882e-08,1.0
0.0,1.0,1.8243202504208966e-08,1.0
0.0,1.0,1.8241637533833455e-08,1.0
0.0,1.0,1.8245081889745052e-08,1.0
0.0,1.0,1.8266600676497546e-08,1.0
0.0,1.0,1.824515116766179e-08,1.0
0.0,1.0,1.8252913847049967e-08,1.0
0.0,1.0,1.8241811616803716e-08,1.0
0.0,1.0,1.173882537841564e-07,0.9999998807907104
0.0,1.0,1.8244003641143536e-08,1.0
0.0,1.0,1.8244385557864007e-08,1.0
0.0,1.0,1.824292539254202e-08,1.0
0.0,1.0,7.677423496943447e-08,0.9999999403953552
0.0,1.0,4.042510408908129e-05,0.9999617338180542
0.0,1.0,1.8840408344544812e-08,1.0
0.0,1.0,3.0184391874854555e-08,1.0
0.0,1.0,1.824515116766179e-08,1.0
0.0,1.0,0.0,1.0
0.0,1.0,1.8245639665792623e-08,1.0
0.0,1.0,0.0,1.0
0.0,1.0,1.8314045391321088e-08,1.0
0.0,1.0,1.8240836396898885e-08,1.0
0.0,1.0,1.8244874055994842e-08,1.0
0.0,1.0,1.826931850246183e-08,1.0
0.0,1.0,1.824751905132871e-08,1.0
0.0,1.0,1.8242264587797763e-08,1.0
0.0,1.0,2.086485473284938e-08,1.0
0.0,1.0,1.823972439751742e-08,1.0
0.0,1.0,1.8247414246275184e-08,1.0
0.0,1.0,9.710411319474588e-08,0.9999999403953552
0.0,1.0,7.283073955477448e-06,0.9999935626983643
0.0,1.0,1.8249258104674482e-08,1.0
0.0,1.0,1.8244351807084058e-08,1.0
0.0,1.0,1.824428252916732e-08,1.0
0.0,1.0,1.829051754498323e-08,1.0
0.0,1.0,6.974430107220542e-06,0.9999940991401672
0.0,1.0,0.0,1.0
0.0,1.0,7.224077194223355e-07,0.9999994039535522
0.0,1.0,1.824334283639928e-08,1.0
0.0,1.0,2.836714717291411e-11,1.0
0.0,1.0,1.8280577052109948e-08,1.0
0.0,1.0,9.788989700609818e-06,0.9999911785125732
0.0,1.0,1.8244559640834268e-08,1.0
0.0,1.0,1.828364659672843e-08,1.0
0.0,1.0,6.996277079451829e-05,0.9999356865882874
0.0,1.0,1.8244874055994842e-08,1.0
0.0,1.0,1.8245255972715313e-08,1.0
0.0,1.0,1.4829248584646848e-07,0.9999998807907104
0.0,1.0,1.824772688507892e-08,1.0
0.0,1.0,1.824271578243497e-08,1.0
0.0,1.0,9.279143000640033e-07,0.9999992251396179
0.0,1.0,1.8242820587488495e-08,1.0
0.0,1.0,1.8252739764079706e-08,1.0
0.0,1.0,1.8351039798858437e-08,1.0
0.0,1.0,5.226383122509614e-18,1.0
0.0,1.0,1.824588302667962e-08,1.0
0.0,1.0,1.8242994670458756e-08,1.0
0.0,1.0,1.8245847499542833e-08,1.0
0.0,1.0,1.937620552894259e-08,1.0
0.0,1.0,3.7683566489477016e-08,0.9999999403953552
0.0,1.0,1.824887618795401e-08,1.0
0.0,1.0,1.866770915626148e-08,1.0
0.0,1.0,1.8240280397208153e-08,1.0
0.0,1.0,1.8244385557864007e-08,1.0
0.0,1.0,1.794215265249477e-08,1.0
0.0,1.0,1.8721836525514846e-08,1.0
0.0,1.0,1.8245222221935364e-08,1.0
0.0,1.0,1.824351691936954e-08,1.0
0.0,1.0,1.824313322629223e-08,1.0
0.0,1.0,1.824410844619706e-08,1.0
0.0,1.0,2.967621348659577e-08,1.0
0.0,1.0,1.824807505101944e-08,1.0
0.0,1.0,5.448616207104351e-07,0.9999995231628418
0.0,1.0,5.166879191165208e-08,0.9999999403953552
0.0,1.0,1.8245430055685574e-08,1.0
0.0,1.0,1.8242785060351707e-08,1.0
0.0,1.0,1.8244177724113797e-08,1.0
0.0,1.0,1.8237010124266817e-08,1.0
0.0,1.0,1.8248249133989702e-08,1.0
0.0,1.0,0.00010754002869362012,0.9999027252197266
0.0,1.0,1.8243445865095964e-08,1.0
0.0,1.0,1.824389883609001e-08,1.0
0.0,1.0,1.8244838528858054e-08,1.0
0.0,1.0,1.8503049759033274e-08,1.0
0.0,1.0,4.479023404203647e-15,1.0
0.0,1.0,0.0,1.0
0.0,1.0,1.824271578243497e-08,1.0
0.0,1.0,1.8242403143631236e-08,1.0
0.0,1.0,1.826200168864034e-08,1.0
0.0,1.0,1.8245847499542833e-08,1.0
0.0,1.0,1.8257475531413547e-08,1.0
0.0,1.0,5.919400525300489e-10,1.0
0.0,1.0,1.8243794031036487e-08,1.0
0.0,1.0,1.8271339996545066e-08,1.0
0.0,1.0,1.8243271782125703e-08,1.0
0.0,1.0,1.824254169946471e-08,1.0
0.0,1.0,1.8280612579246736e-08,1.0
0.0,1.0,1.824271578243497e-08,1.0
0.0,1.0,1.8245012611828315e-08,1.0
0.0,1.0,1.8241671284613403e-08,1.0
0.0,1.0,1.8243412114316016e-08,1.0
0.0,1.0,1.8244874055994842e-08,1.0
0.0,1.0,1.5682151399687427e-07,0.9999998211860657
0.0,1.0,1.8245952304596358e-08,1.0
0.0,1.0,1.8243829558173275e-08,1.0
0.0,1.0,1.8242403143631236e-08,1.0
0.0,1.0,1.8242889865405232e-08,1.0
0.0,1.0,1.8246961275281137e-08,1.0
0.0,1.0,1.8253784261901274e-08,1.0
0.0,1.0,0.0,1.0
0.0,1.0,1.8252181988032135e-08,1.0
0.0,1.0,1.824866657784696e-08,1.0
0.0,1.0,1.8242994670458756e-08,1.0
0.0,1.0,1.3139235682924964e-23,1.0
0.0,1.0,0.0,1.0
0.0,1.0,1.1245829227846116e-05,0.9999879598617554
0.0,1.0,1.8246057109649882e-08,1.0
0.0,1.0,1.841618946230028e-08,1.0
0.0,1.0,1.828423989991279e-08,1.0
0.0,1.0,1.824751905132871e-08,1.0
0.0,1.0,1.8245430055685574e-08,1.0
0.0,1.0,1.8253784261901274e-08,1.0
0.0,1.0,1.8244559640834268e-08,1.0
0.0,1.0,1.6648852435574568e-11,1.0
0.0,1.0,1.000596969231464e-27,1.0
0.0,1.0,1.824650830428709e-08,1.0
0.0,1.0,1.8244977084691527e-08,1.0
0.0,1.0,2.406516580318553e-25,1.0
0.0,1.0,1.8244351807084058e-08,1.0
0.0,1.0,0.0,1.0
0.0,1.0,1.824410844619706e-08,1.0
0.0,1.0,1.8505627252807244e-08,1.0
0.0,1.0,1.826179385489013e-08,1.0
0.0,1.0,1.8241811616803716e-08,1.0
0.0,1.0,1.82439343632268e-08,1.0
0.0,1.0,1.8699424231272133e-08,1.0
0.0,1.0,1.8270434054556972e-08,1.0
0.0,1.0,1.825503836982989e-08,1.0
0.0,1.0,1.8247796162995655e-08,1.0
0.0,1.0,1.8244664445887793e-08,1.0
0.0,1.0,1.5483387869608123e-06,0.9999986886978149
0.0,1.0,1.8241079757785883e-08,1.0
0.0,1.0,1.824574269448931e-08,1.0
0.0,1.0,1.8243412114316016e-08,1.0
0.0,1.0,5.287658382258087e-07,0.9999994039535522
0.0,1.0,1.9010498064631065e-08,1.0
0.0,1.0,1.824094120195241e-08,1.0
0.0,1.0,1.2639756050703e-06,0.999998927116394
0.0,1.0,1.8241046007005934e-08,1.0
0.0,1.0,1.824149897799998e-08,1.0
0.0,1.0,1.8241880894720452e-08,1.0
0.0,1.0,1.8249050270924272e-08,1.0
0.0,1.0,1.824609086042983e-08,1.0
0.0,1.0,1.8241880894720452e-08,1.0
