1.0,0.0,0.9999997019767761,2.692158034278691e-07
1.0,0.0,0.9999994039535522,5.640573590426357e-07
1.0,0.0,1.0,4.937508284753792e-19
1.0,0.0,0.9999999403953552,7.486884356922019e-08
1.0,0.0,1.0,0.0
1.0,0.0,0.9999995231628418,4.902453270005935e-07
1.0,0.0,0.9999986886978149,1.259035798284458e-06
1.0,0.0,0.9999999403953552,6.74186253490916e-08
1.0,0.0,1.0,7.372956452130638e-21
1.0,0.0,0.9999961256980896,3.7814825191162527e-06
1.0,0.0,0.9999998211860657,1.5737464309495408e-07
1.0,0.0,1.0,8.15644572216362e-30
1.0,0.0,1.0,2.2581335672872127e-12
1.0,0.0,0.9999999403953552,8.305138265995993e-08
1.0,0.0,0.9999999403953552,5.4860645803955777e-08
1.0,0.0,0.9999916553497314,8.219688425015192e-06
1.0,0.0,0.9999980926513672,1.9766523564612726e-06
1.0,0.0,0.9991456866264343,0.0008884920389391482
1.0,0.0,0.9999914169311523,9.596871677786112e-06
1.0,0.0,1.0,8.788934913184221e-09
1.0,0.0,0.9999999403953552,7.953302372243343e-08
1.0,0.0,0.9999994039535522,5.578453965426888e-07
1.0,0.0,0.9999999403953552,3.702249884440789e-08
1.0,0.0,0.9999998211860657,1.6915227263325505e-07
1.0,0.0,1.0,2.9170466998826366e-23
1.0,0.0,0.9999997615814209,2.1651621295859513e-07
1.0,0.0,1.0,1.6803084479377617e-09
1.0,0.0,0.9999999403953552,8.109748961260266e-08
1.0,0.0,0.999999463558197,4.648092328807252e-07
1.0,0.0,0.9999963641166687,3.6083063150726957e-06
1.0,0.0,0.999999463558197,4.867258098784077e-07
1.0,0.0,0.9999998211860657,1.7485864134414442e-07
1.0,0.0,0.9999990463256836,8.592876952207007e-07
1.0,0.0,0.9999856352806091,1.4564408957085107e-05
1.0,0.0,0.9999999403953552,6.153071296921553e-08
1.0,0.0,0.9999933242797852,6.382108040270396e-06
1.0,0.0,0.9999997615814209,2.1175975462028873e-07
1.0,0.0,0.9999340772628784,7.389738311758265e-05
1.0,0.0,0.9995481371879578,0.0004342416359577328
1.0,0.0,0.9999991655349731,8.700703233444074e-07
1.0,0.0,0.9999997615814209,2.414662390037847e-07
1.0,0.0,0.9998905062675476,0.00021058786660432816
1.0,0.0,1.0,9.23504467342795e-11
1.0,0.0,0.9999980926513672,1.8435189304000232e-06
1.0,0.0,0.9999998807907104,1.2642296098874795e-07
1.0,0.0,0.9999995827674866,3.904515892827476e-07
1.0,0.0,0.9999999403953552,4.948547527305891e-08
1.0,0.0,1.0,2.2108975761270244e-10
1.0,0.0,1.0,3.785817437318428e-09
1.0,0.0,0.9999992847442627,6.593537023036333e-07
1.0,0.0,0.9999997019767761,3.2340730626856384e-07
1.0,0.0,0.9999967813491821,3.0865787721268134e-06
1.0,0.0,0.9999997615814209,2.1599629462798475e-07
1.0,0.0,1.0,2.592727588179855e-09
1.0,0.0,0.9990872144699097,0.0010084847453981638
1.0,0.0,1.0,2.9712388105451737e-09
1.0,0.0,0.9999994039535522,5.857839937561948e-07
1.0,0.0,0.9999998211860657,2.0398053379722114e-07
1.0,0.0,0.9999996423721313,3.186241883668117e-07
1.0,0.0,0.9999998211860657,1.7715821343244897e-07
1.0,0.0,0.9999997019767761,2.596138983790297e-07
1.0,0.0,0.9999995827674866,4.4298636225903465e-07
1.0,0.0,1.0,1.2276225591634216e-09
1.0,0.0,1.0,2.4712681678806803e-08
1.0,0.0,0.9999998807907104,1.0062873201377442e-07
1.0,0.0,0.9999990463256836,8.996861993182392e-07
1.0,0.0,0.9999998211860657,1.4864676245451847e-07
1.0,0.0,1.0,2.5815714010946067e-08
1.0,0.0,0.9999998807907104,1.4677183912681357e-07
1.0,0.0,0.9999998807907104,1.5171710288086615e-07
1.0,0.0,0.9998686909675598,0.00012467904889490455
1.0,0.0,0.9999971985816956,2.741729076660704e-06
1.0,0.0,0.9999995231628418,4.396543147322518e-07
1.0,0.0,0.9999999403953552,5.051956009083369e-08
1.0,0.0,0.9999999403953552,3.573740059437114e-08
1.0,0.0,0.9999999403953552,4.80369415356563e-08
1.0,0.0,0.9999999403953552,3.21800008862283e-08
1.0,0.0,0.9999999403953552,3.711809171136338e-08
1.0,0.0,0.9999977350234985,2.232870201623882e-06
1.0,0.0,0.9999783635139465,2.0923909687553532e-05
1.0,0.0,1.0,4.367706751828848e-10
1.0,0.0,0.9999999403953552,5.8405426273111516e-08
1.0,0.0,0.9999992251396179,7.213110961856728e-07
1.0,0.0,0.9999999403953552,3.8482113495774684e-08
1.0,0.0,0.9999967217445374,3.168241391904303e-06
1.0,0.0,0.9999998807907104,1.0911359993315273e-07
1.0,0.0,0.9999999403953552,6.216583869900205e-08
1.0,0.0,0.9999978542327881,2.0399156710482202e-06
1.0,0.0,0.9999990463256836,8.895540872799756e-07
1.0,0.0,0.9999985694885254,1.3957801456854213e-06
1.0,0.0,0.999998927116394,9.907087132887682e-07
1.0,0.0,1.0,1.2949643579673875e-09
1.0,0.0,0.9999989867210388,9.588990224074223e-07
1.0,0.0,1.0,2.3235131152432587e-08
1.0,0.0,0.9999997019767761,2.732517145886959e-07
1.0,0.0,0.999999463558197,4.916101374874415e-07
1.0,0.0,1.0,1.5943294684461762e-08
1.0,0.0,0.9999997019767761,2.8188614464852435e-07
1.0,0.0,0.9999998807907104,1.331294754436385e-07
1.0,0.0,0.9999998211860657,1.9688172869791742e-07
1.0,0.0,0.9999982714653015,1.5962120869517094e-06
1.0,0.0,0.9999861717224121,1.334608987235697e-05
1.0,0.0,0.9999997615814209,2.118108568538446e-07
1.0,0.0,0.9999996423721313,3.5313448165652517e-07
1.0,0.0,0.9999989867210388,9.758358601175132e-07
1.0,0.0,0.9999707937240601,2.857399158529006e-05
1.0,0.0,0.9999959468841553,3.941606792068342e-06
1.0,0.0,0.999999463558197,4.992194817532436e-07
1.0,0.0,0.9999999403953552,5.880077935671579e-08
1.0,0.0,0.9999963045120239,3.99641385229188e-06
1.0,0.0,0.9999997615814209,2.255629141245663e-07
1.0,0.0,0.9999999403953552,4.5534108039646526e-08
1.0,0.0,1.0,5.886605869420691e-09
1.0,0.0,0.9999989867210388,1.024565676743805e-06
1.0,0.0,0.9999998807907104,1.3437697532481252e-07
1.0,0.0,0.9999998211860657,1.4161993533434725e-07
1.0,0.0,0.9999999403953552,4.2940790478951385e-08
1.0,0.0,1.0,2.4545681043264267e-08
1.0,0.0,0.9999999403953552,6.886645564918581e-08
1.0,0.0,0.9999995827674866,4.0176200855057687e-07
1.0,0.0,0.999999463558197,5.372729106056795e-07
1.0,0.0,0.9999999403953552,4.754444660193258e-08
1.0,0.0,0.9999974966049194,2.4301459689013427e-06
1.0,0.0,1.0,1.7149339726074686e-09
1.0,0.0,0.9999998211860657,1.5974748635017022e-07
1.0,0.0,0.9999995827674866,4.1857748556139995e-07
1.0,0.0,0.9999997019767761,2.7653760525936377e-07
1.0,0.0,0.9999998807907104,1.2906920687782986e-07
1.0,0.0,0.9999998807907104,1.1367963281827542e-07
1.0,0.0,0.9999998211860657,1.6640694866509875e-07
1.0,0.0,0.9999999403953552,5.283257564769883e-08
1.0,0.0,0.9999998807907104,1.1423410484212582e-07
1.0,0.0,1.0,0.0
1.0,0.0,0.9999983310699463,1.7017193840729306e-06
1.0,0.0,0.9999990463256836,9.091410220207763e-07
1.0,0.0,0.9999999403953552,6.959481879675877e-08
1.0,0.0,1.0,1.7544776742539625e-09
1.0,0.0,1.0,1.3178086177845216e-08
1.0,0.0,1.0,1.1459698079363534e-08
1.0,0.0,0.9999994039535522,5.532646127903718e-07
1.0,0.0,1.0,1.2225337187032892e-08
1.0,0.0,0.9999998211860657,1.7470128454988298e-07
1.0,0.0,1.0,9.199168649054457e-10
1.0,0.0,0.9999988675117493,1.0704678743422846e-06
1.0,0.0,0.9999997615814209,3.1362694130621094e-07
1.0,0.0,0.9999998807907104,9.486465302188662e-08
1.0,0.0,0.9999998211860657,1.84421367066534e-07
1.0,0.0,0.9999995231628418,6.455551329054288e-07
1.0,0.0,0.9999999403953552,2.8500114268581456e-08
1.0,0.0,1.0,1.7087799619730504e-08
1.0,0.0,0.9999993443489075,6.415902475964685e-07
1.0,0.0,0.9999999403953552,5.3036018243801664e-08
1.0,0.0,1.0,7.490391085163139e-10
1.0,0.0,0.9999995231628418,4.577173626785225e-07
1.0,0.0,0.9999997019767761,2.894252872920333e-07
1.0,0.0,0.9999998807907104,9.135617062838719e-08
1.0,0.0,0.9999999403953552,6.010707664927395e-08
1.0,0.0,1.0,1.570906795758057e-14
1.0,0.0,0.9999968409538269,3.055854449485196e-06
1.0,0.0,1.0,4.737505943097631e-09
1.0,0.0,0.9997787475585938,0.00020429679716471583
1.0,0.0,1.0,4.641542705741131e-09
1.0,0.0,0.99998539686203,1.2885996511613484e-05
1.0,0.0,0.9999997019767761,2.716130893531954e-07
1.0,0.0,0.9999996423721313,3.605743188472843e-07
1.0,0.0,0.9999999403953552,8.39137612729246e-08
1.0,0.0,0.999999463558197,4.953827215103956e-07
1.0,0.0,0.9999994039535522,5.420985758064489e-07
1.0,0.0,0.9999988079071045,1.1804447694885312e-06
1.0,0.0,0.9999999403953552,4.1621543545034e-08
1.0,0.0,0.999963104724884,3.4611206501722336e-05
1.0,0.0,0.9999978542327881,2.06409526981588e-06
1.0,0.0,0.9999964833259583,3.4196398246422177e-06
1.0,0.0,0.9999964237213135,4.8521446842642035e-06
1.0,0.0,0.9999998807907104,1.3509551877177728e-07
1.0,0.0,0.9999983310699463,1.5505877399846213e-06
1.0,0.0,0.9999571442604065,4.246849493938498e-05
1.0,0.0,0.9999999403953552,3.626475120199757e-08
1.0,0.0,0.9999837279319763,1.5649980923626572e-05
1.0,0.0,0.9999999403953552,8.45819059236419e-08
1.0,0.0,0.9999988675117493,1.1471569223431288e-06
1.0,0.0,0.9999999403953552,3.071990306580119e-08
1.0,0.0,1.0,1.8125616563224867e-09
1.0,0.0,0.9999999403953552,5.996668761554247e-08
1.0,0.0,0.9999998807907104,9.29909589331146e-08
1.0,0.0,1.0,2.655280760640185e-24
1.0,0.0,1.0,1.1603409788563113e-08
1.0,0.0,0.9999998807907104,1.3693404810055654e-07
1.0,0.0,0.9999992251396179,6.017453415552154e-07
1.0,0.0,0.9999940991401672,5.844046881975373e-06
1.0,0.0,0.9999999403953552,4.1710471521128056e-08
1.0,0.0,0.9999998211860657,1.7166341592655954e-07
1.0,0.0,0.9999997019767761,3.220309565676871e-07
1.0,0.0,0.9999901056289673,9.63224647421157e-06
1.0,0.0,0.9999999403953552,5.2305772157978936e-08
1.0,0.0,0.9999992251396179,7.560427661701397e-07
1.0,0.0,0.9999997019767761,3.092083886713226e-07
1.0,0.0,0.9999968409538269,3.0511018849210814e-06
1.0,0.0,0.9999999403953552,6.39432684579333e-08
1.0,0.0,1.0,1.784077399702433e-11
1.0,0.0,0.9999995231628418,4.636713981653884e-07
1.0,0.0,0.9999997615814209,2.492238593276852e-07
1.0,0.0,0.9999995827674866,4.102459172372619e-07
1.0,0.0,0.999999463558197,4.943769909004914e-07
1.0,0.0,0.999997615814209,2.6154082206630846e-06
1.0,0.0,0.9999999403953552,4.0126728606537654e-08
1.0,0.0,0.9999998807907104,1.1993023463219288e-07
1.0,0.0,0.9999995827674866,4.017137200662546e-07
1.0,0.0,0.9999991655349731,8.281905934381939e-07
1.0,0.0,1.0,0.0
1.0,0.0,0.9999998807907104,1.0664292204864978e-07
1.0,0.0,0.9999995827674866,3.820325957804016e-07
1.0,0.0,0.9999868273735046,1.2889425306639168e-05
1.0,0.0,0.999999463558197,5.003433329875406e-07
1.0,0.0,0.999999463558197,5.127839131091605e-07
1.0,0.0,0.999996542930603,3.3839285151771037e-06
1.0,0.0,0.9999995827674866,4.404226956467028e-07
1.0,0.0,0.9999997019767761,2.635561315855739e-07
1.0,0.0,0.9999999403953552,3.646784918487356e-08
1.0,0.0,0.9999993443489075,6.157627581160341e-07
1.0,0.0,1.0,5.913025069581579e-10
1.0,0.0,0.9999980926513672,1.8975595139636425e-06
1.0,0.0,0.9999998807907104,1.5055422863952117e-07
1.0,0.0,1.0,1.1763789053986784e-08
1.0,0.0,0.9999998807907104,1.0324659882599008e-07
1.0,0.0,0.9999844431877136,1.857672759797424e-05
1.0,0.0,0.999998927116394,1.1237359558435855e-06
1.0,0.0,1.0,1.5335781402619873e-25
1.0,0.0,1.0,0.0
1.0,0.0,1.0,7.523482320982548e-21
1.0,0.0,0.9999992847442627,6.906001317474875e-07
1.0,0.0,0.9999997019767761,3.140495437037316e-07
1.0,0.0,0.9999975562095642,2.3992649857973447e-06
1.0,0.0,0.9999999403953552,5.744326259105037e-08
1.0,0.0,0.999997615814209,2.3312229586736066e-06
1.0,0.0,1.0,1.4775310974712852e-09
1.0,0.0,1.0,2.36724329027993e-09
1.0,0.0,1.0,4.356726091003793e-09
1.0,0.0,0.9999998807907104,1.4191549269071402e-07
1.0,0.0,0.9999168515205383,8.136028191074729e-05
1.0,0.0,1.0,6.591905687969302e-09
1.0,0.0,0.9999999403953552,2.847202473788002e-08
1.0,0.0,1.0,0.0
1.0,0.0,0.9999999403953552,6.087292803158562e-08
1.0,0.0,0.9999998807907104,9.489469476875456e-08
1.0,0.0,1.0,2.1248190762435115e-08
1.0,0.0,1.0,1.3103697499144757e-23
1.0,0.0,0.9999998807907104,1.3505042772976594e-07
1.0,0.0,0.9999983906745911,1.4390739124792162e-06
1.0,0.0,1.0,2.209878280368116e-09
1.0,0.0,1.0,3.0746605261811055e-10
1.0,0.0,1.0,3.2545712791431924e-09
1.0,0.0,1.0,5.981005468669309e-09
1.0,0.0,0.9999989867210388,9.813578571993276e-07
1.0,0.0,0.999994158744812,5.512977622856852e-06
1.0,0.0,0.999622106552124,0.00038455723552033305
1.0,0.0,0.9999988079071045,1.157205474555667e-06
1.0,0.0,0.9999996423721313,3.544655555742793e-07
1.0,0.0,0.9999998211860657,1.63729907853849e-07
1.0,0.0,0.999999463558197,5.060722969574272e-07
1.0,0.0,0.9999995231628418,4.5263163883646484e-07
1.0,0.0,0.9999999403953552,6.215291392663858e-08
1.0,0.0,0.9999999403953552,8.905713144713445e-08
1.0,0.0,1.0,6.972793009651923e-09
1.0,0.0,0.9999961256980896,3.691993697430007e-06
1.0,0.0,0.9999999403953552,6.921753481492487e-08
1.0,0.0,0.9999973773956299,2.4448506792396074e-06
1.0,0.0,0.9999998807907104,8.618732749710034e-08
1.0,0.0,0.9999905228614807,1.1691119652823545e-05
1.0,0.0,0.9999935626983643,6.345162091747625e-06
1.0,0.0,1.0,5.081700393816391e-09
1.0,0.0,0.9999994039535522,6.330309361146647e-07
1.0,0.0,0.9999998211860657,1.5076170711836312e-07
1.0,0.0,0.9999998807907104,1.235834474755393e-07
1.0,0.0,0.999993622303009,6.542782557517057e-06
1.0,0.0,0.9999937415122986,6.042956556484569e-06
1.0,0.0,1.0,0.0
1.0,0.0,1.0,9.220639363149985e-09
1.0,0.0,0.9999991655349731,8.28096631266817e-07
1.0,0.0,0.9999988675117493,1.06328877791384e-06
1.0,0.0,0.9999957084655762,4.5772835619573016e-06
1.0,0.0,1.0,2.53164902375147e-08
1.0,0.0,1.0,1.123952664272565e-08
1.0,0.0,0.9999999403953552,6.387671191987465e-08
1.0,0.0,1.0,4.8294892529554545e-09
1.0,0.0,0.9999996423721313,3.3910475849552313e-07
1.0,0.0,1.0,1.9853489519050527e-08
1.0,0.0,0.9999999403953552,4.1820324980790247e-08
1.0,0.0,0.9999983310699463,1.651747652431368e-06
1.0,0.0,1.0,2.6976748612739243e-10
1.0,0.0,0.9999999403953552,3.331791020855235e-08
1.0,0.0,0.9999967813491821,2.647320570758893e-06
1.0,0.0,0.9999988675117493,1.2634019412871567e-06
1.0,0.0,0.9999998211860657,1.8423433800762723e-07
1.0,0.0,0.9999999403953552,5.192942253984256e-08
1.0,0.0,1.0,1.2828622608651585e-08
1.0,0.0,0.9999997019767761,2.9214822916401317e-07
1.0,0.0,0.9999982118606567,1.713217216092744e-06
1.0,0.0,0.9999966621398926,3.148963287458173e-06
1.0,0.0,0.9999999403953552,3.4971122886418016e-08
1.0,0.0,1.0,1.0502953127836858e-32
1.0,0.0,0.9999999403953552,4.842376810643145e-08
1.0,0.0,1.0,6.650817674369591e-10
1.0,0.0,0.9999996423721313,3.4979808560819947e-07
1.0,0.0,0.9999999403953552,7.463729190249069e-08
1.0,0.0,1.0,1.8913786092866758e-08
1.0,0.0,0.9999988079071045,1.1595431033128989e-06
1.0,0.0,0.9999999403953552,6.712991762469755e-08
1.0,0.0,0.999997615814209,2.3507191144744866e-06
1.0,0.0,0.9999997019767761,2.605648603548616e-07
1.0,0.0,0.9999999403953552,4.549191956471077e-08
1.0,0.0,0.9999980330467224,1.9224924017180456e-06
1.0,0.0,0.9999999403953552,6.859168877326738e-08
1.0,0.0,0.9999995231628418,4.6182100277292193e-07
1.0,0.0,0.9999913573265076,8.60662566992687e-06
1.0,0.0,0.9999997019767761,2.576903739281988e-07
1.0,0.0,0.9999999403953552,9.4101643810518e-08
1.0,0.0,0.9999995827674866,4.3494966917023703e-07
1.0,0.0,0.9999970197677612,2.821378529915819e-06
1.0,0.0,0.9999954104423523,4.387408807815518e-06
1.0,0.0,0.9999998807907104,1.16421425389035e-07
1.0,0.0,1.0,9.126243760704256e-09
1.0,0.0,0.9999998807907104,1.2226368539813848e-07
1.0,0.0,0.9999999403953552,6.874925873034954e-08
1.0,0.0,0.9999997615814209,2.387814674875699e-07
1.0,0.0,0.9999992251396179,6.906884095769783e-07
1.0,0.0,0.9999298453330994,0.00012428779155015945
1.0,0.0,0.9999999403953552,8.06956990118124e-08
1.0,0.0,0.9999959468841553,4.1284120015916415e-06
1.0,0.0,0.9999999403953552,6.170889577106209e-08
1.0,0.0,0.9999974966049194,2.4481241780449636e-06
1.0,0.0,0.9999998807907104,8.662043171625555e-08
1.0,0.0,0.9999998211860657,1.8050180017326056e-07
1.0,0.0,1.0,5.019940019224123e-09
1.0,0.0,1.0,2.875608419657358e-20
1.0,0.0,0.9999999403953552,7.67045662541932e-08
1.0,0.0,1.0,1.566812102282711e-08
1.0,0.0,1.0,5.199461305949171e-09
1.0,0.0,0.9999998211860657,1.7098795979109127e-07
1.0,0.0,0.9999987483024597,1.2233593906785245e-06
1.0,0.0,0.9999998807907104,1.1099415075932484e-07
1.0,0.0,0.9999999403953552,6.353684511850588e-08
1.0,0.0,1.0,9.075349360898599e-09
1.0,0.0,0.9999999403953552,4.329607250497247e-08
1.0,0.0,0.9999921321868896,7.413387265842175e-06
1.0,0.0,1.0,1.3727984027323004e-10
1.0,0.0,0.9999988079071045,1.1084515563197783e-06
1.0,0.0,1.0,3.5158570951105705e-28
1.0,0.0,0.999999463558197,4.923599021822156e-07
1.0,0.0,0.9999999403953552,6.329457136189376e-08
1.0,0.0,0.9999998211860657,1.779689995373701e-07
1.0,0.0,0.9999085068702698,0.00020104844588786364
1.0,0.0,0.9999997615814209,2.5032124995050253e-07
1.0,0.0,1.0,5.273348424594815e-09
1.0,0.0,0.9999994039535522,6.392876343852549e-07
1.0,0.0,1.0,7.768670151619972e-10
1.0,0.0,0.9999997019767761,2.806538645927503e-07
1.0,0.0,0.9999943375587463,5.450546723295702e-06
1.0,0.0,0.9999982118606567,1.723544755805051e-06
1.0,0.0,0.9999998807907104,1.0052399090909603e-07
1.0,0.0,0.9999999403953552,4.501452366412195e-08
1.0,0.0,1.0,1.5434656219781573e-08
1.0,0.0,0.9999997615814209,1.9957063557285437e-07
1.0,0.0,0.9999923706054688,7.336485850828467e-06
1.0,0.0,0.999999463558197,5.328088263922837e-07
1.0,0.0,0.9999978542327881,2.0864511043328093e-06
1.0,0.0,0.9999996423721313,3.560718653261574e-07
1.0,0.0,0.9999996423721313,3.451910401963687e-07
1.0,0.0,0.999999463558197,5.011876851312991e-07
1.0,0.0,0.9999998807907104,1.1347859185661946e-07
1.0,0.0,0.9999943375587463,5.395992957346607e-06
1.0,0.0,0.9999997615814209,2.5579134899089695e-07
1.0,0.0,0.9999999403953552,3.385705227287872e-08
1.0,0.0,0.15055426955223083,0.8562020063400269
1.0,0.0,0.9002165794372559,0.09617304056882858
1.0,0.0,0.9999999403953552,8.581349675296224e-08
1.0,0.0,0.9999999403953552,4.700156353010243e-08
1.0,0.0,1.0,1.0326403065974432e-09
1.0,0.0,1.0,1.0428980345977834e-08
1.0,0.0,0.9999998211860657,2.0350681495528988e-07
1.0,0.0,0.9999993443489075,5.858829013050126e-07
1.0,0.0,1.0,2.519090935848567e-09
1.0,0.0,0.999998152256012,1.8709308733377839e-06
1.0,0.0,0.9999999403953552,7.633560272779505e-08
1.0,0.0,0.9999999403953552,5.34122399642456e-08
1.0,0.0,0.9999998807907104,5.811428849256117e-08
1.0,0.0,0.9999988675117493,1.1130679240523023e-06
1.0,0.0,0.9999991059303284,8.016250490072707e-07
1.0,0.0,1.0,2.411655941614299e-08
1.0,0.0,1.0,1.0990268251021007e-08
1.0,0.0,0.9999942779541016,5.449735908769071e-06
1.0,0.0,0.9999997615814209,1.9389517547097057e-07
1.0,0.0,0.9999995827674866,4.2466180616429483e-07
1.0,0.0,0.9999976754188538,2.0592271994246403e-06
1.0,0.0,1.0,3.6873395864431735e-22
1.0,0.0,0.9999998807907104,1.1426417501070318e-07
1.0,0.0,0.9999995231628418,4.492381719956029e-07
1.0,0.0,1.0,4.7412029857696325e-09
1.0,0.0,0.9999999403953552,9.075353091247962e-08
1.0,0.0,0.9999997615814209,1.9766022774092562e-07
1.0,0.0,0.9999982714653015,1.69134511907032e-06
1.0,0.0,0.9999992847442627,6.523740694319713e-07
1.0,0.0,0.9999997615814209,2.681074136035022e-07
1.0,0.0,0.9999992847442627,6.677624355688749e-07
1.0,0.0,1.0,0.0
1.0,0.0,0.999999463558197,5.120450623508077e-07
1.0,0.0,0.9999998807907104,1.1074356365270432e-07
1.0,0.0,1.0,9.072116884567385e-27
1.0,0.0,0.999999463558197,5.362957722354622e-07
1.0,0.0,1.0,2.1458593124634717e-08
0.0,1.0,2.1237392400230704e-10,1.0
0.0,1.0,2.1115653670022994e-10,1.0
0.0,1.0,0.0,1.0
0.0,1.0,8.721364110897412e-07,0.9999942779541016
0.0,1.0,2.1069186673106088e-10,1.0
0.0,1.0,2.10767028829828e-10,1.0
0.0,1.0,2.1064967825612513e-10,1.0
0.0,1.0,2.1043965181544166e-10,1.0
0.0,1.0,2.106814167568416e-10,1.0
0.0,1.0,2.1180515674679157e-10,1.0
0.0,1.0,2.108643398779364e-10,1.0
0.0,1.0,2.10583397941555e-10,1.0
0.0,1.0,2.1052917742458988e-10,1.0
0.0,1.0,2.1073728873055586e-10,1.0
0.0,1.0,2.110309149649936e-10,1.0
0.0,1.0,2.105556839993028e-10,1.0
0.0,1.0,2.106537028145894e-10,1.0
0.0,1.0,2.117275937907337e-10,1.0
0.0,1.0,2.1082412204886936e-10,1.0
0.0,1.0,5.826833347182122e-16,1.0
0.0,1.0,2.1139873185305191e-10,1.0
0.0,1.0,2.1068986832961656e-10,1.0
0.0,1.0,2.128114351407362e-10,1.0
0.0,1.0,2.105942364938329e-10,1.0
0.0,1.0,2.1082090240209794e-10,1.0
0.0,1.0,2.110566721391649e-10,1.0
0.0,1.0,2.1131608962665638e-10,1.0
0.0,1.0,2.105524782303192e-10,1.0
0.0,1.0,2.1058138566232287e-10,1.0
0.0,1.0,2.1308520226082095e-10,1.0
0.0,1.0,2.117982872418267e-10,1.0
0.0,1.0,2.1118876092351968e-10,1.0
0.0,1.0,2.1072522893295087e-10,1.0
0.0,1.0,0.0,1.0
0.0,1.0,1.306972171732923e-05,0.999951958656311
0.0,1.0,2.1205051603523373e-10,1.0
0.0,1.0,2.1074290923461803e-10,1.0
0.0,1.0,2.1486748491561514e-10,1.0
0.0,1.0,2.1098664482188667e-10,1.0
0.0,1.0,4.17603755395457e-12,1.0
0.0,1.0,7.620736264257744e-10,1.0
0.0,1.0,2.107011093377409e-10,1.0
0.0,1.0,2.1479290568393594e-10,1.0
0.0,1.0,6.134376340227732e-10,1.0
0.0,1.0,2.1062557253870295e-10,1.0
0.0,1.0,2.118188818789335e-10,1.0
0.0,1.0,2.1051552168138699e-10,1.0
0.0,1.0,0.0,1.0
0.0,1.0,2.1067418642939373e-10,1.0
0.0,1.0,2.1073970346563442e-10,1.0
0.0,1.0,2.111694291651034e-10,1.0
0.0,1.0,2.107196084288887e-10,1.0
0.0,1.0,2.10647665976893e-10,1.0
0.0,1.0,2.1080402701212364e-10,1.0
0.0,1.0,2.1077548040260297e-10,1.0
0.0,1.0,2.1077668777014225e-10,1.0
0.0,1.0,2.1056853483081284e-10,1.0
0.0,1.0,9.00953211791937e-17,1.0
0.0,1.0,2.108687668922471e-10,1.0
0.0,1.0,2.1301570229947941e-10,1.0
0.0,1.0,2.10757786223148e-10,1.0
0.0,1.0,2.1076904110906014e-10,1.0
0.0,1.0,2.11429776464378e-10,1.0
0.0,1.0,2.1589861842752356e-10,1.0
0.0,1.0,2.0998858207832427e-10,1.0
0.0,1.0,0.0,1.0
0.0,1.0,2.1147414375199958e-10,1.0
0.0,1.0,2.108916929977056e-10,1.0
0.0,1.0,2.1113599757427437e-10,1.0
0.0,1.0,2.107533592088373e-10,1.0
0.0,1.0,2.0988447091419005e-10,1.0
0.0,1.0,2.111380098535065e-10,1.0
0.0,1.0,2.1195144250807374e-10,1.0
0.0,1.0,2.110309149649936e-10,1.0
0.0,1.0,2.1928346638500074e-10,1.0
0.0,1.0,2.1110660441969742e-10,1.0
0.0,1.0,2.1101159708436512e-10,1.0
0.0,1.0,2.104015295323336e-10,1.0
0.0,1.0,2.107408969553859e-10,1.0
0.0,1.0,2.1132172400850635e-10,1.0
0.0,1.0,2.1066254296542297e-10,1.0
0.0,1.0,5.172114825313656e-08,0.9999997615814209
0.0,1.0,4.416539408131059e-36,1.0
0.0,1.0,2.1147414375199958e-10,1.0
0.0,1.0,2.1308763087368732e-10,1.0
0.0,1.0,2.1093915503200833e-10,1.0
0.0,1.0,2.1069709865706443e-10,1.0
0.0,1.0,2.105709495658914e-10,1.0
0.0,1.0,0.0,1.0
0.0,1.0,2.970258587697838e-13,1.0
0.0,1.0,2.1070994948857447e-10,1.0
0.0,1.0,2.1076863865321371e-10,1.0
0.0,1.0,2.1053681020788417e-10,1.0
0.0,1.0,2.1066333399932802e-10,1.0
0.0,1.0,2.1079074596919156e-10,1.0
0.0,1.0,2.1045129527941242e-10,1.0
0.0,1.0,2.105432356236392e-10,1.0
0.0,1.0,2.1326816701527918e-10,1.0
0.0,1.0,2.1048822407276901e-10,1.0
0.0,1.0,2.1087158408317208e-10,1.0
0.0,1.0,2.1105989178593632e-10,1.0
0.0,1.0,2.1069911093629656e-10,1.0
0.0,1.0,2.1108405301450972e-10,1.0
0.0,1.0,2.1080080736535223e-10,1.0
0.0,1.0,2.1063320532199725e-10,1.0
0.0,1.0,2.1062075694633364e-10,1.0
0.0,1.0,2.1042238784740874e-10,1.0
0.0,1.0,2.106356200570758e-10,1.0
0.0,1.0,6.627149865120682e-14,1.0
0.0,1.0,2.1246954196030288e-10,1.0
0.0,1.0,2.10675393796933e-10,1.0
0.0,1.0,2.1644699921274935e-10,1.0
0.0,1.0,2.1091059454469985e-10,1.0
0.0,1.0,2.1070352407281945e-10,1.0
0.0,1.0,2.1075496903222302e-10,1.0
0.0,1.0,2.1084342605171003e-10,1.0
0.0,1.0,2.11325359988912e-10,1.0
0.0,1.0,2.108671570688614e-10,1.0
0.0,1.0,2.1055648891099565e-10,1.0
0.0,1.0,2.160988332722269e-10,1.0
0.0,1.0,2.1134913263942678e-10,1.0
0.0,1.0,2.1083940149324576e-10,1.0
0.0,1.0,2.1137977479490644e-10,1.0
0.0,1.0,2.006549914512758e-19,1.0
0.0,1.0,2.106095020604215e-10,1.0
0.0,1.0,2.108353908125693e-10,1.0
0.0,1.0,2.1050909626563197e-10,1.0
0.0,1.0,2.1064806843273942e-10,1.0
0.0,1.0,2.106416430169844e-10,1.0
0.0,1.0,1.0241693456590124e-19,1.0
0.0,1.0,2.6861299405741505e-16,1.0
0.0,1.0,2.1077427303506369e-10,1.0
0.0,1.0,2.1183262088886323e-10,1.0
0.0,1.0,2.112806180010196e-10,1.0
0.0,1.0,2.1061191679550006e-10,1.0
0.0,1.0,2.1060388155635934e-10,1.0
0.0,1.0,2.1057817989333927e-10,1.0
0.0,1.0,2.1065811595111228e-10,1.0
0.0,1.0,2.1067861344370442e-10,1.0
0.0,1.0,2.1091099700054627e-10,1.0
0.0,1.0,2.1068825850623085e-10,1.0
0.0,1.0,2.1086192514285784e-10,1.0
0.0,1.0,1.8278328850485082e-10,1.0
0.0,1.0,2.1061433153057862e-10,1.0
0.0,1.0,2.1063441268953653e-10,1.0
0.0,1.0,2.116920666539457e-10,1.0
0.0,1.0,2.1126167482066194e-10,1.0
0.0,1.0,2.1180676657017727e-10,1.0
0.0,1.0,2.114313862877637e-10,1.0
0.0,1.0,2.1066816346948514e-10,1.0
0.0,1.0,2.10656908583573e-10,1.0
0.0,1.0,2.106199520346408e-10,1.0
0.0,1.0,2.1106472125609343e-10,1.0
0.0,1.0,4.814046839114738e-13,1.0
0.0,1.0,2.1060869714872865e-10,1.0
0.0,1.0,2.1167267938437817e-10,1.0
0.0,1.0,2.001792065442487e-10,1.0
0.0,1.0,2.1055447663176352e-10,1.0
0.0,1.0,7.397251013656074e-26,1.0
0.0,1.0,0.0003653705643955618,0.998413622379303
0.0,1.0,1.992166848152621e-10,1.0
0.0,1.0,2.1194011823322256e-10,1.0
0.0,1.0,1.4106572323005954e-37,1.0
0.0,1.0,2.10906972442082e-10,1.0
0.0,1.0,0.0006687273271381855,0.9975106120109558
0.0,1.0,2.2105349495316062e-10,1.0
0.0,1.0,2.1059906596399003e-10,1.0
0.0,1.0,2.1180353304561805e-10,1.0
0.0,1.0,2.1178091225149132e-10,1.0
0.0,1.0,2.0747011053590114e-10,1.0
0.0,1.0,2.5315932683511733e-10,1.0
0.0,1.0,2.120865150168072e-10,1.0
0.0,1.0,7.837337723248794e-11,1.0
0.0,1.0,2.105878110780779e-10,1.0
0.0,1.0,0.0,1.0
0.0,1.0,2.116464364876336e-10,1.0
0.0,1.0,2.1054444299117847e-10,1.0
0.0,1.0,1.2482779867852437e-20,1.0
0.0,1.0,4.64041836640422e-13,1.0
0.0,1.0,2.651992474511644e-07,0.9999986290931702
0.0,1.0,2.107441166021573e-10,1.0
0.0,1.0,2.1088927826262704e-10,1.0
0.0,1.0,2.106601282303444e-10,1.0
0.0,1.0,0.0,1.0
0.0,1.0,2.246098100941504e-34,1.0
0.0,1.0,2.2817056577473238e-10,1.0
0.0,1.0,0.08251737058162689,0.8584847450256348
0.0,1.0,5.843438898717451e-16,1.0
0.0,1.0,2.110232683039115e-10,1.0
0.0,1.0,3.388838123712139e-20,1.0
0.0,1.0,2.1056612009573428e-10,1.0
0.0,1.0,0.0,1.0
0.0,1.0,2.1107036951573122e-10,1.0
0.0,1.0,0.0,1.0
0.0,1.0,2.1058460530909429e-10,1.0
0.0,1.0,2.1076301814915155e-10,1.0
0.0,1.0,2.1322668630752162e-10,1.0
0.0,1.0,6.88782501781693e-32,1.0
0.0,1.0,2.1070513389620515e-10,1.0
0.0,1.0,2.1073084943701303e-10,1.0
0.0,1.0,4.652214660836533e-20,1.0
0.0,1.0,2.105649266059828e-10,1.0
0.0,1.0,2.1035016783965688e-10,1.0
0.0,1.0,2.1023785490292823e-10,1.0
0.0,1.0,2.1016768880777192e-10,1.0
0.0,1.0,2.1044767317679458e-10,1.0
0.0,1.0,2.1032328656467314e-10,1.0
0.0,1.0,2.1020538087945795e-10,1.0
0.0,1.0,2.0999178784730788e-10,1.0
0.0,1.0,2.1020818419259513e-10,1.0
0.0,1.0,2.1037263597811773e-10,1.0
0.0,1.0,2.101905455242914e-10,1.0
0.0,1.0,2.102823748462157e-10,1.0
0.0,1.0,2.1028477570350645e-10,1.0
0.0,1.0,2.1029079866341505e-10,1.0
0.0,1.0,1.6002115188484822e-09,1.0
0.0,1.0,2.1029721020138226e-10,1.0
0.0,1.0,2.1018693729946136e-10,1.0
0.0,1.0,2.102013701987815e-10,1.0
0.0,1.0,2.621897698951159e-10,1.0
0.0,1.0,2.1102125602467936e-10,1.0
0.0,1.0,2.1029560037799655e-10,1.0
0.0,1.0,2.1020256368853296e-10,1.0
0.0,1.0,3.2836277100156686e-13,1.0
0.0,1.0,4.441335490226058e-23,1.0
0.0,1.0,2.1023704999123538e-10,1.0
0.0,1.0,2.1137412653526866e-10,1.0
0.0,1.0,2.1027796170969282e-10,1.0
0.0,1.0,2.1033010055848678e-10,1.0
0.0,1.0,8.186183284211175e-30,1.0
0.0,1.0,2.1028959129587577e-10,1.0
0.0,1.0,2.1571831820832443e-10,1.0
0.0,1.0,2.1023785490292823e-10,1.0
0.0,1.0,2.103814622511635e-10,1.0
0.0,1.0,2.1107358916250263e-10,1.0
0.0,1.0,2.1035176378525478e-10,1.0
0.0,1.0,2.1008272899081248e-10,1.0
0.0,1.0,2.102358426236961e-10,1.0
0.0,1.0,2.1025188534640193e-10,1.0
0.0,1.0,2.1027955765529072e-10,1.0
0.0,1.0,2.1037785402633347e-10,1.0
0.0,1.0,2.1019294638158215e-10,1.0
0.0,1.0,2.507880569879717e-10,1.0
0.0,1.0,2.101392254649781e-10,1.0
0.0,1.0,2.105432356236392e-10,1.0
0.0,1.0,2.1016609286217403e-10,1.0
0.0,1.0,2.1026752561326134e-10,1.0
0.0,1.0,3.1698329755431654e-15,1.0
0.0,1.0,2.1034855801627117e-10,1.0
0.0,1.0,2.102899937517222e-10,1.0
0.0,1.0,2.1017129703260196e-10,1.0
0.0,1.0,2.104280083514709e-10,1.0
0.0,1.0,2.1100032832066518e-10,1.0
0.0,1.0,2.1030843733171878e-10,1.0
0.0,1.0,2.1062557253870295e-10,1.0
0.0,1.0,2.102651247559706e-10,1.0
0.0,1.0,2.104231927591016e-10,1.0
0.0,1.0,2.1037102615473202e-10,1.0
0.0,1.0,2.104617313758439e-10,1.0
0.0,1.0,3.7497586163226515e-05,0.999850332736969
0.0,1.0,2.1019094798013782e-10,1.0
0.0,1.0,2.1037503683540848e-10,1.0
0.0,1.0,2.1040072462064074e-10,1.0
0.0,1.0,2.1034936292796402e-10,1.0
0.0,1.0,2.102964052896894e-10,1.0
0.0,1.0,2.10900547026327e-10,1.0
0.0,1.0,2.1036179742583982e-10,1.0
0.0,1.0,2.1033892683153255e-10,1.0
0.0,1.0,2.1020818419259513e-10,1.0
0.0,1.0,2.103938967490393e-10,1.0
0.0,1.0,2.7192947893439623e-10,1.0
0.0,1.0,2.1032649233365674e-10,1.0
0.0,1.0,2.1024908203326476e-10,1.0
0.0,1.0,2.1059343158214006e-10,1.0
0.0,1.0,7.063394313888693e-11,1.0
0.0,1.0,2.1033852437568612e-10,1.0
0.0,1.0,2.194474879591013e-10,1.0
0.0,1.0,2.1048421339209256e-10,1.0
0.0,1.0,2.1032850461288888e-10,1.0
0.0,1.0,2.10225017949206e-10,1.0
0.0,1.0,2.1010877759852775e-10,1.0
0.0,1.0,2.1720160223205685e-19,1.0
0.0,1.0,2.1026873298080062e-10,1.0
0.0,1.0,2.1248737491763592e-10,1.0
0.0,1.0,2.1022862617403604e-10,1.0
0.0,1.0,2.1054363807948562e-10,1.0
0.0,1.0,2.1176636832986873e-10,1.0
0.0,1.0,2.2218761552839084e-10,1.0
0.0,1.0,2.1046132891999747e-10,1.0
0.0,1.0,2.1050750032003407e-10,1.0
0.0,1.0,2.1042560749418016e-10,1.0
0.0,1.0,2.1035256869694763e-10,1.0
0.0,1.0,2.1039510411657858e-10,1.0
0.0,1.0,2.1047698306464468e-10,1.0
0.0,1.0,2.103120455565488e-10,1.0
0.0,1.0,2.1214800749458362e-10,1.0
0.0,1.0,2.1014644191463816e-10,1.0
0.0,1.0,2.1024146312775827e-10,1.0
0.0,1.0,2.1016047235811186e-10,1.0
0.0,1.0,2.1908906633338887e-10,1.0
0.0,1.0,2.1031085206679734e-10,1.0
0.0,1.0,2.1035899411270265e-10,1.0
0.0,1.0,2.178784791473376e-10,1.0
0.0,1.0,2.10592640548235e-10,1.0
0.0,1.0,2.1021459573056234e-10,1.0
0.0,1.0,1.0556975666986546e-06,0.9999907612800598
0.0,1.0,2.1028757901664363e-10,1.0
0.0,1.0,2.1038587538768638e-10,1.0
0.0,1.0,2.1023545404563748e-10,1.0
0.0,1.0,2.102434615292026e-10,1.0
0.0,1.0,2.104280083514709e-10,1.0
0.0,1.0,2.1085709567270072e-10,1.0
0.0,1.0,2.1041597630944153e-10,1.0
0.0,1.0,2.10342937512209e-10,1.0
0.0,1.0,2.10696696201218e-10,1.0
0.0,1.0,2.103445473355947e-10,1.0
0.0,1.0,2.104633411992296e-10,1.0
0.0,1.0,2.102514828905555e-10,1.0
0.0,1.0,2.1046413223313465e-10,1.0
0.0,1.0,2.1022622531674529e-10,1.0
0.0,1.0,2.1038065733947064e-10,1.0
0.0,1.0,2.102899937517222e-10,1.0
0.0,1.0,3.142368950648233e-05,0.9998893141746521
0.0,1.0,2.1071920597304228e-10,1.0
0.0,1.0,1.8607744323162478e-07,0.9999996423721313
0.0,1.0,2.1057777743749284e-10,1.0
0.0,1.0,2.1025670093877125e-10,1.0
0.0,1.0,2.1039189834759497e-10,1.0
0.0,1.0,4.4969681312068133e-07,0.9999969601631165
0.0,1.0,2.0675967017474008e-23,1.0
0.0,1.0,2.1030603647442803e-10,1.0
0.0,1.0,2.1027796170969282e-10,1.0
0.0,1.0,2.1033572106254894e-10,1.0
0.0,1.0,1.3079271319592107e-16,1.0
0.0,1.0,2.1026111407529413e-10,1.0
0.0,1.0,2.10426412405873e-10,1.0
0.0,1.0,2.215672090244425e-10,1.0
0.0,1.0,2.1047698306464468e-10,1.0
0.0,1.0,2.104970642236026e-10,1.0
0.0,1.0,2.1036580810651628e-10,1.0
0.0,1.0,2.104986601692005e-10,1.0
0.0,1.0,2.103040241951959e-10,1.0
0.0,1.0,2.1048701670522973e-10,1.0
0.0,1.0,2.0974560976938506e-10,1.0
0.0,1.0,2.103365259742418e-10,1.0
0.0,1.0,2.109431795904726e-10,1.0
0.0,1.0,2.101921414698893e-10,1.0
0.0,1.0,2.1029560037799655e-10,1.0
0.0,1.0,2.106368274246151e-10,1.0
0.0,1.0,2.1071759614965657e-10,1.0
0.0,1.0,2.1157177398922755e-10,1.0
0.0,1.0,2.1032608987781032e-10,1.0
0.0,1.0,1.6251453338154794e-35,1.0
0.0,1.0,2.1102528058314363e-10,1.0
0.0,1.0,0.00024417461827397346,0.9992720484733582
0.0,1.0,0.0,1.0
0.0,1.0,2.1055326926422424e-10,1.0
0.0,1.0,2.106187446671015e-10,1.0
0.0,1.0,2.1033892683153255e-10,1.0
0.0,1.0,2.101889357009057e-10,1.0
0.0,1.0,2.104187796225787e-10,1.0
0.0,1.0,2.1020256368853296e-10,1.0
0.0,1.0,2.1038426556430068e-10,1.0
0.0,1.0,2.1034374242390186e-10,1.0
0.0,1.0,2.1077828371574014e-10,1.0
0.0,1.0,2.1060589383559147e-10,1.0
0.0,1.0,1.8040596794222097e-09,1.0
0.0,1.0,2.1029079866341505e-10,1.0
0.0,1.0,2.1037423192371563e-10,1.0
0.0,1.0,2.1024787466572548e-10,1.0
0.0,1.0,2.1034494979144114e-10,1.0
0.0,1.0,2.110413788170007e-10,1.0
0.0,1.0,2.1028356833596717e-10,1.0
0.0,1.0,3.486526111373678e-05,0.9998854994773865
0.0,1.0,8.396271416848122e-13,1.0
0.0,1.0,2.102899937517222e-10,1.0
0.0,1.0,2.1027514451876783e-10,1.0
0.0,1.0,2.1098181535172955e-10,1.0
0.0,1.0,2.1031726360476455e-10,1.0
0.0,1.0,2.1041356157436297e-10,1.0
0.0,1.0,2.1013041306972013e-10,1.0
0.0,1.0,2.1026431984427774e-10,1.0
0.0,1.0,4.91780002340853e-15,1.0
0.0,1.0,2.1025389762563407e-10,1.0
0.0,1.0,2.122767239765011e-10,1.0
0.0,1.0,1.3880465665749853e-09,1.0
0.0,1.0,2.10299611058673e-10,1.0
0.0,1.0,2.1075698131145515e-10,1.0
0.0,1.0,2.1187869514438518e-10,1.0
0.0,1.0,2.1014323614565456e-10,1.0
0.0,1.0,2.1024908203326476e-10,1.0
0.0,1.0,2.1024025576021899e-10,1.0
0.0,1.0,2.101921414698893e-10,1.0
0.0,1.0,2.1021298590717663e-10,1.0
0.0,1.0,2.4432035382795773e-16,1.0
0.0,1.0,2.1037704911464061e-10,1.0
0.0,1.0,2.1028156993452285e-10,1.0
0.0,1.0,2.1030684138612088e-10,1.0
0.0,1.0,3.3530848320781195e-23,1.0
0.0,1.0,1.4191109225236698e-12,1.0
0.0,1.0,2.1025188534640193e-10,1.0
0.0,1.0,2.105894209014636e-10,1.0
0.0,1.0,2.1030041597036586e-10,1.0
0.0,1.0,2.1033171038187248e-10,1.0
0.0,1.0,2.1106634495726695e-10,1.0
0.0,1.0,2.1027034280418633e-10,1.0
0.0,1.0,2.1030523156273517e-10,1.0
0.0,1.0,2.1022743268428457e-10,1.0
0.0,1.0,2.1037503683540848e-10,1.0
0.0,1.0,2.1028197239036928e-10,1.0
0.0,1.0,2.1037904751608494e-10,1.0
0.0,1.0,2.4737417669840056e-10,1.0
0.0,1.0,2.1025228780224836e-10,1.0
0.0,1.0,2.10367417929902e-10,1.0
0.0,1.0,2.1030442665104232e-10,1.0
0.0,1.0,2.1033411123916324e-10,1.0
0.0,1.0,2.1035458097617976e-10,1.0
0.0,1.0,2.1036661301820914e-10,1.0
0.0,1.0,2.1049906262504692e-10,1.0
0.0,1.0,2.1047136256058252e-10,1.0
0.0,1.0,2.1098664482188667e-10,1.0
0.0,1.0,5.4578951136363685e-08,0.999999463558197
0.0,1.0,2.1062035449048722e-10,1.0
0.0,1.0,2.1049785525750764e-10,1.0
0.0,1.0,2.103072438419673e-10,1.0
0.0,1.0,2.119874276118594e-10,1.0
0.0,1.0,2.1032288410882671e-10,1.0
0.0,1.0,2.10419986990118e-10,1.0
0.0,1.0,2.1037463437956205e-10,1.0
0.0,1.0,2.1022261709191525e-10,1.0
0.0,1.0,2.1040032216479432e-10,1.0
0.0,1.0,2.103148627474738e-10,1.0
0.0,1.0,2.1230506241920466e-10,1.0
0.0,1.0,2.1034694819288546e-10,1.0
0.0,1.0,2.1145599160554696e-10,1.0
0.0,1.0,2.104557084159353e-10,1.0
0.0,1.0,2.1026752561326134e-10,1.0
0.0,1.0,2.1034013419907183e-10,1.0
0.0,1.0,2.1047337483981465e-10,1.0
0.0,1.0,2.1053801757542345e-10,1.0
0.0,1.0,2.118678547883506e-17,1.0
0.0,1.0,0.00012433723895810544,0.9995982646942139
0.0,1.0,2.1036380970507196e-10,1.0
0.0,1.0,2.1031927588399668e-10,1.0
0.0,1.0,2.1031566765916665e-10,1.0
0.0,1.0,2.1021018259403945e-10,1.0
0.0,1.0,2.1026592966766344e-10,1.0
0.0,1.0,2.101921414698893e-10,1.0
0.0,1.0,2.1030283070544442e-10,1.0
0.0,1.0,2.1034775310457832e-10,1.0
0.0,1.0,2.1033010055848678e-10,1.0
0.0,1.0,2.1041436648605583e-10,1.0
0.0,1.0,2.1069146427521446e-10,1.0
0.0,1.0,2.103830720745492e-10,1.0
0.0,1.0,2.1039830988556218e-10,1.0
0.0,1.0,2.1093755908641043e-10,1.0
0.0,1.0,2.1043924935959524e-10,1.0
0.0,1.0,2.1060428401220577e-10,1.0
0.0,1.0,2.1015285345260537e-10,1.0
0.0,1.0,1.6899862620434192e-09,1.0
0.0,1.0,0.0,1.0
0.0,1.0,2.106890634179237e-10,1.0
0.0,1.0,2.102543000814805e-10,1.0
0.0,1.0,2.1076944356490657e-10,1.0
0.0,1.0,2.1041275666267012e-10,1.0
0.0,1.0,2.1060146682128078e-10,1.0
0.0,1.0,2.103581892010098e-10,1.0
0.0,1.0,2.1026472230012416e-10,1.0
0.0,1.0,2.1032207919713386e-10,1.0
0.0,1.0,2.10779088627433e-10,1.0
0.0,1.0,2.1024627872012758e-10,1.0
0.0,1.0,2.1043523867891878e-10,1.0
0.0,1.0,6.067723212765941e-09,1.0
0.0,1.0,2.1023384422225178e-10,1.0
0.0,1.0,1.0826609830871803e-08,1.0
0.0,1.0,2.1052234955298843e-10,1.0
0.0,1.0,2.1032288410882671e-10,1.0
0.0,1.0,2.104372370803631e-10,1.0
0.0,1.0,2.1020336860022582e-10,1.0
0.0,1.0,2.102931995207058e-10,1.0
0.0,1.0,2.10227835140131e-10,1.0
0.0,1.0,3.3916680575174496e-10,1.0
0.0,1.0,2.1102004865714008e-10,1.0
0.0,1.0,2.1021739904369952e-10,1.0
0.0,1.0,2.1029360197655222e-10,1.0
0.0,1.0,2.1033572106254894e-10,1.0
0.0,1.0,2.1036340724922553e-10,1.0
0.0,1.0,2.1632194646681313e-10,1.0
0.0,1.0,2.1025309271394121e-10,1.0
0.0,1.0,2.1074010592148085e-10,1.0
0.0,1.0,2.1062677990624223e-10,1.0
0.0,1.0,2.1027514451876783e-10,1.0
0.0,1.0,2.103862778435328e-10,1.0
0.0,1.0,2.1028918884002934e-10,1.0
0.0,1.0,2.10321274285441e-10,1.0
0.0,1.0,2.1037584174710133e-10,1.0
0.0,1.0,2.102651247559706e-10,1.0
0.0,1.0,2.1036941633134632e-10,1.0
0.0,1.0,2.1037584174710133e-10,1.0
0.0,1.0,2.139253080235548e-10,1.0
0.0,1.0,2.1022902862988246e-10,1.0
0.0,1.0,2.0914517340209215e-10,1.0
0.0,1.0,2.1338697475670187e-10,1.0
0.0,1.0,2.1042038944596442e-10,1.0
0.0,1.0,2.104633411992296e-10,1.0
0.0,1.0,2.1032528496611747e-10,1.0
0.0,1.0,2.102386598146211e-10,1.0
0.0,1.0,4.725361293367314e-07,0.9999993443489075
0.0,1.0,2.1367410618644556e-10,1.0
0.0,1.0,2.1040874598199366e-10,1.0
0.0,1.0,2.110035479674366e-10,1.0
0.0,1.0,2.1036782038574842e-10,1.0
0.0,1.0,2.1017770857056917e-10,1.0
0.0,1.0,2.102482771215719e-10,1.0
0.0,1.0,2.1053078724797558e-10,1.0
0.0,1.0,2.1033251529356534e-10,1.0
0.0,1.0,3.4842183513184145e-26,1.0
0.0,1.0,2.1056853483081284e-10,1.0
0.0,1.0,2.0971240022316096e-10,1.0
0.0,1.0,2.1027875274359786e-10,1.0
0.0,1.0,2.105079027758805e-10,1.0
0.0,1.0,2.1075818867899443e-10,1.0
0.0,1.0,2.1028437324766003e-10,1.0
0.0,1.0,2.1042961817485661e-10,1.0
0.0,1.0,2.1029841756892154e-10,1.0
0.0,1.0,2.104894314403083e-10,1.0
0.0,1.0,2.1157903207225104e-10,1.0
0.0,1.0,2.1018413398632418e-10,1.0
0.0,1.0,2.1043523867891878e-10,1.0
0.0,1.0,2.101873397553078e-10,1.0
0.0,1.0,2.1028517815935288e-10,1.0
0.0,1.0,2.1056532906182923e-10,1.0
0.0,1.0,2.100815216232732e-10,1.0
0.0,1.0,2.1051151100071053e-10,1.0
0.0,1.0,2.1028116747867642e-10,1.0
0.0,1.0,2.1037423192371563e-10,1.0
0.0,1.0,2.103874852110721e-10,1.0
0.0,1.0,2.1037664665879419e-10,1.0
0.0,1.0,2.1037102615473202e-10,1.0
0.0,1.0,2.103381219198397e-10,1.0
0.0,1.0,2.102001628312422e-10,1.0
0.0,1.0,2.104079410703008e-10,1.0
0.0,1.0,2.1030684138612088e-10,1.0
0.0,1.0,2.1246467085678233e-10,1.0
0.0,1.0,2.1045490350424245e-10,1.0
0.0,1.0,2.103349161508561e-10,1.0
0.0,1.0,2.1015285345260537e-10,1.0
0.0,1.0,2.102915896973201e-10,1.0
0.0,1.0,2.1048983389615472e-10,1.0
0.0,1.0,2.1029239460901294e-10,1.0
0.0,1.0,2.1019655460641218e-10,1.0
0.0,1.0,2.1033411123916324e-10,1.0
0.0,1.0,2.1048220111286042e-10,1.0
0.0,1.0,2.1021900886708522e-10,1.0
0.0,1.0,2.1043644604645806e-10,1.0
0.0,1.0,1.5243647794704884e-05,0.9999827742576599
0.0,1.0,2.104340313113795e-10,1.0
0.0,1.0,2.1034615715898042e-10,1.0
0.0,1.0,2.104601215524582e-10,1.0
0.0,1.0,2.1034855801627117e-10,1.0
0.0,1.0,2.1499416136272487e-10,1.0
0.0,1.0,2.1028838392833649e-10,1.0
0.0,1.0,2.1040393038962435e-10,1.0
0.0,1.0,2.1027073138224495e-10,1.0
0.0,1.0,3.3540141042669923e-18,1.0
0.0,1.0,2.1331210409147872e-10,1.0
0.0,1.0,2.1041678122113439e-10,1.0
0.0,1.0,2.10246681175974e-10,1.0
0.0,1.0,2.1025549357123197e-10,1.0
0.0,1.0,2.1020538087945795e-10,1.0
0.0,1.0,2.5461791008929424e-10,1.0
0.0,1.0,2.1032689478950317e-10,1.0
0.0,1.0,2.1035176378525478e-10,1.0
0.0,1.0,2.1047537324125898e-10,1.0
0.0,1.0,2.104063451247029e-10,1.0
0.0,1.0,2.103505702955033e-10,1.0
0.0,1.0,2.1034535224728756e-10,1.0
0.0,1.0,2.1038507047599353e-10,1.0
0.0,1.0,1.3129131115618975e-09,1.0
0.0,1.0,2.1048862652861544e-10,1.0
0.0,1.0,2.1022743268428457e-10,1.0
0.0,1.0,2.1046574205652036e-10,1.0
0.0,1.0,2.101079726868349e-10,1.0
0.0,1.0,2.1037423192371563e-10,1.0
0.0,1.0,2.1027715679799996e-10,1.0
0.0,1.0,1.4016817983131612e-31,1.0
0.0,1.0,2.1042681486171944e-10,1.0
0.0,1.0,2.1106755232480623e-10,1.0
0.0,1.0,2.1054162580025348e-10,1.0
0.0,1.0,0.0,1.0
0.0,1.0,2.1030523156273517e-10,1.0
0.0,1.0,2.1046694942405964e-10,1.0
0.0,1.0,2.103862778435328e-10,1.0
0.0,1.0,2.1057898480503212e-10,1.0
0.0,1.0,2.102899937517222e-10,1.0
0.0,1.0,2.1040352793377792e-10,1.0
0.0,1.0,2.102699403483399e-10,1.0
0.0,1.0,2.1035337360864048e-10,1.0
0.0,1.0,0.0,1.0
0.0,1.0,2.117910152810154e-10,1.0
0.0,1.0,2.12045658809501e-10,1.0
0.0,1.0,2.1044206655052022e-10,1.0
0.0,1.0,2.1053681020788417e-10,1.0
0.0,1.0,2.1030964469925806e-10,1.0
0.0,1.0,2.103180685164574e-10,1.0
0.0,1.0,2.1083297607749074e-10,1.0
0.0,1.0,2.1032929564679392e-10,1.0
0.0,1.0,2.1065650612772657e-10,1.0
0.0,1.0,6.426440326071092e-14,1.0
0.0,1.0,2.1030523156273517e-10,1.0
0.0,1.0,2.1047377729566108e-10,1.0
0.0,1.0,2.1026752561326134e-10,1.0
0.0,1.0,2.1050669540834122e-10,1.0
0.0,1.0,2.0758179175572877e-07,0.9999998211860657
0.0,1.0,2.1043122799824232e-10,1.0
0.0,1.0,2.1031004715510448e-10,1.0
0.0,1.0,4.593424945964486e-11,1.0
0.0,1.0,2.1124395288563136e-10,1.0
0.0,1.0,2.1034615715898042e-10,1.0
0.0,1.0,2.1029440688824508e-10,1.0
0.0,1.0,2.1025950425190842e-10,1.0
0.0,1.0,2.1017129703260196e-10,1.0
0.0,1.0,2.1038065733947064e-10,1.0
0.0,1.0,2.1043924935959524e-10,1.0
0.0,1.0,2.105540741759171e-10,1.0
0.0,1.0,2.1178334086435768e-10,1.0
0.0,1.0,8.003341349003741e-18,1.0
0.0,1.0,2.102154006422552e-10,1.0
0.0,1.0,2.1030323316129085e-10,1.0
0.0,1.0,2.1043362885553307e-10,1.0
0.0,1.0,2.171792953808982e-11,1.0
0.0,1.0,3.6612505027733278e-06,0.9999523162841797
0.0,1.0,2.1009033401853117e-10,1.0
0.0,1.0,2.1023223439886607e-10,1.0
0.0,1.0,2.102482771215719e-10,1.0
0.0,1.0,2.102202162346245e-10,1.0
0.0,1.0,2.1019294638158215e-10,1.0
0.0,1.0,2.1020898910428798e-10,1.0
0.0,1.0,6.986070366110653e-05,0.999744176864624
0.0,1.0,2.1016970108700406e-10,1.0
0.0,1.0,2.1005908124038797e-10,1.0
0.0,1.0,2.1014003037667095e-10,1.0
0.0,1.0,2.100234292035097e-10,1.0
0.0,1.0,2.1010315709446559e-10,1.0
0.0,1.0,2.1018171925124562e-10,1.0
0.0,1.0,2.1020578333530437e-10,1.0
0.0,1.0,2.101905455242914e-10,1.0
0.0,1.0,4.554288324243316e-08,0.9999994039535522
0.0,1.0,2.1006869854733878e-10,1.0
0.0,1.0,2.1013722706353377e-10,1.0
0.0,1.0,2.1038908115667e-10,1.0
0.0,1.0,2.100218332579118e-10,1.0
0.0,1.0,2.1013682460768734e-10,1.0
0.0,1.0,2.1068503885945944e-10,1.0
0.0,1.0,2.1007270922801524e-10,1.0
0.0,1.0,2.102218121802224e-10,1.0
0.0,1.0,2.1140719730361468e-10,1.0
0.0,1.0,2.128642123677693e-10,1.0
0.0,1.0,2.1073809364224871e-10,1.0
0.0,1.0,2.10748543616468e-10,1.0
0.0,1.0,2.1013041306972013e-10,1.0
0.0,1.0,2.1001340944071245e-10,1.0
0.0,1.0,2.1014164020005666e-10,1.0
0.0,1.0,6.1247368421391e-07,0.9999851584434509
0.0,1.0,2.100390555925813e-10,1.0
0.0,1.0,2.1003504491190483e-10,1.0
0.0,1.0,2.1029600283384298e-10,1.0
0.0,1.0,2.1004185890571847e-10,1.0
0.0,1.0,5.332587839885018e-21,1.0
0.0,1.0,1.7744978322298266e-05,0.9999810457229614
0.0,1.0,2.1012960815802728e-10,1.0
0.0,1.0,2.1015045259531462e-10,1.0
0.0,1.0,2.1129431537758592e-10,1.0
0.0,1.0,2.101408352883638e-10,1.0
0.0,1.0,2.1011518913649496e-10,1.0
0.0,1.0,2.1011237194556998e-10,1.0
0.0,1.0,2.10075110085306e-10,1.0
0.0,1.0,2.1021900886708522e-10,1.0
0.0,1.0,2.101392254649781e-10,1.0
0.0,1.0,7.129060741499699e-16,1.0
0.0,1.0,2.1007390271776671e-10,1.0
0.0,1.0,2.1037263597811773e-10,1.0
0.0,1.0,2.102326368547125e-10,1.0
0.0,1.0,2.1026111407529413e-10,1.0
0.0,1.0,2.1017931839395487e-10,1.0
0.0,1.0,2.14940306662349e-15,1.0
0.0,1.0,2.1007751094259675e-10,1.0
0.0,1.0,4.806508400179155e-07,0.9999993443489075
0.0,1.0,2.099669604849197e-10,1.0
0.0,1.0,3.355110311531462e-05,0.9997580647468567
0.0,1.0,2.1005508443749932e-10,1.0
0.0,1.0,2.1000060024256584e-10,1.0
0.0,1.0,2.1049142984175262e-10,1.0
0.0,1.0,2.102077817367487e-10,1.0
0.0,1.0,2.1012881712412224e-10,1.0
0.0,1.0,3.2794861908769235e-05,0.9997872114181519
0.0,1.0,2.1010315709446559e-10,1.0
0.0,1.0,2.1018212170709205e-10,1.0
0.0,1.0,5.675364063894333e-28,1.0
0.0,1.0,2.1027234120563065e-10,1.0
0.0,1.0,1.8223431051396337e-14,1.0
0.0,1.0,2.1012480644344578e-10,1.0
0.0,1.0,2.1031085206679734e-10,1.0
0.0,1.0,2.1116780546392988e-10,1.0
0.0,1.0,2.1012960815802728e-10,1.0
0.0,1.0,4.680259910058838e-31,1.0
0.0,1.0,2.1010557182954415e-10,1.0
0.0,1.0,2.1023303931055892e-10,1.0
0.0,1.0,2.101203933069229e-10,1.0
0.0,1.0,2.1004625816445355e-10,1.0
0.0,1.0,2.1025710339461767e-10,1.0
0.0,1.0,2.100658952342016e-10,1.0
0.0,1.0,2.1009113893022402e-10,1.0
0.0,1.0,2.1022983354157532e-10,1.0
0.0,1.0,2.1026633212350987e-10,1.0
0.0,1.0,2.1025028940080404e-10,1.0
0.0,1.0,2.103180685164574e-10,1.0
0.0,1.0,2.1016327567124904e-10,1.0
0.0,1.0,2.104248025824873e-10,1.0
0.0,1.0,2.1008512984810324e-10,1.0
0.0,1.0,2.1009835537988408e-10,1.0
0.0,1.0,2.100735141397081e-10,1.0
0.0,1.0,2.0972600045521261e-10,1.0
0.0,1.0,2.1031085206679734e-10,1.0
0.0,1.0,2.1013281392701089e-10,1.0
0.0,1.0,2.1006789363564593e-10,1.0
0.0,1.0,2.1015125750700747e-10,1.0
0.0,1.0,2.1014003037667095e-10,1.0
0.0,1.0,2.1014484596904026e-10,1.0
0.0,1.0,2.1012319662006007e-10,1.0
0.0,1.0,2.1012400153175292e-10,1.0
0.0,1.0,2.102839707918136e-10,1.0
0.0,1.0,2.100454671305485e-10,1.0
0.0,1.0,2.101159801704e-10,1.0
0.0,1.0,2.1023144336496102e-10,1.0
0.0,1.0,2.1001661520969606e-10,1.0
0.0,1.0,2.100939422433612e-10,1.0
0.0,1.0,2.1030001351451943e-10,1.0
0.0,1.0,7.804002734049033e-25,1.0
0.0,1.0,2.1012720730073653e-10,1.0
0.0,1.0,2.1009113893022402e-10,1.0
0.0,1.0,2.1010396200615844e-10,1.0
0.0,1.0,2.103349161508561e-10,1.0
0.0,1.0,2.1008833561708684e-10,1.0
0.0,1.0,2.100783158542896e-10,1.0
0.0,1.0,2.1008633721564252e-10,1.0
0.0,1.0,2.1012079576276932e-10,1.0
0.0,1.0,2.1021058504988588e-10,1.0
0.0,1.0,2.1027073138224495e-10,1.0
0.0,1.0,2.101985668856443e-10,1.0
0.0,1.0,2.118528269479114e-10,1.0
0.0,1.0,2.1109693160159537e-10,1.0
0.0,1.0,2.1026030916360128e-10,1.0
0.0,1.0,2.100174201213889e-10,1.0
0.0,1.0,2.369246976741124e-05,0.9999741315841675
0.0,1.0,2.1034936292796402e-10,1.0
0.0,1.0,2.1003183914292123e-10,1.0
0.0,1.0,2.1006309192106443e-10,1.0
0.0,1.0,2.101143842248021e-10,1.0
0.0,1.0,2.364608064288635e-20,1.0
0.0,1.0,2.101640805829419e-10,1.0
0.0,1.0,2.100703083707245e-10,1.0
0.0,1.0,2.1001340944071245e-10,1.0
0.0,1.0,8.31342393858825e-28,1.0
0.0,1.0,1.8072167907675664e-14,1.0
0.0,1.0,2.1008553230394966e-10,1.0
0.0,1.0,2.113402647330176e-10,1.0
0.0,1.0,2.1039911479725504e-10,1.0
0.0,1.0,3.575060645744088e-06,0.9999940991401672
0.0,1.0,2.1008232653496606e-10,1.0
0.0,1.0,2.1023344176640535e-10,1.0
0.0,1.0,2.103365259742418e-10,1.0
0.0,1.0,2.1000540195714734e-10,1.0
0.0,1.0,2.1004907535537853e-10,1.0
0.0,1.0,2.1168075625688232e-10,1.0
0.0,1.0,2.1038065733947064e-10,1.0
0.0,1.0,2.421976679216926e-35,1.0
0.0,1.0,2.1007430517361314e-10,1.0
0.0,1.0,2.1056772991911998e-10,1.0
0.0,1.0,2.1020737928090227e-10,1.0
0.0,1.0,2.0999418870459863e-10,1.0
0.0,1.0,2.1003264405461408e-10,1.0
0.0,1.0,2.1030442665104232e-10,1.0
0.0,1.0,2.1017851348226202e-10,1.0
0.0,1.0,2.101424451117495e-10,1.0
0.0,1.0,2.1032207919713386e-10,1.0
0.0,1.0,2.10062689465218e-10,1.0
0.0,1.0,2.1067780853201157e-10,1.0
0.0,1.0,2.1029519792215012e-10,1.0
0.0,1.0,2.1011839490547857e-10,1.0
0.0,1.0,2.10946399237244e-10,1.0
0.0,1.0,2.1225890489695587e-10,1.0
0.0,1.0,2.1009595452259333e-10,1.0
0.0,1.0,2.542539234706709e-10,1.0
0.0,1.0,2.100955520667469e-10,1.0
0.0,1.0,2.1023464913394463e-10,1.0
0.0,1.0,2.1021780149954594e-10,1.0
0.0,1.0,2.0972761027859832e-10,1.0
0.0,1.0,2.1004145644987204e-10,1.0
0.0,1.0,2.1004306627325775e-10,1.0
0.0,1.0,2.1015605922158898e-10,1.0
0.0,1.0,2.1028838392833649e-10,1.0
0.0,1.0,2.1009835537988408e-10,1.0
0.0,1.0,2.100923462977633e-10,1.0
0.0,1.0,2.101344237503966e-10,1.0
0.0,1.0,2.1058460530909429e-10,1.0
0.0,1.0,2.505459164789392e-12,1.0
0.0,1.0,2.1089853474709486e-10,1.0
0.0,1.0,2.1010516937369772e-10,1.0
0.0,1.0,2.1013361883870374e-10,1.0
0.0,1.0,6.196977665240411e-06,0.9999892711639404
0.0,1.0,2.100438573071628e-10,1.0
0.0,1.0,2.1011037354412565e-10,1.0
0.0,1.0,2.1049906262504692e-10,1.0
0.0,1.0,2.1007712236453813e-10,1.0
0.0,1.0,2.1001661520969606e-10,1.0
0.0,1.0,2.102386598146211e-10,1.0
0.0,1.0,2.1014363860150098e-10,1.0
0.0,1.0,2.1006829609149236e-10,1.0
0.0,1.0,2.100847273922568e-10,1.0
0.0,1.0,2.1003945804842772e-10,1.0
0.0,1.0,2.1022100726852955e-10,1.0
0.0,1.0,2.101592788683604e-10,1.0
0.0,1.0,2.1021820395539237e-10,1.0
0.0,1.0,2.101203933069229e-10,1.0
0.0,1.0,2.1001181349511455e-10,1.0
0.0,1.0,2.10087530705394e-10,1.0
0.0,1.0,2.1016929863115763e-10,1.0
0.0,1.0,2.1017770857056917e-10,1.0
0.0,1.0,2.0364774755421422e-08,1.0
0.0,1.0,2.108731939065578e-10,1.0
0.0,1.0,2.1084986534525285e-10,1.0
0.0,1.0,2.1087399881825064e-10,1.0
0.0,1.0,2.1073889855394157e-10,1.0
0.0,1.0,2.1108727266128113e-10,1.0
0.0,1.0,2.1075899359068728e-10,1.0
0.0,1.0,2.1056732746327356e-10,1.0
0.0,1.0,2.1072683875633658e-10,1.0
0.0,1.0,2.1158105822927098e-10,1.0
0.0,1.0,2.1077105338829227e-10,1.0
0.0,1.0,2.1101642655452224e-10,1.0
0.0,1.0,2.1086836443640067e-10,1.0
0.0,1.0,2.1058058075063002e-10,1.0
0.0,1.0,2.113539759873717e-10,1.0
0.0,1.0,2.118702019382468e-10,1.0
0.0,1.0,2.1085308499202426e-10,1.0
0.0,1.0,2.1196154553759783e-10,1.0
0.0,1.0,1.7215623415722803e-07,0.9999998211860657
0.0,1.0,1.7127209650524833e-09,1.0
0.0,1.0,2.111094216106224e-10,1.0
0.0,1.0,2.1069307409860016e-10,1.0
0.0,1.0,2.1078794265605438e-10,1.0
0.0,1.0,2.1184919096750576e-10,1.0
0.0,1.0,2.1073084943701303e-10,1.0
0.0,1.0,7.198176263045752e-06,0.999992311000824
0.0,1.0,2.1066214050957655e-10,1.0
0.0,1.0,2.107196084288887e-10,1.0
0.0,1.0,2.1109411441067039e-10,1.0
0.0,1.0,1.6571218841576751e-09,1.0
0.0,1.0,5.3553089855995495e-06,0.9999926090240479
0.0,1.0,2.1133784999793903e-10,1.0
0.0,1.0,2.10906972442082e-10,1.0
0.0,1.0,2.1036580810651628e-10,1.0
0.0,1.0,2.1247925641176835e-10,1.0
0.0,1.0,2.1109854142498108e-10,1.0
0.0,1.0,2.106629454212694e-10,1.0
0.0,1.0,2.1129592520097162e-10,1.0
0.0,1.0,2.136814475361959e-10,1.0
0.0,1.0,2.129547788110031e-10,1.0
0.0,1.0,2.1080884260449295e-10,1.0
0.0,1.0,2.1071316913534588e-10,1.0
0.0,1.0,2.1113076564827082e-10,1.0
0.0,1.0,5.0543653742352035e-06,0.9999949932098389
0.0,1.0,2.1149430817768433e-10,1.0
0.0,1.0,4.734527294658619e-07,0.9999995231628418
0.0,1.0,1.6293996623062412e-06,0.9999982714653015
0.0,1.0,3.324395692061444e-08,0.9999999403953552
0.0,1.0,6.500311844348516e-09,1.0
0.0,1.0,0.009787550196051598,0.9813243746757507
0.0,1.0,1.6590811924288573e-07,0.9999998211860657
0.0,1.0,1.4553386051829875e-07,0.9999998211860657
0.0,1.0,2.924930981862417e-07,0.9999996423721313
0.0,1.0,2.830272194387362e-07,0.9999996423721313
0.0,1.0,2.2944342958908237e-07,0.9999997019767761
0.0,1.0,7.292682084880653e-07,0.9999992251396179
0.0,1.0,5.439255232886353e-07,0.9999993443489075
0.0,1.0,2.1068825850623085e-10,1.0
0.0,1.0,2.106231578036244e-10,1.0
0.0,1.0,2.1064405775206296e-10,1.0
0.0,1.0,2.106552987601873e-10,1.0
0.0,1.0,2.1086232759870427e-10,1.0
0.0,1.0,2.1077346812337083e-10,1.0
0.0,1.0,2.1142412820474021e-10,1.0
0.0,1.0,2.107774788040473e-10,1.0
0.0,1.0,2.1132011418512064e-10,1.0
0.0,1.0,2.1070754863128371e-10,1.0
0.0,1.0,3.10973859996011e-07,0.9999996423721313
0.0,1.0,2.1107117442742407e-10,1.0
0.0,1.0,2.1064887334443227e-10,1.0
0.0,1.0,2.1099791358558662e-10,1.0
0.0,1.0,2.113241387435849e-10,1.0
0.0,1.0,2.1076140832576584e-10,1.0
0.0,1.0,2.1105184266900778e-10,1.0
0.0,1.0,2.109295099694819e-10,1.0
0.0,1.0,2.1474784450692397e-10,1.0
0.0,1.0,2.108719865390185e-10,1.0
0.0,1.0,2.106721880279494e-10,1.0
0.0,1.0,2.107441166021573e-10,1.0
0.0,1.0,2.1086997425978637e-10,1.0
0.0,1.0,2.1056291432675067e-10,1.0
0.0,1.0,2.1058259302986215e-10,1.0
0.0,1.0,4.297610303183319e-07,0.9999995827674866
0.0,1.0,2.1111465353662595e-10,1.0
0.0,1.0,2.1109612668990252e-10,1.0
0.0,1.0,1.4971634243465815e-07,0.9999998211860657
0.0,1.0,2.108643398779364e-10,1.0
0.0,1.0,2.1087560864163635e-10,1.0
0.0,1.0,2.1066655364609943e-10,1.0
0.0,1.0,2.105111085448641e-10,1.0
0.0,1.0,2.1139469341679984e-10,1.0
0.0,1.0,2.1116458581715847e-10,1.0
0.0,1.0,2.1042238784740874e-10,1.0
0.0,1.0,2.1088203405739137e-10,1.0
0.0,1.0,2.1100113323235803e-10,1.0
0.0,1.0,2.1058982335731002e-10,1.0
0.0,1.0,2.1689167128968734e-10,1.0
0.0,1.0,2.10687453594538e-10,1.0
0.0,1.0,5.960131499449517e-09,1.0
0.0,1.0,2.1091099700054627e-10,1.0
0.0,1.0,2.1067700362031871e-10,1.0
0.0,1.0,2.1076140832576584e-10,1.0
0.0,1.0,2.10592640548235e-10,1.0
0.0,1.0,3.340158798437187e-07,0.9999996423721313
0.0,1.0,2.1101924374544723e-10,1.0
0.0,1.0,2.1097175395556889e-10,1.0
0.0,1.0,2.10730058403108e-10,1.0
0.0,1.0,2.1063763233630795e-10,1.0
0.0,1.0,2.1106069669762917e-10,1.0
0.0,1.0,1.749269173956236e-08,0.9999999403953552
0.0,1.0,2.1058541022078714e-10,1.0
0.0,1.0,2.107517632632394e-10,1.0
0.0,1.0,2.1168318486974869e-10,1.0
0.0,1.0,2.0929961930260532e-10,1.0
0.0,1.0,2.1102367075975792e-10,1.0
0.0,1.0,2.1070513389620515e-10,1.0
0.0,1.0,2.1048260356870685e-10,1.0
0.0,1.0,2.1076422551669083e-10,1.0
0.0,1.0,2.1100797498174728e-10,1.0
0.0,1.0,2.1102246339221864e-10,1.0
0.0,1.0,2.1081809908896076e-10,1.0
0.0,1.0,2.1080844014864653e-10,1.0
0.0,1.0,2.1096974167633675e-10,1.0
0.0,1.0,2.1096611957371891e-10,1.0
0.0,1.0,2.108993396587877e-10,1.0
0.0,1.0,2.1052998233628273e-10,1.0
0.0,1.0,2.1057977583893717e-10,1.0
0.0,1.0,2.109053626186963e-10,1.0
0.0,1.0,2.1065128807951083e-10,1.0
0.0,1.0,2.1102769531822219e-10,1.0
0.0,1.0,2.128256459954514e-10,1.0
0.0,1.0,1.0618209192762504e-13,1.0
0.0,1.0,2.110462082871578e-10,1.0
0.0,1.0,2.1071155931196017e-10,1.0
0.0,1.0,2.108402064049386e-10,1.0
0.0,1.0,2.1076622391813515e-10,1.0
0.0,1.0,2.1094841151647614e-10,1.0
0.0,1.0,2.1105103775731493e-10,1.0
0.0,1.0,2.1162505081662175e-10,1.0
0.0,1.0,2.1070513389620515e-10,1.0
0.0,1.0,2.1053640775203775e-10,1.0
0.0,1.0,2.110808333677383e-10,1.0
0.0,1.0,2.1096370483864035e-10,1.0
0.0,1.0,2.1068262412438088e-10,1.0
0.0,1.0,2.1065410527043582e-10,1.0
0.0,1.0,6.834612320538724e-10,1.0
0.0,1.0,2.1065650612772657e-10,1.0
0.0,1.0,2.1050107490427905e-10,1.0
0.0,1.0,2.108112573395715e-10,1.0
0.0,1.0,2.110655261677863e-10,1.0
0.0,1.0,2.1071075440026732e-10,1.0
0.0,1.0,2.1051151100071053e-10,1.0
0.0,1.0,2.109645097503332e-10,1.0
0.0,1.0,2.1090616753038915e-10,1.0
0.0,1.0,2.1056772991911998e-10,1.0
0.0,1.0,2.1122259497019513e-10,1.0
0.0,1.0,2.1077105338829227e-10,1.0
0.0,1.0,2.1051632659307984e-10,1.0
0.0,1.0,2.104773855204911e-10,1.0
0.0,1.0,2.1135719563414312e-10,1.0
0.0,1.0,2.1072683875633658e-10,1.0
0.0,1.0,2.1253925008846153e-10,1.0
0.0,1.0,2.1075818867899443e-10,1.0
0.0,1.0,2.1084342605171003e-10,1.0
0.0,1.0,2.1115573178853708e-10,1.0
0.0,1.0,2.107746754909101e-10,1.0
0.0,1.0,2.1068825850623085e-10,1.0
0.0,1.0,2.1089853474709486e-10,1.0
0.0,1.0,2.762469246408994e-11,1.0
0.0,1.0,2.1093995994370118e-10,1.0
0.0,1.0,2.1095766800094395e-10,1.0
0.0,1.0,2.1075496903222302e-10,1.0
0.0,1.0,2.1079758771858081e-10,1.0
0.0,1.0,1.9649988233783056e-11,1.0
0.0,1.0,2.11006767614208e-10,1.0
0.0,1.0,2.1075376166468374e-10,1.0
0.0,1.0,2.1078391809759012e-10,1.0
0.0,1.0,2.1087601109748277e-10,1.0
0.0,1.0,2.1060227173297363e-10,1.0
0.0,1.0,2.2172531866093692e-10,1.0
0.0,1.0,2.1056130450336497e-10,1.0
0.0,1.0,2.1083015888656575e-10,1.0
0.0,1.0,2.107895524794401e-10,1.0
0.0,1.0,2.106062962914379e-10,1.0
0.0,1.0,2.1061513644227148e-10,1.0
0.0,1.0,6.267232566248282e-11,1.0
0.0,1.0,2.1062879218547437e-10,1.0
0.0,1.0,2.1063119304276512e-10,1.0
0.0,1.0,2.1077828371574014e-10,1.0
0.0,1.0,2.1069146427521446e-10,1.0
0.0,1.0,2.10583397941555e-10,1.0
0.0,1.0,1.0992020175593573e-17,1.0
0.0,1.0,1.0614948919851486e-09,1.0
0.0,1.0,2.1134712036019465e-10,1.0
0.0,1.0,2.106552987601873e-10,1.0
0.0,1.0,2.1112270265355448e-10,1.0
0.0,1.0,2.1059745614060432e-10,1.0
0.0,1.0,2.1077668777014225e-10,1.0
0.0,1.0,2.106934765544466e-10,1.0
0.0,1.0,2.1053318810526633e-10,1.0
0.0,1.0,2.1105626968331848e-10,1.0
0.0,1.0,2.1061433153057862e-10,1.0
0.0,1.0,2.1134671790434822e-10,1.0
0.0,1.0,2.8871843937849917e-07,0.9999997019767761
0.0,1.0,2.1053801757542345e-10,1.0
0.0,1.0,2.1091180191223913e-10,1.0
0.0,1.0,2.1118674864428755e-10,1.0
0.0,1.0,3.553865610683715e-07,0.9999996423721313
0.0,1.0,2.1065650612772657e-10,1.0
0.0,1.0,2.1050669540834122e-10,1.0
0.0,1.0,2.1086232759870427e-10,1.0
0.0,1.0,2.108856561600092e-10,1.0
0.0,1.0,2.1083779166986005e-10,1.0
0.0,1.0,2.1058861598977074e-10,1.0
0.0,1.0,2.549371824756008e-10,1.0
0.0,1.0,2.3509533209065125e-10,1.0
0.0,1.0,2.6741300840349425e-10,1.0
0.0,1.0,2.3439239438260984e-10,1.0
0.0,1.0,2.268725901588553e-10,1.0
0.0,1.0,1.7595891084274602e-27,1.0
0.0,1.0,2.4647178742398523e-10,1.0
0.0,1.0,2.368312213008039e-10,1.0
0.0,1.0,2.760932316103748e-10,1.0
0.0,1.0,2.374594965104393e-10,1.0
0.0,1.0,2.3581298025376896e-10,1.0
0.0,1.0,2.724174497092946e-10,1.0
0.0,1.0,2.312501856671645e-10,1.0
0.0,1.0,2.322230324702801e-10,1.0
0.0,1.0,2.2982639402702176e-10,1.0
0.0,1.0,2.356619066556931e-10,1.0
0.0,1.0,2.384202557603743e-10,1.0
0.0,1.0,1.2698828167053093e-18,1.0
0.0,1.0,2.370486029690255e-10,1.0
0.0,1.0,2.329870185668881e-10,1.0
0.0,1.0,2.368136242658636e-10,1.0
0.0,1.0,2.5985530394123657e-10,1.0
0.0,1.0,2.3607310550843863e-10,1.0
0.0,1.0,2.4107521534588727e-10,1.0
0.0,1.0,2.3829069273340053e-10,1.0
0.0,1.0,9.68426894232266e-10,1.0
0.0,1.0,0.09859222918748856,0.871649980545044
0.0,1.0,2.3171201068983294e-10,1.0
0.0,1.0,1.0365643239584887e-11,1.0
0.0,1.0,2.3201185417320858e-10,1.0
0.0,1.0,5.047119167045366e-09,1.0
0.0,1.0,2.3436244611652057e-10,1.0
0.0,1.0,2.3229879131392295e-10,1.0
0.0,1.0,2.273794347251723e-10,1.0
0.0,1.0,2.4163729350767937e-10,1.0
0.0,1.0,2.355423911470922e-10,1.0
0.0,1.0,2.3111526581409692e-10,1.0
0.0,1.0,2.3278312610841567e-10,1.0
0.0,1.0,2.309989144411162e-10,1.0
0.0,1.0,2.309301916358919e-10,1.0
0.0,1.0,2.313869651437983e-10,1.0
0.0,1.0,3.092416600569692e-10,1.0
0.0,1.0,2.3392343617700817e-10,1.0
0.0,1.0,2.5274732307067893e-10,1.0
0.0,1.0,2.415451449966355e-10,1.0
0.0,1.0,2.339671789641784e-10,1.0
0.0,1.0,2.4012847266163817e-10,1.0
0.0,1.0,2.346205174585947e-10,1.0
0.0,1.0,5.910132629550165e-31,1.0
0.0,1.0,2.280013400302039e-10,1.0
0.0,1.0,2.3061635934240599e-10,1.0
0.0,1.0,2.333797322062736e-10,1.0
0.0,1.0,2.346388638940766e-10,1.0
0.0,1.0,2.3820709293964626e-10,1.0
0.0,1.0,2.4320431779578655e-10,1.0
0.0,1.0,3.3917069153233115e-10,1.0
0.0,1.0,2.3116464298311712e-10,1.0
0.0,1.0,2.3943330651476913e-10,1.0
0.0,1.0,4.829524909329141e-13,1.0
0.0,1.0,2.2909374397528381e-10,1.0
0.0,1.0,2.318552572155852e-10,1.0
0.0,1.0,2.5018559446365884e-10,1.0
0.0,1.0,3.851121921361056e-10,1.0
0.0,1.0,2.3531337989268764e-10,1.0
0.0,1.0,2.3573024088285877e-10,1.0
0.0,1.0,2.3236482182831253e-10,1.0
0.0,1.0,2.3198308551908298e-10,1.0
0.0,1.0,2.346276783971035e-10,1.0
0.0,1.0,2.2982990510733714e-10,1.0
0.0,1.0,2.35816588478599e-10,1.0
0.0,1.0,2.3545881910891353e-10,1.0
0.0,1.0,4.4745943061919036e-10,1.0
0.0,1.0,2.3494919898503497e-10,1.0
0.0,1.0,1.8888167687691748e-05,0.9999200105667114
0.0,1.0,2.3072325994188958e-10,1.0
0.0,1.0,2.3822160910569323e-10,1.0
0.0,1.0,6.093628656362292e-37,1.0
0.0,1.0,2.375319663183717e-10,1.0
0.0,1.0,3.039799167936508e-08,1.0
0.0,1.0,2.3235728618953289e-10,1.0
0.0,1.0,1.1307036418273242e-09,1.0
0.0,1.0,2.3559898476577246e-10,1.0
0.0,1.0,2.3548937799766634e-10,1.0
0.0,1.0,2.3621271605378524e-10,1.0
0.0,1.0,3.299933268863242e-06,0.9999871253967285
0.0,1.0,2.6233581973400533e-10,1.0
0.0,1.0,2.3274450422494652e-10,1.0
0.0,1.0,2.367178675299897e-10,1.0
0.0,1.0,2.366853657509438e-10,1.0
0.0,1.0,3.0581370602451837e-22,1.0
0.0,1.0,2.4482021965255285e-10,1.0
0.0,1.0,2.3298657447767823e-10,1.0
0.0,1.0,2.8570404375649616e-10,1.0
0.0,1.0,2.310090452262159e-10,1.0
0.0,1.0,2.394369702507504e-10,1.0
0.0,1.0,2.375582508484797e-10,1.0
0.0,1.0,2.3374638336015607e-10,1.0
0.0,1.0,2.2965548907016853e-10,1.0
0.0,1.0,2.4024301992220387e-10,1.0
0.0,1.0,2.4258720032754866e-10,1.0
0.0,1.0,2.3449925334873e-10,1.0
0.0,1.0,2.414871080880232e-10,1.0
0.0,1.0,4.063632763617875e-10,1.0
0.0,1.0,2.2844839908664483e-10,1.0
0.0,1.0,2.3770146961865635e-10,1.0
0.0,1.0,2.348277960972922e-10,1.0
0.0,1.0,2.3223765965862952e-10,1.0
0.0,1.0,2.453957315129429e-10,1.0
0.0,1.0,2.3163512774537764e-10,1.0
0.0,1.0,2.3470375642986596e-10,1.0
0.0,1.0,9.547924126295434e-17,1.0
0.0,1.0,2.332996296150469e-10,1.0
0.0,1.0,2.2893256734768386e-10,1.0
0.0,1.0,2.370187657252387e-10,1.0
0.0,1.0,2.4694613021125633e-10,1.0
0.0,1.0,2.3525234538190887e-10,1.0
0.0,1.0,2.4916033125599313e-10,1.0
0.0,1.0,2.3686963501745595e-10,1.0
0.0,1.0,2.37085684418048e-10,1.0
0.0,1.0,2.3997556719557167e-10,1.0
0.0,1.0,2.3739565868652335e-10,1.0
0.0,1.0,5.7440315355441595e-15,1.0
0.0,1.0,2.341251914561582e-10,1.0
0.0,1.0,2.4334304016271346e-10,1.0
0.0,1.0,2.453442449201759e-10,1.0
0.0,1.0,2.3655674641354096e-10,1.0
0.0,1.0,2.366321028013374e-10,1.0
0.0,1.0,2.312193214670799e-10,1.0
0.0,1.0,2.3012686201084875e-10,1.0
0.0,1.0,2.444688618208346e-10,1.0
0.0,1.0,2.351356886975964e-10,1.0
0.0,1.0,2.299061913069167e-10,1.0
0.0,1.0,2.5117583013489764e-10,1.0
0.0,1.0,2.397806397880231e-10,1.0
0.0,1.0,2.3337928811706377e-10,1.0
0.0,1.0,2.405373678016076e-10,1.0
0.0,1.0,3.6790311241929885e-07,0.9999989867210388
0.0,1.0,2.477363314490333e-10,1.0
0.0,1.0,2.2921263498343336e-10,1.0
0.0,1.0,2.3384491565359156e-10,1.0
0.0,1.0,0.0,1.0
0.0,1.0,2.3100948931542575e-10,1.0
0.0,1.0,2.324548054044584e-10,1.0
0.0,1.0,2.351177585957487e-10,1.0
0.0,1.0,2.3431728779499394e-10,1.0
0.0,1.0,2.7045374273448886e-10,1.0
0.0,1.0,2.3648230595973985e-10,1.0
0.0,1.0,2.3092579237715682e-10,1.0
0.0,1.0,2.397367582229748e-10,1.0
0.0,1.0,1.6747251363469218e-09,1.0
0.0,1.0,2.3398413762087955e-10,1.0
0.0,1.0,2.3684704197890483e-10,1.0
0.0,1.0,2.305305946137537e-10,1.0
0.0,1.0,2.403796051098084e-10,1.0
0.0,1.0,2.3415691607908684e-10,1.0
0.0,1.0,2.028272913322558e-21,1.0
0.0,1.0,2.840457313801892e-10,1.0
0.0,1.0,2.4273530407903365e-10,1.0
0.0,1.0,2.339055893418873e-10,1.0
0.0,1.0,2.4185678459964777e-10,1.0
0.0,1.0,1.6666443725263276e-20,1.0
0.0,1.0,2.330483583889986e-10,1.0
0.0,1.0,1.198981625094575e-08,1.0
0.0,1.0,2.3105267699108367e-10,1.0
0.0,1.0,3.112823261375764e-35,1.0
0.0,1.0,2.381221331226868e-10,1.0
0.0,1.0,2.387456343733163e-10,1.0
0.0,1.0,5.576449302324704e-10,1.0
0.0,1.0,2.374594965104393e-10,1.0
0.0,1.0,2.34855107583698e-10,1.0
0.0,1.0,2.6477436909644325e-10,1.0
0.0,1.0,7.755369324513595e-08,0.9999999403953552
0.0,1.0,2.4258489661477256e-10,1.0
0.0,1.0,2.3039960217463573e-10,1.0
0.0,1.0,4.920767682214944e-10,1.0
0.0,1.0,2.350043215582076e-10,1.0
0.0,1.0,2.3359128520361594e-10,1.0
0.0,1.0,2.3942373084118174e-10,1.0
0.0,1.0,2.2868075488791106e-10,1.0
0.0,1.0,6.770921503105153e-35,1.0
0.0,1.0,2.358840622829206e-10,1.0
0.0,1.0,2.429368095580031e-10,1.0
0.0,1.0,2.309522156851429e-10,1.0
0.0,1.0,2.3271742866093348e-10,1.0
0.0,1.0,2.396517151392885e-10,1.0
0.0,1.0,2.3200742715889788e-10,1.0
0.0,1.0,2.36811792397873e-10,1.0
0.0,1.0,2.445015023777586e-10,1.0
0.0,1.0,2.3993346198736276e-10,1.0
0.0,1.0,2.3385116065810507e-10,1.0
0.0,1.0,0.0,1.0
0.0,1.0,2.2971945179417474e-10,1.0
0.0,1.0,2.321521724857334e-10,1.0
0.0,1.0,2.3131371817974866e-10,1.0
0.0,1.0,2.3565832618643867e-10,1.0
0.0,1.0,2.3752427802392617e-10,1.0
0.0,1.0,2.317288028130804e-10,1.0
0.0,1.0,2.381098651582647e-10,1.0
0.0,1.0,2.3898619194717696e-10,1.0
0.0,1.0,2.3685789440897054e-10,1.0
0.0,1.0,6.1977788860633085e-25,1.0
0.0,1.0,2.316183356221302e-10,1.0
0.0,1.0,2.3860360909289113e-10,1.0
0.0,1.0,2.335908411144061e-10,1.0
0.0,1.0,2.3530080661693376e-10,1.0
0.0,1.0,3.2810903993762963e-10,1.0
0.0,1.0,2.2964147250448264e-10,1.0
0.0,1.0,2.2890941919762042e-10,1.0
0.0,1.0,2.3237058111025277e-10,1.0
0.0,1.0,2.3235373347585409e-10,1.0
0.0,1.0,2.3855353803448054e-10,1.0
0.0,1.0,2.366447315882425e-10,1.0
0.0,1.0,2.452983927092589e-10,1.0
0.0,1.0,2.4946514298740396e-10,1.0
0.0,1.0,2.4041491020199146e-10,1.0
0.0,1.0,2.387101072365283e-10,1.0
0.0,1.0,2.3239007940212275e-10,1.0
0.0,1.0,2.3900625922834706e-10,1.0
0.0,1.0,2.3714719077361224e-10,1.0
0.0,1.0,2.3891053024804876e-10,1.0
0.0,1.0,2.328435222409553e-10,1.0
0.0,1.0,2.4045665458771737e-10,1.0
0.0,1.0,2.350805383688481e-10,1.0
0.0,1.0,2.363213236211692e-10,1.0
0.0,1.0,2.351886185802954e-10,1.0
0.0,1.0,2.2811617872431356e-10,1.0
0.0,1.0,2.404814125611665e-10,1.0
0.0,1.0,2.0663523669917083e-10,1.0
0.0,1.0,2.3470778098833023e-10,1.0
0.0,1.0,2.437806623234451e-10,1.0
0.0,1.0,2.3069422760979563e-10,1.0
0.0,1.0,2.3759949563384453e-10,1.0
0.0,1.0,2.8726737655304646e-10,1.0
0.0,1.0,2.49346210345891e-10,1.0
0.0,1.0,2.4122009945060086e-10,1.0
0.0,1.0,2.3172218310829606e-10,1.0
0.0,1.0,2.3815346916755686e-10,1.0
0.0,1.0,2.3279023153577327e-10,1.0
0.0,1.0,2.2860487114417793e-10,1.0
0.0,1.0,2.3717705577297465e-10,1.0
0.0,1.0,3.4190844599990555e-10,1.0
0.0,1.0,2.3228727275004246e-10,1.0
0.0,1.0,2.3612264921091253e-10,1.0
0.0,1.0,2.398186094154653e-10,1.0
0.0,1.0,1.9820122038288583e-15,1.0
0.0,1.0,2.773033747072162e-10,1.0
0.0,1.0,1.3881546516517898e-17,1.0
0.0,1.0,8.124448336310763e-10,1.0
0.0,1.0,2.3820162509125e-10,1.0
0.0,1.0,2.6394339491808694e-10,1.0
0.0,1.0,2.4223073546991714e-10,1.0
0.0,1.0,2.387456343733163e-10,1.0
0.0,1.0,2.39556652292805e-10,1.0
0.0,1.0,2.3745405641761863e-10,1.0
0.0,1.0,2.3384938430126567e-10,1.0
0.0,1.0,2.3656845926645076e-10,1.0
0.0,1.0,2.337535165430893e-10,1.0
0.0,1.0,2.407650467883826e-10,1.0
0.0,1.0,2.338654547795471e-10,1.0
0.0,1.0,1.7532968410449712e-09,1.0
0.0,1.0,2.314522878910097e-10,1.0
0.0,1.0,2.362415540968499e-10,1.0
0.0,1.0,2.3536633753096226e-10,1.0
0.0,1.0,2.3860952103049726e-10,1.0
0.0,1.0,3.132108791180441e-19,1.0
0.0,1.0,2.388002851017035e-10,1.0
0.0,1.0,2.4778737395259043e-10,1.0
0.0,1.0,2.3631999135353965e-10,1.0
0.0,1.0,2.3207293031735077e-10,1.0
0.0,1.0,2.340742877304791e-10,1.0
0.0,1.0,2.398218013066611e-10,1.0
0.0,1.0,2.3273695470837907e-10,1.0
0.0,1.0,2.413314825755464e-10,1.0
0.0,1.0,2.378084951182302e-10,1.0
0.0,1.0,2.354754446987073e-10,1.0
0.0,1.0,2.545970378964313e-10,1.0
0.0,1.0,2.329403614442782e-10,1.0
0.0,1.0,2.3702148577164905e-10,1.0
0.0,1.0,2.331919657372339e-10,1.0
0.0,1.0,2.4273300036625756e-10,1.0
0.0,1.0,2.336304760763852e-10,1.0
0.0,1.0,2.368885920756014e-10,1.0
0.0,1.0,2.3183711894692038e-10,1.0
0.0,1.0,2.3718293995500517e-10,1.0
0.0,1.0,2.3281554462073473e-10,1.0
0.0,1.0,2.374857810405473e-10,1.0
0.0,1.0,2.4346608062941755e-10,1.0
0.0,1.0,2.3333435184014206e-10,1.0
0.0,1.0,2.382561647973347e-10,1.0
0.0,1.0,8.420177104068162e-22,1.0
0.0,1.0,2.3816981720159447e-10,1.0
0.0,1.0,2.326686066034256e-10,1.0
0.0,1.0,3.0735289313632563e-10,1.0
0.0,1.0,2.3253816927581994e-10,1.0
0.0,1.0,4.023527899743584e-10,1.0
0.0,1.0,2.360451833993693e-10,1.0
0.0,1.0,2.402567589321336e-10,1.0
0.0,1.0,2.3821936090406837e-10,1.0
0.0,1.0,2.2950223665940683e-10,1.0
0.0,1.0,2.3160597051319343e-10,1.0
0.0,1.0,2.4128543607560005e-10,1.0
0.0,1.0,3.979395383465806e-31,1.0
0.0,1.0,2.365445617158457e-10,1.0
0.0,1.0,1.7816066701925592e-06,0.9999831318855286
0.0,1.0,2.3273340199470027e-10,1.0
0.0,1.0,2.3331209186849833e-10,1.0
0.0,1.0,2.3628751733006936e-10,1.0
0.0,1.0,2.4169677370622367e-10,1.0
0.0,1.0,2.351522865318145e-10,1.0
0.0,1.0,2.3954110917046023e-10,1.0
0.0,1.0,1.0913914820775972e-06,0.9999988079071045
0.0,1.0,2.360064643713855e-10,1.0
0.0,1.0,2.338922111544406e-10,1.0
0.0,1.0,8.304290588512231e-10,1.0
0.0,1.0,0.7307385206222534,0.25216010212898254
0.0,1.0,2.364268225640842e-10,1.0
0.0,1.0,2.363546858230592e-10,1.0
0.0,1.0,2.391686015901229e-10,1.0
0.0,1.0,2.352236183611467e-10,1.0
0.0,1.0,2.58420451704211e-10,1.0
0.0,1.0,2.3686963501745595e-10,1.0
0.0,1.0,2.629313988837622e-33,1.0
0.0,1.0,2.3053675635154036e-10,1.0
0.0,1.0,4.8162931899576905e-26,1.0
0.0,1.0,2.524977171791676e-10,1.0
0.0,1.0,2.385976693997094e-10,1.0
0.0,1.0,2.3070478860631738e-10,1.0
0.0,1.0,2.394497655711092e-10,1.0
0.0,1.0,2.3706306362392127e-10,1.0
0.0,1.0,2.3514468150409584e-10,1.0
0.0,1.0,2.364850260061502e-10,1.0
0.0,1.0,2.323976150409024e-10,1.0
0.0,1.0,2.378257313306875e-10,1.0
0.0,1.0,2.544290611528055e-10,1.0
0.0,1.0,2.365698192896559e-10,1.0
0.0,1.0,2.3413457284071626e-10,1.0
0.0,1.0,2.53226939417317e-10,1.0
0.0,1.0,2.3436511065177967e-10,1.0
0.0,1.0,2.401747412061894e-10,1.0
0.0,1.0,2.4112947749621583e-10,1.0
0.0,1.0,2.401816245889421e-10,1.0
0.0,1.0,2.3989593644913043e-10,1.0
0.0,1.0,2.3881302491091105e-10,1.0
0.0,1.0,2.2960031098584466e-10,1.0
0.0,1.0,2.3469748366977683e-10,1.0
0.0,1.0,2.3052004749501975e-10,1.0
0.0,1.0,2.368077400838331e-10,1.0
0.0,1.0,2.326224629589646e-10,1.0
0.0,1.0,2.3437807250559217e-10,1.0
0.0,1.0,2.362636475350399e-10,1.0
0.0,1.0,2.3324711606598214e-10,1.0
0.0,1.0,2.3305501972714637e-10,1.0
0.0,1.0,2.370639795579166e-10,1.0
0.0,1.0,2.363407247685245e-10,1.0
0.0,1.0,2.5286400751056703e-10,1.0
0.0,1.0,2.3579679875318504e-10,1.0
0.0,1.0,2.3505408730528643e-10,1.0
0.0,1.0,2.324414966059507e-10,1.0
0.0,1.0,2.3581028796293424e-10,1.0
0.0,1.0,2.476985283550448e-10,1.0
0.0,1.0,2.3583232588997305e-10,1.0
0.0,1.0,2.3162276263644088e-10,1.0
0.0,1.0,2.3466392717885753e-10,1.0
0.0,1.0,2.411860711148961e-10,1.0
0.0,1.0,2.332649351455274e-10,1.0
0.0,1.0,2.4125876296743343e-10,1.0
0.0,1.0,2.3654816994067573e-10,1.0
0.0,1.0,2.374092311629994e-10,1.0
0.0,1.0,2.330448056753198e-10,1.0
0.0,1.0,2.575239466118262e-10,1.0
0.0,1.0,2.407650467883826e-10,1.0
0.0,1.0,0.0,1.0
0.0,1.0,2.2955520817546926e-10,1.0
0.0,1.0,2.3743595978231724e-10,1.0
0.0,1.0,3.266030501603012e-10,1.0
0.0,1.0,2.330861337274115e-10,1.0
0.0,1.0,2.2897056473070165e-10,1.0
0.0,1.0,2.2918378306258091e-10,1.0
0.0,1.0,2.2860051351880628e-10,1.0
0.0,1.0,3.410519644475585e-10,1.0
0.0,1.0,2.3837706808471637e-10,1.0
0.0,1.0,2.3279911331997027e-10,1.0
0.0,1.0,2.2951668343651477e-10,1.0
0.0,1.0,2.5429999772619283e-10,1.0
0.0,1.0,8.794839535430945e-20,1.0
0.0,1.0,2.315432429123021e-10,1.0
0.0,1.0,2.3491916745221886e-10,1.0
0.0,1.0,2.4412544208374243e-10,1.0
0.0,1.0,2.4626456429643895e-10,1.0
0.0,1.0,2.3764254453162437e-10,1.0
0.0,1.0,0.0006804583827033639,0.998687744140625
0.0,1.0,2.374332397359069e-10,1.0
0.0,1.0,2.4159121925215743e-10,1.0
0.0,1.0,2.4003965481966816e-10,1.0
0.0,1.0,2.312484231881129e-10,1.0
0.0,1.0,2.334710202944734e-10,1.0
0.0,1.0,2.316545705260964e-10,1.0
0.0,1.0,2.3237944901666197e-10,1.0
0.0,1.0,2.342140648092794e-10,1.0
0.0,1.0,2.3526849912691716e-10,1.0
0.0,1.0,2.458876713351543e-10,1.0
0.0,1.0,2.3303278751107825e-10,1.0
0.0,1.0,2.3661586578960225e-10,1.0
0.0,1.0,2.3675850169269097e-10,1.0
0.0,1.0,2.8592320178155717e-10,1.0
0.0,1.0,2.3422033756936855e-10,1.0
0.0,1.0,2.3380655744809076e-10,1.0
0.0,1.0,2.399178911094424e-10,1.0
0.0,1.0,2.3131724313785185e-10,1.0
0.0,1.0,2.302853741031896e-10,1.0
0.0,1.0,2.391913889177033e-10,1.0
0.0,1.0,0.006800954230129719,0.9909424781799316
0.0,1.0,2.3253905745423964e-10,1.0
0.0,1.0,2.380544650293359e-10,1.0
0.0,1.0,2.6043833756261847e-10,1.0
0.0,1.0,2.363046702757998e-10,1.0
0.0,1.0,2.362902373764797e-10,1.0
0.0,1.0,2.849562807938355e-10,1.0
0.0,1.0,4.176822498980215e-10,1.0
0.0,1.0,2.4093593786744805e-10,1.0
0.0,1.0,2.4365467976572575e-10,1.0
0.0,1.0,2.3320398390147545e-10,1.0
0.0,1.0,2.357513906314779e-10,1.0
0.0,1.0,3.4044103647268287e-10,1.0
0.0,1.0,2.553104117009042e-10,1.0
0.0,1.0,2.3582377717268344e-10,1.0
0.0,1.0,2.35116870417329e-10,1.0
0.0,1.0,2.377141816722883e-10,1.0
0.0,1.0,2.400524778956026e-10,1.0
0.0,1.0,2.3640023272264443e-10,1.0
0.0,1.0,2.39663594525652e-10,1.0
0.0,1.0,2.408486465821369e-10,1.0
0.0,1.0,2.5090912680880706e-10,1.0
0.0,1.0,2.3423776807085517e-10,1.0
0.0,1.0,2.37484865106552e-10,1.0
0.0,1.0,2.3507920610121857e-10,1.0
0.0,1.0,2.430081691429109e-10,1.0
0.0,1.0,2.3187028685978106e-10,1.0
0.0,1.0,2.332889437184349e-10,1.0
0.0,1.0,2.3281110372863623e-10,1.0
0.0,1.0,2.302045637447847e-10,1.0
0.0,1.0,1.3880383116764844e-13,1.0
0.0,1.0,2.2041439506903515e-10,1.0
0.0,1.0,2.2344387451411762e-10,1.0
0.0,1.0,3.1686506196670905e-10,1.0
0.0,1.0,2.2745144656610705e-10,1.0
0.0,1.0,2.392484266255934e-10,1.0
0.0,1.0,1.11283404713447e-09,1.0
0.0,1.0,2.2299087576449494e-10,1.0
0.0,1.0,3.8889712783429786e-08,0.9999999403953552
0.0,1.0,6.708227701173722e-32,1.0
0.0,1.0,2.239704116613339e-10,1.0
0.0,1.0,2.2642644703640968e-10,1.0
0.0,1.0,2.2228341389762818e-10,1.0
0.0,1.0,2.2178750502810374e-10,1.0
0.0,1.0,2.2325644111198528e-10,1.0
0.0,1.0,2.2338252081421928e-10,1.0
0.0,1.0,2.2371168806323283e-10,1.0
0.0,1.0,2.423656830785603e-10,1.0
0.0,1.0,2.2565901924842535e-10,1.0
0.0,1.0,2.233037088572587e-10,1.0
0.0,1.0,2.3128195192345657e-10,1.0
0.0,1.0,0.0,1.0
0.0,1.0,2.2122938203583686e-10,1.0
0.0,1.0,2.2283781764276256e-10,1.0
0.0,1.0,2.2481184969169732e-10,1.0
0.0,1.0,0.0,1.0
0.0,1.0,0.0,1.0
0.0,1.0,0.0,1.0
0.0,1.0,0.0,1.0
0.0,1.0,7.277036502273404e-07,0.9999908208847046
0.0,1.0,0.0,1.0
0.0,1.0,0.0,1.0
0.0,1.0,0.0,1.0
0.0,1.0,2.252676795100328e-10,1.0
0.0,1.0,0.0,1.0
0.0,1.0,0.0,1.0
0.0,1.0,2.2300236657279982e-10,1.0
0.0,1.0,2.2703318391936733e-10,1.0
0.0,1.0,0.0,1.0
0.0,1.0,2.3345009259045923e-10,1.0
0.0,1.0,2.2318660808373636e-10,1.0
0.0,1.0,8.051755457927356e-07,0.9999985098838806
0.0,1.0,2.2398878585239146e-10,1.0
0.0,1.0,0.0,1.0
0.0,1.0,0.0,1.0
0.0,1.0,0.0,1.0
0.0,1.0,0.0,1.0
0.0,1.0,0.0,1.0
0.0,1.0,0.0,1.0
0.0,1.0,0.0,1.0
0.0,1.0,1.4207820033321217e-12,1.0
0.0,1.0,0.0,1.0
0.0,1.0,0.0,1.0
0.0,1.0,0.0,1.0
0.0,1.0,0.0,1.0
0.0,1.0,2.3486711597797694e-06,0.9999960660934448
0.0,1.0,5.357318477727802e-10,1.0
0.0,1.0,2.4655455455047104e-10,1.0
0.0,1.0,2.239259888625611e-10,1.0
0.0,1.0,4.527857302573599e-33,1.0
0.0,1.0,1.3554109623666453e-21,1.0
0.0,1.0,2.2220075779344484e-10,1.0
0.0,1.0,2.2187593429201513e-10,1.0
0.0,1.0,7.004586223047227e-06,0.999985933303833
0.0,1.0,2.2423971013374455e-10,1.0
0.0,1.0,0.0,1.0
0.0,1.0,2.2514011488450336e-10,1.0
0.0,1.0,2.2443438774111257e-10,1.0
0.0,1.0,2.2255280951455347e-10,1.0
0.0,1.0,2.2442668556887924e-10,1.0
0.0,1.0,0.0,1.0
0.0,1.0,2.2390719833786932e-10,1.0
0.0,1.0,2.2254303955193677e-10,1.0
0.0,1.0,2.2186323611617098e-10,1.0
0.0,1.0,2.2597128335188899e-10,1.0
0.0,1.0,2.62845712780589e-29,1.0
0.0,1.0,2.2654611520067647e-10,1.0
0.0,1.0,2.2445194314268946e-10,1.0
0.0,1.0,2.2223932416576275e-10,1.0
0.0,1.0,2.2405630129007648e-10,1.0
0.0,1.0,2.2355257922601623e-10,1.0
0.0,1.0,2.3082583067157714e-10,1.0
0.0,1.0,2.2662649534765933e-10,1.0
0.0,1.0,2.2816926126267845e-10,1.0
0.0,1.0,2.2865458138010553e-10,1.0
0.0,1.0,2.2175111746847165e-10,1.0
0.0,1.0,2.2228510698774073e-10,1.0
0.0,1.0,2.2124288512337387e-10,1.0
0.0,1.0,2.2838260449464798e-10,1.0
0.0,1.0,2.479911553887604e-10,1.0
0.0,1.0,0.0,1.0
0.0,1.0,2.2325813420209784e-10,1.0
0.0,1.0,6.653472623240668e-28,1.0
0.0,1.0,0.0,1.0
0.0,1.0,2.2420805489975493e-10,1.0
0.0,1.0,2.2011820144385297e-10,1.0
0.0,1.0,2.269617410677327e-10,1.0
0.0,1.0,3.749505046724e-13,1.0
0.0,1.0,2.2326239468295483e-10,1.0
0.0,1.0,2.2997548310144111e-10,1.0
0.0,1.0,2.340323213001483e-10,1.0
0.0,1.0,2.3053146891438558e-10,1.0
0.0,1.0,2.236127116805875e-10,1.0
0.0,1.0,2.2096455221110034e-10,1.0
0.0,1.0,2.2480883821174302e-10,1.0
0.0,1.0,2.2869819926718549e-10,1.0
0.0,1.0,2.3149644701181415e-10,1.0
0.0,1.0,1.687464923350035e-08,1.0
0.0,1.0,2.2388670084527718e-10,1.0
0.0,1.0,2.2224103113366311e-10,1.0
0.0,1.0,2.2320491288585487e-10,1.0
0.0,1.0,2.265603676887551e-10,1.0
0.0,1.0,2.2171432745299313e-10,1.0
0.0,1.0,2.225727518956333e-10,1.0
0.0,1.0,2.2157904677744256e-10,1.0
0.0,1.0,1.1871116611418542e-13,1.0
0.0,1.0,2.3025386042263563e-09,1.0
0.0,1.0,2.2604457194930205e-10,1.0
0.0,1.0,2.2393709109280735e-10,1.0
0.0,1.0,2.2577741065621382e-10,1.0
0.0,1.0,2.2147636502545254e-10,1.0
0.0,1.0,2.2210457084614887e-10,1.0
0.0,1.0,2.2630901319597996e-10,1.0
0.0,1.0,2.3146995431488904e-10,1.0
0.0,1.0,2.232738993690475e-10,1.0
0.0,1.0,2.276475976729002e-29,1.0
0.0,1.0,2.2760723861203758e-10,1.0
0.0,1.0,0.0,1.0
0.0,1.0,2.273422105019426e-21,1.0
0.0,1.0,2.3470600463149083e-10,1.0
0.0,1.0,2.2203934524345215e-10,1.0
0.0,1.0,2.214235739206316e-10,1.0
0.0,1.0,2.2243949737710267e-10,1.0
0.0,1.0,2.247329544680099e-10,1.0
0.0,1.0,2.2229698637410422e-10,1.0
0.0,1.0,2.2934426580079048e-10,1.0
0.0,1.0,2.2275452316034006e-10,1.0
0.0,1.0,2.2694529588918044e-10,1.0
0.0,1.0,4.6527711373608e-25,1.0
0.0,1.0,2.2626671369874174e-10,1.0
0.0,1.0,2.3246234104323804e-10,1.0
0.0,1.0,2.282258410035709e-10,1.0
0.0,1.0,4.834712399315322e-06,0.999993622303009
0.0,1.0,2.187804659659065e-10,1.0
0.0,1.0,2.2391488663231485e-10,1.0
0.0,1.0,2.202521776073496e-10,1.0
0.0,1.0,2.245804098244264e-10,1.0
0.0,1.0,4.1431756347107046e-16,1.0
0.0,1.0,2.2344387451411762e-10,1.0
0.0,1.0,1.746792641088568e-11,1.0
0.0,1.0,2.244147090380011e-10,1.0
0.0,1.0,2.215093247714961e-10,1.0
0.0,1.0,2.257274644978935e-10,1.0
0.0,1.0,2.1947008099765242e-10,1.0
0.0,1.0,2.2464125004617586e-10,1.0
0.0,1.0,3.98284270147764e-12,1.0
0.0,1.0,2.231687334930399e-10,1.0
0.0,1.0,2.2502763541432103e-10,1.0
0.0,1.0,7.555923664526176e-10,1.0
0.0,1.0,2.7829589726025006e-06,0.9999969005584717
0.0,1.0,0.001404489972628653,0.9988270998001099
0.0,1.0,2.2017321299472314e-10,1.0
0.0,1.0,2.2064867988280668e-10,1.0
0.0,1.0,2.2183488379567962e-10,1.0
0.0,1.0,2.2405800825797684e-10,1.0
0.0,1.0,2.2279021683058176e-10,1.0
0.0,1.0,2.2359394891147133e-10,1.0
0.0,1.0,2.232973250748671e-10,1.0
0.0,1.0,2.2656772291629323e-10,1.0
0.0,1.0,1.225437078419179e-21,1.0
0.0,1.0,2.2365963248116572e-10,1.0
0.0,1.0,2.251147740439663e-10,1.0
0.0,1.0,2.210530786195264e-10,1.0
0.0,1.0,2.2241404551426314e-10,1.0
0.0,1.0,2.2305766955721396e-10,1.0
0.0,1.0,2.2920781939106405e-10,1.0
0.0,1.0,2.2266787025326806e-10,1.0
0.0,1.0,2.215350958234552e-10,1.0
0.0,1.0,2.2299342927745158e-10,1.0
0.0,1.0,2.0974440240184578e-10,1.0
0.0,1.0,2.0971040182171663e-10,1.0
0.0,1.0,2.5047413600987056e-06,0.9999976754188538
0.0,1.0,2.1473556266471405e-10,1.0
0.0,1.0,6.216163386718946e-29,1.0
0.0,1.0,0.0,1.0
0.0,1.0,2.097132051348538e-10,1.0
0.0,1.0,2.0971120673340948e-10,1.0
0.0,1.0,2.09700409814495e-10,1.0
0.0,1.0,1.2162095774925774e-09,1.0
0.0,1.0,2.1008833561708684e-10,1.0
0.0,1.0,2.1220830648260858e-10,1.0
0.0,1.0,3.3641971430853346e-09,1.0
0.0,1.0,3.30526882770073e-32,1.0
0.0,1.0,2.0975880754559029e-10,1.0
0.0,1.0,2.0967561020768244e-10,1.0
0.0,1.0,4.728327382963471e-07,0.9999995231628418
0.0,1.0,2.097196027950332e-10,1.0
0.0,1.0,2.0970600256298155e-10,1.0
0.0,1.0,2.098804741113014e-10,1.0
0.0,1.0,2.097132051348538e-10,1.0
0.0,1.0,2.096956080999135e-10,1.0
0.0,1.0,7.006452640290206e-10,1.0
0.0,1.0,2.2260077114921728e-10,1.0
0.0,1.0,2.1287192841779046e-10,1.0
0.0,1.0,2.097099993658702e-10,1.0
0.0,1.0,2.0981802406616623e-10,1.0
0.0,1.0,2.0981642812056833e-10,1.0
0.0,1.0,0.00041060789953917265,0.9996175169944763
0.0,1.0,2.0968680958244335e-10,1.0
0.0,1.0,2.0975840508974386e-10,1.0
0.0,1.0,2.097620133145739e-10,1.0
0.0,1.0,2.098632517766319e-10,1.0
0.0,1.0,2.644485301024597e-16,1.0
0.0,1.0,2.0287291135900887e-06,0.9999979734420776
0.0,1.0,5.896120813808636e-10,1.0
0.0,1.0,2.163892121043176e-10,1.0
0.0,1.0,2.0981723303226119e-10,1.0
0.0,1.0,2.158409700969699e-10,1.0
0.0,1.0,2.1285569140605531e-10,1.0
0.0,1.0,4.578894731821492e-06,0.9999964237213135
0.0,1.0,8.987001820059959e-06,0.9999911189079285
0.0,1.0,0.0,1.0
0.0,1.0,5.156644419912482e-06,0.9999948740005493
0.0,1.0,6.480222939416477e-31,1.0
0.0,1.0,1.279753405469819e-06,0.9999979138374329
0.0,1.0,2.0994132821083866e-10,1.0
0.0,1.0,2.1473309241848426e-10,1.0
0.0,1.0,2.0974280645624788e-10,1.0
0.0,1.0,2.0972040770672606e-10,1.0
0.0,1.0,2.0972160119647754e-10,1.0
0.0,1.0,4.357155265059291e-18,1.0
0.0,1.0,2.097051976512887e-10,1.0
0.0,1.0,2.0968481118099902e-10,1.0
0.0,1.0,2.1422869034282144e-10,1.0
0.0,1.0,0.0,1.0
0.0,1.0,2.0968360381345974e-10,1.0
0.0,1.0,4.819042942472151e-07,0.9999995231628418
0.0,1.0,2.778822727478314e-09,1.0
0.0,1.0,2.1482814138717998e-10,1.0
0.0,1.0,5.929375402047299e-05,0.9999480247497559
0.0,1.0,2.097084034202723e-10,1.0
0.0,1.0,2.1008232653496606e-10,1.0
0.0,1.0,2.0973080216979412e-10,1.0
0.0,1.0,1.5111830180103425e-05,0.9999821782112122
0.0,1.0,2.0970600256298155e-10,1.0
0.0,1.0,3.1986486792590085e-09,1.0
0.0,1.0,0.0014075220096856356,0.9982995390892029
0.0,1.0,7.398665013980121e-10,1.0
0.0,1.0,2.0993812244185506e-10,1.0
0.0,1.0,2.115814606851174e-10,1.0
0.0,1.0,2.0969920244695572e-10,1.0
0.0,1.0,2.0972520942130757e-10,1.0
0.0,1.0,2.0975160497371803e-10,1.0
0.0,1.0,2.0969960490280215e-10,1.0
0.0,1.0,2.096860046707505e-10,1.0
0.0,1.0,2.0973640879606847e-10,1.0
0.0,1.0,2.09690806385332e-10,1.0
0.0,1.0,0.0,1.0
0.0,1.0,2.097084034202723e-10,1.0
0.0,1.0,2.0971760439358889e-10,1.0
0.0,1.0,2.09690806385332e-10,1.0
0.0,1.0,2.0981003046038893e-10,1.0
0.0,1.0,8.638975850772113e-05,0.9999151229858398
0.0,1.0,8.924941539589781e-06,0.9999920129776001
0.0,1.0,2.100815216232732e-10,1.0
0.0,1.0,2.0984644577559664e-10,1.0
0.0,1.0,0.0,1.0
0.0,1.0,2.0970440661738365e-10,1.0
0.0,1.0,2.0974200154455502e-10,1.0
0.0,1.0,2.0979881720784022e-10,1.0
0.0,1.0,2.096987999911093e-10,1.0
0.0,1.0,1.3159197287393454e-08,1.0
0.0,1.0,9.656229167376296e-07,0.9999992251396179
0.0,1.0,2.097620133145739e-10,1.0
0.0,1.0,2.0969159741923704e-10,1.0
0.0,1.0,2.0979241954766081e-10,1.0
0.0,1.0,2.0971560599214456e-10,1.0
0.0,1.0,2.1366269864486753e-10,1.0
0.0,1.0,2.097036017056908e-10,1.0
0.0,1.0,2.0968360381345974e-10,1.0
0.0,1.0,4.236113397837471e-07,0.9999995827674866
0.0,1.0,2.0968080050032256e-10,1.0
0.0,1.0,2.0971080427756306e-10,1.0
0.0,1.0,2.100691010031852e-10,1.0
0.0,1.0,2.0980561732386604e-10,1.0
0.0,1.0,2.0970600256298155e-10,1.0
0.0,1.0,6.340641266433522e-05,0.9999222755432129
0.0,1.0,0.0,1.0
0.0,1.0,2.0983763338033867e-10,1.0
0.0,1.0,1.864745025059733e-09,1.0
0.0,1.0,2.099921903031543e-10,1.0
0.0,1.0,2.098208273793034e-10,1.0
0.0,1.0,0.0,1.0
0.0,1.0,1.868980206154447e-07,0.9999994039535522
0.0,1.0,2.0968719816050196e-10,1.0
0.0,1.0,3.4178912478033396e-10,1.0
0.0,1.0,2.0975041148396656e-10,1.0
0.0,1.0,2.0968360381345974e-10,1.0
0.0,1.0,0.00035472403396852314,0.9996119141578674
0.0,1.0,0.0,1.0
0.0,1.0,0.00014195377298165113,0.999843955039978
0.0,1.0,2.09690806385332e-10,1.0
0.0,1.0,2.121213066308414e-10,1.0
0.0,1.0,2.096939982765278e-10,1.0
0.0,1.0,2.097560042324531e-10,1.0
0.0,1.0,2.1840815267459845e-10,1.0
0.0,1.0,2.0995574723237098e-10,1.0
0.0,1.0,3.7341593706052834e-10,1.0
0.0,1.0,6.200474578221815e-10,1.0
0.0,1.0,1.1946814026941865e-07,0.9999998807907104
0.0,1.0,2.1146930040405465e-10,1.0
0.0,1.0,2.1151649876038903e-10,1.0
0.0,1.0,2.096780110649732e-10,1.0
0.0,1.0,2.1189484888939347e-10,1.0
0.0,1.0,0.003188079223036766,0.9972374439239502
0.0,1.0,0.0008697919547557831,0.9991798400878906
0.0,1.0,2.2473666660971503e-07,0.9999997615814209
0.0,1.0,2.097084034202723e-10,1.0
0.0,1.0,0.01078887190669775,0.990247368812561
0.0,1.0,2.0970400416153723e-10,1.0
0.0,1.0,2.0971120673340948e-10,1.0
0.0,1.0,2.0977240777764194e-10,1.0
0.0,1.0,2.0968800307219482e-10,1.0
0.0,1.0,2.0970160330424648e-10,1.0
0.0,1.0,2.097732126893348e-10,1.0
0.0,1.0,2.2422697032453698e-09,1.0
0.0,1.0,2.097211987406311e-10,1.0
0.0,1.0,2.0970880587611873e-10,1.0
0.0,1.0,2.0987486748502704e-10,1.0
0.0,1.0,2.097196027950332e-10,1.0
0.0,1.0,2.1017770857056917e-10,1.0
0.0,1.0,7.556651837603567e-08,0.9999999403953552
0.0,1.0,2.0969960490280215e-10,1.0
0.0,1.0,2.1232085534172995e-10,1.0
0.0,1.0,2.0978521697578856e-10,1.0
0.0,1.0,2.6951496590044144e-10,1.0
0.0,1.0,2.0973600634022205e-10,1.0
0.0,1.0,2.1044728459873596e-10,1.0
0.0,1.0,2.100390555925813e-10,1.0
0.0,1.0,0.0007068412960506976,0.9992289543151855
0.0,1.0,2.5897900490789993e-10,1.0
0.0,1.0,2.0969960490280215e-10,1.0
0.0,1.0,1.6085687093436718e-06,0.9999983906745911
0.0,1.0,2.0972999725810126e-10,1.0
0.0,1.0,2.149970350728836e-05,0.9999784231185913
0.0,1.0,2.0969440073237422e-10,1.0
0.0,1.0,2.0969639913381855e-10,1.0
0.0,1.0,4.733187022032528e-17,1.0
0.0,1.0,2.1097416869064745e-10,1.0
0.0,1.0,7.472140683972839e-10,1.0
0.0,1.0,9.278076085195153e-10,1.0
0.0,1.0,2.0969480318822065e-10,1.0
0.0,1.0,2.097099993658702e-10,1.0
0.0,1.0,2.13162029694125e-10,1.0
0.0,1.0,2.0975000902812013e-10,1.0
0.0,1.0,2.097099993658702e-10,1.0
0.0,1.0,2.0971560599214456e-10,1.0
0.0,1.0,2.1010837514268133e-10,1.0
0.0,1.0,2.0967720615328034e-10,1.0
0.0,1.0,2.0973760228581995e-10,1.0
0.0,1.0,1.3321634639851254e-07,0.9999998807907104
0.0,1.0,2.0974920411642728e-10,1.0
0.0,1.0,0.0,1.0
0.0,1.0,2.0974920411642728e-10,1.0
0.0,1.0,2.097196027950332e-10,1.0
0.0,1.0,1.7368720364174806e-06,0.9999984502792358
0.0,1.0,0.07032226771116257,0.9202545285224915
0.0,1.0,1.3539166315856832e-11,1.0
0.0,1.0,2.097020057600929e-10,1.0
0.0,1.0,2.13218137590232e-10,1.0
0.0,1.0,2.1592991283903018e-10,1.0
0.0,1.0,2.137768434495868e-10,1.0
0.0,1.0,2.0969120884117842e-10,1.0
0.0,1.0,4.956181627347464e-15,1.0
0.0,1.0,2.0968000946641752e-10,1.0
0.0,1.0,2.096844087251526e-10,1.0
