1.0,0.0,0.999998927116394,9.908674201142276e-07
1.0,0.0,0.9999998211860657,1.5534490671598178e-07
1.0,0.0,0.9999976754188538,2.2162039385875687e-06
1.0,0.0,0.9999986290931702,1.3039492614552728e-06
1.0,0.0,0.9999997615814209,2.260099307704877e-07
1.0,0.0,0.9999978542327881,2.096435764542548e-06
1.0,0.0,0.999999463558197,4.6945658027652826e-07
1.0,0.0,0.9999985694885254,1.3156835620975471e-06
1.0,0.0,0.9999999403953552,7.546065461383478e-08
1.0,0.0,0.9999998807907104,1.0599926270060678e-07
1.0,0.0,0.9999997019767761,2.574457198534219e-07
1.0,0.0,0.9999980330467224,1.8536555899117957e-06
1.0,0.0,0.9999990463256836,9.08853223791084e-07
1.0,0.0,0.9999997019767761,2.6477115966372367e-07
1.0,0.0,0.9999935030937195,6.419882083719131e-06
1.0,0.0,0.9999995827674866,4.021660515718395e-07
1.0,0.0,0.9999996423721313,3.6061214814253617e-07
1.0,0.0,0.9999997615814209,3.2852966569407727e-07
1.0,0.0,0.9999935626983643,6.430017037928337e-06
1.0,0.0,0.9999999403953552,2.7051129336541635e-08
1.0,0.0,0.9999979734420776,1.9351996343175415e-06
1.0,0.0,0.9999993443489075,6.731480084454233e-07
1.0,0.0,0.999999463558197,5.084960434942332e-07
1.0,0.0,0.9999878406524658,1.1950148291361984e-05
1.0,0.0,0.9999992251396179,7.355727120739175e-07
1.0,0.0,0.9999997019767761,2.9192125339250197e-07
1.0,0.0,0.9994269013404846,0.00048131763469427824
1.0,0.0,0.9999998211860657,1.498466133398324e-07
1.0,0.0,1.0,5.52727250091329e-14
1.0,0.0,0.999999463558197,5.365135962165368e-07
1.0,0.0,0.9999974966049194,2.4302339625137392e-06
1.0,0.0,0.9999967217445374,3.1677518563810736e-06
1.0,0.0,0.9999992847442627,6.869250341878796e-07
1.0,0.0,0.9999948143959045,4.98595136377844e-06
1.0,0.0,0.9999974966049194,2.4360858787986217e-06
1.0,0.0,0.9999996423721313,3.2983624009830237e-07
1.0,0.0,0.9999997615814209,1.816695771594823e-07
1.0,0.0,0.9999998807907104,1.0075106615659024e-07
1.0,0.0,0.9999999403953552,3.496752043474771e-08
1.0,0.0,0.9999897480010986,1.0428650057292543e-05
1.0,0.0,0.9999969005584717,2.867520379368216e-06
1.0,0.0,0.9999974966049194,2.2775568595534423e-06
1.0,0.0,0.9999982118606567,1.7228973092642264e-06
1.0,0.0,0.9999915957450867,7.841750630177557e-06
1.0,0.0,0.9999998211860657,1.9265654316313885e-07
1.0,0.0,0.9999990463256836,9.374940646011964e-07
1.0,0.0,0.9999998211860657,1.6790188794857386e-07
1.0,0.0,0.9999992251396179,7.605349878758716e-07
1.0,0.0,1.0,1.7031183387490988e-27
1.0,0.0,0.9999867081642151,1.3042181308264844e-05
1.0,0.0,0.9999862909317017,1.3450070582621265e-05
1.0,0.0,0.999999463558197,5.251550305729324e-07
1.0,0.0,0.9999985694885254,1.396139623466297e-06
1.0,0.0,0.9999992251396179,7.228866820696567e-07
1.0,0.0,0.9999992251396179,7.421836585308483e-07
1.0,0.0,0.9999997615814209,2.1542048500577948e-07
1.0,0.0,0.9999958872795105,3.741289447134477e-06
1.0,0.0,0.9999977350234985,2.1837686290382408e-06
1.0,0.0,1.0,0.0
1.0,0.0,0.9999979734420776,1.8913589201474679e-06
1.0,0.0,0.9999887347221375,1.0892332284129225e-05
1.0,0.0,0.9999905824661255,9.177738320431672e-06
1.0,0.0,0.9999989867210388,9.510775953458506e-07
1.0,0.0,0.9999969005584717,2.87297302747902e-06
1.0,0.0,0.9999592900276184,2.9706410714425147e-05
1.0,0.0,0.9999952912330627,4.499581791606033e-06
1.0,0.0,1.0,6.506104544001801e-09
1.0,0.0,0.9999985098838806,1.427235019946238e-06
1.0,0.0,0.9999914169311523,8.090688424999826e-06
1.0,0.0,0.9999997615814209,2.3964014417288126e-07
1.0,0.0,0.9999975562095642,2.181961463065818e-06
1.0,0.0,0.9999973177909851,2.4964401745819487e-06
1.0,0.0,0.9999979734420776,1.5334410363720963e-06
1.0,0.0,0.9999997615814209,1.461617102904711e-07
1.0,0.0,0.9999999403953552,3.3546513122928445e-08
1.0,0.0,0.999999463558197,4.7019676685522427e-07
1.0,0.0,1.0,6.422204101852458e-09
1.0,0.0,0.9999996423721313,3.494812972348882e-07
1.0,0.0,0.9999992847442627,7.340800607380515e-07
1.0,0.0,0.9999911785125732,8.449887900496833e-06
1.0,0.0,0.9999977946281433,2.1041273612354416e-06
1.0,0.0,0.9999991059303284,8.695991482454701e-07
1.0,0.0,0.9999998211860657,1.528140387563326e-07
1.0,0.0,0.9999964833259583,3.36737502948381e-06
1.0,0.0,0.9999968409538269,3.0810497264610603e-06
1.0,0.0,0.9999982714653015,1.541802362226008e-06
1.0,0.0,0.9999997019767761,2.821012969889125e-07
1.0,0.0,0.9999998211860657,1.829397859864912e-07
1.0,0.0,0.9999839067459106,1.550945671624504e-05
1.0,0.0,1.0,8.262765471833688e-11
1.0,0.0,1.0,1.942595528880986e-10
1.0,0.0,0.9999988675117493,1.058812131304876e-06
1.0,0.0,0.9999971389770508,2.6277389224560466e-06
1.0,0.0,0.9999975562095642,2.118370275638881e-06
1.0,0.0,0.9999985098838806,1.3576341189036611e-06
1.0,0.0,0.9999929666519165,6.9389234340633266e-06
1.0,0.0,0.9999996423721313,3.181638703608769e-07
1.0,0.0,0.9999950528144836,4.803026058652904e-06
1.0,0.0,0.9999996423721313,3.052174406548147e-07
1.0,0.0,0.9999997615814209,2.085431560772122e-07
1.0,0.0,0.9999999403953552,4.269610442975136e-08
1.0,0.0,0.9999992847442627,5.847173838446906e-07
1.0,0.0,0.9999999403953552,6.897056437082938e-08
1.0,0.0,0.9999905228614807,9.418866284249816e-06
1.0,0.0,0.9999968409538269,2.9615594030474313e-06
1.0,0.0,0.9999997615814209,1.958704274329648e-07
1.0,0.0,0.9999990463256836,9.022191989060957e-07
1.0,0.0,1.0,0.0
1.0,0.0,0.9999997615814209,2.4609678916931443e-07
1.0,0.0,0.9999997615814209,2.1705871233734797e-07
1.0,0.0,0.9999991059303284,8.419879691246024e-07
1.0,0.0,0.9999896287918091,8.362060725630727e-06
1.0,0.0,1.0,1.9931630802250254e-25
1.0,0.0,0.9999991655349731,8.107905387078063e-07
1.0,0.0,0.9999983906745911,1.5788889413670404e-06
1.0,0.0,0.9999773502349854,1.9043587599298917e-05
1.0,0.0,1.0,0.0
1.0,0.0,0.9999992251396179,7.092442615430627e-07
1.0,0.0,0.9999983310699463,1.5744412849016953e-06
1.0,0.0,0.999996542930603,3.1645149647374637e-06
1.0,0.0,0.9999996423721313,3.5595709846347745e-07
1.0,0.0,0.9999921917915344,7.5240568548906595e-06
1.0,0.0,0.9999945163726807,5.74381738260854e-06
1.0,0.0,0.9999983906745911,1.6683643480064347e-06
1.0,0.0,0.9999983906745911,1.4555818097505835e-06
1.0,0.0,0.9999954104423523,4.3110021579195745e-06
1.0,0.0,0.9999794363975525,1.931394581333734e-05
1.0,0.0,0.9999998211860657,1.9131667272631603e-07
1.0,0.0,0.9999989867210388,9.56383928496507e-07
1.0,0.0,0.9999995827674866,4.2821292822736723e-07
1.0,0.0,0.9999954104423523,4.546711807051906e-06
1.0,0.0,0.9985891580581665,0.001326295780017972
1.0,0.0,0.9999947547912598,5.168110419617733e-06
1.0,0.0,0.9999996423721313,3.6735093544848496e-07
1.0,0.0,0.9999998211860657,1.7271470653668075e-07
1.0,0.0,0.9999942183494568,5.6199201026174705e-06
1.0,0.0,0.9999994039535522,5.853534617017431e-07
1.0,0.0,0.9847444295883179,0.01494304183870554
1.0,0.0,0.9999998211860657,1.4916764712324948e-07
1.0,0.0,0.9999600648880005,4.022149369120598e-05
1.0,0.0,0.9999980926513672,1.8104603896063054e-06
1.0,0.0,0.9999995827674866,3.806622430602147e-07
1.0,0.0,0.9999945759773254,5.241791768639814e-06
1.0,0.0,0.9999985694885254,1.4212830592441605e-06
1.0,0.0,0.9999993443489075,6.118151532064076e-07
1.0,0.0,0.9999939203262329,5.8969640122086275e-06
1.0,0.0,0.9999983906745911,1.624419155632495e-06
1.0,0.0,0.999996542930603,3.2555217330809683e-06
1.0,0.0,0.9999980330467224,1.7437015458199312e-06
1.0,0.0,0.9999975562095642,2.4339726678590523e-06
1.0,0.0,0.999995231628418,4.689527486334555e-06
1.0,0.0,0.9999797940254211,2.128829510184005e-05
1.0,0.0,0.9999995827674866,4.0209317830885993e-07
1.0,0.0,0.9999996423721313,3.187639947554999e-07
1.0,0.0,0.9999995231628418,4.3028595086980204e-07
1.0,0.0,0.9999971389770508,2.7001437956641894e-06
1.0,0.0,0.9999996423721313,3.26551770513106e-07
1.0,0.0,0.9999998211860657,1.4847078944058012e-07
1.0,0.0,0.9999991059303284,8.733457548260048e-07
1.0,0.0,0.9999993443489075,6.443876827688655e-07
1.0,0.0,0.9999977946281433,2.078447778330883e-06
1.0,0.0,0.9999969005584717,3.134760618195287e-06
1.0,0.0,0.9999983906745911,1.5179567753875745e-06
1.0,0.0,0.9999998807907104,1.0191477883836342e-07
1.0,0.0,1.0,7.659622915170276e-27
1.0,0.0,0.9999926090240479,5.9133399190614e-06
1.0,0.0,0.9999817609786987,1.7893909898702987e-05
1.0,0.0,0.9999953508377075,4.166668531979667e-06
1.0,0.0,0.9999997615814209,2.210069709462914e-07
1.0,0.0,0.9999988675117493,1.0726690788942506e-06
1.0,0.0,0.999960720539093,3.884696343448013e-05
1.0,0.0,0.9999926686286926,7.017182269919431e-06
1.0,0.0,0.9999992847442627,6.579573437193176e-07
1.0,0.0,0.9999998211860657,1.5020545163224597e-07
1.0,0.0,0.9999992251396179,7.281270768544346e-07
1.0,0.0,0.9999999403953552,7.848044702996049e-08
1.0,0.0,0.9999974370002747,2.3543268525827443e-06
1.0,0.0,0.9999951124191284,4.810507562069688e-06
1.0,0.0,1.0,3.397923015707261e-29
1.0,0.0,0.9999963641166687,3.6604199067369336e-06
1.0,0.0,1.0,0.0
1.0,0.0,0.9999946355819702,5.081507879367564e-06
1.0,0.0,0.9999997615814209,2.486403332113696e-07
1.0,0.0,0.9999974966049194,2.344146423638449e-06
1.0,0.0,0.9999991655349731,7.923243856566842e-07
1.0,0.0,0.9999967217445374,3.115347453785944e-06
1.0,0.0,0.9999966025352478,3.2120813102665124e-06
1.0,0.0,0.9999945759773254,5.010012955608545e-06
1.0,0.0,0.9999972581863403,2.7395492452342296e-06
1.0,0.0,0.9999968409538269,3.0032097129151225e-06
1.0,0.0,1.0,1.9380641091970574e-08
1.0,0.0,1.0,1.1038617242498105e-10
1.0,0.0,0.9999947547912598,5.184183464734815e-06
1.0,0.0,0.9999995231628418,4.547283367628552e-07
1.0,0.0,0.9999989867210388,9.698655958345626e-07
1.0,0.0,0.9999578595161438,3.7501664337469265e-05
1.0,0.0,0.9999997615814209,1.9725121092051268e-07
1.0,0.0,0.9999997615814209,2.4039687218646577e-07
1.0,0.0,0.9999659657478333,3.231814116588794e-05
1.0,0.0,0.9999997019767761,2.5715371521073394e-07
1.0,0.0,0.9999952912330627,4.6927129915275145e-06
1.0,0.0,0.9999864101409912,1.3425260476651601e-05
1.0,0.0,0.9999985694885254,1.4033588513484574e-06
1.0,0.0,0.999984860420227,1.4608810488425661e-05
1.0,0.0,0.9999994039535522,5.645234182338754e-07
1.0,0.0,0.9999997019767761,2.782133776690898e-07
1.0,0.0,0.9999993443489075,6.490305395345786e-07
1.0,0.0,0.9999865293502808,1.2312139006098732e-05
1.0,0.0,1.0,1.1358315177290024e-08
1.0,0.0,0.9999980926513672,1.8178791378886672e-06
1.0,0.0,1.0,0.0
1.0,0.0,0.999997615814209,2.333885504413047e-06
1.0,0.0,0.9999995231628418,4.1793211380536377e-07
1.0,0.0,1.0,4.467592271063976e-14
1.0,0.0,0.9999988079071045,1.1242525488341926e-06
1.0,0.0,0.9999966621398926,3.3341862035740633e-06
1.0,0.0,0.9999838471412659,1.564249032526277e-05
1.0,0.0,0.9999773502349854,2.1212503270362504e-05
1.0,0.0,0.9999988079071045,1.1872095910803182e-06
1.0,0.0,0.9999988079071045,1.2066209365002578e-06
1.0,0.0,1.0,8.118035688120528e-10
1.0,0.0,0.9999990463256836,9.287517741540796e-07
1.0,0.0,0.9999995827674866,3.9103628068914986e-07
1.0,0.0,0.9999995231628418,4.513462386057654e-07
1.0,0.0,0.9999992251396179,7.550138434453402e-07
1.0,0.0,0.9999991655349731,7.861389690333453e-07
1.0,0.0,0.9999988079071045,1.1402026984796976e-06
1.0,0.0,0.9999987483024597,1.164235754913534e-06
1.0,0.0,0.999874472618103,9.343791316496208e-05
1.0,0.0,0.9999864101409912,1.3935899914940819e-05
1.0,0.0,1.0,3.274955128150106e-19
1.0,0.0,0.999994695186615,5.039848474552855e-06
1.0,0.0,0.9999992847442627,6.571120252374385e-07
1.0,0.0,0.9999994039535522,5.949673322902527e-07
1.0,0.0,0.9999951720237732,4.624376288120402e-06
1.0,0.0,0.9999975562095642,2.3252389382832916e-06
1.0,0.0,1.0,3.597296627244617e-10
1.0,0.0,0.9999992251396179,7.368350907199783e-07
1.0,0.0,0.9999986886978149,1.2388759387249593e-06
1.0,0.0,0.9999995231628418,4.4312918134892243e-07
1.0,0.0,1.0,1.245410497337169e-19
1.0,0.0,0.9999980330467224,1.9397191408643266e-06
1.0,0.0,0.999983549118042,1.543096914247144e-05
1.0,0.0,0.9999995231628418,3.859332480260491e-07
1.0,0.0,0.9999995231628418,4.943302656101878e-07
1.0,0.0,0.9999989867210388,9.540373184790951e-07
1.0,0.0,0.9999956488609314,4.280506345821777e-06
1.0,0.0,0.999999463558197,4.832006652577547e-07
1.0,0.0,0.9999741911888123,2.353959825995844e-05
1.0,0.0,0.9999997019767761,2.5289952532148163e-07
1.0,0.0,0.9999991059303284,8.68940901455062e-07
1.0,0.0,0.9999991059303284,8.991561344373622e-07
1.0,0.0,0.9999995827674866,3.72487335198457e-07
1.0,0.0,0.9999996423721313,3.487222386411304e-07
1.0,0.0,1.0,1.6949484782854036e-31
1.0,0.0,0.9999990463256836,1.6290547364405938e-06
1.0,0.0,0.9999986886978149,1.2230094625920174e-06
1.0,0.0,0.9999932050704956,5.368603979150066e-06
1.0,0.0,0.9999998807907104,9.023278835229576e-08
1.0,0.0,0.9999985694885254,1.2993909876968246e-06
1.0,0.0,0.9999999403953552,5.276640990814485e-08
1.0,0.0,0.9999999403953552,2.9530029976854166e-08
1.0,0.0,0.9999985694885254,1.3511680663214065e-06
1.0,0.0,0.9999994039535522,5.857298219780205e-07
1.0,0.0,0.9999988675117493,1.1095959280282841e-06
1.0,0.0,0.9999993443489075,6.154305083327927e-07
1.0,0.0,0.999999463558197,5.280366508486622e-07
1.0,0.0,0.9999997019767761,2.6167302280555305e-07
1.0,0.0,0.9999874234199524,1.1639422154985368e-05
1.0,0.0,1.0,4.723728302200864e-20
1.0,0.0,0.9999995231628418,4.4555136469170975e-07
1.0,0.0,0.9999933242797852,6.580340595974121e-06
1.0,0.0,0.9999980926513672,1.9085541680397e-06
1.0,0.0,0.9999995231628418,4.271728357707616e-07
1.0,0.0,0.9999985694885254,1.3001074421481462e-06
1.0,0.0,0.9999985694885254,1.1944368907279568e-06
1.0,0.0,0.9999803900718689,1.97234439838212e-05
1.0,0.0,0.9999997615814209,1.905689828163304e-07
1.0,0.0,0.9999987483024597,1.2242931006767321e-06
1.0,0.0,0.9999955892562866,4.373998763185227e-06
1.0,0.0,1.0,6.795875528986528e-10
1.0,0.0,0.9999999403953552,2.9013380142828282e-08
1.0,0.0,1.0,3.210218757487837e-09
1.0,0.0,0.9999993443489075,5.954680091235787e-07
1.0,0.0,1.0,0.0
1.0,0.0,1.0,2.21299112368456e-09
1.0,0.0,0.9999996423721313,3.372647654487082e-07
1.0,0.0,0.9999447464942932,3.9337261114269495e-05
1.0,0.0,0.9999995827674866,3.9759288483764976e-07
1.0,0.0,0.9999996423721313,3.225368629955483e-07
1.0,0.0,0.9999997615814209,2.2628253759648942e-07
1.0,0.0,1.0,2.0046716286969968e-08
1.0,0.0,0.9999904036521912,9.334791684523225e-06
1.0,0.0,0.9999993443489075,6.361494797602063e-07
1.0,0.0,0.9999993443489075,6.308859497039521e-07
1.0,0.0,0.9999986290931702,1.3581003486251575e-06
1.0,0.0,0.999998927116394,1.0063178024211084e-06
1.0,0.0,0.9999992847442627,7.018147698545363e-07
1.0,0.0,0.9999897480010986,7.752610144962091e-06
1.0,0.0,0.9999904036521912,9.587394742993638e-06
1.0,0.0,1.0,2.173238122793464e-08
1.0,0.0,0.9999966621398926,3.2708453545637894e-06
1.0,0.0,0.999998927116394,1.0234855380986119e-06
1.0,0.0,0.9999802112579346,1.7756185116013512e-05
1.0,0.0,1.0,7.321934170079203e-09
1.0,0.0,0.9999989867210388,9.436924415240355e-07
1.0,0.0,0.9999997019767761,2.9536852252931567e-07
1.0,0.0,0.9999873042106628,1.1953499779338017e-05
1.0,0.0,0.9999945759773254,5.1498082029866055e-06
1.0,0.0,0.9998964071273804,8.115679520415142e-05
1.0,0.0,0.9999996423721313,3.557921672836528e-07
1.0,0.0,0.9999925494194031,7.005949100857833e-06
1.0,0.0,0.9999130368232727,8.462814730592072e-05
1.0,0.0,0.9999950528144836,4.665821961680194e-06
1.0,0.0,0.999998927116394,1.0001639338952373e-06
1.0,0.0,0.9999983906745911,1.5766320302645909e-06
1.0,0.0,0.9999992847442627,6.636175271523825e-07
1.0,0.0,0.9999836087226868,1.699879067018628e-05
1.0,0.0,0.9999955892562866,4.177594291832065e-06
1.0,0.0,0.999972939491272,2.3912423785077408e-05
1.0,0.0,0.9999946355819702,4.9562268031877466e-06
1.0,0.0,0.9999996423721313,3.2608494393571164e-07
1.0,0.0,0.999998927116394,1.040408392327663e-06
1.0,0.0,0.9999995231628418,4.68442266310376e-07
1.0,0.0,0.9999992251396179,6.905283385094663e-07
1.0,0.0,0.9999997615814209,1.9968334186160064e-07
1.0,0.0,0.9999607801437378,3.985411603935063e-05
1.0,0.0,0.9999856352806091,1.3706010577152483e-05
1.0,0.0,0.9999994039535522,5.662952844431857e-07
1.0,0.0,0.9999997615814209,1.9811427875993104e-07
1.0,0.0,0.999998152256012,1.70843668456655e-06
1.0,0.0,0.9999973177909851,2.623877435325994e-06
1.0,0.0,0.9999996423721313,2.73266579142728e-07
1.0,0.0,0.9999996423721313,3.5750298366110655e-07
1.0,0.0,0.9999942183494568,5.678210527548799e-06
1.0,0.0,1.0,2.1211787881725286e-08
1.0,0.0,0.9999996423721313,3.027417108114605e-07
1.0,0.0,0.9999996423721313,3.392823373360443e-07
1.0,0.0,0.9999993443489075,6.454935714828025e-07
1.0,0.0,0.9999991059303284,7.980681289154745e-07
1.0,0.0,0.9999980926513672,1.9153662833559792e-06
1.0,0.0,0.9999989867210388,9.368577025270497e-07
1.0,0.0,0.9999991059303284,8.688000434631249e-07
1.0,0.0,0.9999983906745911,1.53011615111609e-06
1.0,0.0,0.9999987483024597,1.2847721109210397e-06
1.0,0.0,0.9999994039535522,5.717730005017074e-07
1.0,0.0,0.9999995231628418,4.461364255803346e-07
1.0,0.0,0.9999992251396179,7.25293944014993e-07
1.0,0.0,0.9999997019767761,2.6287210630471236e-07
1.0,0.0,0.9999998807907104,1.1103226427167101e-07
1.0,0.0,0.9999998211860657,1.478902618146094e-07
1.0,0.0,0.999999463558197,5.243883265393379e-07
1.0,0.0,0.9999986290931702,1.400914470650605e-06
1.0,0.0,0.9999909400939941,8.624340807728004e-06
1.0,0.0,0.9999995827674866,4.19307042420769e-07
1.0,0.0,0.9999950528144836,4.8032920858531725e-06
1.0,0.0,0.9999992847442627,6.926256901351735e-07
1.0,0.0,1.0,9.858191596379129e-09
1.0,0.0,0.9999997019767761,2.850158864475816e-07
1.0,0.0,0.9999934434890747,6.18716876488179e-06
1.0,0.0,0.9999995827674866,3.5890491290047066e-07
1.0,0.0,0.9999990463256836,8.90093815542059e-07
1.0,0.0,0.9999992847442627,6.750856869075506e-07
1.0,0.0,1.0,4.034857781221035e-09
1.0,0.0,0.9999982118606567,1.696461254141468e-06
1.0,0.0,0.9999836683273315,1.493133186158957e-05
1.0,0.0,0.9999993443489075,6.422624210244976e-07
1.0,0.0,0.9999998807907104,9.041281856525529e-08
1.0,0.0,0.9999999403953552,3.735815923278096e-08
1.0,0.0,0.9999992251396179,7.576118719043734e-07
1.0,0.0,0.9999995231628418,4.5071996623846644e-07
1.0,0.0,0.9999755620956421,2.2932559659238905e-05
1.0,0.0,0.9999884963035583,1.0983249012497254e-05
1.0,0.0,0.9999995827674866,3.899153853126336e-07
1.0,0.0,0.999997079372406,2.7374233013688354e-06
1.0,0.0,0.9999997019767761,2.7056810836256773e-07
1.0,0.0,0.9999976754188538,2.122787009284366e-06
1.0,0.0,0.9999537467956543,4.6656557969981804e-05
1.0,0.0,1.0,0.0
1.0,0.0,0.9999963045120239,3.5448786093184026e-06
1.0,0.0,0.9999925494194031,7.2295533755095676e-06
1.0,0.0,0.9999990463256836,9.232166462425084e-07
1.0,0.0,0.9999991059303284,8.123307111418399e-07
1.0,0.0,0.9999969601631165,2.831340907505364e-06
1.0,0.0,0.9999979734420776,1.8223053075416829e-06
1.0,0.0,0.9999954104423523,4.757774149766192e-06
1.0,0.0,0.9998955726623535,9.597145981388167e-05
1.0,0.0,0.9999896287918091,9.410840903001372e-06
1.0,0.0,0.9999956488609314,4.237590019329218e-06
1.0,0.0,0.9999925494194031,6.911186119396007e-06
1.0,0.0,0.9999918341636658,7.128243851184379e-06
1.0,0.0,0.9999997615814209,2.3348066235939768e-07
1.0,0.0,0.9999999403953552,4.088733973617309e-08
1.0,0.0,1.0,4.911647089045346e-09
1.0,0.0,0.999999463558197,5.166978098714026e-07
1.0,0.0,0.9999901056289673,9.46222644415684e-06
1.0,0.0,0.9999997615814209,2.1233731217762397e-07
1.0,0.0,0.9999960064888,3.5641464819491375e-06
1.0,0.0,0.9999995231628418,4.6990180635475554e-07
1.0,0.0,0.9999995827674866,3.974586775257194e-07
1.0,0.0,0.9999997615814209,1.5871971470460267e-07
1.0,0.0,0.9999996423721313,3.1779691767042095e-07
1.0,0.0,0.9999905228614807,9.405439413967542e-06
1.0,0.0,0.9999986290931702,1.0560630698819296e-06
1.0,0.0,0.9999988675117493,1.0849843192772823e-06
1.0,0.0,0.999998927116394,1.107082425733097e-06
1.0,0.0,0.9999999403953552,3.788723645925529e-08
1.0,0.0,0.9999998807907104,1.3165981727070175e-07
1.0,0.0,0.9999988079071045,1.1873024732267368e-06
1.0,0.0,1.0,1.1825051932282188e-26
0.0,1.0,2.2792722376152597e-08,1.0
0.0,1.0,2.28048548933657e-08,1.0
0.0,1.0,2.2781508235425463e-08,1.0
0.0,1.0,2.2784464093206225e-08,1.0
0.0,1.0,2.2767217444652488e-08,1.0
0.0,1.0,2.9985677940658206e-08,0.9999999403953552
0.0,1.0,2.2796243115408288e-08,1.0
0.0,1.0,0.0,1.0
0.0,1.0,2.2781030395435664e-08,1.0
0.0,1.0,2.272717125606505e-08,1.0
0.0,1.0,2.381682406848995e-08,1.0
0.0,1.0,2.2812423949858385e-08,1.0
0.0,1.0,1.994725660147377e-14,1.0
0.0,1.0,2.280468081039544e-08,1.0
0.0,1.0,2.2912152175535994e-08,1.0
0.0,1.0,2.2730466398002136e-08,1.0
0.0,1.0,2.2787332909501856e-08,1.0
0.0,1.0,2.272959953586451e-08,1.0
0.0,1.0,4.718012005383576e-12,1.0
0.0,1.0,2.272266286240665e-08,1.0
0.0,1.0,2.305998769713824e-08,1.0
0.0,1.0,2.2840463742568318e-08,1.0
0.0,1.0,2.2754671036295804e-08,1.0
0.0,1.0,2.2798417376179714e-08,1.0
0.0,1.0,2.2857154391431322e-08,1.0
0.0,1.0,2.2774123920044076e-08,1.0
0.0,1.0,2.2737490112945125e-08,1.0
0.0,1.0,2.3092558976145483e-08,1.0
0.0,1.0,3.2794043088729685e-12,1.0
0.0,1.0,2.2887562067808176e-08,1.0
0.0,1.0,2.2817340905589845e-08,1.0
0.0,1.0,2.2823174461450435e-08,1.0
0.0,1.0,2.5776079946686348e-14,1.0
0.0,1.0,2.2859508064243528e-08,1.0
0.0,1.0,2.310216196121928e-08,1.0
0.0,1.0,2.280420297040564e-08,1.0
0.0,1.0,2.273276500375232e-08,1.0
0.0,1.0,1.8513374167028473e-10,1.0
0.0,1.0,2.3185725339658347e-08,1.0
0.0,1.0,2.2804636401474454e-08,1.0
0.0,1.0,2.2757753015412163e-08,1.0
0.0,1.0,5.580526599667167e-32,1.0
0.0,1.0,2.3311793384550583e-08,1.0
0.0,1.0,2.2728602999677605e-08,1.0
0.0,1.0,2.2786203146551998e-08,1.0
0.0,1.0,2.2790070275391372e-08,1.0
0.0,1.0,7.343369405018366e-37,1.0
0.0,1.0,2.2742131733366477e-08,1.0
0.0,1.0,2.384667796562212e-09,1.0
0.0,1.0,2.2797722820655508e-08,1.0
0.0,1.0,2.2815035194412303e-08,1.0
0.0,1.0,2.276131283451832e-08,1.0
0.0,1.0,2.2797635779170378e-08,1.0
0.0,1.0,2.2992791670617407e-08,1.0
0.0,1.0,2.885981406766649e-36,1.0
0.0,1.0,2.2754496953325543e-08,1.0
0.0,1.0,2.2787158826531595e-08,1.0
0.0,1.0,1.9738224943388616e-11,1.0
0.0,1.0,2.277056054822424e-08,1.0
0.0,1.0,0.0,1.0
0.0,1.0,2.2766958096553935e-08,1.0
0.0,1.0,2.2816992739649322e-08,1.0
0.0,1.0,2.2806464272662197e-08,1.0
0.0,1.0,2.3159250517323926e-08,1.0
0.0,1.0,2.2750938910576224e-08,1.0
0.0,1.0,2.278524569021556e-08,1.0
0.0,1.0,2.2734889526532243e-08,1.0
0.0,1.0,2.2788810838392237e-08,1.0
0.0,1.0,2.2863433812858602e-08,1.0
0.0,1.0,2.4722771385654596e-08,1.0
0.0,1.0,2.2757710382848018e-08,1.0
0.0,1.0,2.4764680972566566e-08,1.0
0.0,1.0,5.691195778534386e-11,1.0
0.0,1.0,2.2745341610175274e-08,1.0
0.0,1.0,2.4438089329947843e-09,1.0
0.0,1.0,2.322232717233419e-08,1.0
0.0,1.0,7.12165767852746e-34,1.0
0.0,1.0,2.3281755190396325e-08,1.0
0.0,1.0,2.2766958096553935e-08,1.0
0.0,1.0,2.2808986699374145e-08,1.0
0.0,1.0,2.2804158561484655e-08,1.0
0.0,1.0,1.8327675377349806e-08,1.0
0.0,1.0,2.2782725039860452e-08,1.0
0.0,1.0,2.848739732996819e-08,0.9999999403953552
0.0,1.0,1.8841304384731306e-12,1.0
0.0,1.0,2.4563338030247905e-08,0.9999999403953552
0.0,1.0,2.2785593856156083e-08,1.0
0.0,1.0,0.0,1.0
0.0,1.0,2.290380685110449e-08,1.0
0.0,1.0,2.2747034478243222e-08,1.0
0.0,1.0,2.8767781046212804e-08,0.9999999403953552
0.0,1.0,2.2766045049138484e-08,1.0
0.0,1.0,2.2801678767336853e-08,1.0
0.0,1.0,2.2777511432536812e-08,1.0
0.0,1.0,2.278441968428524e-08,1.0
0.0,1.0,1.3439748528205598e-30,1.0
0.0,1.0,2.2754583994810673e-08,1.0
0.0,1.0,1.0025897009846053e-15,1.0
0.0,1.0,2.279593935838875e-08,1.0
0.0,1.0,2.283027100702384e-08,1.0
0.0,1.0,2.278368071984005e-08,1.0
0.0,1.0,2.274790134038085e-08,1.0
0.0,1.0,2.276439481363468e-08,1.0
0.0,1.0,2.2823609668876088e-08,1.0
0.0,1.0,2.3104629320869208e-08,1.0
0.0,1.0,2.2818255729362136e-08,1.0
0.0,1.0,2.280707356305811e-08,1.0
0.0,1.0,2.274946453439952e-08,1.0
0.0,1.0,2.280459376891031e-08,1.0
0.0,1.0,2.2771429186718706e-08,1.0
0.0,1.0,2.278050992288172e-08,1.0
0.0,1.0,2.273350219184067e-08,1.0
0.0,1.0,2.2925091158754185e-08,1.0
0.0,1.0,2.3169766549813176e-08,1.0
0.0,1.0,2.282674316234079e-08,1.0
0.0,1.0,2.2746165839748755e-08,1.0
0.0,1.0,2.2848697156518938e-08,1.0
0.0,1.0,2.284887301584604e-08,1.0
0.0,1.0,2.8393660755909877e-08,0.9999999403953552
0.0,1.0,2.2780291430990474e-08,1.0
0.0,1.0,2.2788375630966584e-08,1.0
0.0,1.0,2.283414701764741e-08,1.0
0.0,1.0,2.274547306058139e-08,1.0
0.0,1.0,2.306759760983823e-08,1.0
0.0,1.0,2.2830837664855608e-08,1.0
0.0,1.0,2.2734889526532243e-08,1.0
0.0,1.0,2.28014194192383e-08,1.0
0.0,1.0,2.2783899211731296e-08,1.0
0.0,1.0,2.2800245247367457e-08,1.0
0.0,1.0,2.2795591192448228e-08,1.0
0.0,1.0,2.2890398909680698e-08,1.0
0.0,1.0,2.2769649277165627e-08,1.0
0.0,1.0,2.2784767850225762e-08,1.0
0.0,1.0,2.275189459055582e-08,1.0
0.0,1.0,2.2913987152151094e-08,1.0
0.0,1.0,2.277447030962776e-08,1.0
0.0,1.0,2.418814659677082e-08,1.0
0.0,1.0,3.218898493904671e-18,1.0
0.0,1.0,2.2858026582639468e-08,1.0
0.0,1.0,2.275749189095677e-08,1.0
0.0,1.0,2.2766869278711965e-08,1.0
0.0,1.0,2.275796973094657e-08,1.0
0.0,1.0,9.904223268071815e-15,1.0
0.0,1.0,2.2804984567414976e-08,1.0
0.0,1.0,0.0,1.0
0.0,1.0,2.3568821561070763e-08,1.0
0.0,1.0,2.2786897702076203e-08,1.0
0.0,1.0,2.2784854891710893e-08,1.0
0.0,1.0,2.27950263109733e-08,1.0
0.0,1.0,2.274920340994413e-08,1.0
0.0,1.0,2.27630927440714e-08,1.0
0.0,1.0,2.2783247288771236e-08,1.0
0.0,1.0,2.2771040164570877e-08,1.0
0.0,1.0,2.2762311147062064e-08,1.0
0.0,1.0,2.2793113174657265e-08,1.0
0.0,1.0,2.2827615353548936e-08,1.0
0.0,1.0,2.275974964049965e-08,1.0
0.0,1.0,5.5487316130697906e-12,1.0
0.0,1.0,2.5016150928536263e-08,1.0
0.0,1.0,2.2828572809885372e-08,1.0
0.0,1.0,2.3596394171931934e-08,1.0
0.0,1.0,2.7616515296813304e-08,0.9999999403953552
0.0,1.0,2.2784551134691355e-08,1.0
0.0,1.0,0.01562210638076067,0.9853730797767639
0.0,1.0,2.2796635690269795e-08,1.0
0.0,1.0,7.627891509620968e-14,1.0
0.0,1.0,2.2773297914113755e-08,1.0
0.0,1.0,3.2180964559813674e-09,1.0
0.0,1.0,2.1891140887731397e-15,1.0
0.0,1.0,2.7623416443134374e-08,0.9999999403953552
0.0,1.0,2.296224366205024e-08,1.0
0.0,1.0,2.3604586729675248e-08,1.0
0.0,1.0,2.2823000378480174e-08,1.0
0.0,1.0,2.3006654359392087e-08,1.0
0.0,1.0,6.08535146483543e-32,1.0
0.0,1.0,2.31842669506932e-08,1.0
0.0,1.0,2.283776190381559e-08,1.0
0.0,1.0,2.274816246483624e-08,1.0
0.0,1.0,2.2799591548050557e-08,1.0
0.0,1.0,8.03331754722205e-18,1.0
0.0,1.0,2.285375444444071e-08,1.0
0.0,1.0,2.289074885197806e-08,1.0
0.0,1.0,2.2817689071530367e-08,1.0
0.0,1.0,7.00049352796335e-14,1.0
0.0,1.0,2.2787419950986987e-08,1.0
0.0,1.0,2.2765089369158886e-08,1.0
0.0,1.0,0.0961061492562294,0.8696151375770569
0.0,1.0,6.530606959473512e-29,1.0
0.0,1.0,4.9507261815638305e-28,1.0
0.0,1.0,2.280568089929602e-08,1.0
0.0,1.0,5.587828810771356e-11,1.0
0.0,1.0,2.2888871242798814e-08,1.0
0.0,1.0,3.3337731226878565e-24,1.0
0.0,1.0,2.776275564997377e-08,0.9999999403953552
0.0,1.0,2.7004990243995053e-08,1.0
0.0,1.0,0.0,1.0
0.0,1.0,0.0,1.0
0.0,1.0,1.1645783993998859e-15,1.0
0.0,1.0,2.281107569501728e-08,1.0
0.0,1.0,1.5642226003365067e-07,0.9999998211860657
0.0,1.0,2.273658061824335e-08,1.0
0.0,1.0,6.9037354191512745e-18,1.0
0.0,1.0,6.669761657227809e-28,1.0
0.0,1.0,2.2933356547127914e-08,1.0
0.0,1.0,2.7970150640044267e-08,0.9999999403953552
0.0,1.0,2.390520670303431e-08,1.0
0.0,1.0,2.429356449340503e-08,1.0
0.0,1.0,2.2836498914102776e-08,1.0
0.0,1.0,2.274061294826879e-08,1.0
0.0,1.0,2.2740961114209313e-08,1.0
0.0,1.0,2.2681831524096197e-08,1.0
0.0,1.0,2.270338583798548e-08,1.0
0.0,1.0,2.2675170185948446e-08,1.0
0.0,1.0,2.332246751279854e-08,1.0
0.0,1.0,2.2693861012612615e-08,1.0
0.0,1.0,2.2791418530232477e-08,1.0
0.0,1.0,2.2666823085160104e-08,1.0
0.0,1.0,2.2667082433258656e-08,1.0
0.0,1.0,2.2722620229842505e-08,1.0
0.0,1.0,2.2754107931177714e-08,1.0
0.0,1.0,2.267248788712095e-08,1.0
0.0,1.0,2.2703256163936203e-08,1.0
0.0,1.0,2.268762777646316e-08,1.0
0.0,1.0,2.269671739441037e-08,1.0
0.0,1.0,2.268273924244113e-08,1.0
0.0,1.0,2.2697973278695827e-08,1.0
0.0,1.0,2.3332166421141665e-08,1.0
0.0,1.0,2.273462840207685e-08,1.0
0.0,1.0,2.2657099307821227e-08,1.0
0.0,1.0,2.267599086280825e-08,1.0
0.0,1.0,2.268507515168494e-08,1.0
0.0,1.0,2.269502985541294e-08,1.0
0.0,1.0,3.060084452499723e-07,0.9999996423721313
0.0,1.0,2.2797374654714986e-08,1.0
0.0,1.0,2.265593224137774e-08,1.0
0.0,1.0,2.277764110658609e-08,1.0
0.0,1.0,2.265424647873715e-08,1.0
0.0,1.0,2.268152776707666e-08,1.0
0.0,1.0,2.268152776707666e-08,1.0
0.0,1.0,2.2636839958067867e-08,1.0
0.0,1.0,2.265904264220353e-08,1.0
0.0,1.0,2.2653338760392216e-08,1.0
0.0,1.0,3.89333545006126e-19,1.0
0.0,1.0,2.2707759228524083e-08,1.0
0.0,1.0,5.977079808872077e-07,0.9999993443489075
0.0,1.0,2.268650334258382e-08,1.0
0.0,1.0,2.4337603463209234e-05,0.9999796748161316
0.0,1.0,4.1787952653749016e-08,0.9999999403953552
0.0,1.0,2.2695072487977086e-08,1.0
0.0,1.0,2.272274990389178e-08,1.0
0.0,1.0,2.2830315415944824e-08,1.0
0.0,1.0,2.272483001775072e-08,1.0
0.0,1.0,2.2765783924683092e-08,1.0
0.0,1.0,2.2730942461635095e-08,1.0
0.0,1.0,9.937898539646994e-07,0.9999988675117493
0.0,1.0,2.268611432043599e-08,1.0
0.0,1.0,2.326595271995302e-08,1.0
0.0,1.0,2.27556267162754e-08,1.0
0.0,1.0,2.2663625642849183e-08,1.0
0.0,1.0,2.2631832408137598e-08,1.0
0.0,1.0,2.2750764827605963e-08,1.0
0.0,1.0,2.2655543219229912e-08,1.0
0.0,1.0,2.267088916596549e-08,1.0
0.0,1.0,2.1147661978129843e-21,1.0
0.0,1.0,2.267305099223904e-08,1.0
0.0,1.0,2.2681916789224488e-08,1.0
0.0,1.0,0.00012296831118874252,0.9998964667320251
0.0,1.0,2.2680705313860017e-08,1.0
0.0,1.0,2.271911014872785e-08,1.0
0.0,1.0,2.2771647678609952e-08,1.0
0.0,1.0,2.2684686129537113e-08,1.0
0.0,1.0,2.2699662594050096e-08,1.0
0.0,1.0,2.2685162193170072e-08,1.0
0.0,1.0,2.2722836945376912e-08,1.0
0.0,1.0,2.271928423169811e-08,1.0
0.0,1.0,2.3729130660399278e-08,1.0
0.0,1.0,2.2789548026480588e-08,1.0
0.0,1.0,2.2725046733285126e-08,1.0
0.0,1.0,2.2682392852857447e-08,1.0
0.0,1.0,2.269373133856334e-08,1.0
0.0,1.0,2.2687846268354406e-08,1.0
0.0,1.0,2.2664144339046288e-08,1.0
0.0,1.0,2.2688883660748616e-08,1.0
0.0,1.0,2.268563825680303e-08,1.0
0.0,1.0,2.2715298086950497e-08,1.0
0.0,1.0,3.60488079937744e-28,1.0
0.0,1.0,2.2715990866117863e-08,1.0
0.0,1.0,2.2674347732731803e-08,1.0
0.0,1.0,2.7477227604322252e-08,0.9999999403953552
0.0,1.0,2.268442678143856e-08,1.0
0.0,1.0,2.2685249234655203e-08,1.0
0.0,1.0,2.272041044193429e-08,1.0
0.0,1.0,2.269399068666189e-08,1.0
0.0,1.0,2.2684643496972967e-08,1.0
0.0,1.0,2.282378375184635e-08,1.0
0.0,1.0,0.0,1.0
0.0,1.0,2.2661463816575633e-08,1.0
0.0,1.0,1.4235067317271383e-29,1.0
0.0,1.0,2.2779163444397454e-08,1.0
0.0,1.0,2.2671537536211872e-08,1.0
0.0,1.0,2.2718200654026077e-08,1.0
0.0,1.0,2.311542957045276e-08,1.0
0.0,1.0,2.267577592363068e-08,1.0
0.0,1.0,2.2726087678393014e-08,1.0
0.0,1.0,5.050032059877094e-26,1.0
0.0,1.0,2.265640652865386e-08,1.0
0.0,1.0,2.2675818556194827e-08,1.0
0.0,1.0,2.2683172673509944e-08,1.0
0.0,1.0,1.816607419989011e-28,1.0
0.0,1.0,2.2722966619426188e-08,1.0
0.0,1.0,2.2724613302216312e-08,1.0
0.0,1.0,2.2663019905166948e-08,1.0
0.0,1.0,2.2679667921465807e-08,1.0
0.0,1.0,3.375710315543513e-16,1.0
0.0,1.0,2.2695852308629583e-08,1.0
0.0,1.0,2.2706677427208888e-08,1.0
0.0,1.0,2.019092553402573e-15,1.0
0.0,1.0,2.2690874956765583e-08,1.0
0.0,1.0,2.270122045899825e-08,1.0
0.0,1.0,2.3128659876192614e-08,1.0
0.0,1.0,2.2982575842434017e-08,1.0
0.0,1.0,2.2724483628167036e-08,1.0
0.0,1.0,2.2691306611477557e-08,1.0
0.0,1.0,2.2646643671464517e-08,1.0
0.0,1.0,2.2698536383813916e-08,1.0
0.0,1.0,2.2671146737707204e-08,1.0
0.0,1.0,2.2675646249581405e-08,1.0
0.0,1.0,2.267841381353719e-08,1.0
0.0,1.0,1.359665393302606e-17,1.0
0.0,1.0,2.272144961068534e-08,1.0
0.0,1.0,2.267906218378357e-08,1.0
0.0,1.0,2.2948320577143022e-08,1.0
0.0,1.0,2.2688148249017104e-08,1.0
0.0,1.0,2.265545617774478e-08,1.0
0.0,1.0,2.2671667210261148e-08,1.0
0.0,1.0,1.1425802975514149e-23,1.0
0.0,1.0,2.2692173473615185e-08,1.0
0.0,1.0,2.2683172673509944e-08,1.0
0.0,1.0,2.2652301367998007e-08,1.0
0.0,1.0,2.2664575993758262e-08,1.0
0.0,1.0,2.267417542611838e-08,1.0
0.0,1.0,2.285854883155025e-08,1.0
0.0,1.0,2.2712525193924193e-08,1.0
0.0,1.0,2.267880283568502e-08,1.0
0.0,1.0,2.2734976568017373e-08,1.0
0.0,1.0,2.278098776287152e-08,1.0
0.0,1.0,2.2788549713936845e-08,1.0
0.0,1.0,2.265696963377195e-08,1.0
0.0,1.0,2.280903110829513e-08,1.0
0.0,1.0,2.2701264867919235e-08,1.0
0.0,1.0,2.2656839959722674e-08,1.0
0.0,1.0,2.272088650556725e-08,1.0
0.0,1.0,2.269879573191247e-08,1.0
0.0,1.0,2.2688711354135194e-08,1.0
0.0,1.0,2.9933847400798186e-08,0.9999999403953552
0.0,1.0,2.268875398669934e-08,1.0
0.0,1.0,2.2678456446101336e-08,1.0
0.0,1.0,2.2696848844816486e-08,1.0
0.0,1.0,2.2670413102332532e-08,1.0
0.0,1.0,2.2668380950108258e-08,1.0
0.0,1.0,2.267344001438687e-08,1.0
0.0,1.0,1.3206127103058529e-14,1.0
0.0,1.0,2.2656580611624122e-08,1.0
0.0,1.0,2.2718200654026077e-08,1.0
0.0,1.0,2.2701090784948974e-08,1.0
0.0,1.0,2.2679234490396993e-08,1.0
0.0,1.0,2.2725783921373477e-08,1.0
0.0,1.0,2.2704467639300674e-08,1.0
0.0,1.0,2.2686460710019674e-08,1.0
0.0,1.0,2.2721232895150933e-08,1.0
0.0,1.0,2.7143012282238033e-09,1.0
0.0,1.0,2.2702042912214893e-08,1.0
0.0,1.0,2.2758490203500514e-08,1.0
0.0,1.0,2.2645693320555438e-08,1.0
0.0,1.0,2.2675429534046998e-08,1.0
0.0,1.0,2.2700268331732332e-08,1.0
0.0,1.0,5.264298719165339e-11,1.0
0.0,1.0,2.2661939880208593e-08,1.0
0.0,1.0,2.270187060560147e-08,1.0
0.0,1.0,2.2660209708647017e-08,1.0
0.0,1.0,3.032068462971438e-08,0.9999999403953552
0.0,1.0,2.2609352612334987e-08,1.0
0.0,1.0,2.265048770766498e-08,1.0
0.0,1.0,2.2667817844990168e-08,1.0
0.0,1.0,2.2714518266298e-08,1.0
0.0,1.0,6.226600248737668e-07,0.9999992251396179
0.0,1.0,2.286133948814495e-08,1.0
0.0,1.0,2.2680705313860017e-08,1.0
0.0,1.0,2.284394895468722e-08,1.0
0.0,1.0,7.95751919219212e-12,1.0
0.0,1.0,2.2665094689955367e-08,1.0
0.0,1.0,2.2645735953119583e-08,1.0
0.0,1.0,2.3220732003892408e-08,1.0
0.0,1.0,2.2678673161635743e-08,1.0
0.0,1.0,2.2673741995049568e-08,1.0
0.0,1.0,2.266816423457385e-08,1.0
0.0,1.0,2.271209176285538e-08,1.0
0.0,1.0,2.551414817977203e-18,1.0
0.0,1.0,2.2706720059773033e-08,1.0
0.0,1.0,2.265679555080169e-08,1.0
0.0,1.0,2.2711267533281898e-08,1.0
0.0,1.0,2.2732070448228114e-08,1.0
0.0,1.0,2.26738290365347e-08,1.0
0.0,1.0,2.2696502455232803e-08,1.0
0.0,1.0,2.2689272682896444e-08,1.0
0.0,1.0,1.3820277678662828e-29,1.0
0.0,1.0,2.2661982512772738e-08,1.0
0.0,1.0,2.2676509559005353e-08,1.0
0.0,1.0,2.267287690926878e-08,1.0
0.0,1.0,2.2667473231763324e-08,1.0
0.0,1.0,6.51184318530766e-16,1.0
0.0,1.0,2.2635717300545366e-08,1.0
0.0,1.0,2.354727524078726e-10,1.0
0.0,1.0,2.2657790310631754e-08,1.0
0.0,1.0,2.267633725239193e-08,1.0
0.0,1.0,2.2828659851370503e-08,1.0
0.0,1.0,2.58623458648799e-07,0.9999997019767761
0.0,1.0,2.2686331035970397e-08,1.0
0.0,1.0,2.2668206867137997e-08,1.0
0.0,1.0,2.2655974873941886e-08,1.0
0.0,1.0,2.2694250034760444e-08,1.0
0.0,1.0,2.2658438680878135e-08,1.0
0.0,1.0,9.68180870586366e-07,0.9999988079071045
0.0,1.0,2.2724613302216312e-08,1.0
0.0,1.0,2.269334231641551e-08,1.0
0.0,1.0,2.272032340044916e-08,1.0
0.0,1.0,2.2687846268354406e-08,1.0
0.0,1.0,2.2679797595515083e-08,1.0
0.0,1.0,2.2693773971127484e-08,1.0
0.0,1.0,2.269269216981229e-08,1.0
0.0,1.0,0.0,1.0
0.0,1.0,2.2734932159096388e-08,1.0
0.0,1.0,2.2690571199746046e-08,1.0
0.0,1.0,0.0,1.0
0.0,1.0,1.74293131038894e-08,0.9999999403953552
0.0,1.0,2.273623245230283e-08,1.0
0.0,1.0,2.2697713930597274e-08,1.0
0.0,1.0,2.2685725298288162e-08,1.0
0.0,1.0,2.2674520039345225e-08,1.0
0.0,1.0,2.2689706113965258e-08,1.0
0.0,1.0,2.2783899211731296e-08,1.0
0.0,1.0,4.92371325367346e-30,1.0
0.0,1.0,2.267088916596549e-08,1.0
0.0,1.0,2.268819088158125e-08,1.0
0.0,1.0,2.2719456538311533e-08,1.0
0.0,1.0,2.631447577200463e-13,1.0
0.0,1.0,2.2675646249581405e-08,1.0
0.0,1.0,2.2706503344238627e-08,1.0
0.0,1.0,2.267655396792634e-08,1.0
0.0,1.0,0.0005085056181997061,0.9961692094802856
0.0,1.0,2.266336629475063e-08,1.0
0.0,1.0,2.2673006583318056e-08,1.0
0.0,1.0,2.2741394545278126e-08,1.0
0.0,1.0,2.2691351020398542e-08,1.0
0.0,1.0,2.266846621523655e-08,1.0
0.0,1.0,2.2776642794042345e-08,1.0
0.0,1.0,2.2705421542923432e-08,1.0
0.0,1.0,2.271572974166247e-08,1.0
0.0,1.0,2.265887033559011e-08,1.0
0.0,1.0,2.2791157405777085e-08,1.0
0.0,1.0,2.2656061915427017e-08,1.0
0.0,1.0,2.2699142121496152e-08,1.0
0.0,1.0,2.2685984646386714e-08,1.0
0.0,1.0,2.270983934238302e-08,1.0
0.0,1.0,2.2662371534920567e-08,1.0
0.0,1.0,2.271209176285538e-08,1.0
0.0,1.0,2.2702476343283706e-08,1.0
0.0,1.0,2.2701611257502918e-08,1.0
0.0,1.0,2.2717550507422857e-08,1.0
0.0,1.0,2.631655071638761e-08,1.0
0.0,1.0,2.2715513026128065e-08,1.0
0.0,1.0,2.2683517286736787e-08,1.0
0.0,1.0,2.2805899391187268e-08,1.0
0.0,1.0,2.269671739441037e-08,1.0
0.0,1.0,2.3005293670053106e-08,1.0
0.0,1.0,2.2693384948979656e-08,1.0
0.0,1.0,2.3578758501230368e-08,1.0
0.0,1.0,2.2680836764266132e-08,1.0
0.0,1.0,2.2721970083239285e-08,1.0
0.0,1.0,2.270273569138226e-08,1.0
0.0,1.0,2.2702606017332982e-08,1.0
0.0,1.0,2.2707196123405993e-08,1.0
0.0,1.0,2.2755148876285602e-08,1.0
0.0,1.0,2.2748334771449663e-08,1.0
0.0,1.0,2.2690182177598217e-08,1.0
0.0,1.0,2.2690182177598217e-08,1.0
0.0,1.0,2.2725350490304663e-08,1.0
0.0,1.0,2.2677159705608574e-08,1.0
0.0,1.0,2.271330501457669e-08,1.0
0.0,1.0,2.2669807364650296e-08,1.0
0.0,1.0,2.269606902416399e-08,1.0
0.0,1.0,4.144443253880581e-30,1.0
0.0,1.0,2.268403775929073e-08,1.0
0.0,1.0,2.267400134314812e-08,1.0
0.0,1.0,2.2694207402196298e-08,1.0
0.0,1.0,2.2685421541268624e-08,1.0
0.0,1.0,2.271087851113407e-08,1.0
0.0,1.0,2.2785551223591938e-08,1.0
0.0,1.0,2.2681874156660342e-08,1.0
0.0,1.0,2.2693601664514063e-08,1.0
0.0,1.0,2.2699705226614242e-08,1.0
0.0,1.0,2.2710056057917427e-08,1.0
0.0,1.0,2.2667817844990168e-08,1.0
0.0,1.0,2.2647723696422872e-08,1.0
0.0,1.0,9.39171586651355e-05,0.9998472929000854
0.0,1.0,2.2673093624803187e-08,1.0
0.0,1.0,2.269100463081486e-08,1.0
0.0,1.0,2.275527855033488e-08,1.0
0.0,1.0,2.2728819715212012e-08,1.0
0.0,1.0,2.266271614814741e-08,1.0
0.0,1.0,4.723558959085494e-06,0.9999943375587463
0.0,1.0,2.25116316698859e-08,1.0
0.0,1.0,2.2679408573367255e-08,1.0
0.0,1.0,2.2728212201172937e-08,1.0
0.0,1.0,2.2700051616197925e-08,1.0
0.0,1.0,2.2687499878770723e-08,1.0
0.0,1.0,2.272322774388158e-08,1.0
0.0,1.0,2.313744040804977e-08,1.0
0.0,1.0,2.2674736754879632e-08,1.0
0.0,1.0,2.2735886062719146e-08,1.0
0.0,1.0,2.2734194971008037e-08,1.0
0.0,1.0,2.268265397731284e-08,1.0
0.0,1.0,2.2707196123405993e-08,1.0
0.0,1.0,2.268282628392626e-08,1.0
0.0,1.0,2.2670585408945954e-08,1.0
0.0,1.0,2.2698710466784178e-08,1.0
0.0,1.0,2.2723357417930856e-08,1.0
0.0,1.0,9.95815525210437e-18,1.0
0.0,1.0,2.2718763759144167e-08,1.0
0.0,1.0,2.2642064223532543e-08,1.0
0.0,1.0,2.2657618004018332e-08,1.0
0.0,1.0,2.2704858437805342e-08,1.0
0.0,1.0,2.2812510991343515e-08,1.0
0.0,1.0,2.268498988655665e-08,1.0
0.0,1.0,2.2703343205421334e-08,1.0
0.0,1.0,4.229432448710213e-08,0.9999999403953552
0.0,1.0,2.267248788712095e-08,1.0
0.0,1.0,2.2678197098002784e-08,1.0
0.0,1.0,2.2712221436904656e-08,1.0
0.0,1.0,2.268321530607409e-08,1.0
0.0,1.0,2.267231558050753e-08,1.0
0.0,1.0,2.27256542473242e-08,1.0
0.0,1.0,2.2737317806331703e-08,1.0
0.0,1.0,2.2728386284143198e-08,1.0
0.0,1.0,2.259637632562317e-08,1.0
0.0,1.0,2.2667862253911153e-08,1.0
0.0,1.0,2.2715340719514643e-08,1.0
0.0,1.0,2.264642695593011e-08,1.0
0.0,1.0,7.896424840229694e-15,1.0
0.0,1.0,2.2682133504758895e-08,1.0
0.0,1.0,2.0096115049828e-10,1.0
0.0,1.0,2.2742522531871145e-08,1.0
0.0,1.0,2.2690182177598217e-08,1.0
0.0,1.0,2.266535403805392e-08,1.0
0.0,1.0,5.653357337820353e-09,1.0
0.0,1.0,2.5094477607012777e-08,1.0
0.0,1.0,2.2687759226869275e-08,1.0
0.0,1.0,2.2689835788014534e-08,1.0
0.0,1.0,2.2668812604820232e-08,1.0
0.0,1.0,2.266224186087129e-08,1.0
0.0,1.0,2.2682998590539682e-08,1.0
0.0,1.0,2.2681253130560288e-32,1.0
0.0,1.0,2.2675646249581405e-08,1.0
0.0,1.0,2.2725350490304663e-08,1.0
0.0,1.0,2.2663451559878922e-08,1.0
0.0,1.0,2.2626695184158052e-08,1.0
0.0,1.0,2.277577415554788e-08,1.0
0.0,1.0,2.3061042853100844e-08,1.0
0.0,1.0,2.271339027970498e-08,1.0
0.0,1.0,2.2702042912214893e-08,1.0
0.0,1.0,2.2660772813765107e-08,1.0
0.0,1.0,2.2722057124724415e-08,1.0
0.0,1.0,8.702759650078273e-13,1.0
0.0,1.0,2.271339027970498e-08,1.0
0.0,1.0,2.2710619163035517e-08,1.0
0.0,1.0,2.26810517034437e-08,1.0
0.0,1.0,2.27238778904848e-08,1.0
0.0,1.0,2.2790027642827226e-08,1.0
0.0,1.0,2.276048860494484e-08,1.0
0.0,1.0,2.2785854980611475e-08,1.0
0.0,1.0,2.2680056943613636e-08,1.0
0.0,1.0,2.2657573595097347e-08,1.0
0.0,1.0,3.612223298254946e-10,1.0
0.0,1.0,2.270234666923443e-08,1.0
0.0,1.0,2.277929311844673e-08,1.0
0.0,1.0,2.2656536202703137e-08,1.0
0.0,1.0,2.2694640833265112e-08,1.0
0.0,1.0,2.2661723164674186e-08,1.0
0.0,1.0,2.269598198267886e-08,1.0
0.0,1.0,2.2699575552564966e-08,1.0
0.0,1.0,2.2708972480245393e-08,1.0
0.0,1.0,2.2707890678930198e-08,1.0
0.0,1.0,2.2685897604901584e-08,1.0
0.0,1.0,2.2656580611624122e-08,1.0
0.0,1.0,2.2682911549054552e-08,1.0
0.0,1.0,2.271685772825549e-08,1.0
0.0,1.0,2.2668293908623127e-08,1.0
0.0,1.0,2.2654980114111822e-08,1.0
0.0,1.0,2.2687846268354406e-08,1.0
0.0,1.0,2.2671320820677465e-08,1.0
0.0,1.0,2.2691047263379005e-08,1.0
0.0,1.0,2.278711441761061e-08,1.0
0.0,1.0,2.2679408573367255e-08,1.0
0.0,1.0,2.2692908885346696e-08,1.0
0.0,1.0,2.271668364528523e-08,1.0
0.0,1.0,2.266280318963254e-08,1.0
0.0,1.0,2.972825541291968e-07,0.9999997615814209
0.0,1.0,2.2678586120150612e-08,1.0
0.0,1.0,2.264163256882057e-08,1.0
0.0,1.0,2.280494193485083e-08,1.0
0.0,1.0,2.2659476073272344e-08,1.0
0.0,1.0,2.2670455734896677e-08,1.0
0.0,1.0,2.2662284493435436e-08,1.0
0.0,1.0,2.2703211755015218e-08,1.0
0.0,1.0,2.274321708739535e-08,1.0
0.0,1.0,2.2776990959982868e-08,1.0
0.0,1.0,2.2697539847627013e-08,1.0
0.0,1.0,2.269100463081486e-08,1.0
0.0,1.0,2.2665656018716618e-08,1.0
0.0,1.0,2.2668423582672403e-08,1.0
0.0,1.0,2.273445609546343e-08,1.0
0.0,1.0,2.269624133077741e-08,1.0
0.0,1.0,2.2707759228524083e-08,1.0
0.0,1.0,2.2720106684914754e-08,1.0
0.0,1.0,2.2674260691246673e-08,1.0
0.0,1.0,8.894694037908592e-16,1.0
0.0,1.0,2.2699879309584503e-08,1.0
0.0,1.0,2.275927180050985e-08,1.0
0.0,1.0,2.2787636666521394e-08,1.0
0.0,1.0,2.2674260691246673e-08,1.0
0.0,1.0,2.2671796884310425e-08,1.0
0.0,1.0,2.2682998590539682e-08,1.0
0.0,1.0,2.2658351639393004e-08,1.0
0.0,1.0,2.270563825845784e-08,1.0
0.0,1.0,2.266016707608287e-08,1.0
0.0,1.0,2.268066268129587e-08,1.0
0.0,1.0,2.2785767939126345e-08,1.0
0.0,1.0,2.2685595624238886e-08,1.0
0.0,1.0,2.5935644742958175e-08,1.0
0.0,1.0,2.2654463194271557e-08,1.0
0.0,1.0,2.282165034728223e-08,1.0
0.0,1.0,2.2633818375084047e-08,1.0
0.0,1.0,2.2611638783587296e-08,1.0
0.0,1.0,2.2621733819505607e-08,1.0
0.0,1.0,2.2644872643695635e-08,1.0
0.0,1.0,2.264785337047215e-08,1.0
0.0,1.0,2.266440368714484e-08,1.0
0.0,1.0,2.2655498810308927e-08,1.0
0.0,1.0,2.2652994147165373e-08,1.0
0.0,1.0,2.2625227913408708e-08,1.0
0.0,1.0,2.269316823344525e-08,1.0
0.0,1.0,4.644743964443698e-11,1.0
0.0,1.0,2.2642064223532543e-08,1.0
0.0,1.0,2.2654548459399848e-08,1.0
0.0,1.0,2.2691047263379005e-08,1.0
0.0,1.0,2.2638912966499447e-08,1.0
0.0,1.0,2.2634335294924313e-08,1.0
0.0,1.0,3.2499534714126e-26,1.0
0.0,1.0,2.2625185280844562e-08,1.0
0.0,1.0,2.261858433882935e-08,1.0
0.0,1.0,2.2645131991794187e-08,1.0
0.0,1.0,2.419552913579537e-08,1.0
0.0,1.0,1.1667207428716714e-24,1.0
0.0,1.0,2.267521281851259e-08,1.0
0.0,1.0,2.2633386720372073e-08,1.0
0.0,1.0,6.453765166725134e-08,0.9999999403953552
0.0,1.0,2.2659301990302083e-08,1.0
0.0,1.0,8.298432606227216e-14,1.0
0.0,1.0,2.2629327744994043e-08,1.0
0.0,1.0,2.2661421184011488e-08,1.0
0.0,1.0,2.2639474295260698e-08,1.0
0.0,1.0,2.269204379956591e-08,1.0
0.0,1.0,2.263813492220379e-08,1.0
0.0,1.0,2.262587628365509e-08,1.0
0.0,1.0,2.2660124443518725e-08,1.0
0.0,1.0,8.00671604476236e-22,1.0
0.0,1.0,2.2639689234438265e-08,1.0
0.0,1.0,2.2686633016633095e-08,1.0
0.0,1.0,2.2654418785350572e-08,1.0
0.0,1.0,6.349374871206237e-06,0.9999921917915344
0.0,1.0,2.2662845822196687e-08,1.0
0.0,1.0,2.2669071952918785e-08,1.0
0.0,1.0,2.2630537444001675e-08,1.0
0.0,1.0,2.2646080566346427e-08,1.0
0.0,1.0,2.2636882590632013e-08,1.0
0.0,1.0,2.2653987130638598e-08,1.0
0.0,1.0,2.26121574797844e-08,1.0
0.0,1.0,2.2663019905166948e-08,1.0
0.0,1.0,2.2606723604212675e-08,1.0
0.0,1.0,2.635113896051948e-21,1.0
0.0,1.0,2.262389031670864e-08,1.0
0.0,1.0,2.264633991444498e-08,1.0
0.0,1.0,2.2617721029405402e-08,1.0
0.0,1.0,2.262190612611903e-08,1.0
0.0,1.0,2.2625746609605812e-08,1.0
0.0,1.0,2.261112186374703e-08,1.0
0.0,1.0,2.261396758740375e-08,1.0
0.0,1.0,2.2651265751960636e-08,1.0
0.0,1.0,2.264737730683919e-08,1.0
0.0,1.0,2.2603101612617138e-08,1.0
0.0,1.0,2.2613837913354473e-08,1.0
0.0,1.0,6.844939214415852e-19,1.0
0.0,1.0,7.885450527101323e-27,1.0
0.0,1.0,2.261992015917258e-08,1.0
0.0,1.0,4.6126527532091706e-26,1.0
0.0,1.0,2.2608706018445446e-08,1.0
0.0,1.0,2.2611725825072426e-08,1.0
0.0,1.0,2.2614873529391843e-08,1.0
0.0,1.0,1.23263609381345e-17,1.0
0.0,1.0,2.2608922733979853e-08,1.0
0.0,1.0,2.3130732884624194e-08,1.0
0.0,1.0,2.263407594682576e-08,1.0
0.0,1.0,2.2636408303355893e-08,1.0
0.0,1.0,2.2640811891960766e-08,1.0
0.0,1.0,2.2622293371910018e-08,1.0
0.0,1.0,7.262266787932958e-09,1.0
0.0,1.0,1.4741305953691608e-09,1.0
0.0,1.0,2.2638005248154514e-08,1.0
0.0,1.0,7.188827017128614e-20,1.0
0.0,1.0,2.261509024492625e-08,1.0
0.0,1.0,2.2635372687318522e-08,1.0
0.0,1.0,2.2680836764266132e-08,1.0
0.0,1.0,2.3016397676656197e-08,1.0
0.0,1.0,2.265161036518748e-08,1.0
0.0,1.0,2.2666997168130365e-08,1.0
0.0,1.0,2.2633731333598917e-08,1.0
0.0,1.0,2.2635328278397537e-08,1.0
0.0,1.0,2.2653900089153467e-08,1.0
0.0,1.0,2.2642064223532543e-08,1.0
0.0,1.0,2.2633471985500364e-08,1.0
0.0,1.0,4.543741685574073e-25,1.0
0.0,1.0,2.4233216322500084e-08,1.0
0.0,1.0,2.263934462121142e-08,1.0
0.0,1.0,1.4333533480541615e-21,1.0
0.0,1.0,2.2638740659886025e-08,1.0
0.0,1.0,2.2644483621547806e-08,1.0
0.0,1.0,2.2612587358139535e-08,1.0
0.0,1.0,2.2627515861017855e-08,1.0
0.0,1.0,2.264292930931333e-08,1.0
0.0,1.0,2.2818342770847266e-08,1.0
0.0,1.0,2.2763874341080736e-08,1.0
0.0,1.0,2.2625142648280416e-08,1.0
0.0,1.0,2.2656839959722674e-08,1.0
0.0,1.0,2.2624753626132588e-08,1.0
0.0,1.0,2.2672272947943384e-08,1.0
0.0,1.0,8.749407855125277e-14,1.0
0.0,1.0,2.2640035624021948e-08,1.0
0.0,1.0,2.2641849284354976e-08,1.0
0.0,1.0,2.265887033559011e-08,1.0
0.0,1.0,2.267832677205206e-08,1.0
0.0,1.0,2.263208997987931e-08,1.0
0.0,1.0,2.268040333319732e-08,1.0
0.0,1.0,2.2667775212426022e-08,1.0
0.0,1.0,2.2634292662360167e-08,1.0
0.0,1.0,2.2665700427637603e-08,1.0
0.0,1.0,2.2661376775090503e-08,1.0
0.0,1.0,2.2631832408137598e-08,1.0
0.0,1.0,2.2637530960878394e-08,1.0
0.0,1.0,2.2653468434441493e-08,1.0
0.0,1.0,2.2651006403862084e-08,1.0
0.0,1.0,2.262889609028207e-08,1.0
0.0,1.0,2.262414966480719e-08,1.0
0.0,1.0,2.264387788386557e-08,1.0
0.0,1.0,2.262453868695502e-08,1.0
0.0,1.0,2.265528387113136e-08,1.0
0.0,1.0,2.2763916973644882e-08,1.0
0.0,1.0,2.266487797442096e-08,1.0
0.0,1.0,2.266094512037853e-08,1.0
0.0,1.0,2.2603877880555956e-08,1.0
0.0,1.0,2.2627343554404433e-08,1.0
0.0,1.0,2.2630235463338977e-08,1.0
0.0,1.0,2.2719152781291996e-08,1.0
0.0,1.0,2.2701826196680486e-08,1.0
0.0,1.0,2.2653253495263925e-08,1.0
0.0,1.0,2.3086744960210126e-08,1.0
0.0,1.0,2.307041491178552e-08,1.0
0.0,1.0,2.264785337047215e-08,1.0
0.0,1.0,2.264962262188419e-08,1.0
0.0,1.0,2.2639214947162145e-08,1.0
0.0,1.0,2.2663884990947736e-08,1.0
0.0,1.0,2.2610690209035056e-08,1.0
0.0,1.0,2.2648759312460243e-08,1.0
0.0,1.0,2.2643922292786556e-08,1.0
0.0,1.0,2.2627904883165684e-08,1.0
0.0,1.0,2.4734845283092e-08,1.0
0.0,1.0,2.266310694665208e-08,1.0
0.0,1.0,2.263208997987931e-08,1.0
0.0,1.0,2.2610128880273805e-08,1.0
0.0,1.0,2.2668336541187273e-08,1.0
0.0,1.0,2.26289831317672e-08,1.0
0.0,1.0,2.2624236706292322e-08,1.0
0.0,1.0,2.267551657553213e-08,1.0
0.0,1.0,2.2640380237248792e-08,1.0
0.0,1.0,2.265800524980932e-08,1.0
0.0,1.0,2.2640639585347344e-08,1.0
0.0,1.0,2.2661161835912935e-08,1.0
0.0,1.0,2.2653944498074452e-08,1.0
0.0,1.0,2.2629198070944767e-08,1.0
0.0,1.0,2.2693514623028932e-08,1.0
0.0,1.0,2.2627990148293975e-08,1.0
0.0,1.0,2.262501297423114e-08,1.0
0.0,1.0,2.2619230932718892e-08,1.0
0.0,1.0,2.2667862253911153e-08,1.0
0.0,1.0,2.263662324253346e-08,1.0
0.0,1.0,2.2625272322329693e-08,1.0
0.0,1.0,6.564327748037613e-09,1.0
0.0,1.0,2.2636839958067867e-08,1.0
0.0,1.0,2.2645648911634453e-08,1.0
0.0,1.0,2.2617721029405402e-08,1.0
0.0,1.0,2.2632780982689837e-08,1.0
0.0,1.0,2.2647594022373596e-08,1.0
0.0,1.0,3.3288420908661465e-09,1.0
0.0,1.0,2.2629501827964305e-08,1.0
0.0,1.0,2.3422414230367394e-08,1.0
0.0,1.0,2.2663797949462605e-08,1.0
0.0,1.0,2.264219389758182e-08,1.0
0.0,1.0,2.2638868557578462e-08,1.0
0.0,1.0,2.2622682394057847e-08,1.0
0.0,1.0,2.2676379884956077e-08,1.0
0.0,1.0,1.9612659118785424e-18,1.0
0.0,1.0,2.2609826899611107e-08,1.0
0.0,1.0,2.2638481311787473e-08,1.0
0.0,1.0,2.2609871308532092e-08,1.0
0.0,1.0,4.543440290660783e-09,1.0
0.0,1.0,2.2635932239722933e-08,1.0
0.0,1.0,2.2735843430155e-08,1.0
0.0,1.0,2.261811005155323e-08,1.0
0.0,1.0,2.2665181731440498e-08,1.0
0.0,1.0,2.2628292128956673e-08,1.0
0.0,1.0,2.2618799278006918e-08,1.0
0.0,1.0,2.267062981786694e-08,1.0
0.0,1.0,2.1273860895121288e-08,1.0
0.0,1.0,2.2634809582200432e-08,1.0
0.0,1.0,2.2647808961551164e-08,1.0
0.0,1.0,2.2629025764331345e-08,1.0
0.0,1.0,2.2638481311787473e-08,1.0
0.0,1.0,2.262065557090409e-08,1.0
0.0,1.0,2.2630622709129966e-08,1.0
0.0,1.0,2.2784290010235964e-08,1.0
0.0,1.0,2.2743433802929758e-08,1.0
0.0,1.0,2.2742089100802332e-08,1.0
0.0,1.0,2.2803115840019927e-08,1.0
0.0,1.0,2.29135501683686e-08,1.0
0.0,1.0,2.2763048335150415e-08,1.0
0.0,1.0,2.2803115840019927e-08,1.0
0.0,1.0,2.2732894677801596e-08,1.0
0.0,1.0,2.276031452197458e-08,1.0
0.0,1.0,3.362589268363081e-05,0.9999611973762512
0.0,1.0,2.2748942285488738e-08,1.0
0.0,1.0,2.284887301584604e-08,1.0
0.0,1.0,2.2868579918622345e-08,1.0
0.0,1.0,2.2792635334667466e-08,1.0
0.0,1.0,2.2871065041840666e-08,1.0
0.0,1.0,2.2844863778459512e-08,1.0
0.0,1.0,2.2920062292541843e-08,1.0
0.0,1.0,2.2800810128842386e-08,1.0
0.0,1.0,5.494628307900484e-09,1.0
0.0,1.0,3.684438354412123e-07,0.9999995827674866
0.0,1.0,1.7590622292118496e-08,1.0
0.0,1.0,2.2819953926500602e-08,1.0
0.0,1.0,2.278915722797592e-08,1.0
0.0,1.0,2.282591715641047e-08,1.0
0.0,1.0,2.2758230855401962e-08,1.0
0.0,1.0,2.2956552214736803e-08,1.0
0.0,1.0,2.2796200482844142e-08,1.0
0.0,1.0,2.2728602999677605e-08,1.0
0.0,1.0,2.2860991322204427e-08,1.0
0.0,1.0,2.281238131729424e-08,1.0
0.0,1.0,2.285959510572866e-08,1.0
0.0,1.0,3.136815166726592e-06,0.9999960064888
0.0,1.0,2.3709756078460487e-06,0.9999970197677612
0.0,1.0,2.277651311999307e-08,1.0
0.0,1.0,2.278711441761061e-08,1.0
0.0,1.0,2.2994019133193433e-08,1.0
0.0,1.0,2.276317978555653e-08,1.0
0.0,1.0,2.275163346610043e-08,1.0
0.0,1.0,2.2904067975559883e-08,1.0
0.0,1.0,2.280633282225608e-08,1.0
0.0,1.0,2.2827354229093544e-08,1.0
0.0,1.0,2.378931185376132e-08,1.0
0.0,1.0,1.273313121608055e-09,1.0
0.0,1.0,1.1129496613193623e-07,0.9999998807907104
0.0,1.0,6.233096705443586e-09,1.0
0.0,1.0,3.002167403565181e-08,0.9999999403953552
0.0,1.0,1.1062805782557916e-08,1.0
0.0,1.0,1.528381510240706e-08,1.0
0.0,1.0,2.280550681632576e-08,1.0
0.0,1.0,5.5565479328834044e-08,0.9999999403953552
0.0,1.0,2.4103921983376075e-11,1.0
0.0,1.0,6.155148923880915e-08,0.9999999403953552
0.0,1.0,2.1974258856971574e-08,1.0
0.0,1.0,3.350680088942681e-08,0.9999999403953552
0.0,1.0,2.642954084752791e-11,1.0
0.0,1.0,7.4069461675208e-08,0.9999999403953552
0.0,1.0,2.282452449264838e-08,1.0
0.0,1.0,2.279315758357825e-08,1.0
0.0,1.0,2.4277815313666906e-08,1.0
0.0,1.0,2.0979386761155183e-07,0.9999997019767761
0.0,1.0,5.9144522168708136e-08,0.9999999403953552
0.0,1.0,2.278767929908554e-08,1.0
0.0,1.0,2.2803332555554334e-08,1.0
0.0,1.0,2.27850716072453e-08,1.0
0.0,1.0,2.2767174812088342e-08,1.0
0.0,1.0,2.2759792273063795e-08,1.0
0.0,1.0,2.2753456008217654e-08,1.0
0.0,1.0,2.2819168776777587e-08,1.0
0.0,1.0,2.2825959788974615e-08,1.0
0.0,1.0,2.2752500328238057e-08,1.0
0.0,1.0,2.2751372341645038e-08,1.0
0.0,1.0,2.2882758798914438e-08,1.0
0.0,1.0,2.2852969294717695e-08,1.0
0.0,1.0,2.2835976665191993e-08,1.0
0.0,1.0,2.2829269141766417e-08,1.0
0.0,1.0,2.281107569501728e-08,1.0
0.0,1.0,2.2848261949093285e-08,1.0
0.0,1.0,2.280428823553393e-08,1.0
0.0,1.0,2.2810640487591627e-08,1.0
0.0,1.0,2.2814903744006187e-08,1.0
0.0,1.0,1.47944021477997e-07,0.9999998211860657
0.0,1.0,2.3132409765480588e-08,1.0
0.0,1.0,2.283388589319202e-08,1.0
0.0,1.0,2.345272243076124e-08,1.0
0.0,1.0,2.279241861913306e-08,1.0
0.0,1.0,2.282609123938073e-08,1.0
0.0,1.0,2.279602639987388e-08,1.0
0.0,1.0,8.653653793544436e-08,0.9999998807907104
0.0,1.0,2.2839678592845303e-08,1.0
0.0,1.0,2.278433264280011e-08,1.0
0.0,1.0,2.2792374210212074e-08,1.0
0.0,1.0,9.19474416605226e-07,0.9999988675117493
0.0,1.0,1.8501646395496785e-11,1.0
0.0,1.0,2.2817689071530367e-08,1.0
0.0,1.0,2.2816950107085177e-08,1.0
0.0,1.0,2.2948015043766645e-08,1.0
0.0,1.0,2.2766002416574338e-08,1.0
0.0,1.0,2.28568062254908e-08,1.0
0.0,1.0,2.2894678153306813e-08,1.0
0.0,1.0,2.2802026933277375e-08,1.0
0.0,1.0,2.279707089769545e-08,1.0
0.0,1.0,2.280050459546601e-08,1.0
0.0,1.0,8.478085788965473e-09,1.0
0.0,1.0,2.2774861108132427e-08,1.0
0.0,1.0,2.27850716072453e-08,1.0
0.0,1.0,2.281673339155077e-08,1.0
0.0,1.0,2.283693412152843e-08,1.0
0.0,1.0,2.282765798611308e-08,1.0
0.0,1.0,8.005540621525142e-06,0.999994158744812
0.0,1.0,2.4189024117049485e-08,1.0
0.0,1.0,2.2818559486381673e-08,1.0
0.0,1.0,2.28014194192383e-08,1.0
0.0,1.0,2.275406352225673e-08,1.0
0.0,1.0,2.280568089929602e-08,1.0
0.0,1.0,2.2938868582400573e-08,1.0
0.0,1.0,2.283858968610275e-08,1.0
0.0,1.0,2.2826396772757107e-08,1.0
0.0,1.0,2.2810118238680843e-08,1.0
0.0,1.0,2.285523592604477e-08,1.0
0.0,1.0,3.652794039465945e-11,1.0
0.0,1.0,2.2910228381078923e-08,1.0
0.0,1.0,2.2839198976498665e-08,1.0
0.0,1.0,2.273558230569961e-08,1.0
0.0,1.0,2.2814644395907635e-08,1.0
0.0,1.0,2.284756561721224e-08,1.0
0.0,1.0,2.2818559486381673e-08,1.0
0.0,1.0,2.2811597943928064e-08,1.0
0.0,1.0,2.273098687055608e-08,1.0
0.0,1.0,2.2730292315031875e-08,1.0
0.0,1.0,2.995480841150311e-08,0.9999999403953552
0.0,1.0,2.27738183866677e-08,1.0
0.0,1.0,2.29820926733737e-08,1.0
0.0,1.0,2.2784464093206225e-08,1.0
0.0,1.0,2.2851704528648042e-08,1.0
0.0,1.0,2.2848436032063546e-08,1.0
0.0,1.0,2.2757665973927033e-08,1.0
0.0,1.0,2.2761486917488583e-08,1.0
0.0,1.0,2.2755495265869286e-08,1.0
0.0,1.0,2.283275257752848e-08,1.0
0.0,1.0,2.277855415400154e-08,1.0
0.0,1.0,2.2926183618210416e-08,1.0
0.0,1.0,2.2811510902442933e-08,1.0
0.0,1.0,2.2820518807975532e-08,1.0
0.0,1.0,2.2776207586616692e-08,1.0
0.0,1.0,2.4166658008084596e-08,1.0
0.0,1.0,2.3028604800856556e-08,1.0
0.0,1.0,2.277577415554788e-08,1.0
0.0,1.0,2.2834276691696687e-08,1.0
0.0,1.0,2.4747869531438482e-08,0.9999999403953552
0.0,1.0,2.2825959788974615e-08,1.0
0.0,1.0,2.2799722998456673e-08,1.0
0.0,1.0,2.2745037853155736e-08,1.0
0.0,1.0,2.2748857020360447e-08,1.0
0.0,1.0,2.2759403250915966e-08,1.0
0.0,1.0,1.857461917609271e-08,1.0
0.0,1.0,2.447410984984799e-08,1.0
0.0,1.0,2.2764352181070535e-08,1.0
0.0,1.0,2.275276145269345e-08,1.0
0.0,1.0,2.2861078363689558e-08,1.0
0.0,1.0,2.2740874072724182e-08,1.0
0.0,1.0,2.2861645021521326e-08,1.0
0.0,1.0,2.2841334157419624e-08,1.0
0.0,1.0,2.2771518004560676e-08,1.0
0.0,1.0,2.292889611510418e-08,1.0
0.0,1.0,2.2757449258392626e-08,1.0
0.0,1.0,2.27556267162754e-08,1.0
0.0,1.0,2.28014194192383e-08,1.0
0.0,1.0,2.282656907937053e-08,1.0
0.0,1.0,2.289166545210719e-08,1.0
0.0,1.0,2.275115562611063e-08,1.0
0.0,1.0,1.6754056275658513e-07,0.9999998211860657
0.0,1.0,2.329494819264255e-08,1.0
0.0,1.0,2.280411592892051e-08,1.0
0.0,1.0,2.2821868839173476e-08,1.0
0.0,1.0,2.2853448911064334e-08,1.0
0.0,1.0,6.941897612300352e-10,1.0
0.0,1.0,2.280550681632576e-08,1.0
0.0,1.0,2.2815861200342624e-08,1.0
0.0,1.0,2.2825220824529424e-08,1.0
0.0,1.0,2.2810466404621366e-08,1.0
0.0,1.0,4.606918224681067e-08,0.9999999403953552
0.0,1.0,2.281647049073854e-08,1.0
0.0,1.0,2.27945484709835e-08,1.0
0.0,1.0,2.2779076402912324e-08,1.0
0.0,1.0,2.2803245514069204e-08,1.0
0.0,1.0,2.2810857203126034e-08,1.0
0.0,1.0,2.2822520762133536e-08,1.0
0.0,1.0,2.2747684624846443e-08,1.0
0.0,1.0,2.2911191166485878e-08,1.0
0.0,1.0,2.2772645991153695e-08,1.0
0.0,1.0,2.2725915371779593e-08,1.0
0.0,1.0,2.2755106243721457e-08,1.0
0.0,1.0,2.2873727800742927e-08,1.0
0.0,1.0,2.2855715542391408e-08,1.0
0.0,1.0,2.284359901238986e-08,1.0
0.0,1.0,2.275441168819725e-08,1.0
0.0,1.0,2.279298350060799e-08,1.0
0.0,1.0,2.9274136892354363e-08,0.9999999403953552
0.0,1.0,2.2868754001592606e-08,1.0
0.0,1.0,3.847576408588793e-07,0.9999995827674866
0.0,1.0,2.278711441761061e-08,1.0
0.0,1.0,2.2830489498915085e-08,1.0
0.0,1.0,2.2740092475714846e-08,1.0
0.0,1.0,2.2748249506321372e-08,1.0
0.0,1.0,2.3917930747074934e-08,1.0
0.0,1.0,2.276048860494484e-08,1.0
0.0,1.0,2.3146842664800715e-08,1.0
0.0,1.0,2.2902103324895506e-08,1.0
0.0,1.0,2.278720145909574e-08,1.0
0.0,1.0,2.3109080871108745e-08,1.0
0.0,1.0,2.2818994693807326e-08,1.0
0.0,1.0,2.30378311982804e-08,1.0
0.0,1.0,3.4501649537332924e-08,0.9999999403953552
0.0,1.0,2.2863694937313994e-08,1.0
0.0,1.0,2.2833058110904858e-08,1.0
0.0,1.0,2.2809421906799798e-08,1.0
0.0,1.0,2.3574621366151405e-08,1.0
0.0,1.0,9.434165670896277e-10,1.0
0.0,1.0,2.2803767762979987e-08,1.0
0.0,1.0,2.276878063867116e-08,1.0
0.0,1.0,2.8950196906407655e-08,0.9999999403953552
0.0,1.0,3.076927868050916e-08,0.9999999403953552
0.0,1.0,2.730180170829044e-08,0.9999999403953552
0.0,1.0,2.8807644270045785e-08,0.9999999403953552
0.0,1.0,2.835274770518481e-08,0.9999999403953552
0.0,1.0,2.987703595636049e-08,0.9999999403953552
0.0,1.0,3.305957463339837e-08,0.9999999403953552
0.0,1.0,2.8226539328102263e-08,0.9999999403953552
0.0,1.0,2.9394879419442077e-08,0.9999999403953552
0.0,1.0,2.8611770730435637e-08,0.9999999403953552
0.0,1.0,4.944226361658366e-08,0.9999999403953552
0.0,1.0,2.82448500144028e-08,0.9999999403953552
0.0,1.0,1.467876700189663e-07,0.9999998211860657
0.0,1.0,2.9893566733107946e-08,0.9999999403953552
0.0,1.0,2.9046102412166874e-08,0.9999999403953552
0.0,1.0,2.9345919472234527e-08,0.9999999403953552
0.0,1.0,2.886908490040696e-08,0.9999999403953552
0.0,1.0,2.876163485154848e-08,0.9999999403953552
0.0,1.0,2.2089719209361647e-07,0.9999997615814209
0.0,1.0,3.757667117613631e-17,1.0
0.0,1.0,2.9373918408737154e-08,0.9999999403953552
0.0,1.0,2.8921938621806476e-08,0.9999999403953552
0.0,1.0,2.928418929570853e-08,0.9999999403953552
0.0,1.0,2.7584560413629333e-08,0.9999999403953552
0.0,1.0,2.791525410827944e-08,0.9999999403953552
0.0,1.0,2.7684073700129375e-08,0.9999999403953552
0.0,1.0,2.832004852848513e-08,0.9999999403953552
0.0,1.0,2.915072272458019e-08,0.9999999403953552
0.0,1.0,2.8464041790243755e-08,0.9999999403953552
0.0,1.0,5.451105948850454e-07,0.999999463558197
0.0,1.0,2.9241435939297844e-08,0.9999999403953552
0.0,1.0,2.7380860245784788e-08,0.9999999403953552
0.0,1.0,2.7802075308613894e-08,0.9999999403953552
0.0,1.0,2.831637502254125e-08,0.9999999403953552
0.0,1.0,2.8213083425043806e-08,0.9999999403953552
0.0,1.0,2.824959111080716e-08,0.9999999403953552
0.0,1.0,2.8679629338057566e-08,0.9999999403953552
0.0,1.0,2.904931584168935e-08,0.9999999403953552
0.0,1.0,2.871657756031709e-08,0.9999999403953552
0.0,1.0,3.130172743226467e-08,0.9999999403953552
0.0,1.0,3.170702811416959e-08,0.9999999403953552
0.0,1.0,2.814385702265554e-08,0.9999999403953552
0.0,1.0,2.925471243031552e-08,0.9999999403953552
0.0,1.0,2.9040286619874678e-08,0.9999999403953552
0.0,1.0,2.8034991217396055e-08,0.9999999403953552
0.0,1.0,2.8015479713872082e-08,0.9999999403953552
0.0,1.0,2.91037220989665e-08,0.9999999403953552
0.0,1.0,2.808390675568262e-08,0.9999999403953552
0.0,1.0,3.51116113961325e-08,0.9999999403953552
0.0,1.0,2.8945391861157077e-08,0.9999999403953552
0.0,1.0,5.49265024574197e-08,0.9999998807907104
0.0,1.0,2.923552422373632e-08,0.9999999403953552
0.0,1.0,2.8758838865883263e-08,0.9999999403953552
0.0,1.0,2.8428937426383527e-08,0.9999999403953552
0.0,1.0,3.4437547924426326e-08,0.9999999403953552
0.0,1.0,2.9407441815010316e-08,0.9999999403953552
0.0,1.0,3.096550926784403e-08,0.9999999403953552
0.0,1.0,2.8774255866892418e-08,0.9999999403953552
0.0,1.0,2.8113062100487696e-08,0.9999999403953552
0.0,1.0,2.864710069161447e-08,0.9999999403953552
0.0,1.0,1.899259416404675e-08,1.0
0.0,1.0,3.1154549162693e-08,0.9999999403953552
0.0,1.0,1.312224640059867e-07,0.9999998807907104
0.0,1.0,2.7571724459107827e-08,0.9999999403953552
0.0,1.0,7.638468701998136e-08,0.9999999403953552
0.0,1.0,1.8666931149831584e-15,1.0
0.0,1.0,2.9075147622847908e-08,0.9999999403953552
0.0,1.0,2.8284851794069255e-08,0.9999999403953552
0.0,1.0,2.881852445568711e-08,0.9999999403953552
0.0,1.0,1.2446500243173744e-20,1.0
0.0,1.0,2.9927626599146606e-08,0.9999999403953552
0.0,1.0,3.128632997118075e-08,0.9999999403953552
0.0,1.0,2.8656062411869243e-08,0.9999999403953552
0.0,1.0,2.8065969104318356e-08,0.9999999403953552
0.0,1.0,3.012549854020108e-08,0.9999999403953552
0.0,1.0,2.9540451862430928e-08,0.9999999403953552
0.0,1.0,2.8404331331444155e-08,0.9999999403953552
0.0,1.0,2.859256653664488e-08,0.9999999403953552
0.0,1.0,2.8235746185600874e-08,0.9999999403953552
0.0,1.0,2.9248186095287565e-08,0.9999999403953552
0.0,1.0,2.775327878623557e-08,0.9999999403953552
0.0,1.0,2.9521864064463443e-08,0.9999999403953552
0.0,1.0,2.898163309339452e-08,0.9999999403953552
0.0,1.0,2.7862698814828946e-08,0.9999999403953552
0.0,1.0,2.799149712018334e-08,0.9999999403953552
0.0,1.0,3.002637072313519e-08,0.9999999403953552
0.0,1.0,2.8377796112977194e-08,0.9999999403953552
0.0,1.0,2.8272500784964905e-08,0.9999999403953552
0.0,1.0,2.8286093467499995e-08,0.9999999403953552
0.0,1.0,2.8803139429101066e-08,0.9999999403953552
0.0,1.0,2.8113813499430762e-08,0.9999999403953552
0.0,1.0,2.9006850255086647e-08,0.9999999403953552
0.0,1.0,3.482533272175514e-13,1.0
0.0,1.0,2.868373272235658e-08,0.9999999403953552
0.0,1.0,3.13260386519687e-08,0.9999999403953552
0.0,1.0,1.1619148665431567e-07,0.9999998807907104
0.0,1.0,2.987133740361969e-08,0.9999999403953552
0.0,1.0,1.7573259148995777e-15,1.0
0.0,1.0,2.9719036120923192e-08,0.9999999403953552
0.0,1.0,2.8860606349212503e-08,0.9999999403953552
0.0,1.0,4.972010714254793e-08,0.9999999403953552
0.0,1.0,2.8731260925951574e-08,0.9999999403953552
0.0,1.0,2.8304009802582186e-08,0.9999999403953552
0.0,1.0,3.161517625471788e-08,0.9999999403953552
0.0,1.0,2.9057019901301828e-08,0.9999999403953552
0.0,1.0,3.132305081976483e-08,0.9999999403953552
0.0,1.0,2.8427853848711493e-08,0.9999999403953552
0.0,1.0,2.9610738749852317e-08,0.9999999403953552
0.0,1.0,2.8514740790797077e-08,0.9999999403953552
0.0,1.0,2.980827673582098e-08,0.9999999403953552
0.0,1.0,2.8562315179669895e-08,0.9999999403953552
0.0,1.0,2.800345910713986e-08,0.9999999403953552
0.0,1.0,2.7407821789893205e-08,0.9999999403953552
0.0,1.0,2.9274751511820796e-08,0.9999999403953552
0.0,1.0,3.117898117466211e-08,0.9999999403953552
0.0,1.0,2.8859009404413882e-08,0.9999999403953552
0.0,1.0,2.708396351636111e-08,0.9999999403953552
0.0,1.0,2.890418038248299e-08,0.9999999403953552
0.0,1.0,2.8473598590039728e-08,0.9999999403953552
0.0,1.0,2.9041947513519517e-08,0.9999999403953552
0.0,1.0,2.819764333139574e-08,0.9999999403953552
0.0,1.0,2.7856216888721974e-08,0.9999999403953552
0.0,1.0,2.8386404338220927e-08,0.9999999403953552
0.0,1.0,3.130919168370383e-08,0.9999999403953552
0.0,1.0,2.865245640748526e-08,0.9999999403953552
0.0,1.0,2.7819101688919545e-08,0.9999999403953552
0.0,1.0,2.7594190044055722e-08,0.9999999403953552
0.0,1.0,2.8710552157917846e-08,0.9999999403953552
0.0,1.0,5.789197596466041e-21,1.0
0.0,1.0,2.9726008321517838e-08,0.9999999403953552
0.0,1.0,3.0922482352480074e-08,0.9999999403953552
0.0,1.0,2.987783531693822e-08,0.9999999403953552
0.0,1.0,2.797025722145463e-08,0.9999999403953552
0.0,1.0,4.7919716195110595e-08,0.9999999403953552
0.0,1.0,2.9365628151367673e-08,0.9999999403953552
0.0,1.0,2.976725710368555e-08,0.9999999403953552
0.0,1.0,2.798477183318937e-08,0.9999999403953552
0.0,1.0,2.983017566293711e-08,0.9999999403953552
0.0,1.0,4.674604525689574e-08,0.9999999403953552
0.0,1.0,2.9565930148578445e-08,0.9999999403953552
0.0,1.0,3.074258714264033e-08,0.9999999403953552
0.0,1.0,2.8489951731103247e-08,0.9999999403953552
0.0,1.0,3.009172999668408e-08,0.9999999403953552
0.0,1.0,3.0097698555664465e-08,0.9999999403953552
0.0,1.0,2.875242088862251e-08,0.9999999403953552
0.0,1.0,2.343770802326617e-06,0.9999976754188538
0.0,1.0,2.9691726410874253e-08,0.9999999403953552
0.0,1.0,2.8491147219256163e-08,0.9999999403953552
0.0,1.0,2.9510097476759256e-08,0.9999999403953552
0.0,1.0,3.058730158045364e-08,0.9999999403953552
0.0,1.0,2.9195291517680744e-08,0.9999999403953552
0.0,1.0,2.9117213529161745e-08,0.9999999403953552
0.0,1.0,2.8217819192377647e-08,0.9999999403953552
0.0,1.0,2.938518228745579e-08,0.9999999403953552
0.0,1.0,2.8983787814240713e-08,0.9999999403953552
0.0,1.0,2.969348145143158e-08,0.9999999403953552
0.0,1.0,2.7916160050267536e-08,0.9999999403953552
0.0,1.0,2.9214454855264194e-08,0.9999999403953552
0.0,1.0,2.919796493472404e-08,0.9999999403953552
0.0,1.0,2.984189606536347e-08,0.9999999403953552
0.0,1.0,7.888730380045672e-08,0.9999999403953552
0.0,1.0,2.8720739564391806e-08,0.9999999403953552
0.0,1.0,5.939070848895216e-20,1.0
0.0,1.0,2.941181698190576e-08,0.9999999403953552
0.0,1.0,2.9683288715887102e-08,0.9999999403953552
0.0,1.0,3.067967568881613e-08,0.9999999403953552
0.0,1.0,2.8561389697756567e-08,0.9999999403953552
0.0,1.0,9.664784894514476e-17,1.0
0.0,1.0,2.7961561954725767e-08,0.9999999403953552
0.0,1.0,2.9193509831770825e-08,0.9999999403953552
0.0,1.0,3.036119622379374e-08,0.9999999403953552
0.0,1.0,8.514324889574709e-08,0.9999998807907104
0.0,1.0,3.096568690352797e-08,0.9999999403953552
0.0,1.0,2.9091678399595366e-08,0.9999999403953552
0.0,1.0,2.987738056958733e-08,0.9999999403953552
0.0,1.0,2.999940917902677e-08,0.9999999403953552
0.0,1.0,2.8598130086265883e-08,0.9999999403953552
0.0,1.0,2.9180927896277353e-08,0.9999999403953552
0.0,1.0,3.617136887186295e-15,1.0
0.0,1.0,2.8234561355588994e-08,0.9999999403953552
0.0,1.0,3.0174263088156295e-08,0.9999999403953552
0.0,1.0,3.2967889751489565e-08,0.9999999403953552
0.0,1.0,3.036600304540116e-08,0.9999999403953552
0.0,1.0,2.923931674558844e-08,0.9999999403953552
0.0,1.0,2.9115547306446388e-08,0.9999999403953552
0.0,1.0,2.9679496194034982e-08,0.9999999403953552
0.0,1.0,2.790311803835266e-08,0.9999999403953552
0.0,1.0,2.777854035684868e-08,0.9999999403953552
0.0,1.0,2.9249635602468516e-08,0.9999999403953552
0.0,1.0,2.980821989240212e-08,0.9999999403953552
0.0,1.0,3.160209516295254e-08,0.9999999403953552
0.0,1.0,1.3298194538339466e-35,1.0
0.0,1.0,2.8141387886648772e-08,0.9999999403953552
0.0,1.0,2.948224953058798e-08,0.9999999403953552
0.0,1.0,3.018462280124368e-08,0.9999999403953552
0.0,1.0,2.7770964194928638e-08,0.9999999403953552
0.0,1.0,2.838174850694486e-08,0.9999999403953552
0.0,1.0,1.9509582216414856e-07,0.9999997615814209
0.0,1.0,2.8699986387437093e-08,0.9999999403953552
0.0,1.0,2.859185777026596e-08,0.9999999403953552
0.0,1.0,2.8917581218479427e-08,0.9999999403953552
0.0,1.0,2.977191293496162e-08,0.9999999403953552
0.0,1.0,2.9656691324930762e-08,0.9999999403953552
0.0,1.0,2.9231621567760158e-08,0.9999999403953552
0.0,1.0,7.006430460886404e-20,1.0
0.0,1.0,3.12744568020662e-08,0.9999999403953552
0.0,1.0,2.8369463223043567e-08,0.9999999403953552
0.0,1.0,2.8715646749333246e-08,0.9999999403953552
0.0,1.0,3.251805580362088e-08,0.9999999403953552
0.0,1.0,2.9498336218125587e-08,0.9999999403953552
0.0,1.0,3.0938469564034676e-08,0.9999999403953552
0.0,1.0,2.219589805463329e-05,0.9999772310256958
0.0,1.0,3.042519480800365e-08,0.9999999403953552
0.0,1.0,3.145494176237662e-08,0.9999999403953552
0.0,1.0,2.9472579043954283e-08,0.9999999403953552
0.0,1.0,5.848903583682841e-08,0.9999999403953552
0.0,1.0,4.2384531440120554e-08,0.9999999403953552
0.0,1.0,3.0536703832240164e-08,0.9999999403953552
0.0,1.0,3.042855922785748e-08,0.9999999403953552
0.0,1.0,2.9148942815027112e-08,0.9999999403953552
0.0,1.0,5.742661102203783e-08,0.9999999403953552
0.0,1.0,2.923217934380773e-08,0.9999999403953552
0.0,1.0,3.0330113531817915e-08,0.9999999403953552
0.0,1.0,2.8342311608753334e-08,0.9999999403953552
0.0,1.0,2.9173136795179744e-08,0.9999999403953552
0.0,1.0,2.879654736887005e-08,0.9999999403953552
0.0,1.0,5.803674696380767e-08,0.9999999403953552
0.0,1.0,3.092667100190738e-08,0.9999999403953552
0.0,1.0,2.9104777254929104e-08,0.9999999403953552
0.0,1.0,5.8107413991592693e-08,0.9999999403953552
0.0,1.0,2.941181698190576e-08,0.9999999403953552
0.0,1.0,3.0804628181613225e-08,0.9999999403953552
0.0,1.0,1.2470997035052278e-07,0.9999998807907104
0.0,1.0,4.737472045235336e-05,0.999923825263977
0.0,1.0,3.3815361177857994e-08,0.9999999403953552
0.0,1.0,6.983749756273028e-08,0.9999999403953552
0.0,1.0,1.2744706623379898e-07,0.9999998807907104
0.0,1.0,3.051702179845961e-08,0.9999999403953552
0.0,1.0,4.626042837685418e-08,0.9999999403953552
0.0,1.0,3.054310937500304e-08,0.9999999403953552
0.0,1.0,2.858836722907654e-08,0.9999999403953552
0.0,1.0,3.010447358064994e-08,0.9999999403953552
0.0,1.0,5.268905979715515e-16,1.0
0.0,1.0,2.992117842381958e-08,0.9999999403953552
0.0,1.0,2.8672465290924265e-08,0.9999999403953552
0.0,1.0,2.69684250042701e-07,0.9999997019767761
0.0,1.0,2.8474849145254666e-08,0.9999999403953552
0.0,1.0,2.7985251449536008e-08,0.9999999403953552
0.0,1.0,3.0499563763441984e-08,0.9999999403953552
0.0,1.0,2.9298716341941144e-08,0.9999999403953552
0.0,1.0,2.9560572656350814e-08,0.9999999403953552
0.0,1.0,2.8484301139997115e-08,0.9999999403953552
0.0,1.0,3.074464061114668e-08,0.9999999403953552
0.0,1.0,2.8890401182479764e-08,0.9999999403953552
0.0,1.0,2.792819664421131e-08,0.9999999403953552
0.0,1.0,3.144714355585165e-08,0.9999999403953552
0.0,1.0,2.7986159167880942e-08,0.9999999403953552
0.0,1.0,3.015147953533415e-08,0.9999999403953552
0.0,1.0,2.725773029510492e-08,0.9999999403953552
0.0,1.0,2.9775945264987058e-08,0.9999999403953552
0.0,1.0,3.4784058300374454e-08,0.9999999403953552
0.0,1.0,3.1800542643622975e-08,0.9999999403953552
0.0,1.0,2.807025190065815e-08,0.9999999403953552
0.0,1.0,2.8985612132714778e-08,0.9999999403953552
0.0,1.0,2.9455494043872932e-08,0.9999999403953552
0.0,1.0,4.568455260357124e-14,1.0
0.0,1.0,2.9382324129301196e-08,0.9999999403953552
0.0,1.0,2.913977148466529e-08,0.9999999403953552
0.0,1.0,2.9223482300722026e-08,0.9999999403953552
0.0,1.0,2.9346646002181842e-08,0.9999999403953552
0.0,1.0,2.9000876367035744e-08,0.9999999403953552
0.0,1.0,3.0044589038880076e-08,0.9999999403953552
0.0,1.0,2.984912583769983e-08,0.9999999403953552
0.0,1.0,2.8117566941432415e-08,0.9999999403953552
0.0,1.0,3.471340548344415e-08,0.9999999403953552
0.0,1.0,4.87303566387709e-08,0.9999999403953552
0.0,1.0,2.89496444594306e-08,0.9999999403953552
0.0,1.0,1.692595663687849e-17,1.0
0.0,1.0,2.819274946830319e-08,0.9999999403953552
0.0,1.0,2.9320741390392868e-08,0.9999999403953552
0.0,1.0,2.9062507067578736e-08,0.9999999403953552
0.0,1.0,2.845872337786659e-08,0.9999999403953552
0.0,1.0,3.5892671945703114e-08,0.9999999403953552
0.0,1.0,7.942558555320586e-22,1.0
0.0,1.0,3.443406981773478e-08,0.9999999403953552
0.0,1.0,2.8420480191471142e-08,0.9999999403953552
0.0,1.0,3.19018766958834e-08,0.9999999403953552
0.0,1.0,3.0964031338953646e-08,0.9999999403953552
0.0,1.0,3.152124961047775e-08,0.9999999403953552
0.0,1.0,2.8448791766777504e-08,0.9999999403953552
0.0,1.0,2.9134268331176827e-08,0.9999999403953552
0.0,1.0,3.111025037583204e-08,0.9999999403953552
0.0,1.0,3.2354048329352736e-08,0.9999999403953552
0.0,1.0,2.9044386451460014e-08,0.9999999403953552
0.0,1.0,3.0298718201038355e-08,0.9999999403953552
0.0,1.0,2.8771127702498234e-08,0.9999999403953552
0.0,1.0,2.996463877025235e-08,0.9999999403953552
0.0,1.0,3.0304438070061224e-08,0.9999999403953552
0.0,1.0,2.6130518420482937e-21,1.0
0.0,1.0,2.9362995590531682e-08,0.9999999403953552
0.0,1.0,3.0087484503837914e-08,0.9999999403953552
0.0,1.0,2.9587818417553535e-08,0.9999999403953552
0.0,1.0,2.8788804229407106e-08,0.9999999403953552
0.0,1.0,3.620161895950824e-14,1.0
0.0,1.0,3.065399667434576e-08,0.9999999403953552
0.0,1.0,2.900153894813684e-08,0.9999999403953552
0.0,1.0,2.9748411733976354e-08,0.9999999403953552
0.0,1.0,1.5463516494303338e-14,1.0
0.0,1.0,5.067899225275063e-12,1.0
0.0,1.0,2.7661007706569762e-08,0.9999999403953552
0.0,1.0,2.928374343014184e-08,0.9999999403953552
0.0,1.0,2.819011513111036e-08,0.9999999403953552
0.0,1.0,2.875247595568453e-08,0.9999999403953552
0.0,1.0,8.393692041863687e-06,0.9999854564666748
0.0,1.0,3.022685390874358e-08,0.9999999403953552
0.0,1.0,2.8586077505110552e-08,0.9999999403953552
0.0,1.0,2.9263418355185422e-08,0.9999999403953552
0.0,1.0,3.0335090883681914e-08,0.9999999403953552
0.0,1.0,2.870704918223055e-08,0.9999999403953552
0.0,1.0,2.908879359608818e-08,0.9999999403953552
0.0,1.0,2.927888331782924e-08,0.9999999403953552
0.0,1.0,1.3071560545085958e-07,0.9999998807907104
0.0,1.0,2.8184791389662678e-08,0.9999999403953552
0.0,1.0,2.9876808582685044e-08,0.9999999403953552
0.0,1.0,3.029207107374532e-08,0.9999999403953552
0.0,1.0,2.8438916999107278e-08,0.9999999403953552
0.0,1.0,2.878139149231629e-08,0.9999999403953552
0.0,1.0,3.368037937434565e-08,0.9999999403953552
0.0,1.0,2.8494786974420094e-08,0.9999999403953552
0.0,1.0,2.9611191720846364e-08,0.9999999403953552
0.0,1.0,2.831972523154036e-08,0.9999999403953552
0.0,1.0,2.880599581089882e-08,0.9999999403953552
0.0,1.0,2.8742002555759427e-08,0.9999999403953552
0.0,1.0,2.8131728058156114e-08,0.9999999403953552
0.0,1.0,3.1980892600813604e-08,0.9999999403953552
0.0,1.0,2.9025390091419467e-08,0.9999999403953552
0.0,1.0,2.8310921607044293e-08,0.9999999403953552
0.0,1.0,2.88456920571889e-08,0.9999999403953552
0.0,1.0,3.012641514033021e-08,0.9999999403953552
0.0,1.0,3.0350079782692774e-08,0.9999999403953552
0.0,1.0,2.9658954403544158e-08,0.9999999403953552
0.0,1.0,3.041910190404451e-08,0.9999999403953552
0.0,1.0,2.8892440440131395e-08,0.9999999403953552
0.0,1.0,3.2909277081216715e-08,0.9999999403953552
0.0,1.0,3.01930320745214e-08,0.9999999403953552
0.0,1.0,5.4819956574192474e-08,0.9999999403953552
0.0,1.0,2.8854330480498902e-08,0.9999999403953552
0.0,1.0,2.7488182396950833e-08,0.9999999403953552
0.0,1.0,3.056583963712001e-08,0.9999999403953552
0.0,1.0,3.031478712500757e-08,0.9999999403953552
0.0,1.0,2.872709536916318e-08,0.9999999403953552
0.0,1.0,2.758424422211192e-08,0.9999999403953552
0.0,1.0,9.662209521366094e-08,0.9999998807907104
0.0,1.0,5.187160923014744e-08,0.9999998807907104
0.0,1.0,2.8555451336842452e-08,0.9999999403953552
0.0,1.0,3.0673355411181547e-08,0.9999999403953552
0.0,1.0,4.776021711450085e-08,0.9999999403953552
0.0,1.0,2.8292999942891583e-08,0.9999999403953552
0.0,1.0,2.856858039024246e-08,0.9999999403953552
0.0,1.0,5.3453515391765904e-08,0.9999999403953552
0.0,1.0,2.91961281817521e-08,0.9999999403953552
0.0,1.0,2.7309404515563074e-08,0.9999999403953552
0.0,1.0,2.7838582994377248e-08,0.9999999403953552
0.0,1.0,3.164419482004632e-08,0.9999999403953552
0.0,1.0,2.9027106052126328e-08,0.9999999403953552
0.0,1.0,2.8975717825119318e-08,0.9999999403953552
0.0,1.0,2.908041629723357e-08,0.9999999403953552
0.0,1.0,3.0585958654683054e-08,0.9999999403953552
0.0,1.0,2.9514994892565483e-08,0.9999999403953552
0.0,1.0,2.836140033934953e-08,0.9999999403953552
0.0,1.0,1.7437279398180294e-10,1.0
0.0,1.0,3.107692236881121e-08,0.9999999403953552
0.0,1.0,3.995043300619727e-07,0.9999995231628418
0.0,1.0,2.8499027138195743e-08,0.9999999403953552
0.0,1.0,2.990486080989285e-08,0.9999999403953552
0.0,1.0,2.8939595608790114e-08,0.9999999403953552
0.0,1.0,3.262142556081926e-08,0.9999999403953552
0.0,1.0,2.8680778640932658e-08,0.9999999403953552
0.0,1.0,3.47431296177092e-06,0.9999949336051941
0.0,1.0,2.8268186014202e-08,0.9999999403953552
0.0,1.0,2.822556943726795e-08,0.9999999403953552
0.0,1.0,3.023106387445296e-08,0.9999999403953552
0.0,1.0,2.83215619845123e-08,0.9999999403953552
0.0,1.0,3.0132621731127074e-08,0.9999999403953552
0.0,1.0,3.008415561112088e-08,0.9999999403953552
0.0,1.0,2.9472241536154797e-08,0.9999999403953552
0.0,1.0,2.980532087804022e-08,0.9999999403953552
0.0,1.0,5.161107097251261e-08,0.9999999403953552
0.0,1.0,2.9104333165719254e-08,0.9999999403953552
0.0,1.0,2.67276950354986e-13,1.0
0.0,1.0,2.8844645783010492e-08,0.9999999403953552
0.0,1.0,2.773556211088657e-11,1.0
0.0,1.0,3.206169552072424e-08,0.9999999403953552
0.0,1.0,2.8025313625335002e-08,0.9999999403953552
0.0,1.0,2.8725397172024714e-08,0.9999999403953552
0.0,1.0,3.0560126873524496e-08,0.9999999403953552
0.0,1.0,3.185614971812356e-08,0.9999999403953552
0.0,1.0,7.74111191814697e-11,1.0
0.0,1.0,2.9324208838943377e-08,0.9999999403953552
0.0,1.0,2.8935621898540376e-08,0.9999999403953552
0.0,1.0,3.054783093148217e-08,0.9999999403953552
0.0,1.0,3.5611385840184084e-08,0.9999999403953552
0.0,1.0,2.961469292017682e-08,0.9999999403953552
0.0,1.0,2.8617664682428767e-08,0.9999999403953552
0.0,1.0,3.1875600825514994e-08,0.9999999403953552
0.0,1.0,4.676129350400515e-08,0.9999999403953552
0.0,1.0,2.8874756807795166e-08,0.9999999403953552
0.0,1.0,2.8443745136996768e-08,0.9999999403953552
0.0,1.0,2.9170077908702297e-08,0.9999999403953552
0.0,1.0,2.7732165008842458e-08,0.9999999403953552
0.0,1.0,2.9435613058126364e-08,0.9999999403953552
0.0,1.0,2.836297063879556e-08,0.9999999403953552
0.0,1.0,2.815706601211332e-08,0.9999999403953552
0.0,1.0,3.03791516387264e-08,0.9999999403953552
0.0,1.0,2.7377412337159512e-08,0.9999999403953552
0.0,1.0,2.8293916543020714e-08,0.9999999403953552
0.0,1.0,2.9190781347665506e-08,0.9999999403953552
0.0,1.0,4.273342213423348e-08,0.9999999403953552
0.0,1.0,2.8742331181774716e-08,0.9999999403953552
0.0,1.0,2.595618120437848e-08,1.0
0.0,1.0,1.1167271534578971e-13,1.0
0.0,1.0,2.5467109310284286e-08,1.0
0.0,1.0,2.7172806227326873e-08,0.9999999403953552
0.0,1.0,2.5312143492328687e-08,1.0
0.0,1.0,2.9068937479337364e-08,0.9999999403953552
0.0,1.0,2.6107818129617044e-08,1.0
0.0,1.0,2.5299643269249827e-08,1.0
0.0,1.0,1.123871555819278e-07,0.9999998807907104
0.0,1.0,2.589392700258486e-08,1.0
0.0,1.0,2.606532767401859e-08,1.0
0.0,1.0,2.6289558974212923e-08,1.0
0.0,1.0,2.617722749675977e-08,1.0
0.0,1.0,1.9720249611054896e-07,0.9999998211860657
0.0,1.0,2.79790608459507e-08,0.9999999403953552
0.0,1.0,2.5920659396660994e-08,1.0
0.0,1.0,1.6500870003710588e-07,0.9999998211860657
0.0,1.0,1.3713675173221418e-07,0.9999998211860657
0.0,1.0,1.0337502317270264e-05,0.9999837875366211
0.0,1.0,2.7406190650225426e-09,1.0
0.0,1.0,2.6479584747107765e-08,1.0
0.0,1.0,2.584488001389218e-08,1.0
0.0,1.0,2.6265201569231067e-08,1.0
0.0,1.0,8.338236351379535e-11,1.0
0.0,1.0,2.5875067422020948e-08,1.0
0.0,1.0,2.6958312915326132e-08,1.0
0.0,1.0,6.170571253960588e-08,0.9999999403953552
0.0,1.0,2.571340118606713e-08,1.0
0.0,1.0,2.910885646909054e-25,1.0
0.0,1.0,2.6272665820670227e-08,1.0
0.0,1.0,7.092532530952358e-21,1.0
0.0,1.0,1.168584784494442e-09,1.0
0.0,1.0,7.178968187449719e-18,1.0
0.0,1.0,9.691556164905836e-16,1.0
0.0,1.0,1.7981556558143135e-15,1.0
0.0,1.0,2.3384541500661902e-17,1.0
0.0,1.0,2.6519716200823495e-08,1.0
0.0,1.0,0.0009945675265043974,0.9990068078041077
0.0,1.0,2.5845817930303383e-08,1.0
0.0,1.0,2.6179969925771787e-16,1.0
0.0,1.0,3.1494025165557105e-08,0.9999999403953552
0.0,1.0,1.8554140979176736e-07,0.9999997615814209
0.0,1.0,7.610217640620471e-22,1.0
0.0,1.0,3.831554881073323e-20,1.0
0.0,1.0,5.190663428795267e-16,1.0
0.0,1.0,2.096722699501956e-15,1.0
0.0,1.0,2.768106277528659e-08,0.9999999403953552
0.0,1.0,6.066975975695544e-15,1.0
0.0,1.0,2.4140323800266733e-14,1.0
0.0,1.0,4.313699513558552e-15,1.0
0.0,1.0,8.797379057873256e-15,1.0
0.0,1.0,1.4661177875785621e-15,1.0
0.0,1.0,7.004710905007729e-15,1.0
0.0,1.0,1.0871811873609978e-14,1.0
0.0,1.0,2.667280810519782e-16,1.0
0.0,1.0,5.5693881648969e-15,1.0
0.0,1.0,3.1982906989469484e-08,0.9999999403953552
0.0,1.0,2.793155218228094e-08,0.9999999403953552
0.0,1.0,5.938071123576763e-21,1.0
0.0,1.0,6.525686995844633e-18,1.0
0.0,1.0,2.7519186929225725e-08,0.9999999403953552
0.0,1.0,2.74023843616078e-08,0.9999999403953552
0.0,1.0,2.624627093439358e-08,1.0
0.0,1.0,2.5718893681414556e-08,1.0
0.0,1.0,2.5808427395190847e-08,1.0
0.0,1.0,2.5818323479143146e-08,1.0
0.0,1.0,1.1928223386803438e-07,0.9999998807907104
0.0,1.0,2.5496076361264386e-08,1.0
0.0,1.0,3.348501564914841e-08,0.9999999403953552
0.0,1.0,2.6644643824624836e-08,1.0
0.0,1.0,2.637116836012865e-08,1.0
0.0,1.0,4.882043374573137e-15,1.0
0.0,1.0,0.0006717382930219173,0.9992587566375732
0.0,1.0,3.97374089200226e-14,1.0
0.0,1.0,2.6095223759625696e-08,1.0
0.0,1.0,2.627908202157414e-08,1.0
0.0,1.0,2.5428375849401164e-08,1.0
0.0,1.0,2.024543448442273e-07,0.9999997615814209
0.0,1.0,2.6745459180688158e-08,1.0
0.0,1.0,2.6754285897823138e-08,1.0
0.0,1.0,9.468545613344759e-06,0.9999925494194031
0.0,1.0,2.7153689075021248e-08,0.9999999403953552
0.0,1.0,2.6263698771344934e-08,1.0
0.0,1.0,2.5976190087817486e-08,1.0
0.0,1.0,2.6072388692455206e-08,1.0
0.0,1.0,1.1003504182531588e-19,1.0
0.0,1.0,1.9178021036386376e-16,1.0
0.0,1.0,2.720900660335701e-08,0.9999999403953552
0.0,1.0,2.6537172459484282e-08,1.0
0.0,1.0,2.761024653352706e-08,0.9999999403953552
0.0,1.0,1.7243304863394196e-21,1.0
0.0,1.0,2.6840256239779592e-08,1.0
0.0,1.0,1.7456925526437503e-16,1.0
0.0,1.0,2.5520987989580135e-08,1.0
0.0,1.0,2.7616566811161647e-08,0.9999999403953552
0.0,1.0,2.692799228043441e-08,1.0
0.0,1.0,2.8375090721510787e-08,0.9999999403953552
0.0,1.0,2.5991406360503788e-08,1.0
0.0,1.0,4.85752934764605e-07,0.9999993443489075
0.0,1.0,2.5133516601272277e-08,1.0
0.0,1.0,2.30909726894879e-08,0.9999999403953552
0.0,1.0,1.737486543529343e-10,1.0
0.0,1.0,3.4504162726989307e-07,0.9999995827674866
0.0,1.0,2.565872492255039e-08,1.0
0.0,1.0,2.6975749634061685e-08,1.0
0.0,1.0,4.1749748103114825e-10,1.0
0.0,1.0,2.6005686493135727e-08,1.0
0.0,1.0,2.699341052903037e-07,0.9999997615814209
0.0,1.0,2.5833250205664626e-08,1.0
0.0,1.0,2.5385780588749185e-08,1.0
0.0,1.0,2.630275020010231e-08,1.0
0.0,1.0,2.599874449060735e-08,1.0
0.0,1.0,3.2256814108677645e-08,0.9999999403953552
0.0,1.0,2.009106450000589e-13,1.0
0.0,1.0,4.7789104229423174e-08,0.9999999403953552
0.0,1.0,2.6259440844000892e-08,1.0
0.0,1.0,2.6024940424917986e-08,1.0
0.0,1.0,2.6392100949124142e-08,1.0
0.0,1.0,3.294545081189426e-08,0.9999999403953552
0.0,1.0,2.6707992262231528e-08,1.0
0.0,1.0,2.542071442235283e-08,1.0
0.0,1.0,2.612904026477736e-08,1.0
0.0,1.0,2.602593163203437e-08,1.0
0.0,1.0,2.6198955893619313e-08,1.0
0.0,1.0,2.521580313441518e-07,0.9999997019767761
0.0,1.0,2.642388530205153e-08,1.0
0.0,1.0,2.5868406083873197e-08,1.0
0.0,1.0,2.6065228198035584e-08,1.0
0.0,1.0,6.129238089291889e-11,1.0
0.0,1.0,2.9454652050731056e-08,0.9999999403953552
0.0,1.0,2.5488832378073312e-08,1.0
0.0,1.0,2.5429491401496307e-08,1.0
0.0,1.0,2.6345377435177397e-08,1.0
0.0,1.0,7.594422157808367e-08,0.9999999403953552
0.0,1.0,2.0034332237628405e-07,0.9999998211860657
0.0,1.0,7.901127219156479e-07,0.9999991059303284
0.0,1.0,2.6254031837424918e-08,1.0
0.0,1.0,2.633352202963124e-08,1.0
0.0,1.0,2.593015402396759e-08,1.0
0.0,1.0,2.543516686159819e-08,1.0
0.0,1.0,2.6661981067377383e-08,1.0
0.0,1.0,2.5891161214985914e-08,1.0
0.0,1.0,2.5633680067471687e-08,1.0
0.0,1.0,2.6213252013462807e-08,1.0
0.0,1.0,2.586297753737199e-08,1.0
0.0,1.0,2.6012186182811092e-08,1.0
0.0,1.0,2.575418989181344e-08,1.0
0.0,1.0,2.5552354898650265e-08,1.0
0.0,1.0,2.6661776786340852e-08,1.0
0.0,1.0,2.5699231187559235e-08,1.0
0.0,1.0,2.5790958702032185e-08,1.0
0.0,1.0,2.5919719703892952e-08,1.0
0.0,1.0,2.9510603738458485e-08,0.9999999403953552
0.0,1.0,2.827082923317903e-08,0.9999999403953552
0.0,1.0,2.8561257749970537e-06,0.9999962449073792
0.0,1.0,2.5651287316463822e-08,1.0
0.0,1.0,2.613048621924463e-08,1.0
0.0,1.0,2.5277406834334215e-08,1.0
0.0,1.0,2.093025086580269e-09,1.0
0.0,1.0,2.584488001389218e-08,1.0
0.0,1.0,2.504465257402444e-08,1.0
0.0,1.0,1.6779021341827363e-14,1.0
0.0,1.0,1.1226332219393953e-07,0.9999998807907104
0.0,1.0,2.588044623053065e-08,1.0
0.0,1.0,2.625197836891857e-08,1.0
0.0,1.0,2.563989021098223e-08,1.0
0.0,1.0,2.6804801933622002e-08,1.0
0.0,1.0,2.6262746644079016e-08,1.0
0.0,1.0,2.664489962000971e-08,1.0
0.0,1.0,3.4319455721743e-08,0.9999999403953552
0.0,1.0,2.5706095030386678e-08,1.0
0.0,1.0,2.5084620602910945e-08,1.0
0.0,1.0,2.5632996170088518e-08,1.0
0.0,1.0,2.6243517581292508e-08,1.0
0.0,1.0,2.5429637062757138e-08,1.0
0.0,1.0,2.5234822231823273e-08,1.0
0.0,1.0,2.602836524090435e-08,1.0
0.0,1.0,8.147229002553047e-10,1.0
0.0,1.0,9.123841005626021e-13,1.0
0.0,1.0,2.855120003267264e-12,1.0
0.0,1.0,2.2539428101708836e-08,1.0
0.0,1.0,2.472311825840734e-05,0.9999740719795227
0.0,1.0,2.3768583545802358e-08,1.0
0.0,1.0,2.2532937293817668e-08,1.0
0.0,1.0,2.252872555175145e-08,1.0
0.0,1.0,2.2540675104210095e-08,1.0
0.0,1.0,2.2540115551805684e-08,1.0
0.0,1.0,2.7410957059714747e-08,0.9999999403953552
0.0,1.0,0.0012110602110624313,0.9987126588821411
0.0,1.0,2.2535516563948477e-08,1.0
0.0,1.0,3.2737182209530147e-07,0.9999996423721313
0.0,1.0,7.266997272381559e-05,0.9999257922172546
0.0,1.0,2.2625227913408708e-08,1.0
0.0,1.0,2.3639099566707955e-08,1.0
0.0,1.0,2.2534484500624785e-08,1.0
0.0,1.0,7.372941013272793e-07,0.9999992847442627
0.0,1.0,2.253968567345055e-08,1.0
0.0,1.0,2.254187947414721e-08,1.0
0.0,1.0,2.36605259829048e-08,1.0
0.0,1.0,2.2570446844838443e-08,1.0
0.0,1.0,2.2547512301684947e-08,1.0
0.0,1.0,2.2593445336838158e-08,1.0
0.0,1.0,2.2534269561447218e-08,1.0
0.0,1.0,2.2538483079870275e-08,1.0
0.0,1.0,2.253310960043109e-08,1.0
0.0,1.0,2.290463640974849e-08,1.0
0.0,1.0,0.00019824998162221164,0.9998018145561218
0.0,1.0,9.337119990959764e-05,0.9999075531959534
0.0,1.0,2.559311553795851e-07,0.9999998211860657
0.0,1.0,2.2560632473300757e-08,1.0
0.0,1.0,2.253233688520595e-08,1.0
0.0,1.0,2.253672093388559e-08,1.0
0.0,1.0,0.0,1.0
0.0,1.0,0.0054694535210728645,0.9952124953269958
0.0,1.0,2.2532464782898387e-08,1.0
0.0,1.0,2.317449521171966e-08,1.0
0.0,1.0,2.261888631949205e-08,1.0
0.0,1.0,3.0070700631767977e-06,0.9999971389770508
0.0,1.0,2.2538353405821e-08,1.0
0.0,1.0,2.2535516563948477e-08,1.0
0.0,1.0,5.005581260775216e-05,0.999953031539917
0.0,1.0,2.4259254161052013e-08,1.0
0.0,1.0,2.2543598987567748e-08,1.0
0.0,1.0,2.2589309978116034e-08,1.0
0.0,1.0,5.703071110474411e-06,0.9999945163726807
0.0,1.0,2.2543039435163337e-08,1.0
0.0,1.0,2.2536848831578027e-08,1.0
0.0,1.0,2.25393002040164e-08,1.0
0.0,1.0,2.254785691491179e-08,1.0
0.0,1.0,2.2544501376842163e-08,1.0
0.0,1.0,2.253577413569019e-08,1.0
0.0,1.0,2.25356888705619e-08,1.0
0.0,1.0,2.2542394617630634e-08,1.0
0.0,1.0,2.273350219184067e-08,1.0
0.0,1.0,2.254024522585496e-08,1.0
0.0,1.0,2.2556115197858162e-08,1.0
0.0,1.0,2.2535344257335055e-08,1.0
0.0,1.0,5.163745299796574e-06,0.9999950528144836
0.0,1.0,2.2537838262337573e-08,1.0
0.0,1.0,2.2538225508128562e-08,1.0
0.0,1.0,2.25429115374709e-08,1.0
0.0,1.0,4.5207124799162557e-07,0.9999995231628418
0.0,1.0,0.00022311258362606168,0.9997807741165161
0.0,1.0,2.3911271185284022e-08,1.0
0.0,1.0,8.844467913604603e-08,0.9999998807907104
0.0,1.0,2.2534656807238207e-08,1.0
0.0,1.0,0.0,1.0
0.0,1.0,2.2543641620131893e-08,1.0
0.0,1.0,0.0,1.0
0.0,1.0,2.2955807921221094e-08,1.0
0.0,1.0,2.2533239274480366e-08,1.0
0.0,1.0,2.2540202593290815e-08,1.0
0.0,1.0,2.2582460346143307e-08,1.0
0.0,1.0,2.256278364143327e-08,1.0
0.0,1.0,2.253938546914469e-08,1.0
0.0,1.0,3.581601148994196e-08,0.9999999403953552
0.0,1.0,2.2533454213657933e-08,1.0
0.0,1.0,2.2544458744278018e-08,1.0
0.0,1.0,7.488504820685193e-07,0.9999992251396179
0.0,1.0,9.969369774154302e-10,1.0
0.0,1.0,2.254613562513441e-08,1.0
0.0,1.0,2.2544286437664596e-08,1.0
0.0,1.0,2.253844044730613e-08,1.0
0.0,1.0,2.264802567708557e-08,1.0
0.0,1.0,0.0007544348482042551,0.9993107914924622
0.0,1.0,0.0,1.0
0.0,1.0,7.063478051350103e-07,0.9999992251396179
0.0,1.0,2.2537278709933162e-08,1.0
0.0,1.0,2.266323917933505e-19,1.0
0.0,1.0,2.2611768457636572e-08,1.0
0.0,1.0,4.560706656775437e-05,0.9999510645866394
0.0,1.0,2.2544071498487028e-08,1.0
0.0,1.0,2.261737463982172e-08,1.0
0.0,1.0,9.340966062154621e-05,0.99989914894104
0.0,1.0,2.2706677427208888e-08,1.0
0.0,1.0,2.2540675104210095e-08,1.0
0.0,1.0,0.0008613202371634543,0.9991257786750793
0.0,1.0,2.254015996072667e-08,1.0
0.0,1.0,2.2533624743914515e-08,1.0
0.0,1.0,3.7043482734588906e-06,0.9999961853027344
0.0,1.0,2.253594644230361e-08,1.0
0.0,1.0,2.2554868195356903e-08,1.0
0.0,1.0,2.3004547600180558e-08,1.0
0.0,1.0,0.0,1.0
0.0,1.0,2.2541749800097932e-08,1.0
0.0,1.0,2.253405462226965e-08,1.0
0.0,1.0,2.2541147615129375e-08,1.0
0.0,1.0,2.597336745679968e-08,1.0
0.0,1.0,7.247311373248522e-08,0.9999999403953552
0.0,1.0,2.2559298429314367e-08,1.0
0.0,1.0,2.367266915825894e-08,1.0
0.0,1.0,2.2534011989705505e-08,1.0
0.0,1.0,2.2538268140692708e-08,1.0
0.0,1.0,4.226749751978787e-06,0.9999952912330627
0.0,1.0,2.395573517333105e-08,1.0
0.0,1.0,2.2543083844084322e-08,1.0
0.0,1.0,2.2534484500624785e-08,1.0
0.0,1.0,2.2535258992206764e-08,1.0
0.0,1.0,2.2538568344998566e-08,1.0
0.0,1.0,7.024696202506675e-08,0.9999999403953552
0.0,1.0,2.255547038032546e-08,1.0
0.0,1.0,0.0031706823501735926,0.9969521164894104
0.0,1.0,9.586316446075216e-05,0.9998920559883118
0.0,1.0,2.2536505994708023e-08,1.0
0.0,1.0,2.253177733280154e-08,1.0
0.0,1.0,2.253749364911073e-08,1.0
0.0,1.0,2.2546265299183688e-08,1.0
0.0,1.0,2.254368425269604e-08,1.0
0.0,1.0,3.630739956861362e-05,0.9999607801437378
0.0,1.0,2.2537278709933162e-08,1.0
0.0,1.0,2.2539040855917847e-08,1.0
0.0,1.0,2.2547339995071525e-08,1.0
0.0,1.0,2.3237657131858214e-08,1.0
0.0,1.0,2.2327323242597617e-31,1.0
0.0,1.0,0.0,1.0
0.0,1.0,2.2537451016546584e-08,1.0
0.0,1.0,2.2535559196512622e-08,1.0
0.0,1.0,2.262414966480719e-08,1.0
0.0,1.0,2.254394360079459e-08,1.0
0.0,1.0,2.256411768541966e-08,1.0
0.0,1.0,1.5555135270673055e-25,1.0
0.0,1.0,2.253530162477091e-08,1.0
0.0,1.0,2.2589784265392154e-08,1.0
0.0,1.0,2.2535603605433607e-08,1.0
0.0,1.0,2.2533367172172802e-08,1.0
0.0,1.0,2.2675646249581405e-08,1.0
0.0,1.0,2.2548674039057914e-08,1.0
0.0,1.0,2.2544588418327294e-08,1.0
0.0,1.0,2.2533539478786224e-08,1.0
0.0,1.0,2.2536291055530455e-08,1.0
0.0,1.0,2.2535258992206764e-08,1.0
0.0,1.0,0.0019633183255791664,0.9983102083206177
0.0,1.0,2.2539557775758112e-08,1.0
0.0,1.0,2.2537795629773427e-08,1.0
0.0,1.0,2.2539515143193967e-08,1.0
0.0,1.0,2.2533884092013068e-08,1.0
0.0,1.0,2.2547899547475936e-08,1.0
0.0,1.0,2.2548586997572784e-08,1.0
0.0,1.0,0.0,1.0
0.0,1.0,2.257940145966586e-08,1.0
0.0,1.0,2.2541147615129375e-08,1.0
0.0,1.0,2.2538181099207577e-08,1.0
0.0,1.0,0.0,1.0
0.0,1.0,0.0,1.0
0.0,1.0,0.0015903329476714134,0.9985836148262024
0.0,1.0,2.2542222311017213e-08,1.0
0.0,1.0,2.3655065461980485e-08,1.0
0.0,1.0,2.265161036518748e-08,1.0
0.0,1.0,2.253921316253127e-08,1.0
0.0,1.0,2.2538740651611988e-08,1.0
0.0,1.0,2.255460884725835e-08,1.0
0.0,1.0,2.253852571243442e-08,1.0
0.0,1.0,7.050778681851139e-27,1.0
0.0,1.0,0.0,1.0
0.0,1.0,2.2542696598293332e-08,1.0
0.0,1.0,2.256153663893201e-08,1.0
0.0,1.0,0.0,1.0
0.0,1.0,2.2535989074867757e-08,1.0
0.0,1.0,0.0,1.0
0.0,1.0,2.2536118748917033e-08,1.0
0.0,1.0,2.313355729199884e-08,1.0
0.0,1.0,2.261254472557539e-08,1.0
0.0,1.0,2.2531519761059826e-08,1.0
0.0,1.0,2.2534313970368203e-08,1.0
0.0,1.0,1.0170027962885797e-05,0.999989926815033
0.0,1.0,2.259021414374729e-08,1.0
0.0,1.0,2.2558481305168243e-08,1.0
0.0,1.0,2.2545792788264407e-08,1.0
0.0,1.0,2.2540589839081804e-08,1.0
0.0,1.0,7.57408406570903e-06,0.9999927282333374
0.0,1.0,2.2534484500624785e-08,1.0
0.0,1.0,2.254213704588892e-08,1.0
0.0,1.0,2.253396935714136e-08,1.0
0.0,1.0,0.0008430518209934235,0.9992383122444153
0.0,1.0,2.5141044801557655e-08,1.0
0.0,1.0,2.2534226928883072e-08,1.0
0.0,1.0,0.0001143137487815693,0.9998947978019714
0.0,1.0,2.2530702636913702e-08,1.0
0.0,1.0,2.2534399235496494e-08,1.0
0.0,1.0,2.2534399235496494e-08,1.0
0.0,1.0,2.2548846345671336e-08,1.0
0.0,1.0,2.2538483079870275e-08,1.0
0.0,1.0,2.2537236077369016e-08,1.0
