1.0,0.0,1.0,3.9364587978152343e-11
1.0,0.0,0.9999999403953552,5.391161295165148e-08
1.0,0.0,1.0,4.729607764458743e-12
1.0,0.0,1.0,8.627507042113791e-10
1.0,0.0,1.0,2.0387962429424533e-09
1.0,0.0,1.0,1.2601321028316015e-11
1.0,0.0,1.0,5.132440694666229e-09
1.0,0.0,1.0,4.449920709692634e-10
1.0,0.0,1.0,6.555741505209767e-10
1.0,0.0,1.0,9.385629773372983e-11
1.0,0.0,1.0,2.3428600726127513e-10
1.0,0.0,1.0,7.035458327031563e-10
1.0,0.0,1.0,1.0794765081811875e-09
1.0,0.0,0.9999999403953552,5.137741254657158e-08
1.0,0.0,1.0,1.0066560432453464e-11
1.0,0.0,1.0,1.0108851256074303e-11
1.0,0.0,1.0,2.6709887773757046e-11
1.0,0.0,1.0,2.037849576586037e-11
1.0,0.0,1.0,2.0823445745499214e-10
1.0,0.0,1.0,4.782632276323362e-11
1.0,0.0,1.0,3.2950476114984584e-12
1.0,0.0,1.0,1.6618603466012766e-13
1.0,0.0,1.0,4.852763901982103e-14
1.0,0.0,0.9999999403953552,3.771815215714014e-08
1.0,0.0,1.0,5.315556328433502e-10
1.0,0.0,1.0,1.8985728267306712e-10
1.0,0.0,1.0,2.203430327085698e-09
1.0,0.0,0.9999999403953552,3.098730871897715e-08
1.0,0.0,1.0,2.5643901224725596e-08
1.0,0.0,1.0,6.252121598215865e-10
1.0,0.0,1.0,6.480238567974084e-11
1.0,0.0,1.0,1.3909220442087644e-09
1.0,0.0,1.0,7.344435615230793e-10
1.0,0.0,1.0,5.970866856497281e-11
1.0,0.0,0.9999999403953552,3.0999842692835955e-08
1.0,0.0,1.0,1.1623792206538752e-11
1.0,0.0,1.0,4.32516565965213e-12
1.0,0.0,0.9999982118606567,1.5262410215655109e-06
1.0,0.0,1.0,1.250365255778263e-09
1.0,0.0,1.0,8.160735975870637e-12
1.0,0.0,1.0,1.1350972606294363e-08
1.0,0.0,1.0,1.5307847212042702e-09
1.0,0.0,1.0,2.668586462917233e-10
1.0,0.0,1.0,1.1097325142150893e-10
1.0,0.0,1.0,1.3403710086290488e-10
1.0,0.0,1.0,1.53704812766442e-10
1.0,0.0,1.0,1.2595761100797631e-09
1.0,0.0,0.9999998807907104,9.854546334508996e-08
1.0,0.0,1.0,8.051462968561296e-11
1.0,0.0,1.0,7.067778584612938e-10
1.0,0.0,1.0,2.083624828230768e-09
1.0,0.0,0.9999999403953552,3.186088903817108e-08
1.0,0.0,1.0,4.5460017694676225e-11
1.0,0.0,1.0,1.1209350114782524e-10
1.0,0.0,1.0,2.1186212506574265e-10
1.0,0.0,1.0,1.0756388835186925e-10
1.0,0.0,1.0,2.0417079485413048e-12
1.0,0.0,1.0,9.247493881758828e-10
1.0,0.0,1.0,1.8062288331677223e-09
1.0,0.0,1.0,8.611506646660771e-11
1.0,0.0,1.0,2.1612709844021083e-08
1.0,0.0,1.0,4.407506304371367e-11
1.0,0.0,1.0,1.0960315988128855e-11
1.0,0.0,1.0,5.8878968367537254e-09
1.0,0.0,1.0,3.6380187057316604e-11
1.0,0.0,1.0,1.5555034690861724e-11
1.0,0.0,1.0,3.355822347436699e-12
1.0,0.0,1.0,1.438106994600119e-10
1.0,0.0,1.0,7.497463760941514e-11
1.0,0.0,1.0,2.1809127420668872e-11
1.0,0.0,1.0,8.15460232672649e-09
1.0,0.0,1.0,4.3178507991292747e-10
1.0,0.0,1.0,1.0175004838686164e-08
1.0,0.0,1.0,7.474580850097556e-13
1.0,0.0,1.0,4.5730241815533645e-10
1.0,0.0,0.9999984502792358,1.3214063301347778e-06
1.0,0.0,0.9999929070472717,5.320565378497122e-06
1.0,0.0,1.0,3.546554994127149e-10
1.0,0.0,0.9999997615814209,1.7992485368267808e-07
1.0,0.0,1.0,3.3750294226031485e-11
1.0,0.0,1.0,2.5980837481398567e-09
1.0,0.0,1.0,1.7053521789156534e-11
1.0,0.0,1.0,4.4669641319217135e-09
1.0,0.0,0.9999986290931702,9.725376912683714e-07
1.0,0.0,1.0,7.755064923564703e-10
1.0,0.0,1.0,1.0757529089744367e-08
1.0,0.0,1.0,7.965827976533484e-38
1.0,0.0,0.999989926815033,8.84960354596842e-06
1.0,0.0,1.0,8.865730275672823e-16
1.0,0.0,1.0,3.3689345757537126e-10
1.0,0.0,1.0,1.4639041931788221e-12
1.0,0.0,1.0,7.133465367882563e-13
1.0,0.0,1.0,1.1849317083090227e-08
1.0,0.0,1.0,9.900039772345326e-13
1.0,0.0,1.0,9.381011939479933e-11
1.0,0.0,1.0,3.5999833756378274e-12
1.0,0.0,1.0,1.9652911242840077e-11
1.0,0.0,1.0,9.483937246645979e-11
1.0,0.0,1.0,9.501306408310484e-10
1.0,0.0,1.0,4.0436343509697714e-12
1.0,0.0,1.0,2.632961396463326e-30
1.0,0.0,1.0,4.056848745825903e-10
1.0,0.0,1.0,4.4204481741694224e-10
1.0,0.0,1.0,0.0
1.0,0.0,1.0,4.065107354466607e-13
1.0,0.0,0.9999999403953552,3.403426163117729e-08
1.0,0.0,1.0,6.043581191050862e-10
1.0,0.0,1.0,5.996817192127635e-12
1.0,0.0,1.0,3.4639079917532815e-15
1.0,0.0,1.0,1.4101827261470135e-08
1.0,0.0,1.0,2.0814847575236403e-31
1.0,0.0,1.0,2.3272853089117973e-10
1.0,0.0,1.0,7.487591682743197e-14
1.0,0.0,1.0,2.6420872434318454e-11
1.0,0.0,1.0,3.020156694177878e-11
1.0,0.0,1.0,4.27590762797081e-09
1.0,0.0,1.0,2.0709117976025482e-08
1.0,0.0,1.0,1.702012836224398e-10
1.0,0.0,1.0,5.961001137144706e-11
1.0,0.0,1.0,9.260250205533893e-11
1.0,0.0,1.0,2.597786430413862e-09
1.0,0.0,1.0,2.258611700445279e-12
1.0,0.0,1.0,9.525560895617957e-11
1.0,0.0,1.0,2.8926597228640105e-10
1.0,0.0,1.0,1.492264157295503e-13
1.0,0.0,1.0,3.6556708181423314e-12
1.0,0.0,1.0,5.402775102303359e-11
1.0,0.0,1.0,1.623791270714825e-12
1.0,0.0,1.0,1.146799988305247e-09
1.0,0.0,0.9999998211860657,1.684568218252025e-07
1.0,0.0,1.0,7.501357313088874e-10
1.0,0.0,1.0,3.541431314868504e-10
1.0,0.0,1.0,7.947713043243709e-10
1.0,0.0,0.9999999403953552,4.022351163257554e-08
1.0,0.0,1.0,7.45252037165356e-12
1.0,0.0,1.0,4.562227678972519e-11
1.0,0.0,1.0,4.547332562582218e-13
1.0,0.0,1.0,2.7176613737189825e-10
1.0,0.0,1.0,0.0
1.0,0.0,1.0,5.310388240253872e-10
1.0,0.0,1.0,5.0419252106692625e-12
1.0,0.0,1.0,3.000430182087399e-10
1.0,0.0,1.0,3.379316683253808e-13
1.0,0.0,1.0,9.419506841190639e-11
1.0,0.0,1.0,2.1157420260209392e-10
1.0,0.0,1.0,2.8325097822801126e-10
1.0,0.0,1.0,2.6576479732198788e-12
1.0,0.0,1.0,2.1491437516248516e-35
1.0,0.0,1.0,1.8429410775233634e-11
1.0,0.0,1.0,5.045515741319839e-11
1.0,0.0,1.0,5.186871820939132e-09
1.0,0.0,1.0,2.5092957225969492e-11
1.0,0.0,1.0,4.264935959952254e-09
1.0,0.0,0.9999998211860657,1.4636020750913303e-07
1.0,0.0,1.0,1.3539037078957872e-11
1.0,0.0,1.0,1.5170370385245158e-12
1.0,0.0,1.0,1.2238239935347117e-12
1.0,0.0,1.0,3.1319796756079654e-10
1.0,0.0,1.0,5.085493224449289e-12
1.0,0.0,0.9998214244842529,0.00019806234922725707
1.0,0.0,0.9999999403953552,3.5305689038978016e-08
1.0,0.0,1.0,9.192133680743439e-14
1.0,0.0,0.9999999403953552,3.18077617578183e-08
1.0,0.0,1.0,3.040629206751966e-11
1.0,0.0,0.9999993443489075,3.9850888811088225e-07
1.0,0.0,1.0,8.204215543317344e-16
1.0,0.0,1.0,2.675313581779193e-10
1.0,0.0,1.0,8.548831087473729e-10
1.0,0.0,1.0,0.0
1.0,0.0,0.9999992847442627,4.6724429125788447e-07
1.0,0.0,1.0,4.2088253021654864e-11
1.0,0.0,1.0,4.925256313903503e-10
1.0,0.0,1.0,1.5649738449585726e-10
1.0,0.0,1.0,2.318506064219461e-12
1.0,0.0,1.0,6.395165730310737e-09
1.0,0.0,1.0,3.203697029885433e-10
1.0,0.0,1.0,7.602977275533718e-11
1.0,0.0,1.0,6.097188309794888e-10
1.0,0.0,1.0,3.67371352596019e-26
1.0,0.0,1.0,1.4400346470822e-09
1.0,0.0,1.0,4.4838555091075705e-10
1.0,0.0,0.9999998807907104,6.209911873611418e-08
1.0,0.0,0.9999999403953552,2.8937664708905686e-08
1.0,0.0,1.0,1.2080465516817185e-08
1.0,0.0,1.0,7.464778578256115e-13
1.0,0.0,1.0,1.3029917145246372e-09
1.0,0.0,1.0,8.271827667272191e-12
1.0,0.0,0.9999997615814209,1.8277812330325105e-07
1.0,0.0,1.0,2.2401185073572805e-10
1.0,0.0,1.0,6.07908742875779e-13
1.0,0.0,1.0,1.8989287919879416e-09
1.0,0.0,1.0,7.092639808803369e-10
1.0,0.0,1.0,1.8219564745791672e-11
1.0,0.0,1.0,7.818933759999591e-13
1.0,0.0,1.0,3.685133309616617e-10
1.0,0.0,1.0,4.3024137312726307e-13
1.0,0.0,1.0,1.2322063369651914e-09
1.0,0.0,1.0,2.6384022744352364e-10
1.0,0.0,1.0,5.795339208525263e-10
1.0,0.0,1.0,2.1472578765078742e-21
1.0,0.0,1.0,5.772230566788994e-13
1.0,0.0,1.0,0.0
1.0,0.0,0.9999999403953552,3.299085093999565e-08
1.0,0.0,1.0,9.862943795013734e-10
1.0,0.0,1.0,2.2797970178345395e-09
1.0,0.0,1.0,6.267456605785204e-12
1.0,0.0,1.0,9.436541548168975e-10
1.0,0.0,1.0,6.422887777191022e-10
1.0,0.0,1.0,2.0749205619697785e-31
1.0,0.0,1.0,1.3042286001185843e-11
1.0,0.0,1.224578827681709e-26,1.0
1.0,0.0,1.0,3.535985523481222e-13
1.0,0.0,1.0,1.0183652532358423e-10
1.0,0.0,1.0,8.792020445014259e-09
1.0,0.0,0.9999995231628418,4.0888238572733826e-07
1.0,0.0,1.0,3.6309930617761665e-09
1.0,0.0,1.0,6.21537177281084e-09
1.0,0.0,1.0,4.6836250433557325e-09
1.0,0.0,1.0,8.360506839784343e-13
1.0,0.0,1.0,0.0
1.0,0.0,0.9999996423721313,2.7063805418947595e-07
1.0,0.0,1.0,4.4750276401162026e-11
1.0,0.0,1.0,3.460591405449187e-12
1.0,0.0,1.0,7.821687048048531e-11
1.0,0.0,1.0,8.022363155724133e-12
1.0,0.0,1.0,3.648275084811026e-11
1.0,0.0,1.0,5.91993121190626e-10
1.0,0.0,1.0,2.290790002135168e-09
1.0,0.0,1.0,2.4052176916811163e-10
1.0,0.0,1.0,1.1003033878985435e-13
1.0,0.0,1.0,1.6796836144195026e-09
1.0,0.0,1.0,5.588369610814992e-12
1.0,0.0,1.0,4.484611900584801e-12
1.0,0.0,1.0,9.993490479587308e-10
1.0,0.0,1.0,3.3210795767103785e-13
1.0,0.0,1.0,1.446697606155567e-08
1.0,0.0,1.0,2.3400563171210864e-13
1.0,0.0,1.0,3.6653531321206856e-09
1.0,0.0,1.0,2.7391934206977275e-12
1.0,0.0,1.0,0.0
1.0,0.0,1.0,6.817361120070586e-10
1.0,0.0,0.9999999403953552,2.415674948963442e-08
1.0,0.0,0.9761407375335693,0.029116282239556313
1.0,0.0,1.0,1.140282868128395e-09
1.0,0.0,1.0,1.1665798882454226e-10
1.0,0.0,1.0,1.7182317790798152e-08
1.0,0.0,1.0,5.916996337340663e-10
1.0,0.0,1.0,1.248580705492941e-08
1.0,0.0,1.0,2.847743742206976e-13
1.0,0.0,1.0,3.619692601208868e-10
1.0,0.0,1.0,8.04282127009337e-11
1.0,0.0,1.0,1.555844164613518e-08
1.0,0.0,1.0,1.3246485505713501e-11
1.0,0.0,0.9999999403953552,4.327080915800252e-08
1.0,0.0,0.9999998807907104,9.509164300425255e-08
1.0,0.0,1.0,2.466100379461267e-10
1.0,0.0,0.9999999403953552,3.249648017344953e-08
1.0,0.0,1.0,1.941958260864851e-10
1.0,0.0,1.0,5.979796657840097e-09
1.0,0.0,1.0,7.026342174754063e-09
1.0,0.0,0.9999995827674866,3.5774613138528366e-07
1.0,0.0,1.0,5.43025135968378e-09
1.0,0.0,1.0,1.9564570449825958e-11
1.0,0.0,1.0,4.3293215963146475e-14
1.0,0.0,1.0,1.902029922451476e-11
1.0,0.0,1.0,2.2707322133719288e-12
1.0,0.0,1.0,8.316428795618336e-11
1.0,0.0,1.0,2.3615057131998185e-10
1.0,0.0,1.0,3.893462982573759e-11
1.0,0.0,1.0,0.0
1.0,0.0,1.0,1.90351859274962e-10
1.0,0.0,1.0,1.8044382654736069e-09
1.0,0.0,1.0,8.24540019594977e-11
1.0,0.0,1.0,7.70363547258901e-12
1.0,0.0,1.0,3.0377714232976416e-11
1.0,0.0,1.0,3.8772041133228186e-11
1.0,0.0,1.0,1.0328042674562221e-12
1.0,0.0,1.0,1.4336969979267256e-11
1.0,0.0,1.0,2.2032402291483066e-10
1.0,0.0,1.0,2.3592163379132502e-12
1.0,0.0,1.0,0.0
1.0,0.0,1.0,5.287009826655418e-15
1.0,0.0,1.0,1.193785181818896e-09
1.0,0.0,1.0,4.2995391968947416e-11
1.0,0.0,1.0,2.0485716577314252e-33
1.0,0.0,1.0,3.87220921993503e-10
1.0,0.0,0.9999999403953552,3.7968618471495574e-08
1.0,0.0,1.0,3.231092151646797e-13
1.0,0.0,1.0,1.1117079479205927e-12
1.0,0.0,1.0,7.567242665817986e-11
1.0,0.0,1.0,8.0261890883504e-12
1.0,0.0,1.0,5.471510050591988e-11
1.0,0.0,0.9999995827674866,3.7892115756221756e-07
1.0,0.0,1.0,6.350481251971019e-10
1.0,0.0,1.0,1.6695877536401782e-12
1.0,0.0,1.0,4.679173368216105e-11
1.0,0.0,1.0,2.146290922766525e-10
1.0,0.0,1.0,2.3441129037848896e-09
1.0,0.0,0.9999992847442627,5.953856998530682e-07
1.0,0.0,1.0,1.3125069087127628e-10
1.0,0.0,1.0,6.254664212772265e-13
1.0,0.0,0.9999999403953552,5.580658068993216e-08
1.0,0.0,1.0,8.985003019379434e-11
1.0,0.0,1.0,2.8998023871452255e-14
1.0,0.0,1.0,3.5084202210100557e-10
1.0,0.0,1.0,3.01772983771903e-13
1.0,0.0,1.0,2.1355016713298092e-11
1.0,0.0,1.0,8.78695338712987e-10
1.0,0.0,1.0,1.7488328493686645e-11
1.0,0.0,0.9999985694885254,1.2002490166196367e-06
1.0,0.0,1.0,2.9552788168019095e-12
1.0,0.0,1.0,6.201050090082205e-11
1.0,0.0,1.0,4.8557802710105704e-15
1.0,0.0,1.0,1.335261412549471e-08
1.0,0.0,1.0,7.441014818199143e-12
1.0,0.0,1.0,1.2486727960208527e-13
1.0,0.0,1.0,6.426593632258282e-12
1.0,0.0,1.0,1.9961691113951261e-32
1.0,0.0,1.0,1.5692824817392648e-08
1.0,0.0,1.0,2.83072204565471e-10
1.0,0.0,1.0,4.4980677711171924e-13
1.0,0.0,1.0,1.2874578070309894e-09
1.0,0.0,0.9999992847442627,5.675155421158706e-07
1.0,0.0,1.0,7.995233815283331e-12
1.0,0.0,1.0,6.536912677823636e-10
1.0,0.0,1.0,9.295535868814042e-11
1.0,0.0,1.0,2.5070941416655e-12
1.0,0.0,1.0,3.4682352545445383e-09
1.0,0.0,1.0,8.465652484579422e-11
1.0,0.0,1.0,2.042982316652342e-08
1.0,0.0,1.0,1.0547733693411221e-11
1.0,0.0,0.9999983906745911,1.4916992086000391e-06
1.0,0.0,1.0,6.426370546819271e-09
1.0,0.0,1.0,6.642687788716017e-11
1.0,0.0,1.0,1.1989015114011181e-08
1.0,0.0,1.0,1.0954443949162673e-11
1.0,0.0,1.0,1.2277068250909906e-09
1.0,0.0,1.0,2.652530417535104e-10
1.0,0.0,1.0,7.663899896648285e-13
1.0,0.0,1.0,6.253850770576719e-10
1.0,0.0,1.0,1.6405600489211025e-10
1.0,0.0,0.9999997615814209,1.8959336500756763e-07
1.0,0.0,1.0,1.1897562843504305e-14
1.0,0.0,0.9999997019767761,2.1549857365243952e-07
1.0,0.0,0.9999999403953552,5.989878815171323e-08
1.0,0.0,1.0,8.508339172097479e-11
1.0,0.0,0.9999971985816956,2.516449512768304e-06
1.0,0.0,0.9999986886978149,1.0712378752941731e-06
1.0,0.0,1.0,3.2084081485334037e-12
1.0,0.0,1.0,1.7401967644659067e-09
1.0,0.0,1.0,9.361949437902695e-09
1.0,0.0,1.0,2.8479748073739763e-11
1.0,0.0,1.0,3.2909933112001966e-10
1.0,0.0,1.0,4.3358650003710864e-11
1.0,0.0,0.9999999403953552,2.9933733713960464e-08
1.0,0.0,1.0,1.223395690308493e-10
1.0,0.0,1.0,1.9188653443968917e-10
1.0,0.0,1.0,2.6493892149592746e-11
1.0,0.0,1.0,1.7294758958286138e-09
1.0,0.0,1.0,1.4823276828224152e-08
1.0,0.0,0.9999353289604187,5.805466935271397e-05
1.0,0.0,1.0,9.087829100362654e-11
1.0,0.0,1.0,1.0916237057627572e-14
1.0,0.0,1.0,4.548804773607182e-14
1.0,0.0,0.9999999403953552,3.119337677048861e-08
1.0,0.0,0.9999999403953552,4.0143493862387913e-08
1.0,0.0,1.0,1.3166578938239581e-08
1.0,0.0,1.0,7.811849500605206e-10
1.0,0.0,0.9999998211860657,1.4185310703851428e-07
1.0,0.0,1.0,1.4924628199963763e-10
1.0,0.0,1.0,7.719635597425167e-09
1.0,0.0,0.9999933242797852,5.1459151109156664e-06
1.0,0.0,1.0,8.514560168038088e-10
1.0,0.0,1.0,2.631836935884646e-11
1.0,0.0,1.0,2.916396985019887e-11
1.0,0.0,1.0,1.1617969086774593e-10
1.0,0.0,1.0,8.921515193272e-10
1.0,0.0,0.9999916553497314,6.994579962338321e-06
1.0,0.0,1.0,6.298430110796005e-10
1.0,0.0,1.0,1.3455450261238444e-22
1.0,0.0,1.0,9.174687512535432e-14
1.0,0.0,1.0,4.4654564490542725e-09
1.0,0.0,1.0,1.6804078128984656e-09
1.0,0.0,0.9999998807907104,9.321897209702001e-08
1.0,0.0,1.0,4.3135703342578324e-10
1.0,0.0,1.0,5.561957838740028e-11
1.0,0.0,1.0,7.937257101575668e-11
1.0,0.0,1.0,1.49009259792221e-11
1.0,0.0,1.0,2.4632140771529976e-10
1.0,0.0,1.0,3.567561357442628e-09
1.0,0.0,1.0,2.9416682423288876e-09
1.0,0.0,0.9999999403953552,4.9040941973999e-08
1.0,0.0,1.0,3.163330708488843e-10
1.0,0.0,1.0,5.287731141834229e-09
1.0,0.0,1.0,1.9277293095143477e-09
1.0,0.0,1.0,1.360869639199791e-09
1.0,0.0,1.0,3.4528657710808375e-11
1.0,0.0,1.0,0.0
1.0,0.0,1.0,6.0790318091863416e-12
1.0,0.0,1.0,1.911259692177758e-11
1.0,0.0,1.0,7.007062985397994e-11
1.0,0.0,1.0,1.1323735699120263e-10
1.0,0.0,1.0,1.9043413956865152e-08
1.0,0.0,1.0,9.738837514206011e-10
1.0,0.0,0.9999999403953552,5.2039975884099476e-08
1.0,0.0,1.0,6.340846736563321e-10
1.0,0.0,0.9999999403953552,6.991933076960777e-08
1.0,0.0,1.0,3.5050493063515376e-10
1.0,0.0,1.0,7.218833530941993e-09
1.0,0.0,0.9999998807907104,8.412834517912415e-08
0.0,1.0,3.381466634477803e-11,1.0
0.0,1.0,3.3894994450056615e-11,1.0
0.0,1.0,3.3871728338796814e-11,1.0
0.0,1.0,3.40804606757672e-11,1.0
0.0,1.0,3.386061916965666e-11,1.0
0.0,1.0,3.3841311697369036e-11,1.0
0.0,1.0,3.387321326209225e-11,1.0
0.0,1.0,3.389809613563166e-11,1.0
0.0,1.0,1.8757592908938396e-37,1.0
0.0,1.0,3.3975641744454776e-11,1.0
0.0,1.0,3.393632944104219e-11,1.0
0.0,1.0,3.3855709902219644e-11,1.0
0.0,1.0,3.3852868425165994e-11,1.0
0.0,1.0,3.385842300973607e-11,1.0
0.0,1.0,3.377418483774264e-11,1.0
0.0,1.0,3.386520230908019e-11,1.0
0.0,1.0,0.0,1.0
0.0,1.0,3.387030586554651e-11,1.0
0.0,1.0,3.3787073833169146e-11,1.0
0.0,1.0,3.3846477703880495e-11,1.0
0.0,1.0,3.388394079206769e-11,1.0
0.0,1.0,3.387948255273443e-11,1.0
0.0,1.0,3.3945589394956954e-11,1.0
0.0,1.0,3.390094108213226e-11,1.0
0.0,1.0,3.443953455750659e-11,1.0
0.0,1.0,3.386132693683486e-11,1.0
0.0,1.0,3.6236073169826355e-11,1.0
0.0,1.0,3.670449708059742e-11,1.0
0.0,1.0,3.386552496764672e-11,1.0
0.0,1.0,3.3827954326604015e-11,1.0
0.0,1.0,9.230450092394024e-22,1.0
0.0,1.0,3.385687216694855e-11,1.0
0.0,1.0,3.3954328931828925e-11,1.0
0.0,1.0,3.397395906268308e-11,1.0
0.0,1.0,3.3859456904927754e-11,1.0
0.0,1.0,3.5753372484848e-11,1.0
0.0,1.0,3.383969840453638e-11,1.0
0.0,1.0,3.387851110758788e-11,1.0
0.0,1.0,3.391853464762562e-11,1.0
0.0,1.0,3.392112285505178e-11,1.0
0.0,1.0,3.398834685919283e-11,1.0
0.0,1.0,3.3919183434205635e-11,1.0
0.0,1.0,3.387734884285898e-11,1.0
0.0,1.0,3.390158986871228e-11,1.0
0.0,1.0,3.3837311425033434e-11,1.0
0.0,1.0,3.434153655890171e-11,1.0
0.0,1.0,0.0,1.0
0.0,1.0,3.38462174953591e-11,1.0
0.0,1.0,3.744806548189317e-11,1.0
0.0,1.0,3.382737492896304e-11,1.0
0.0,1.0,3.385913424636122e-11,1.0
0.0,1.0,3.383169785986517e-11,1.0
0.0,1.0,3.43114182899118e-11,1.0
0.0,1.0,0.0,1.0
0.0,1.0,3.3869920756934846e-11,1.0
0.0,1.0,3.380628069149516e-11,1.0
0.0,1.0,3.381995378193281e-11,1.0
0.0,1.0,3.380666926955378e-11,1.0
0.0,1.0,3.3840086982595e-11,1.0
0.0,1.0,3.3987181125016974e-11,1.0
0.0,1.0,3.3829695988973896e-11,1.0
0.0,1.0,3.390592320795527e-11,1.0
0.0,1.0,3.4131333176423695e-11,1.0
0.0,1.0,3.389809613563166e-11,1.0
0.0,1.0,3.38986130832275e-11,1.0
0.0,1.0,3.384660607341772e-11,1.0
0.0,1.0,3.3823051998060905e-11,1.0
0.0,1.0,3.382485611047592e-11,1.0
0.0,1.0,0.0,1.0
0.0,1.0,3.3900555973520596e-11,1.0
0.0,1.0,3.381292468240815e-11,1.0
0.0,1.0,3.3848607944308995e-11,1.0
0.0,1.0,3.381711577432611e-11,1.0
0.0,1.0,3.9807414309311895e-11,1.0
0.0,1.0,3.381118302003827e-11,1.0
0.0,1.0,3.380460494861737e-11,1.0
0.0,1.0,3.392137959412622e-11,1.0
0.0,1.0,3.3871017102171663e-11,1.0
0.0,1.0,3.381492308385248e-11,1.0
0.0,1.0,3.383969840453638e-11,1.0
0.0,1.0,3.3854096609386986e-11,1.0
0.0,1.0,3.4002613225059264e-11,1.0
0.0,1.0,3.385893995733191e-11,1.0
0.0,1.0,3.3844541752481305e-11,1.0
0.0,1.0,3.388865923992235e-11,1.0
0.0,1.0,3.40233709261728e-11,1.0
0.0,1.0,3.390999633867686e-11,1.0
0.0,1.0,3.3804476579080145e-11,1.0
0.0,1.0,3.7359174781537163e-11,1.0
0.0,1.0,3.384634933434327e-11,1.0
0.0,1.0,3.38042198400057e-11,1.0
0.0,1.0,3.385274005562877e-11,1.0
0.0,1.0,3.39045631847501e-11,1.0
0.0,1.0,1.6393699330797363e-16,1.0
0.0,1.0,3.382511631899732e-11,1.0
0.0,1.0,3.4043493718494133e-11,1.0
0.0,1.0,1.2277149553037717e-22,1.0
0.0,1.0,3.3861521225864166e-11,1.0
0.0,1.0,3.38597136440022e-11,1.0
0.0,1.0,3.38497702090379e-11,1.0
0.0,1.0,3.384066638023597e-11,1.0
0.0,1.0,3.385157779089987e-11,1.0
0.0,1.0,3.381679311575958e-11,1.0
0.0,1.0,3.392086264653038e-11,1.0
0.0,1.0,3.386023059159804e-11,1.0
0.0,1.0,3.744699342278501e-11,1.0
0.0,1.0,3.3819180095262524e-11,1.0
0.0,1.0,3.4030250839478526e-11,1.0
0.0,1.0,3.412430407689904e-11,1.0
0.0,1.0,1.1667210486493044e-16,1.0
0.0,1.0,3.39184062780884e-11,1.0
0.0,1.0,3.389240971207741e-11,1.0
0.0,1.0,3.468661469163692e-11,1.0
0.0,1.0,3.457182110033763e-11,1.0
0.0,1.0,3.3920605907455936e-11,1.0
0.0,1.0,3.385726074500717e-11,1.0
0.0,1.0,3.384053801069875e-11,1.0
0.0,1.0,3.428230962998491e-11,1.0
0.0,1.0,3.394675512913281e-11,1.0
0.0,1.0,0.0,1.0
0.0,1.0,3.38178894609964e-11,1.0
0.0,1.0,3.3897128159932066e-11,1.0
0.0,1.0,3.38986130832275e-11,1.0
0.0,1.0,3.781217006171289e-11,1.0
0.0,1.0,3.390081271259504e-11,1.0
0.0,1.0,2.9939767647046736e-32,1.0
0.0,1.0,3.391581807066224e-11,1.0
0.0,1.0,3.3950703359764134e-11,1.0
0.0,1.0,3.3840472091206664e-11,1.0
0.0,1.0,3.3973115987073754e-11,1.0
0.0,1.0,3.3947011868207255e-11,1.0
0.0,1.0,3.388839903140095e-11,1.0
0.0,1.0,3.381685903525167e-11,1.0
0.0,1.0,3.39107734947941e-11,1.0
0.0,1.0,3.390107292111644e-11,1.0
0.0,1.0,3.384712302101356e-11,1.0
0.0,1.0,3.387444144631324e-11,1.0
0.0,1.0,3.386571925667603e-11,1.0
0.0,1.0,1.2370787539702677e-24,1.0
0.0,1.0,3.383595487127522e-11,1.0
0.0,1.0,3.38618438844307e-11,1.0
0.0,1.0,3.700338299661432e-11,1.0
0.0,1.0,3.39229339063607e-11,1.0
0.0,1.0,3.388568592388452e-11,1.0
0.0,1.0,3.3869015231280386e-11,1.0
0.0,1.0,3.440932955234288e-11,1.0
0.0,1.0,3.396216641249339e-11,1.0
0.0,1.0,3.3834792606546316e-11,1.0
0.0,1.0,3.3888142292326506e-11,1.0
0.0,1.0,3.3848607944308995e-11,1.0
0.0,1.0,3.306234556003003e-35,1.0
0.0,1.0,3.391853464762562e-11,1.0
0.0,1.0,0.0,1.0
0.0,1.0,0.0,1.0
0.0,1.0,3.399671169579399e-11,1.0
0.0,1.0,3.3873667759642956e-11,1.0
0.0,1.0,3.6635670191964564e-11,1.0
0.0,1.0,3.4110960583921823e-11,1.0
0.0,1.0,6.376593830736965e-08,0.9999999403953552
0.0,1.0,3.383679447743759e-11,1.0
0.0,1.0,3.4288911987534476e-11,1.0
0.0,1.0,3.386804725558079e-11,1.0
0.0,1.0,3.3844347463451996e-11,1.0
0.0,1.0,3.438321849458248e-11,1.0
0.0,1.0,4.6412988036204084e-11,1.0
0.0,1.0,3.392448821859517e-11,1.0
0.0,1.0,3.389512281959384e-11,1.0
0.0,1.0,3.381737598284751e-11,1.0
0.0,1.0,0.0,1.0
0.0,1.0,0.0,1.0
0.0,1.0,0.0,1.0
0.0,1.0,3.905191794939533e-11,1.0
0.0,1.0,3.390068434305782e-11,1.0
0.0,1.0,3.647377538884555e-11,1.0
0.0,1.0,3.386035896113526e-11,1.0
0.0,1.0,4.161918559459624e-22,1.0
0.0,1.0,0.0,1.0
0.0,1.0,3.3663436621589327e-11,1.0
0.0,1.0,1.3201565678458255e-26,1.0
0.0,1.0,3.3907925078846546e-11,1.0
0.0,1.0,3.406921966764287e-11,1.0
0.0,1.0,3.426237071835203e-11,1.0
0.0,1.0,3.6116693991061766e-07,0.9999990463256836
0.0,1.0,3.3854807846012136e-11,1.0
0.0,1.0,3.3816730665714445e-11,1.0
0.0,1.0,8.224845046515853e-21,1.0
0.0,1.0,5.149435722273665e-08,0.9999999403953552
0.0,1.0,4.374261397543933e-09,1.0
0.0,1.0,3.3924616588132395e-11,1.0
0.0,1.0,5.058476877497243e-26,1.0
0.0,1.0,2.3067724816383947e-31,1.0
0.0,1.0,6.488464001171674e-30,1.0
0.0,1.0,2.838697912080289e-17,1.0
0.0,1.0,8.078275249430955e-26,1.0
0.0,1.0,3.3876186578130074e-11,1.0
0.0,1.0,3.680123566995874e-11,1.0
0.0,1.0,3.407818818801367e-11,1.0
0.0,1.0,3.3859779563494286e-11,1.0
0.0,1.0,3.4677816174166765e-11,1.0
0.0,1.0,0.0,1.0
0.0,1.0,3.3822340761435754e-11,1.0
0.0,1.0,0.0,1.0
0.0,1.0,3.408481830113885e-11,1.0
0.0,1.0,3.366857487252517e-11,1.0
0.0,1.0,2.530330094359699e-28,1.0
0.0,1.0,3.4077667770970876e-11,1.0
0.0,1.0,8.227348754260688e-15,1.0
0.0,1.0,3.391478417547056e-11,1.0
0.0,1.0,3.402622628101426e-11,1.0
0.0,1.0,4.226005808726396e-23,1.0
0.0,1.0,0.0,1.0
0.0,1.0,0.0,1.0
0.0,1.0,7.573095808974479e-36,1.0
0.0,1.0,0.0,1.0
0.0,1.0,3.455191341372732e-11,1.0
0.0,1.0,3.381066607244243e-11,1.0
0.0,1.0,3.381763272192195e-11,1.0
0.0,1.0,3.3841894564456965e-11,1.0
0.0,1.0,3.384473257206366e-11,1.0
0.0,1.0,3.378178986546132e-11,1.0
0.0,1.0,3.3777407953961e-11,1.0
0.0,1.0,3.382627511427927e-11,1.0
0.0,1.0,3.3784107456025225e-11,1.0
0.0,1.0,3.376310689362505e-11,1.0
0.0,1.0,3.387728292336689e-11,1.0
0.0,1.0,3.3765813062247574e-11,1.0
0.0,1.0,3.3735427645842364e-11,1.0
0.0,1.0,2.3453728102973634e-29,1.0
0.0,1.0,3.369549431142538e-11,1.0
0.0,1.0,3.3728606713134823e-11,1.0
0.0,1.0,3.372037371551784e-11,1.0
0.0,1.0,3.375860008203446e-11,1.0
0.0,1.0,3.3931735893277803e-11,1.0
0.0,1.0,3.373954587937433e-11,1.0
0.0,1.0,6.759296449309715e-16,1.0
0.0,1.0,3.3770965190971225e-11,1.0
0.0,1.0,3.375158139085066e-11,1.0
0.0,1.0,3.378262600217674e-11,1.0
0.0,1.0,3.3729252030267887e-11,1.0
0.0,1.0,9.010866358627467e-11,1.0
0.0,1.0,3.371034354437974e-11,1.0
0.0,1.0,3.423924338497031e-11,1.0
0.0,1.0,3.372140414126257e-11,1.0
0.0,1.0,3.3723461523305076e-11,1.0
0.0,1.0,3.376735696614119e-11,1.0
0.0,1.0,3.417400043503882e-11,1.0
0.0,1.0,3.601228343308449e-11,1.0
0.0,1.0,3.593529640522064e-11,1.0
0.0,1.0,3.3768196572303566e-11,1.0
0.0,1.0,3.374025364655253e-11,1.0
0.0,1.0,3.3823051998060905e-11,1.0
0.0,1.0,3.597246459041692e-11,1.0
0.0,1.0,3.3775988950157654e-11,1.0
0.0,1.0,3.3753062844699144e-11,1.0
0.0,1.0,3.369729148494649e-11,1.0
0.0,1.0,7.312968557604322e-33,1.0
0.0,1.0,3.381402102764497e-11,1.0
0.0,1.0,3.379712829043591e-11,1.0
0.0,1.0,3.374488882768034e-11,1.0
0.0,1.0,3.376297852408783e-11,1.0
0.0,1.0,3.375885682110891e-11,1.0
0.0,1.0,1.4162865324962581e-10,1.0
0.0,1.0,3.377798735160198e-11,1.0
0.0,1.0,3.375885682110891e-11,1.0
0.0,1.0,3.371117968109516e-11,1.0
0.0,1.0,3.373735665834765e-11,1.0
0.0,1.0,3.854920202495116e-11,1.0
0.0,1.0,3.3779468805450463e-11,1.0
0.0,1.0,3.4313774044392176e-11,1.0
0.0,1.0,3.377792143210989e-11,1.0
0.0,1.0,3.3766007351276883e-11,1.0
0.0,1.0,3.376085522255323e-11,1.0
0.0,1.0,3.376156298973143e-11,1.0
0.0,1.0,3.371291440457114e-11,1.0
0.0,1.0,3.3797836057614106e-11,1.0
0.0,1.0,3.3734914167693475e-11,1.0
0.0,1.0,3.371149887021474e-11,1.0
0.0,1.0,3.379048776896987e-11,1.0
0.0,1.0,3.3787073833169146e-11,1.0
0.0,1.0,3.3859973852523595e-11,1.0
0.0,1.0,3.3773542990056526e-11,1.0
0.0,1.0,3.396708955771821e-11,1.0
0.0,1.0,3.373594112399125e-11,1.0
0.0,1.0,3.3741218152805175e-11,1.0
0.0,1.0,3.37605325639867e-11,1.0
0.0,1.0,3.382485611047592e-11,1.0
0.0,1.0,3.373671481066154e-11,1.0
0.0,1.0,2.245746123785697e-12,1.0
0.0,1.0,5.143859977130938e-27,1.0
0.0,1.0,3.3709056379560565e-11,1.0
0.0,1.0,3.374971482839051e-11,1.0
0.0,1.0,1.5066192713797833e-19,1.0
0.0,1.0,3.372269130608174e-11,1.0
0.0,1.0,3.4070257032281503e-11,1.0
0.0,1.0,3.373414048102319e-11,1.0
0.0,1.0,3.373517090676792e-11,1.0
0.0,1.0,3.3749458089316065e-11,1.0
0.0,1.0,1.7491104310976165e-33,1.0
0.0,1.0,1.7715425941283372e-36,1.0
0.0,1.0,3.3725907483406203e-11,1.0
0.0,1.0,3.3740704674656286e-11,1.0
0.0,1.0,3.909382629867697e-17,1.0
0.0,1.0,1.007088181293925e-26,1.0
0.0,1.0,3.0160289928083517e-34,1.0
0.0,1.0,3.371149887021474e-11,1.0
0.0,1.0,3.374611007300743e-11,1.0
0.0,1.0,3.3806218241450026e-11,1.0
0.0,1.0,3.3781016178791035e-11,1.0
0.0,1.0,3.372667770062954e-11,1.0
0.0,1.0,3.379190677277322e-11,1.0
0.0,1.0,3.378539809029135e-11,1.0
0.0,1.0,3.375248344705817e-11,1.0
0.0,1.0,3.37235898928423e-11,1.0
0.0,1.0,3.376980639568927e-11,1.0
0.0,1.0,3.3760789303061145e-11,1.0
0.0,1.0,0.0,1.0
0.0,1.0,3.374289389568297e-11,1.0
0.0,1.0,3.376864760040732e-11,1.0
0.0,1.0,3.373484824820139e-11,1.0
0.0,1.0,3.372493950770661e-11,1.0
0.0,1.0,3.3730601645132197e-11,1.0
0.0,1.0,3.3746366812081874e-11,1.0
0.0,1.0,3.4051157726811e-11,1.0
0.0,1.0,3.3727898945956625e-11,1.0
0.0,1.0,3.3715485264762535e-11,1.0
0.0,1.0,6.394890381664943e-15,1.0
0.0,1.0,3.4512392943497616e-11,1.0
0.0,1.0,3.3757184547678065e-11,1.0
0.0,1.0,3.3796482973302844e-11,1.0
0.0,1.0,3.375087362367246e-11,1.0
0.0,1.0,2.2060575005753043e-14,1.0
0.0,1.0,3.373124696226526e-11,1.0
0.0,1.0,3.394468039985554e-11,1.0
0.0,1.0,3.37722523557904e-11,1.0
0.0,1.0,2.352689396007896e-25,1.0
0.0,1.0,3.37483652135262e-11,1.0
0.0,1.0,3.380473331815459e-11,1.0
0.0,1.0,3.3751130362746906e-11,1.0
0.0,1.0,3.372539053581036e-11,1.0
0.0,1.0,3.37579547649014e-11,1.0
0.0,1.0,3.386371738578475e-11,1.0
0.0,1.0,3.374443779957659e-11,1.0
0.0,1.0,8.103574235251987e-13,1.0
0.0,1.0,3.375228915802886e-11,1.0
0.0,1.0,3.3847188940505646e-11,1.0
0.0,1.0,3.3723267234275767e-11,1.0
0.0,1.0,3.376652082942577e-11,1.0
0.0,1.0,3.3745211486246873e-11,1.0
0.0,1.0,3.373858137312169e-11,1.0
0.0,1.0,3.3784496034083844e-11,1.0
0.0,1.0,3.3738838112196134e-11,1.0
0.0,1.0,3.377689100636516e-11,1.0
0.0,1.0,3.3753385503265676e-11,1.0
0.0,1.0,3.3741735100401016e-11,1.0
0.0,1.0,3.3748944611167175e-11,1.0
0.0,1.0,3.3726549331092315e-11,1.0
0.0,1.0,3.375988724685364e-11,1.0
0.0,1.0,3.3728735082672046e-11,1.0
0.0,1.0,3.444255644580174e-11,1.0
0.0,1.0,3.37535138728029e-11,1.0
0.0,1.0,3.3843313568260314e-11,1.0
0.0,1.0,3.373381782245666e-11,1.0
0.0,1.0,3.370571183269888e-11,1.0
0.0,1.0,3.387806007948413e-11,1.0
0.0,1.0,3.3714329938927534e-11,1.0
0.0,1.0,3.3936266990997055e-11,1.0
0.0,1.0,3.37483652135262e-11,1.0
0.0,1.0,3.3768904339481765e-11,1.0
0.0,1.0,0.0,1.0
0.0,1.0,3.3707512475666945e-11,1.0
0.0,1.0,3.370391465917777e-11,1.0
0.0,1.0,0.0,1.0
0.0,1.0,3.3803251864306105e-11,1.0
0.0,1.0,3.3728929371701355e-11,1.0
0.0,1.0,3.3718187963938107e-11,1.0
0.0,1.0,3.371510015615087e-11,1.0
0.0,1.0,3.416468150052587e-11,1.0
0.0,1.0,3.3708348612382366e-11,1.0
0.0,1.0,3.3754606748592764e-11,1.0
0.0,1.0,3.3762527495984074e-11,1.0
0.0,1.0,3.3735556015379586e-11,1.0
0.0,1.0,3.372719464822538e-11,1.0
0.0,1.0,3.384066638023597e-11,1.0
0.0,1.0,3.374746315731869e-11,1.0
0.0,1.0,3.384867039435413e-11,1.0
0.0,1.0,3.3876380867159384e-11,1.0
0.0,1.0,3.415406152340594e-11,1.0
0.0,1.0,3.373034490605775e-11,1.0
0.0,1.0,3.371895818116144e-11,1.0
0.0,1.0,3.4021296196895534e-11,1.0
0.0,1.0,3.378320539981772e-11,1.0
0.0,1.0,3.3773414620519304e-11,1.0
0.0,1.0,3.378990837132889e-11,1.0
0.0,1.0,3.3719731867831726e-11,1.0
0.0,1.0,3.376220483741754e-11,1.0
0.0,1.0,3.374443779957659e-11,1.0
0.0,1.0,3.3729637138879554e-11,1.0
0.0,1.0,3.378507543172482e-11,1.0
0.0,1.0,3.374102733322282e-11,1.0
0.0,1.0,3.3767873913737034e-11,1.0
0.0,1.0,1.2202168473631526e-37,1.0
0.0,1.0,3.370995843576807e-11,1.0
0.0,1.0,3.3734914167693475e-11,1.0
0.0,1.0,3.37962262342284e-11,1.0
0.0,1.0,2.3113387831279197e-13,1.0
0.0,1.0,3.3816342087655826e-11,1.0
0.0,1.0,0.0,1.0
0.0,1.0,3.3747719896393136e-11,1.0
0.0,1.0,3.371510015615087e-11,1.0
0.0,1.0,3.3768196572303566e-11,1.0
0.0,1.0,1.0485335516507988e-10,1.0
0.0,1.0,0.0,1.0
0.0,1.0,3.386074753919388e-11,1.0
0.0,1.0,3.534903272872647e-11,1.0
0.0,1.0,3.3696392898185934e-11,1.0
0.0,1.0,3.377592650011252e-11,1.0
0.0,1.0,3.374476045814312e-11,1.0
0.0,1.0,0.0,1.0
0.0,1.0,3.3740576305119063e-11,1.0
0.0,1.0,3.3736780730153626e-11,1.0
0.0,1.0,3.3721917619411457e-11,1.0
0.0,1.0,3.3734397220097634e-11,1.0
0.0,1.0,3.379255208990628e-11,1.0
0.0,1.0,3.3755831463366803e-11,1.0
0.0,1.0,3.382150115527338e-11,1.0
0.0,1.0,0.0,1.0
0.0,1.0,3.376040419444948e-11,1.0
0.0,1.0,3.3729765508416776e-11,1.0
0.0,1.0,3.3813764288570525e-11,1.0
0.0,1.0,3.381879498665086e-11,1.0
0.0,1.0,3.3735427645842364e-11,1.0
0.0,1.0,3.423271388580673e-11,1.0
0.0,1.0,3.374649865106605e-11,1.0
0.0,1.0,3.373169452092206e-11,1.0
0.0,1.0,3.374315063475741e-11,1.0
0.0,1.0,3.4010589483601805e-11,1.0
0.0,1.0,1.4939927821342597e-13,1.0
0.0,1.0,3.3729765508416776e-11,1.0
0.0,1.0,3.3777730612527535e-11,1.0
0.0,1.0,3.371368462179447e-11,1.0
0.0,1.0,3.386307206865169e-11,1.0
0.0,1.0,3.375261181659539e-11,1.0
0.0,1.0,3.374076712470142e-11,1.0
0.0,1.0,3.717089136490159e-11,1.0
0.0,1.0,0.0,1.0
0.0,1.0,3.3727062809241204e-11,1.0
0.0,1.0,3.378178986546132e-11,1.0
0.0,1.0,1.7759094190612818e-18,1.0
0.0,1.0,3.37343347700525e-11,1.0
0.0,1.0,3.376542795363591e-11,1.0
0.0,1.0,3.373568438491681e-11,1.0
0.0,1.0,3.375756965628973e-11,1.0
0.0,1.0,3.3753385503265676e-11,1.0
0.0,1.0,3.3782046604535765e-11,1.0
0.0,1.0,3.374778581588522e-11,1.0
0.0,1.0,3.376542795363591e-11,1.0
0.0,1.0,3.378365642792147e-11,1.0
0.0,1.0,3.3839247376432624e-11,1.0
0.0,1.0,3.372307641469341e-11,1.0
0.0,1.0,3.3752355077520946e-11,1.0
0.0,1.0,3.3765941431784796e-11,1.0
0.0,1.0,3.381195670670856e-11,1.0
0.0,1.0,3.3568033769304506e-11,1.0
0.0,1.0,3.374302226522019e-11,1.0
0.0,1.0,0.0,1.0
0.0,1.0,3.374108978326795e-11,1.0
0.0,1.0,3.373581275445403e-11,1.0
0.0,1.0,3.3764911006040066e-11,1.0
0.0,1.0,3.378836099798832e-11,1.0
0.0,1.0,3.371895818116144e-11,1.0
0.0,1.0,3.3884780398230063e-11,1.0
0.0,1.0,3.376497692553215e-11,1.0
0.0,1.0,3.377689100636516e-11,1.0
0.0,1.0,3.37322114685179e-11,1.0
0.0,1.0,3.3835181184604934e-11,1.0
0.0,1.0,3.3755765543874716e-11,1.0
0.0,1.0,3.3767485335678415e-11,1.0
0.0,1.0,3.3763367102146447e-11,1.0
0.0,1.0,3.37450796472627e-11,1.0
0.0,1.0,3.376999721527163e-11,1.0
0.0,1.0,3.376156298973143e-11,1.0
0.0,1.0,3.3707901053725564e-11,1.0
0.0,1.0,3.3743920851980747e-11,1.0
0.0,1.0,3.380834501243157e-11,1.0
0.0,1.0,3.378146720689479e-11,1.0
0.0,1.0,3.3811311389575494e-11,1.0
0.0,1.0,3.3756667600082224e-11,1.0
0.0,1.0,3.376845331137801e-11,1.0
0.0,1.0,3.372140414126257e-11,1.0
0.0,1.0,3.3739930987986e-11,1.0
0.0,1.0,3.6450478052563184e-11,1.0
0.0,1.0,3.379474131093296e-11,1.0
0.0,1.0,3.376291607404269e-11,1.0
0.0,1.0,3.358340341930166e-11,1.0
0.0,1.0,3.373156615138484e-11,1.0
0.0,1.0,3.372204598894868e-11,1.0
0.0,1.0,5.179344924474112e-33,1.0
0.0,1.0,3.374797663546758e-11,1.0
0.0,1.0,3.3736458071587094e-11,1.0
0.0,1.0,3.38440872549306e-11,1.0
0.0,1.0,3.378004820309144e-11,1.0
0.0,1.0,3.3766843487992304e-11,1.0
0.0,1.0,3.373246820759235e-11,1.0
0.0,1.0,3.3768196572303566e-11,1.0
0.0,1.0,3.3734914167693475e-11,1.0
0.0,1.0,3.3757826395364177e-11,1.0
0.0,1.0,3.538485129905844e-11,1.0
0.0,1.0,3.4626759770617355e-06,0.9999980330467224
0.0,1.0,3.37242976600205e-11,1.0
0.0,1.0,3.3803251864306105e-11,1.0
0.0,1.0,3.376323526316227e-11,1.0
0.0,1.0,3.373272494666679e-11,1.0
0.0,1.0,3.3807442956224065e-11,1.0
0.0,1.0,3.3777019375902384e-11,1.0
0.0,1.0,3.3747206418244247e-11,1.0
0.0,1.0,3.3745659044903675e-11,1.0
0.0,1.0,3.383247154653546e-11,1.0
0.0,1.0,3.374572496439576e-11,1.0
0.0,1.0,1.9846041924762667e-18,1.0
0.0,1.0,3.3767485335678415e-11,1.0
0.0,1.0,3.374108978326795e-11,1.0
0.0,1.0,3.3728929371701355e-11,1.0
0.0,1.0,3.378088780925381e-11,1.0
0.0,1.0,3.376722859660397e-11,1.0
0.0,1.0,3.3715485264762535e-11,1.0
0.0,1.0,3.3740382016089754e-11,1.0
0.0,1.0,3.373298168574124e-11,1.0
0.0,1.0,3.3724363579512584e-11,1.0
0.0,1.0,3.3829373330407364e-11,1.0
0.0,1.0,3.3760789303061145e-11,1.0
0.0,1.0,3.3756667600082224e-11,1.0
0.0,1.0,3.374958645885329e-11,1.0
0.0,1.0,7.489055382781107e-12,1.0
0.0,1.0,3.374546822532132e-11,1.0
0.0,1.0,3.3723333153767854e-11,1.0
0.0,1.0,4.7078990011995e-12,1.0
0.0,1.0,1.2801745104859123e-33,1.0
0.0,1.0,3.378990837132889e-11,1.0
0.0,1.0,3.3721594960844925e-11,1.0
0.0,1.0,3.3726035852943426e-11,1.0
0.0,1.0,3.377161050810429e-11,1.0
0.0,1.0,9.254290790599968e-28,1.0
0.0,1.0,3.372539053581036e-11,1.0
0.0,1.0,3.4465295201124846e-11,1.0
0.0,1.0,3.3763752210758113e-11,1.0
0.0,1.0,3.374984319792773e-11,1.0
0.0,1.0,3.373620133251265e-11,1.0
0.0,1.0,3.3797707688076883e-11,1.0
0.0,1.0,3.379441865236643e-11,1.0
0.0,1.0,3.377006313476372e-11,1.0
0.0,1.0,3.3850026948112344e-11,1.0
0.0,1.0,3.3780114122583527e-11,1.0
0.0,1.0,3.3780821889761725e-11,1.0
0.0,1.0,3.373311005527846e-11,1.0
0.0,1.0,3.375061688459802e-11,1.0
0.0,1.0,3.383576058224591e-11,1.0
0.0,1.0,3.373954587937433e-11,1.0
0.0,1.0,3.373735665834765e-11,1.0
0.0,1.0,3.45469035323287e-11,1.0
0.0,1.0,3.3745211486246873e-11,1.0
0.0,1.0,3.3799962828595653e-11,1.0
0.0,1.0,3.376555632317313e-11,1.0
0.0,1.0,3.375274018613261e-11,1.0
0.0,1.0,3.378997082137403e-11,1.0
0.0,1.0,4.1665643157884347e-11,1.0
0.0,1.0,3.373375537241152e-11,1.0
0.0,1.0,3.375061688459802e-11,1.0
0.0,1.0,3.4202106424796597e-11,1.0
0.0,1.0,3.374031956604462e-11,1.0
0.0,1.0,3.3748944611167175e-11,1.0
0.0,1.0,3.376626409035133e-11,1.0
0.0,1.0,3.377006313476372e-11,1.0
0.0,1.0,1.531156972045533e-11,1.0
0.0,1.0,3.373774523640627e-11,1.0
0.0,1.0,3.377502444390501e-11,1.0
0.0,1.0,3.4164223533528215e-11,1.0
0.0,1.0,3.375776394531904e-11,1.0
0.0,1.0,3.375344795331081e-11,1.0
0.0,1.0,3.376040419444948e-11,1.0
0.0,1.0,3.373639215209501e-11,1.0
0.0,1.0,3.3745211486246873e-11,1.0
0.0,1.0,3.374450024962172e-11,1.0
0.0,1.0,3.3742442867579214e-11,1.0
0.0,1.0,3.3749971567464954e-11,1.0
0.0,1.0,3.3792614539951416e-11,1.0
0.0,1.0,3.376619817085924e-11,1.0
0.0,1.0,3.372166088033701e-11,1.0
0.0,1.0,3.376175380931379e-11,1.0
0.0,1.0,3.374134999178935e-11,1.0
0.0,1.0,3.378848936752554e-11,1.0
0.0,1.0,3.55791507367087e-11,1.0
0.0,1.0,3.378855528701763e-11,1.0
0.0,1.0,3.374546822532132e-11,1.0
0.0,1.0,3.378842691748041e-11,1.0
0.0,1.0,6.976832542701973e-18,1.0
0.0,1.0,3.374778581588522e-11,1.0
0.0,1.0,3.540152546110953e-11,1.0
0.0,1.0,3.374675539014049e-11,1.0
0.0,1.0,3.3746366812081874e-11,1.0
0.0,1.0,3.381169996763411e-11,1.0
0.0,1.0,3.3758922740600994e-11,1.0
0.0,1.0,3.3796094395244225e-11,1.0
0.0,1.0,3.380241225814373e-11,1.0
0.0,1.0,3.372320478423063e-11,1.0
0.0,1.0,1.6511207612122502e-21,1.0
0.0,1.0,3.3738130345017936e-11,1.0
0.0,1.0,3.375705617814084e-11,1.0
0.0,1.0,3.4762897880698614e-35,1.0
0.0,1.0,3.372050208505506e-11,1.0
0.0,1.0,3.4224619666067824e-11,1.0
0.0,1.0,3.3750488515060795e-11,1.0
0.0,1.0,3.377289767292346e-11,1.0
0.0,1.0,3.377863266873504e-11,1.0
0.0,1.0,3.373684318019876e-11,1.0
0.0,1.0,3.38289882217957e-11,1.0
0.0,1.0,3.3820404810036564e-11,1.0
0.0,1.0,3.3779468805450463e-11,1.0
0.0,1.0,3.376928944809343e-11,1.0
0.0,1.0,3.3691188727758004e-11,1.0
0.0,1.0,3.374096141373073e-11,1.0
0.0,1.0,3.374186346993824e-11,1.0
0.0,1.0,3.3836215079796617e-11,1.0
0.0,1.0,2.2067108340281805e-13,1.0
0.0,1.0,3.3745853333932985e-11,1.0
0.0,1.0,3.3799449350446764e-11,1.0
0.0,1.0,3.3784815223203424e-11,1.0
0.0,1.0,3.374932971977884e-11,1.0
0.0,1.0,3.3809375438176303e-11,1.0
0.0,1.0,3.374984319792773e-11,1.0
0.0,1.0,3.3729123660730664e-11,1.0
0.0,1.0,3.374456616911381e-11,1.0
0.0,1.0,3.37908104275364e-11,1.0
0.0,1.0,3.377360544010166e-11,1.0
0.0,1.0,3.374025364655253e-11,1.0
0.0,1.0,1.1895283427778846e-31,1.0
0.0,1.0,3.372783649591149e-11,1.0
0.0,1.0,3.382982435851112e-11,1.0
0.0,1.0,1.8754069134884778e-16,1.0
0.0,1.0,3.3712272556885026e-11,1.0
0.0,1.0,3.3738643823166825e-11,1.0
0.0,1.0,3.372050208505506e-11,1.0
0.0,1.0,8.470489198941777e-09,1.0
0.0,1.0,3.376967802615205e-11,1.0
0.0,1.0,3.376516774511451e-11,1.0
0.0,1.0,3.372532808576523e-11,1.0
0.0,1.0,3.3630580958954326e-11,1.0
0.0,1.0,3.373581275445403e-11,1.0
0.0,1.0,3.3699414786481086e-11,1.0
0.0,1.0,3.368816683946285e-11,1.0
0.0,1.0,3.370545509362444e-11,1.0
0.0,1.0,3.372018289593548e-11,1.0
0.0,1.0,3.364623510360154e-11,1.0
0.0,1.0,3.367390394304337e-11,1.0
0.0,1.0,3.3688808687148963e-11,1.0
0.0,1.0,3.3624485140659743e-11,1.0
0.0,1.0,4.1510127583507805e-13,1.0
0.0,1.0,2.860432459783624e-06,0.9999955296516418
0.0,1.0,3.37179936749088e-11,1.0
0.0,1.0,3.3701600538060816e-11,1.0
0.0,1.0,3.367230105855157e-11,1.0
0.0,1.0,3.369137954734036e-11,1.0
0.0,1.0,3.378243171314743e-11,1.0
0.0,1.0,3.371882981162422e-11,1.0
0.0,1.0,3.3723138864738544e-11,1.0
0.0,1.0,3.370455650686388e-11,1.0
0.0,1.0,3.36753819274449e-11,1.0
0.0,1.0,0.0,1.0
0.0,1.0,3.371934675922006e-11,1.0
0.0,1.0,0.0,1.0
0.0,1.0,3.36930518207712e-11,1.0
0.0,1.0,3.392383943201516e-11,1.0
0.0,1.0,3.367525355790768e-11,1.0
0.0,1.0,3.3685082501122565e-11,1.0
0.0,1.0,3.3684249833854096e-11,1.0
0.0,1.0,3.369427306609829e-11,1.0
0.0,1.0,3.370185727713526e-11,1.0
0.0,1.0,3.3541661417183733e-34,1.0
0.0,1.0,3.368013506976908e-11,1.0
0.0,1.0,3.371098539206585e-11,1.0
0.0,1.0,3.3685790268300764e-11,1.0
0.0,1.0,0.0,1.0
0.0,1.0,3.367962159162019e-11,1.0
0.0,1.0,3.369542839193329e-11,1.0
0.0,1.0,3.367576703605657e-11,1.0
0.0,1.0,3.367930240250061e-11,1.0
0.0,1.0,3.369092851923661e-11,1.0
0.0,1.0,3.368514842061465e-11,1.0
0.0,1.0,3.368502005107743e-11,1.0
0.0,1.0,3.368386125579548e-11,1.0
0.0,1.0,3.369137954734036e-11,1.0
0.0,1.0,3.3695043283321624e-11,1.0
0.0,1.0,3.37072557365925e-11,1.0
0.0,1.0,1.387742143421633e-09,1.0
0.0,1.0,1.2461817060042957e-13,1.0
0.0,1.0,3.367242942808879e-11,1.0
0.0,1.0,3.368129386505103e-11,1.0
0.0,1.0,3.389848471369028e-11,1.0
0.0,1.0,3.37161305818956e-11,1.0
0.0,1.0,3.3702308305239015e-11,1.0
0.0,1.0,3.369716311540927e-11,1.0
0.0,1.0,3.3669473459285726e-11,1.0
0.0,1.0,3.3670823074150036e-11,1.0
0.0,1.0,3.36963304481408e-11,1.0
0.0,1.0,3.366022738315877e-11,1.0
0.0,1.0,3.368925971525272e-11,1.0
0.0,1.0,3.3677567679024634e-11,1.0
0.0,1.0,3.3737099919273206e-11,1.0
0.0,1.0,3.370301260297026e-11,1.0
0.0,1.0,3.3712144187347803e-11,1.0
0.0,1.0,3.3681422234588254e-11,1.0
0.0,1.0,3.369530002239607e-11,1.0
0.0,1.0,3.367666909226408e-11,1.0
0.0,1.0,3.3682900218989786e-11,1.0
0.0,1.0,3.3719603498294504e-11,1.0
0.0,1.0,3.471229553797528e-11,1.0
0.0,1.0,3.3679878330694635e-11,1.0
0.0,1.0,3.367358475392379e-11,1.0
0.0,1.0,3.367178758040268e-11,1.0
0.0,1.0,3.3687587441821876e-11,1.0
0.0,1.0,3.372011697644339e-11,1.0
0.0,1.0,3.3723138864738544e-11,1.0
0.0,1.0,3.368823275895494e-11,1.0
0.0,1.0,3.36730712757749e-11,1.0
0.0,1.0,3.3687781730851185e-11,1.0
0.0,1.0,3.3672044319477124e-11,1.0
0.0,1.0,3.369954315601831e-11,1.0
0.0,1.0,3.393251304939504e-11,1.0
0.0,1.0,3.368489168154021e-11,1.0
0.0,1.0,3.372493950770661e-11,1.0
0.0,1.0,3.374302226522019e-11,1.0
0.0,1.0,2.0107036797865266e-26,1.0
0.0,1.0,3.370089277088262e-11,1.0
0.0,1.0,3.3698901308332196e-11,1.0
0.0,1.0,3.3702308305239015e-11,1.0
0.0,1.0,3.3709056379560565e-11,1.0
0.0,1.0,3.369915804740664e-11,1.0
0.0,1.0,3.368347614718381e-11,1.0
0.0,1.0,3.370204809671762e-11,1.0
0.0,1.0,8.272123605670131e-32,1.0
0.0,1.0,3.382911659133292e-11,1.0
0.0,1.0,3.479110749493586e-11,1.0
0.0,1.0,3.3709698227246676e-11,1.0
0.0,1.0,3.368270592996048e-11,1.0
0.0,1.0,3.369799925212469e-11,1.0
0.0,1.0,3.369414469656107e-11,1.0
0.0,1.0,3.36877158113591e-11,1.0
0.0,1.0,3.3721275771725345e-11,1.0
0.0,1.0,3.370513590450486e-11,1.0
0.0,1.0,3.367897974393408e-11,1.0
0.0,1.0,0.0,1.0
0.0,1.0,3.3688617867566606e-11,1.0
0.0,1.0,1.6448478863673177e-12,1.0
0.0,1.0,3.369761414351302e-11,1.0
0.0,1.0,3.371027762488765e-11,1.0
0.0,1.0,3.372371826237952e-11,1.0
0.0,1.0,3.3689644823864384e-11,1.0
0.0,1.0,3.371664406004449e-11,1.0
0.0,1.0,3.379293719851795e-11,1.0
0.0,1.0,3.3699286416943863e-11,1.0
0.0,1.0,3.3688423578537297e-11,1.0
0.0,1.0,5.578934762249726e-23,1.0
0.0,1.0,3.37086712709489e-11,1.0
0.0,1.0,3.3676023775131014e-11,1.0
0.0,1.0,3.37000566341672e-11,1.0
0.0,1.0,3.380628069149516e-11,1.0
0.0,1.0,3.369106035822078e-11,1.0
0.0,1.0,9.141923662525642e-09,1.0
0.0,1.0,3.371664406004449e-11,1.0
0.0,1.0,3.3693887957486623e-11,1.0
0.0,1.0,3.368887460664105e-11,1.0
0.0,1.0,3.3714971786613646e-11,1.0
0.0,1.0,3.3703463631074015e-11,1.0
0.0,1.0,3.3699414786481086e-11,1.0
0.0,1.0,4.841959277968044e-09,1.0
0.0,1.0,3.365971390500988e-11,1.0
0.0,1.0,3.371915247019075e-11,1.0
0.0,1.0,3.379712829043591e-11,1.0
0.0,1.0,3.3681741423707834e-11,1.0
0.0,1.0,3.367474007975879e-11,1.0
0.0,1.0,3.368064854791797e-11,1.0
0.0,1.0,3.3681227945558945e-11,1.0
0.0,1.0,3.365271603050779e-11,1.0
0.0,1.0,3.369999071467511e-11,1.0
0.0,1.0,3.3977327895673426e-11,1.0
0.0,1.0,3.532962117303029e-11,1.0
0.0,1.0,3.3691188727758004e-11,1.0
0.0,1.0,3.37086712709489e-11,1.0
0.0,1.0,3.368244919088603e-11,1.0
0.0,1.0,3.370745002562181e-11,1.0
0.0,1.0,3.366709688812364e-11,1.0
0.0,1.0,3.3701083590464975e-11,1.0
0.0,1.0,3.3678209526710745e-11,1.0
0.0,1.0,3.365676140565377e-11,1.0
0.0,1.0,3.3677501759532547e-11,1.0
0.0,1.0,3.3811311389575494e-11,1.0
0.0,1.0,8.873279986210819e-15,1.0
0.0,1.0,3.3707064917010143e-11,1.0
0.0,1.0,4.585078519116215e-13,1.0
0.0,1.0,3.369581350054496e-11,1.0
0.0,1.0,3.3678851374396856e-11,1.0
0.0,1.0,3.3691830575444115e-11,1.0
0.0,1.0,3.372011697644339e-11,1.0
0.0,1.0,3.371047191391696e-11,1.0
0.0,1.0,3.4996894271444035e-11,1.0
0.0,1.0,3.368887460664105e-11,1.0
0.0,1.0,3.3709250668589874e-11,1.0
0.0,1.0,3.3734206400515276e-11,1.0
0.0,1.0,3.369465817470996e-11,1.0
0.0,1.0,3.5220555638648676e-11,1.0
0.0,1.0,1.46497821062715e-14,1.0
0.0,1.0,3.3681227945558945e-11,1.0
0.0,1.0,3.3703269342044706e-11,1.0
0.0,1.0,3.3685918637837986e-11,1.0
0.0,1.0,3.3735621934871673e-11,1.0
0.0,1.0,3.369337100989078e-11,1.0
0.0,1.0,3.369465817470996e-11,1.0
0.0,1.0,3.477352433778336e-11,1.0
0.0,1.0,3.3684763312002985e-11,1.0
0.0,1.0,3.3708542901411676e-11,1.0
0.0,1.0,3.368109957602172e-11,1.0
0.0,1.0,3.372011697644339e-11,1.0
0.0,1.0,3.37221743584859e-11,1.0
0.0,1.0,3.374450024962172e-11,1.0
0.0,1.0,3.371998860690617e-11,1.0
0.0,1.0,3.3713108693600446e-11,1.0
0.0,1.0,3.373632970204987e-11,1.0
0.0,1.0,3.3686432115986875e-11,1.0
0.0,1.0,3.376948373712274e-11,1.0
0.0,1.0,3.376040419444948e-11,1.0
0.0,1.0,3.377573221108321e-11,1.0
0.0,1.0,3.3666135851317947e-11,1.0
0.0,1.0,3.387999950033027e-11,1.0
0.0,1.0,3.3710086805305295e-11,1.0
0.0,1.0,3.368823275895494e-11,1.0
0.0,1.0,3.905143905669852e-20,1.0
0.0,1.0,3.374044793558184e-11,1.0
0.0,1.0,3.3684763312002985e-11,1.0
0.0,1.0,3.369208731451856e-11,1.0
0.0,1.0,3.370237075528415e-11,1.0
0.0,1.0,3.370442813732666e-11,1.0
0.0,1.0,3.370011908421233e-11,1.0
0.0,1.0,3.3684374733944367e-11,1.0
0.0,1.0,3.4053884712115234e-11,1.0
0.0,1.0,3.3827437379008174e-11,1.0
0.0,1.0,3.3746047622962294e-11,1.0
0.0,1.0,3.3699928264629975e-11,1.0
0.0,1.0,3.369478654424718e-11,1.0
0.0,1.0,3.365971390500988e-11,1.0
0.0,1.0,3.389486608051939e-11,1.0
0.0,1.0,3.3910835944839235e-11,1.0
0.0,1.0,3.384512115012228e-11,1.0
0.0,1.0,3.387793170994691e-11,1.0
0.0,1.0,3.3901652318757414e-11,1.0
0.0,1.0,2.4908959268980777e-17,1.0
0.0,1.0,3.622688260485063e-11,1.0
0.0,1.0,3.389757918803582e-11,1.0
0.0,1.0,3.3888142292326506e-11,1.0
0.0,1.0,3.390333500052911e-11,1.0
0.0,1.0,3.38653965981095e-11,1.0
0.0,1.0,3.392578232230825e-11,1.0
0.0,1.0,3.3855904191248953e-11,1.0
0.0,1.0,3.3979725283517226e-11,1.0
0.0,1.0,3.389163255596017e-11,1.0
0.0,1.0,3.394364650466386e-11,1.0
0.0,1.0,3.39365237300715e-11,1.0
0.0,1.0,3.385667787791924e-11,1.0
0.0,1.0,3.3893571976806314e-11,1.0
0.0,1.0,3.432581996420936e-11,1.0
0.0,1.0,3.392888747733025e-11,1.0
0.0,1.0,3.3828342904662634e-11,1.0
0.0,1.0,5.3008351831237976e-14,1.0
0.0,1.0,3.383453586747187e-11,1.0
0.0,1.0,3.801958053939458e-11,1.0
0.0,1.0,3.39045631847501e-11,1.0
0.0,1.0,3.390585728846318e-11,1.0
0.0,1.0,3.3858679748810516e-11,1.0
0.0,1.0,3.416025101676823e-11,1.0
0.0,1.0,3.3932252840873645e-11,1.0
0.0,1.0,3.3860487330672484e-11,1.0
0.0,1.0,2.2267919121077284e-05,0.9999713897705078
0.0,1.0,3.3942286481458694e-11,1.0
0.0,1.0,3.389059866076849e-11,1.0
0.0,1.0,1.770019366631459e-06,0.9999979734420776
0.0,1.0,6.04680473308963e-15,1.0
0.0,1.0,3.4461350439940475e-11,1.0
0.0,1.0,3.383505281506771e-11,1.0
0.0,1.0,3.386481720046852e-11,1.0
0.0,1.0,3.3888013922789284e-11,1.0
0.0,1.0,3.38753469719677e-11,1.0
0.0,1.0,3.389977881740336e-11,1.0
0.0,1.0,3.3918274439104223e-11,1.0
0.0,1.0,3.389757918803582e-11,1.0
0.0,1.0,3.3898227974615835e-11,1.0
0.0,1.0,3.3896805501365534e-11,1.0
0.0,1.0,3.382924496087014e-11,1.0
0.0,1.0,3.390805691783072e-11,1.0
0.0,1.0,1.9143367069318629e-07,0.9999998211860657
0.0,1.0,1.054515319509619e-08,1.0
0.0,1.0,1.0886331835990859e-07,0.9999998807907104
0.0,1.0,1.097191337784409e-09,1.0
0.0,1.0,9.192805627833422e-09,1.0
0.0,1.0,4.540033626820872e-10,1.0
0.0,1.0,2.3934770609912448e-08,1.0
0.0,1.0,7.186590664787218e-06,0.9999936819076538
0.0,1.0,3.393290162745366e-11,1.0
0.0,1.0,3.3950509070734824e-11,1.0
0.0,1.0,3.396657261012237e-11,1.0
0.0,1.0,3.3834986895575625e-11,1.0
0.0,1.0,3.39518031744479e-11,1.0
0.0,1.0,3.3918274439104223e-11,1.0
0.0,1.0,3.3921188774543864e-11,1.0
0.0,1.0,3.391853464762562e-11,1.0
0.0,1.0,3.3918794856147017e-11,1.0
0.0,1.0,3.391342415226539e-11,1.0
0.0,1.0,4.824105872103246e-06,0.9999956488609314
0.0,1.0,3.391950609277217e-11,1.0
0.0,1.0,2.0938408340498427e-08,1.0
0.0,1.0,3.3811828337171335e-11,1.0
0.0,1.0,3.386010222206082e-11,1.0
0.0,1.0,3.381956867332114e-11,1.0
0.0,1.0,3.3888725159414435e-11,1.0
0.0,1.0,3.3917889330492557e-11,1.0
0.0,1.0,6.209897505070339e-13,1.0
0.0,1.0,3.384305682918587e-11,1.0
0.0,1.0,3.627749836643268e-11,1.0
0.0,1.0,3.3875603711042146e-11,1.0
0.0,1.0,3.3843441937797536e-11,1.0
0.0,1.0,3.389143826693086e-11,1.0
0.0,1.0,3.39017182382495e-11,1.0
0.0,1.0,3.390081271259504e-11,1.0
0.0,1.0,3.389615671478552e-11,1.0
0.0,1.0,3.385467600702796e-11,1.0
0.0,1.0,3.3898939211240986e-11,1.0
0.0,1.0,3.391594644019946e-11,1.0
0.0,1.0,3.383892471786609e-11,1.0
0.0,1.0,3.38812901345964e-11,1.0
0.0,1.0,3.398147735422796e-11,1.0
0.0,1.0,3.381118302003827e-11,1.0
0.0,1.0,3.39062458665218e-11,1.0
0.0,1.0,3.385771177311092e-11,1.0
0.0,1.0,3.3884780398230063e-11,1.0
0.0,1.0,3.385396477040281e-11,1.0
0.0,1.0,9.449421319915254e-21,1.0
0.0,1.0,3.4081501509852785e-11,1.0
0.0,1.0,3.3834150758860204e-11,1.0
0.0,1.0,8.734244261177082e-08,0.9999999403953552
0.0,1.0,3.3988086650671434e-11,1.0
0.0,1.0,3.9183978978174494e-11,1.0
0.0,1.0,5.092964895300756e-13,1.0
0.0,1.0,7.642109068110602e-20,1.0
0.0,1.0,3.38540306898949e-11,1.0
0.0,1.0,3.3837828372629275e-11,1.0
0.0,1.0,3.38573231950523e-11,1.0
0.0,1.0,3.392720479555855e-11,1.0
0.0,1.0,3.379931751146259e-11,1.0
0.0,1.0,3.3957114897731344e-11,1.0
0.0,1.0,3.4226576434148726e-11,1.0
0.0,1.0,4.011373525014683e-11,1.0
0.0,1.0,3.401091561161529e-11,1.0
0.0,1.0,3.384512115012228e-11,1.0
0.0,1.0,3.396456380033719e-11,1.0
0.0,1.0,3.3810215044338676e-11,1.0
0.0,1.0,3.3854613556982827e-11,1.0
0.0,1.0,3.382614674474205e-11,1.0
0.0,1.0,3.3865656806630895e-11,1.0
0.0,1.0,3.391762912197116e-11,1.0
0.0,1.0,3.3895383028115234e-11,1.0
0.0,1.0,4.495182004404796e-11,1.0
0.0,1.0,3.3843830515856155e-11,1.0
0.0,1.0,3.854942060010913e-11,1.0
0.0,1.0,8.611720364593012e-11,1.0
0.0,1.0,3.384847957477177e-11,1.0
0.0,1.0,3.381853477812946e-11,1.0
0.0,1.0,3.384286254015656e-11,1.0
0.0,1.0,3.384589483679257e-11,1.0
0.0,1.0,3.3882455868772254e-11,1.0
0.0,1.0,3.3933352655557414e-11,1.0
0.0,1.0,3.419466793053161e-11,1.0
0.0,1.0,3.3912130048552314e-11,1.0
0.0,1.0,3.390676281411764e-11,1.0
0.0,1.0,3.381982541239559e-11,1.0
0.0,1.0,7.733981708638211e-15,1.0
0.0,1.0,3.3838536139807474e-11,1.0
0.0,1.0,3.3852868425165994e-11,1.0
0.0,1.0,3.416552804558215e-11,1.0
0.0,1.0,3.3903269081037024e-11,1.0
0.0,1.0,3.457294173170311e-11,1.0
0.0,1.0,3.389654529284414e-11,1.0
0.0,1.0,3.394002093259907e-11,1.0
0.0,1.0,3.388827066186373e-11,1.0
0.0,1.0,3.390391786761704e-11,1.0
0.0,1.0,3.3850543895708185e-11,1.0
0.0,1.0,3.385435334846143e-11,1.0
0.0,1.0,3.3830920703747935e-11,1.0
0.0,1.0,3.3887236766672046e-11,1.0
0.0,1.0,3.385396477040281e-11,1.0
0.0,1.0,3.4177258245726705e-11,1.0
0.0,1.0,3.500070025475033e-11,1.0
0.0,1.0,3.3912841285177464e-11,1.0
0.0,1.0,1.5254707219636288e-10,1.0
0.0,1.0,3.3925522113786855e-11,1.0
0.0,1.0,3.395024886221343e-11,1.0
0.0,1.0,3.3796805631869375e-11,1.0
0.0,1.0,3.377766469303545e-11,1.0
0.0,1.0,3.385467600702796e-11,1.0
0.0,1.0,3.39520633829693e-11,1.0
0.0,1.0,3.474051255003552e-11,1.0
0.0,1.0,3.3881161765059176e-11,1.0
0.0,1.0,1.319806416932856e-11,1.0
0.0,1.0,3.391491254500778e-11,1.0
0.0,1.0,3.37988040333137e-11,1.0
0.0,1.0,3.410289411975853e-11,1.0
0.0,1.0,3.396100067831753e-11,1.0
0.0,1.0,3.3895317108623146e-11,1.0
0.0,1.0,3.391594644019946e-11,1.0
0.0,1.0,1.2150391370119307e-12,1.0
0.0,1.0,3.498788411770981e-11,1.0
0.0,1.0,3.3949214967021746e-11,1.0
0.0,1.0,3.38971906099772e-11,1.0
0.0,1.0,3.389240971207741e-11,1.0
0.0,1.0,3.155380123853746e-11,1.0
0.0,1.0,3.3837634083599966e-11,1.0
0.0,1.0,3.396048373072169e-11,1.0
0.0,1.0,3.3880644817463335e-11,1.0
0.0,1.0,3.382227831139062e-11,1.0
0.0,1.0,3.3835309554142157e-11,1.0
0.0,1.0,3.38827126078467e-11,1.0
0.0,1.0,3.3861909803922785e-11,1.0
0.0,1.0,3.387483002437186e-11,1.0
0.0,1.0,3.383195459893962e-11,1.0
0.0,1.0,9.06291534874537e-12,1.0
0.0,1.0,3.388071073695542e-11,1.0
0.0,1.0,3.392086264653038e-11,1.0
0.0,1.0,3.3880967476029866e-11,1.0
0.0,1.0,3.386552496764672e-11,1.0
0.0,1.0,5.968528172224907e-20,1.0
0.0,1.0,3.384873631384622e-11,1.0
0.0,1.0,3.389654529284414e-11,1.0
0.0,1.0,3.38668190713598e-11,1.0
0.0,1.0,3.39136184412947e-11,1.0
0.0,1.0,3.3905080132345944e-11,1.0
0.0,1.0,3.393037587007264e-11,1.0
0.0,1.0,3.3872762233988496e-11,1.0
0.0,1.0,3.390268968339605e-11,1.0
0.0,1.0,3.394312608762107e-11,1.0
0.0,1.0,3.388077318700056e-11,1.0
0.0,1.0,4.221266447501648e-09,1.0
0.0,1.0,3.38741847072388e-11,1.0
0.0,1.0,3.402544912489702e-11,1.0
0.0,1.0,3.993745958941197e-11,1.0
0.0,1.0,4.3621436324192686e-11,1.0
0.0,1.0,4.0002872542244106e-11,1.0
0.0,1.0,7.119729805715735e-11,1.0
0.0,1.0,4.0803058848348783e-11,1.0
0.0,1.0,4.1285291157988624e-11,1.0
0.0,1.0,3.917665497565892e-11,1.0
0.0,1.0,4.044307944095493e-11,1.0
0.0,1.0,1.3315722136031383e-10,1.0
0.0,1.0,1.7336948644684506e-30,1.0
0.0,1.0,4.142538048701461e-11,1.0
0.0,1.0,4.0694871084046014e-11,1.0
0.0,1.0,4.156507429908807e-11,1.0
0.0,1.0,4.3061949839273694e-11,1.0
0.0,1.0,4.012360582672514e-11,1.0
0.0,1.0,4.169919270990974e-11,1.0
0.0,1.0,4.05269394432306e-11,1.0
0.0,1.0,3.882902332996707e-11,1.0
0.0,1.0,5.458403949758894e-20,1.0
0.0,1.0,4.0291173175610595e-11,1.0
0.0,1.0,4.207613424345169e-11,1.0
0.0,1.0,4.2182767695519985e-11,1.0
0.0,1.0,4.076602944103058e-11,1.0
0.0,1.0,4.0339308282622e-11,1.0
0.0,1.0,3.988295804724373e-11,1.0
0.0,1.0,4.410424638298133e-22,1.0
0.0,1.0,3.8970514315561644e-11,1.0
0.0,1.0,4.038280126961169e-11,1.0
0.0,1.0,3.9974652060736915e-11,1.0
0.0,1.0,4.140302684030317e-11,1.0
0.0,1.0,4.167692926881905e-11,1.0
0.0,1.0,4.196288802549297e-11,1.0
0.0,1.0,4.060493261071052e-11,1.0
0.0,1.0,3.995338435092144e-11,1.0
0.0,1.0,3.978509882651693e-11,1.0
0.0,1.0,3.138549836689819e-11,1.0
0.0,1.0,4.020343086219569e-11,1.0
0.0,1.0,4.1192237121290276e-11,1.0
0.0,1.0,4.026021183101136e-11,1.0
0.0,1.0,4.316687979288858e-11,1.0
0.0,1.0,4.225475871977302e-11,1.0
0.0,1.0,3.9943555407706555e-11,1.0
0.0,1.0,4.1235161118979846e-11,1.0
0.0,1.0,3.944854165549572e-11,1.0
0.0,1.0,3.9730194828502263e-11,1.0
0.0,1.0,4.021240285201344e-11,1.0
0.0,1.0,4.22674117928068e-11,1.0
0.0,1.0,3.959312044887753e-11,1.0
0.0,1.0,4.247835416748558e-11,1.0
0.0,1.0,4.1271513984142416e-11,1.0
0.0,1.0,4.090981720050735e-11,1.0
0.0,1.0,4.141700524207259e-11,1.0
0.0,1.0,3.939523360307895e-11,1.0
0.0,1.0,4.027034955500497e-11,1.0
0.0,1.0,4.136277084731965e-11,1.0
0.0,1.0,4.177019841122842e-11,1.0
0.0,1.0,9.16955962305957e-22,1.0
0.0,1.0,4.0821585695072216e-11,1.0
0.0,1.0,5.586731077755758e-11,1.0
0.0,1.0,4.019338334382283e-11,1.0
0.0,1.0,4.29764522580367e-11,1.0
0.0,1.0,3.9660087713944137e-11,1.0
0.0,1.0,1.0189636634461152e-10,1.0
0.0,1.0,4.092253966248016e-11,1.0
0.0,1.0,4.1497978664484236e-11,1.0
0.0,1.0,4.25972972173394e-11,1.0
0.0,1.0,3.9069646823319815e-11,1.0
0.0,1.0,1.442967551001928e-10,1.0
0.0,1.0,3.9829438358562896e-11,1.0
0.0,1.0,4.102123848936934e-11,1.0
0.0,1.0,1.6295504876029376e-11,1.0
0.0,1.0,6.371842568848039e-19,1.0
0.0,1.0,4.00552473134308e-11,1.0
0.0,1.0,1.9864445121326294e-26,1.0
0.0,1.0,4.136221920525429e-11,1.0
0.0,1.0,4.0269274026449864e-11,1.0
0.0,1.0,4.003508288774604e-11,1.0
0.0,1.0,4.085071517168082e-11,1.0
0.0,1.0,1.7415707764811827e-10,1.0
0.0,1.0,4.1959765523236214e-11,1.0
0.0,1.0,4.023902391847578e-11,1.0
0.0,1.0,4.168217854205736e-11,1.0
0.0,1.0,4.286266133690653e-11,1.0
0.0,1.0,4.067252090678153e-11,1.0
0.0,1.0,4.189627117456851e-11,1.0
0.0,1.0,3.668433959380657e-11,1.0
0.0,1.0,3.987945737526921e-11,1.0
0.0,1.0,4.21559835650509e-11,1.0
0.0,1.0,4.014978627342458e-11,1.0
0.0,1.0,6.064929114479867e-11,1.0
0.0,1.0,4.057195204798525e-11,1.0
0.0,1.0,4.355658889121372e-11,1.0
0.0,1.0,3.931491243669427e-11,1.0
0.0,1.0,4.0800647582717176e-11,1.0
0.0,1.0,3.98399230272517e-11,1.0
0.0,1.0,4.0876906026721116e-11,1.0
0.0,1.0,4.141131881851834e-11,1.0
0.0,1.0,1.724213162281838e-35,1.0
0.0,1.0,3.985025850972157e-11,1.0
0.0,1.0,3.94034978257185e-11,1.0
0.0,1.0,1.0847640147249038e-10,1.0
0.0,1.0,3.900695391689801e-11,1.0
0.0,1.0,4.3560908352668903e-11,1.0
0.0,1.0,4.0540702739289e-11,1.0
0.0,1.0,4.2439315950382195e-11,1.0
0.0,1.0,4.2593557153525197e-11,1.0
0.0,1.0,1.1533957816611817e-10,1.0
0.0,1.0,3.978600782161834e-11,1.0
0.0,1.0,4.016051033395307e-11,1.0
0.0,1.0,3.892742725386533e-11,1.0
0.0,1.0,3.941958565123471e-11,1.0
0.0,1.0,4.022582614227055e-11,1.0
0.0,1.0,0.0,1.0
0.0,1.0,4.040283385631227e-11,1.0
0.0,1.0,3.962371750154681e-11,1.0
0.0,1.0,4.002446984952002e-11,1.0
0.0,1.0,8.358315428669272e-11,1.0
0.0,1.0,4.2423457108364815e-11,1.0
0.0,1.0,4.254500571287956e-11,1.0
0.0,1.0,4.13283088307459e-11,1.0
0.0,1.0,4.14933885861668e-11,1.0
0.0,1.0,2.3217432143507466e-10,1.0
0.0,1.0,3.997251488141451e-11,1.0
0.0,1.0,2.912966278556478e-38,1.0
0.0,1.0,1.6011451886566164e-10,1.0
0.0,1.0,4.1056307659159685e-11,1.0
0.0,1.0,3.8469800262008746e-11,1.0
0.0,1.0,4.075421250471223e-11,1.0
0.0,1.0,4.012085108584529e-11,1.0
0.0,1.0,4.0445240906406e-11,1.0
0.0,1.0,4.1830552910404606e-11,1.0
0.0,1.0,3.874875073583972e-11,1.0
0.0,1.0,4.04534947207047e-11,1.0
0.0,1.0,3.9918270078320717e-11,1.0
0.0,1.0,4.1216367124841113e-11,1.0
0.0,1.0,3.8866888874000693e-11,1.0
0.0,1.0,4.060229930047399e-11,1.0
0.0,1.0,4.027618863422511e-11,1.0
0.0,1.0,3.960875724628998e-11,1.0
0.0,1.0,4.139102602329636e-11,1.0
0.0,1.0,5.146454592538104e-33,1.0
0.0,1.0,4.000912795509848e-11,1.0
0.0,1.0,4.011916840407359e-11,1.0
0.0,1.0,4.307262879699181e-11,1.0
0.0,1.0,4.339190812219229e-11,1.0
0.0,1.0,3.948354490579398e-11,1.0
0.0,1.0,4.1191060978773564e-11,1.0
0.0,1.0,3.959953892573864e-11,1.0
0.0,1.0,4.063762867878573e-11,1.0
0.0,1.0,4.188476301902888e-11,1.0
0.0,1.0,4.146498769341811e-11,1.0
0.0,1.0,4.2204736233619755e-11,1.0
0.0,1.0,4.047340587676196e-11,1.0
0.0,1.0,3.8205241054134476e-11,1.0
0.0,1.0,3.9164553544690506e-11,1.0
0.0,1.0,3.9074941199368496e-11,1.0
0.0,1.0,4.020971750007263e-11,1.0
0.0,1.0,4.168925274439239e-11,1.0
0.0,1.0,3.972004322672085e-11,1.0
0.0,1.0,3.9092607623247844e-11,1.0
0.0,1.0,4.0962289116208694e-11,1.0
0.0,1.0,4.240897216734041e-11,1.0
0.0,1.0,3.899460615519601e-11,1.0
0.0,1.0,1.2925256698270715e-10,1.0
0.0,1.0,4.113052953780283e-11,1.0
0.0,1.0,2.5710572293447494e-22,1.0
0.0,1.0,4.0860689831667685e-11,1.0
0.0,1.0,4.017276789003432e-11,1.0
0.0,1.0,3.8466497348510487e-11,1.0
0.0,1.0,4.195432543041555e-11,1.0
0.0,1.0,3.987709815134188e-11,1.0
0.0,1.0,3.9603240825636377e-11,1.0
0.0,1.0,0.0,1.0
0.0,1.0,4.1608067685716676e-11,1.0
0.0,1.0,6.305313215992925e-11,1.0
0.0,1.0,3.940274495572993e-11,1.0
0.0,1.0,4.0086430702634956e-11,1.0
0.0,1.0,3.9838403409486745e-11,1.0
0.0,1.0,4.0371712917153246e-11,1.0
0.0,1.0,3.903493847601247e-11,1.0
0.0,1.0,3.96958056703145e-11,1.0
0.0,1.0,3.9306290861018667e-11,1.0
0.0,1.0,4.039697742985737e-11,1.0
0.0,1.0,3.958413458127197e-11,1.0
0.0,1.0,4.1391261945689095e-11,1.0
0.0,1.0,4.25001527026847e-11,1.0
0.0,1.0,4.092808036926243e-11,1.0
0.0,1.0,0.0,1.0
0.0,1.0,4.005601059176023e-11,1.0
0.0,1.0,0.0,1.0
0.0,1.0,4.094166672352628e-11,1.0
0.0,1.0,4.047919638372477e-11,1.0
0.0,1.0,4.221576907492697e-11,1.0
0.0,1.0,3.9414849856145295e-11,1.0
0.0,1.0,7.853474600998522e-36,1.0
0.0,1.0,4.0264819256563555e-11,1.0
0.0,1.0,4.643592455000345e-11,1.0
0.0,1.0,4.1298915676168946e-11,1.0
0.0,1.0,4.2011661510743536e-11,1.0
0.0,1.0,3.93888463512404e-11,1.0
0.0,1.0,4.233566969213953e-11,1.0
0.0,1.0,4.214818424830291e-11,1.0
0.0,1.0,4.804090111831805e-11,1.0
0.0,1.0,4.048321400329513e-11,1.0
0.0,1.0,0.0,1.0
0.0,1.0,3.970035064582156e-11,1.0
0.0,1.0,4.281281926199476e-11,1.0
0.0,1.0,4.150304405703409e-11,1.0
0.0,1.0,4.138573511669463e-11,1.0
0.0,1.0,4.252975055463182e-11,1.0
0.0,1.0,0.0,1.0
0.0,1.0,4.058131608530857e-11,1.0
0.0,1.0,4.026804584222887e-11,1.0
0.0,1.0,4.9951105751677716e-11,1.0
0.0,1.0,7.206719943031459e-11,1.0
0.0,1.0,4.0057002853588486e-11,1.0
0.0,1.0,3.96420882231574e-11,1.0
0.0,1.0,3.954330959898833e-11,1.0
0.0,1.0,4.079893367592291e-11,1.0
0.0,1.0,3.928665379127061e-11,1.0
0.0,1.0,4.270565498454282e-11,1.0
0.0,1.0,4.155532515315308e-11,1.0
0.0,1.0,4.0788195737606614e-11,1.0
0.0,1.0,3.9864705286829505e-11,1.0
0.0,1.0,4.40567408943604e-11,1.0
0.0,1.0,9.53799678127254e-11,1.0
0.0,1.0,4.257219923808897e-11,1.0
0.0,1.0,4.287214680487317e-11,1.0
0.0,1.0,4.123602501127088e-11,1.0
0.0,1.0,4.150636778721406e-11,1.0
0.0,1.0,4.048699570047276e-11,1.0
0.0,1.0,4.04428504574561e-11,1.0
0.0,1.0,4.313609885953085e-11,1.0
0.0,1.0,4.282082327611292e-11,1.0
0.0,1.0,6.454334289252017e-11,1.0
0.0,1.0,4.1047693022377985e-11,1.0
0.0,1.0,4.035523651357842e-11,1.0
0.0,1.0,0.0,1.0
0.0,1.0,4.0507000531597726e-11,1.0
0.0,1.0,1.5338027052958766e-22,1.0
0.0,1.0,4.057040467464468e-11,1.0
0.0,1.0,7.089998033116274e-11,1.0
0.0,1.0,5.310406281378022e-11,1.0
0.0,1.0,4.019284904899223e-11,1.0
0.0,1.0,4.196585093318994e-11,1.0
0.0,1.0,4.3599644727887465e-11,1.0
0.0,1.0,4.1557701724315166e-11,1.0
0.0,1.0,4.3503617375151293e-11,1.0
0.0,1.0,4.1964969693664145e-11,1.0
0.0,1.0,6.068145985693718e-11,1.0
0.0,1.0,4.0963069741772884e-11,1.0
0.0,1.0,4.0777541066017164e-11,1.0
0.0,1.0,4.076478737902178e-11,1.0
0.0,1.0,4.0848456561715096e-11,1.0
0.0,1.0,3.99688546148802e-11,1.0
0.0,1.0,5.6423525574000877e-11,1.0
0.0,1.0,2.914613701389641e-21,1.0
0.0,1.0,4.1464592176465587e-11,1.0
0.0,1.0,1.4488721333805188e-10,1.0
0.0,1.0,3.9916365351944094e-11,1.0
0.0,1.0,3.9730194828502263e-11,1.0
0.0,1.0,4.0383803939780805e-11,1.0
0.0,1.0,3.96747634745509e-11,1.0
0.0,1.0,1.156839787809158e-13,1.0
0.0,1.0,4.178725074299727e-11,1.0
0.0,1.0,3.9984564270678646e-11,1.0
0.0,1.0,4.0077639124058706e-11,1.0
0.0,1.0,3.966870928961974e-11,1.0
0.0,1.0,4.0203888829193346e-11,1.0
0.0,1.0,6.692361248505918e-11,1.0
0.0,1.0,4.4360463219428325e-11,1.0
0.0,1.0,4.068446968208406e-11,1.0
0.0,1.0,4.156372815367071e-11,1.0
0.0,1.0,4.494693506273961e-11,1.0
0.0,1.0,4.1361747360468826e-11,1.0
0.0,1.0,4.206281503660314e-11,1.0
0.0,1.0,4.1715898096983395e-11,1.0
0.0,1.0,4.02597538640137e-11,1.0
0.0,1.0,4.12489278844852e-11,1.0
0.0,1.0,0.0,1.0
0.0,1.0,4.0574040655050325e-11,1.0
0.0,1.0,4.475667753078838e-11,1.0
0.0,1.0,3.947669274806387e-11,1.0
0.0,1.0,4.001866893421635e-11,1.0
0.0,1.0,4.179713866681034e-11,1.0
0.0,1.0,4.013592930229848e-11,1.0
0.0,1.0,3.9741262364278995e-11,1.0
0.0,1.0,4.065189157520521e-11,1.0
0.0,1.0,4.166850545161971e-11,1.0
0.0,1.0,4.2301610131412204e-11,1.0
0.0,1.0,4.039173856495992e-11,1.0
0.0,1.0,3.442985392989369e-24,1.0
0.0,1.0,4.1959446334116635e-11,1.0
0.0,1.0,6.443583860926694e-11,1.0
0.0,1.0,4.1768925124197054e-11,1.0
0.0,1.0,9.156728202672558e-38,1.0
0.0,1.0,4.013301843630579e-11,1.0
0.0,1.0,4.148412863225204e-11,1.0
0.0,1.0,4.294572336638325e-11,1.0
0.0,1.0,2.0453251406991258e-31,1.0
0.0,1.0,4.030162314982988e-11,1.0
0.0,1.0,4.282441762315514e-11,1.0
0.0,1.0,3.9252049527371824e-11,1.0
0.0,1.0,4.0869887335537314e-11,1.0
0.0,1.0,4.261403729888258e-11,1.0
0.0,1.0,4.504546041728119e-11,1.0
0.0,1.0,6.437613636611772e-11,1.0
0.0,1.0,3.9574021143407023e-11,1.0
0.0,1.0,4.24200570503519e-11,1.0
0.0,1.0,4.31596355876529e-11,1.0
0.0,1.0,4.1620051155488724e-11,1.0
0.0,1.0,4.203105571920496e-11,1.0
0.0,1.0,4.238075168583322e-11,1.0
0.0,1.0,4.144197832123275e-11,1.0
0.0,1.0,4.124161082086353e-11,1.0
0.0,1.0,4.1503519371266506e-11,1.0
0.0,1.0,4.087838401112265e-11,1.0
0.0,1.0,4.018794325100217e-11,1.0
0.0,1.0,3.997663311494648e-11,1.0
0.0,1.0,5.58478124856876e-11,1.0
0.0,1.0,4.271950501677502e-11,1.0
0.0,1.0,4.294277433647409e-11,1.0
0.0,1.0,4.114088583695441e-11,1.0
0.0,1.0,4.005364095949204e-11,1.0
0.0,1.0,4.130041447725219e-11,1.0
0.0,1.0,4.113672943950597e-11,1.0
0.0,1.0,4.427272437546037e-11,1.0
0.0,1.0,2.4769296970237364e-32,1.0
0.0,1.0,4.152450258643192e-11,1.0
0.0,1.0,4.479698903492313e-11,1.0
0.0,1.0,4.1206777573465914e-11,1.0
0.0,1.0,4.230273770167159e-11,1.0
0.0,1.0,4.151563468002273e-11,1.0
0.0,1.0,7.594469497718137e-11,1.0
0.0,1.0,4.133855757704197e-11,1.0
0.0,1.0,4.0632202463752876e-11,1.0
0.0,1.0,4.040807619065667e-11,1.0
0.0,1.0,4.0218998270669104e-11,1.0
0.0,1.0,4.053096053224792e-11,1.0
0.0,1.0,3.984342022977927e-11,1.0
0.0,1.0,4.2097488689440965e-11,1.0
0.0,1.0,4.0494642361554867e-11,1.0
0.0,1.0,7.097033377645445e-11,1.0
0.0,1.0,4.315938925691931e-11,1.0
0.0,1.0,3.9966037423955214e-11,1.0
0.0,1.0,4.092527011723135e-11,1.0
0.0,1.0,4.102217870949332e-11,1.0
0.0,1.0,4.013478091535738e-11,1.0
0.0,1.0,3.9850109323502636e-11,1.0
0.0,1.0,4.061453603987353e-11,1.0
0.0,1.0,4.148088469935196e-11,1.0
0.0,1.0,4.248070298307205e-11,1.0
0.0,1.0,4.0274037577114896e-11,1.0
0.0,1.0,4.137105588664092e-11,1.0
0.0,1.0,4.021339858328865e-11,1.0
0.0,1.0,4.0225288377992996e-11,1.0
0.0,1.0,4.1542960044216315e-11,1.0
0.0,1.0,4.3987469916517696e-11,1.0
0.0,1.0,4.211033605150405e-11,1.0
0.0,1.0,4.146917878533607e-11,1.0
0.0,1.0,3.6411356568732955e-11,1.0
0.0,1.0,4.0092699993277137e-11,1.0
0.0,1.0,4.456496749318667e-13,1.0
0.0,1.0,4.010049931002513e-11,1.0
0.0,1.0,4.0895464098467116e-11,1.0
0.0,1.0,4.0468389056469434e-11,1.0
0.0,1.0,4.137649944890853e-11,1.0
0.0,1.0,0.0,1.0
0.0,1.0,4.065460468272164e-11,1.0
0.0,1.0,4.0847599608317964e-11,1.0
0.0,1.0,4.091247132742559e-11,1.0
0.0,1.0,4.074076839777341e-11,1.0
0.0,1.0,3.9945990959466826e-11,1.0
0.0,1.0,4.170285297644405e-11,1.0
0.0,1.0,4.259826866248595e-11,1.0
0.0,1.0,4.0013783952908e-11,1.0
0.0,1.0,4.1301042447150493e-11,1.0
0.0,1.0,3.901513834225767e-11,1.0
0.0,1.0,3.967938130844395e-11,1.0
0.0,1.0,4.045758519866105e-11,1.0
0.0,1.0,4.4489342765352546e-11,1.0
0.0,1.0,4.0927535666090975e-11,1.0
0.0,1.0,4.053807289849942e-11,1.0
0.0,1.0,4.0289559882777937e-11,1.0
0.0,1.0,4.08312411659395e-11,1.0
0.0,1.0,3.978115406533256e-11,1.0
0.0,1.0,4.0962289116208694e-11,1.0
0.0,1.0,4.366905448360825e-11,1.0
0.0,1.0,0.026559120044112206,0.9485923647880554
0.0,1.0,4.1354645402558177e-11,1.0
0.0,1.0,4.116035290380182e-11,1.0
0.0,1.0,4.039867398941688e-11,1.0
0.0,1.0,4.2083600493292295e-11,1.0
0.0,1.0,4.124153102358363e-11,1.0
0.0,1.0,4.073851672670159e-11,1.0
0.0,1.0,4.0686100322151475e-11,1.0
0.0,1.0,4.0153540215026595e-11,1.0
0.0,1.0,4.0619341223901984e-11,1.0
0.0,1.0,4.0568624848358326e-11,1.0
0.0,1.0,4.105176615309958e-11,1.0
0.0,1.0,4.024117497558599e-11,1.0
0.0,1.0,4.088743232877334e-11,1.0
0.0,1.0,4.1498613573276444e-11,1.0
0.0,1.0,4.2577961989476165e-11,1.0
0.0,1.0,4.788940077826709e-11,1.0
0.0,1.0,3.998746125888353e-11,1.0
0.0,1.0,4.136663581122413e-11,1.0
0.0,1.0,3.94788784996436e-11,1.0
0.0,1.0,3.98520834388183e-11,1.0
0.0,1.0,3.985025850972157e-11,1.0
0.0,1.0,7.263063067641795e-11,1.0
0.0,1.0,4.128655056723218e-11,1.0
0.0,1.0,4.135582848396879e-11,1.0
0.0,1.0,2.133399179169004e-24,1.0
0.0,1.0,4.2299108660159845e-11,1.0
0.0,1.0,0.0,1.0
0.0,1.0,3.9726253536764844e-11,1.0
0.0,1.0,4.00958363733217e-11,1.0
0.0,1.0,3.981531077057454e-11,1.0
0.0,1.0,4.042248827329509e-11,1.0
0.0,1.0,4.082251897630229e-11,1.0
0.0,1.0,8.290263820483895e-15,1.0
0.0,1.0,4.8484043169150226e-11,1.0
0.0,1.0,3.754812433198751e-11,1.0
0.0,1.0,3.699590286898591e-11,1.0
0.0,1.0,3.746528434711571e-11,1.0
0.0,1.0,3.707317786094677e-11,1.0
0.0,1.0,3.674042667323185e-11,1.0
0.0,1.0,3.71637998153318e-11,1.0
0.0,1.0,3.8743872693425274e-11,1.0
0.0,1.0,6.809937906743208e-26,1.0
0.0,1.0,3.7150723996630696e-28,1.0
0.0,1.0,3.7288054588469066e-11,1.0
0.0,1.0,3.834950412784366e-11,1.0
0.0,1.0,3.8682144293256115e-11,1.0
0.0,1.0,3.7794434248894504e-11,1.0
0.0,1.0,3.8316166212082337e-11,1.0
0.0,1.0,3.760417324749632e-11,1.0
0.0,1.0,0.0,1.0
0.0,1.0,0.0,1.0
0.0,1.0,3.0568072677899392e-37,1.0
0.0,1.0,0.0,1.0
0.0,1.0,0.0,1.0
0.0,1.0,0.0,1.0
0.0,1.0,0.0,1.0
0.0,1.0,3.852332688958349e-11,1.0
0.0,1.0,3.714225801920712e-11,1.0
0.0,1.0,3.684309454743406e-11,1.0
0.0,1.0,0.0,1.0
0.0,1.0,3.7260895757729173e-11,1.0
0.0,1.0,0.0,1.0
0.0,1.0,0.0,1.0
0.0,1.0,1.1022919920965797e-18,1.0
0.0,1.0,0.0,1.0
0.0,1.0,0.0,1.0
0.0,1.0,0.0,1.0
0.0,1.0,0.0,1.0
0.0,1.0,0.0,1.0
0.0,1.0,7.956240673593756e-36,1.0
0.0,1.0,0.0,1.0
0.0,1.0,3.838103642685945e-15,1.0
0.0,1.0,3.9801946460915616e-11,1.0
0.0,1.0,4.6328124911811175e-32,1.0
0.0,1.0,1.695236882150958e-34,1.0
0.0,1.0,3.746071161603304e-11,1.0
0.0,1.0,3.773493670311545e-11,1.0
0.0,1.0,3.800276066057151e-11,1.0
0.0,1.0,0.0,1.0
0.0,1.0,3.0461120821903553e-13,1.0
0.0,1.0,3.809245974206732e-11,1.0
0.0,1.0,5.878204307246319e-16,1.0
0.0,1.0,3.7262602725629534e-11,1.0
0.0,1.0,3.71067100657374e-11,1.0
0.0,1.0,3.710274795731827e-11,1.0
0.0,1.0,3.6498550709529454e-11,1.0
0.0,1.0,3.7012982956330376e-11,1.0
0.0,1.0,3.757893302092086e-11,1.0
0.0,1.0,3.665594217050483e-11,1.0
0.0,1.0,3.687782371142312e-11,1.0
0.0,1.0,3.789997135572598e-11,1.0
0.0,1.0,3.7527148055716e-11,1.0
0.0,1.0,3.755292257712206e-11,1.0
0.0,1.0,3.797160502694297e-11,1.0
0.0,1.0,3.855618602166544e-11,1.0
0.0,1.0,3.854949345849512e-11,1.0
0.0,1.0,3.881747354106402e-11,1.0
0.0,1.0,3.7320643103688766e-11,1.0
0.0,1.0,3.726985386975912e-11,1.0
0.0,1.0,3.8676391950209776e-11,1.0
0.0,1.0,3.8162563387178494e-11,1.0
0.0,1.0,3.720451030586602e-11,1.0
0.0,1.0,3.795965625164044e-11,1.0
0.0,1.0,3.764522027438488e-11,1.0
0.0,1.0,3.750152965942277e-11,1.0
0.0,1.0,3.7259192259275764e-11,1.0
0.0,1.0,5.565168611748815e-28,1.0
0.0,1.0,3.775999304900246e-11,1.0
0.0,1.0,3.7399312813324315e-11,1.0
0.0,1.0,3.724128644355673e-11,1.0
0.0,1.0,1.8878147696505636e-34,1.0
0.0,1.0,3.702554929319035e-11,1.0
0.0,1.0,1.040695270825711e-33,1.0
0.0,1.0,1.3412327176389951e-33,1.0
0.0,1.0,1.7134950436084912e-17,1.0
0.0,1.0,3.706356402344291e-11,1.0
0.0,1.0,2.6464123863436904e-24,1.0
0.0,1.0,3.698023831599784e-11,1.0
0.0,1.0,3.735938641780123e-11,1.0
0.0,1.0,3.7097512561867774e-11,1.0
0.0,1.0,3.7806546088203774e-11,1.0
0.0,1.0,1.5915941897759467e-09,1.0
0.0,1.0,3.924321631543215e-11,1.0
0.0,1.0,3.776229676177856e-11,1.0
0.0,1.0,6.306347805073997e-11,1.0
0.0,1.0,3.834329034835271e-11,1.0
0.0,1.0,3.8077638264688574e-11,1.0
0.0,1.0,3.782681459729709e-11,1.0
0.0,1.0,3.690315414361933e-11,1.0
0.0,1.0,3.708095983046e-11,1.0
0.0,1.0,3.8164891386083255e-11,1.0
0.0,1.0,3.730441650029448e-11,1.0
0.0,1.0,3.7187766754875895e-11,1.0
0.0,1.0,3.684541213799797e-11,1.0
0.0,1.0,3.7885663356496124e-11,1.0
0.0,1.0,3.7460496510322017e-11,1.0
0.0,1.0,3.8209539698907946e-11,1.0
0.0,1.0,3.675157053684153e-11,1.0
0.0,1.0,3.778131626996917e-11,1.0
0.0,1.0,5.648393211488134e-11,1.0
0.0,1.0,1.108378349481344e-22,1.0
0.0,1.0,2.1020833945254653e-20,1.0
0.0,1.0,1.5434907518763197e-10,1.0
0.0,1.0,3.680109342263371e-11,1.0
0.0,1.0,3.6963595378969316e-11,1.0
0.0,1.0,1.4255201186141875e-10,1.0
0.0,1.0,1.9239160774491698e-13,1.0
0.0,1.0,2.0231281620065597e-27,1.0
0.0,1.0,1.0731817102496157e-33,1.0
0.0,1.0,3.780935980968181e-11,1.0
0.0,1.0,3.751505356364149e-11,1.0
0.0,1.0,3.724490854617457e-11,1.0
0.0,1.0,3.6852652873786695e-11,1.0
0.0,1.0,3.7127030616534995e-11,1.0
0.0,1.0,3.7366158778251446e-11,1.0
0.0,1.0,3.691329186761294e-11,1.0
0.0,1.0,3.6903015365741254e-11,1.0
0.0,1.0,3.75648852302124e-11,1.0
0.0,1.0,2.940105358270064e-15,1.0
0.0,1.0,3.720834404474793e-11,1.0
0.0,1.0,3.9041266747252834e-11,1.0
0.0,1.0,3.731224357261809e-11,1.0
0.0,1.0,3.79317931231693e-11,1.0
0.0,1.0,3.9630746601071465e-11,1.0
0.0,1.0,3.766892353596063e-11,1.0
0.0,1.0,3.7377774486646587e-11,1.0
0.0,1.0,2.382393449185116e-10,1.0
0.0,1.0,3.7444564809918646e-11,1.0
0.0,1.0,3.7316798956466e-11,1.0
0.0,1.0,3.644206811315165e-11,1.0
0.0,1.0,3.805426113112631e-11,1.0
0.0,1.0,3.7117118406593264e-11,1.0
0.0,1.0,1.1514151685863751e-14,1.0
0.0,1.0,3.6423999233425874e-11,1.0
0.0,1.0,4.174592322669923e-05,0.9998893141746521
0.0,1.0,4.250672036576475e-11,1.0
0.0,1.0,3.7307691658217124e-11,1.0
0.0,1.0,3.8481981490257056e-11,1.0
0.0,1.0,3.719415053726749e-11,1.0
0.0,1.0,3.786586669218828e-11,1.0
0.0,1.0,3.730299402704418e-11,1.0
0.0,1.0,3.707275458841863e-11,1.0
0.0,1.0,3.8682588382465966e-11,1.0
0.0,1.0,1.5353703013735673e-16,1.0
0.0,1.0,3.760044012257602e-11,1.0
0.0,1.0,3.667258510753335e-11,1.0
0.0,1.0,2.8312941929647083e-14,1.0
0.0,1.0,3.7468857877476225e-11,1.0
0.0,1.0,2.8279925601802647e-13,1.0
0.0,1.0,3.742871290679517e-11,1.0
0.0,1.0,3.7205079295166144e-11,1.0
0.0,1.0,3.8306594007941897e-11,1.0
0.0,1.0,3.702893894286241e-11,1.0
0.0,1.0,1.1892113880554618e-15,1.0
0.0,1.0,3.7111098916131624e-11,1.0
0.0,1.0,3.756753935713064e-11,1.0
0.0,1.0,3.8203055302554745e-11,1.0
0.0,1.0,3.719677690861012e-11,1.0
0.0,1.0,3.7934180102672244e-11,1.0
0.0,1.0,3.727610928261349e-11,1.0
0.0,1.0,3.7601876473614126e-11,1.0
0.0,1.0,3.756101679686097e-11,1.0
0.0,1.0,3.752478536234172e-11,1.0
0.0,1.0,4.664461872305736e-11,1.0
0.0,1.0,3.7010297604389564e-11,1.0
0.0,1.0,3.695753425514425e-11,1.0
0.0,1.0,3.740594639589645e-11,1.0
0.0,1.0,3.7201245556284235e-11,1.0
0.0,1.0,3.931318812155915e-11,1.0
0.0,1.0,4.637927542017195e-11,1.0
0.0,1.0,3.712979229630875e-11,1.0
0.0,1.0,1.1011196121568645e-10,1.0
0.0,1.0,3.358827105337525e-11,1.0
0.0,1.0,1.7508339071083123e-13,1.0
0.0,1.0,3.358320913027235e-11,1.0
0.0,1.0,3.358353178883888e-11,1.0
0.0,1.0,1.7220138648355032e-09,1.0
0.0,1.0,5.760734667070722e-10,1.0
0.0,1.0,3.358096786754139e-11,1.0
0.0,1.0,0.00037293124478310347,0.9996111989021301
0.0,1.0,6.653059353434188e-11,1.0
0.0,1.0,3.35910257942551e-11,1.0
0.0,1.0,3.376503937557729e-11,1.0
0.0,1.0,3.3580072750227785e-11,1.0
0.0,1.0,7.281715284079837e-07,0.9999993443489075
0.0,1.0,1.753473338750311e-10,1.0
0.0,1.0,3.359070660513552e-11,1.0
0.0,1.0,3.357917416346723e-11,1.0
0.0,1.0,3.359224357013524e-11,1.0
0.0,1.0,0.0,1.0
0.0,1.0,3.3575333485691417e-11,1.0
0.0,1.0,3.358865616198692e-11,1.0
0.0,1.0,3.358487446480929e-11,1.0
0.0,1.0,0.0,1.0
0.0,1.0,3.358077704795903e-11,1.0
0.0,1.0,3.358538794295818e-11,1.0
0.0,1.0,1.5192601949820528e-06,0.9999984502792358
0.0,1.0,3.3581991354392215e-11,1.0
0.0,1.0,3.358148134569028e-11,1.0
0.0,1.0,3.3579430902541674e-11,1.0
0.0,1.0,3.358276157161555e-11,1.0
0.0,1.0,3.8530467707268176e-33,1.0
0.0,1.0,5.443090458356892e-07,0.9999994039535522
0.0,1.0,3.359518913059745e-11,1.0
0.0,1.0,6.936899353604531e-06,0.9999923706054688
0.0,1.0,0.0,1.0
0.0,1.0,6.350767762342002e-06,0.9999948143959045
0.0,1.0,3.358096786754139e-11,1.0
0.0,1.0,3.3583337499809574e-11,1.0
0.0,1.0,2.9457110536464925e-28,1.0
0.0,1.0,0.0,1.0
0.0,1.0,2.5320827656827305e-09,1.0
0.0,1.0,3.358288994115277e-11,1.0
0.0,1.0,3.358634897976387e-11,1.0
0.0,1.0,2.825862111421884e-06,0.9999967813491821
0.0,1.0,3.998030795315799e-10,1.0
0.0,1.0,3.3579430902541674e-11,1.0
0.0,1.0,3.3581224606615834e-11,1.0
0.0,1.0,1.226704293699754e-10,1.0
0.0,1.0,6.129925509412715e-07,0.9999994039535522
0.0,1.0,3.4220570821474894e-11,1.0
0.0,1.0,3.359634445643245e-11,1.0
0.0,1.0,3.369954315601831e-11,1.0
0.0,1.0,2.58378368781611e-19,1.0
0.0,1.0,4.27526000712497e-11,1.0
0.0,1.0,3.357545838578169e-11,1.0
0.0,1.0,3.35859638711522e-11,1.0
0.0,1.0,3.358827105337525e-11,1.0
0.0,1.0,3.3581991354392215e-11,1.0
0.0,1.0,3.358173808476472e-11,1.0
0.0,1.0,3.357968764161612e-11,1.0
0.0,1.0,3.381098873100896e-11,1.0
0.0,1.0,3.357898334388487e-11,1.0
0.0,1.0,5.8488916834797955e-12,1.0
0.0,1.0,3.368641737083733e-12,1.0
0.0,1.0,3.3764394058444225e-11,1.0
0.0,1.0,1.943577659924145e-10,1.0
0.0,1.0,1.0124648692383578e-20,1.0
0.0,1.0,1.0992907846230082e-06,0.9999991655349731
0.0,1.0,1.1210666173155914e-08,1.0
0.0,1.0,7.767434340166801e-08,0.9999999403953552
0.0,1.0,2.945716337521276e-09,1.0
0.0,1.0,3.3589679648837745e-11,1.0
0.0,1.0,3.579837164549571e-13,1.0
0.0,1.0,3.367255779762601e-11,1.0
0.0,1.0,1.4129677618635993e-14,1.0
0.0,1.0,3.360037942323757e-11,1.0
0.0,1.0,3.5816388743725724e-10,1.0
0.0,1.0,1.7991850126034643e-15,1.0
0.0,1.0,3.358410771703291e-11,1.0
0.0,1.0,8.098955731838942e-06,0.9999921321868896
0.0,1.0,3.993229256593622e-06,0.9999966621398926
0.0,1.0,3.414702548498738e-11,1.0
0.0,1.0,1.5588161317303673e-10,1.0
0.0,1.0,2.9409894519716318e-09,1.0
0.0,1.0,3.3585773051569845e-11,1.0
0.0,1.0,3.3605573185324644e-11,1.0
0.0,1.0,3.3584940384301376e-11,1.0
0.0,1.0,0.0,1.0
0.0,1.0,3.445267335311364e-11,1.0
0.0,1.0,3.359660119550689e-11,1.0
0.0,1.0,3.858138724745588e-16,1.0
0.0,1.0,1.1587711111143594e-26,1.0
0.0,1.0,7.191080370061442e-11,1.0
0.0,1.0,1.3127446352179106e-10,1.0
0.0,1.0,1.5403145425807452e-10,1.0
0.0,1.0,3.3581672165272636e-11,1.0
0.0,1.0,3.358288994115277e-11,1.0
0.0,1.0,3.3577765568004736e-11,1.0
0.0,1.0,3.3751518940805525e-11,1.0
0.0,1.0,3.357757474842238e-11,1.0
0.0,1.0,3.3576998820228354e-11,1.0
0.0,1.0,1.1052890373786095e-12,1.0
0.0,1.0,0.0,1.0
0.0,1.0,3.358442690615249e-11,1.0
0.0,1.0,0.0,1.0
0.0,1.0,2.841690260879659e-08,1.0
0.0,1.0,3.358058275892972e-11,1.0
0.0,1.0,3.359890837772994e-11,1.0
0.0,1.0,3.3574691638005305e-11,1.0
0.0,1.0,3.357853578522807e-11,1.0
0.0,1.0,3.358237646300388e-11,1.0
0.0,1.0,7.06306382198818e-05,0.9999293088912964
0.0,1.0,3.358442690615249e-11,1.0
0.0,1.0,3.358020111976501e-11,1.0
0.0,1.0,3.365586281889321e-11,1.0
0.0,1.0,3.368546760973423e-11,1.0
0.0,1.0,3.3600316973192434e-11,1.0
0.0,1.0,3.3583785058466376e-11,1.0
0.0,1.0,3.3577765568004736e-11,1.0
0.0,1.0,3.358327504976444e-11,1.0
0.0,1.0,0.0,1.0
0.0,1.0,3.3593267056986065e-11,1.0
0.0,1.0,3.359044986606108e-11,1.0
0.0,1.0,3.3589360459718165e-11,1.0
0.0,1.0,3.3599290016894656e-11,1.0
0.0,1.0,4.6809587456175805e-11,1.0
0.0,1.0,3.3627243350986546e-11,1.0
0.0,1.0,3.3731822890459284e-11,1.0
0.0,1.0,4.9748511517592664e-33,1.0
0.0,1.0,3.358353178883888e-11,1.0
0.0,1.0,3.384602667577674e-11,1.0
0.0,1.0,3.296149117537617e-11,1.0
0.0,1.0,5.704454617005972e-11,1.0
0.0,1.0,3.3586539799346227e-11,1.0
0.0,1.0,0.0,1.0
0.0,1.0,3.359775305189494e-11,1.0
0.0,1.0,3.358148134569028e-11,1.0
0.0,1.0,3.672410292532291e-11,1.0
0.0,1.0,3.4578350599501206e-11,1.0
0.0,1.0,3.4440058443996335e-11,1.0
0.0,1.0,7.437687889622763e-14,1.0
0.0,1.0,0.0,1.0
0.0,1.0,4.494726728979642e-34,1.0
0.0,1.0,3.547154930894081e-11,1.0
0.0,1.0,3.3592628678746905e-11,1.0
0.0,1.0,3.764647704684876e-09,1.0
0.0,1.0,3.3578917424392785e-11,1.0
0.0,1.0,1.1208872753102066e-15,1.0
0.0,1.0,3.357981601115334e-11,1.0
0.0,1.0,3.497413816888617e-11,1.0
0.0,1.0,3.357866068531834e-11,1.0
0.0,1.0,3.3587372466614696e-11,1.0
0.0,1.0,3.3584940384301376e-11,1.0
0.0,1.0,3.358948882925539e-11,1.0
0.0,1.0,7.45664710533056e-11,1.0
0.0,1.0,3.358173808476472e-11,1.0
0.0,1.0,3.358020111976501e-11,1.0
0.0,1.0,1.117348852330835e-10,1.0
0.0,1.0,0.0,1.0
0.0,1.0,3.358353178883888e-11,1.0
0.0,1.0,3.358769512518123e-11,1.0
0.0,1.0,3.357834149619876e-11,1.0
0.0,1.0,3.358622061022665e-11,1.0
0.0,1.0,3.357302630346837e-11,1.0
0.0,1.0,3.3584812014764154e-11,1.0
0.0,1.0,4.1254197974405216e-11,1.0
0.0,1.0,1.3259438848538946e-13,1.0
0.0,1.0,3.3594741571940645e-11,1.0
0.0,1.0,5.918137807893521e-17,1.0
0.0,1.0,3.358173808476472e-11,1.0
0.0,1.0,3.357878905485556e-11,1.0
0.0,1.0,3.487921063083377e-11,1.0
0.0,1.0,6.509116840360332e-14,1.0
0.0,1.0,3.3587244097077473e-11,1.0
0.0,1.0,3.365836429014557e-11,1.0
0.0,1.0,3.956849832320586e-05,0.9999623894691467
0.0,1.0,3.358020111976501e-11,1.0
0.0,1.0,3.3581030317586524e-11,1.0
0.0,1.0,3.3599290016894656e-11,1.0
0.0,1.0,3.424708086563477e-11,1.0
0.0,1.0,3.426700936892679e-11,1.0
0.0,1.0,3.359762468235772e-11,1.0
0.0,1.0,0.0,1.0
0.0,1.0,3.480418037105082e-11,1.0
0.0,1.0,3.3591920911568707e-11,1.0
0.0,1.0,8.89373297230378e-11,1.0
0.0,1.0,3.357789393754196e-11,1.0
0.0,1.0,3.358698735800303e-11,1.0
0.0,1.0,3.3590127207494547e-11,1.0
0.0,1.0,0.0,1.0
0.0,1.0,3.3581224606615834e-11,1.0
0.0,1.0,4.5909200052651755e-11,1.0
0.0,1.0,3.3600830451341324e-11,1.0
0.0,1.0,3.35804543893925e-11,1.0
0.0,1.0,3.3577318009347934e-11,1.0
0.0,1.0,3.762381339811327e-08,0.9999999403953552
0.0,1.0,3.075636413996108e-06,0.9999972581863403
0.0,1.0,1.7226373105749815e-10,1.0
0.0,1.0,7.177263938729084e-08,0.9999999403953552
0.0,1.0,9.443172643841535e-07,0.9999991059303284
0.0,1.0,3.3596857934581337e-11,1.0
0.0,1.0,3.358801431430081e-11,1.0
0.0,1.0,3.384847957477177e-11,1.0
0.0,1.0,3.358032601985528e-11,1.0
0.0,1.0,3.3533988086364985e-11,1.0
0.0,1.0,0.0,1.0
0.0,1.0,3.459972586217219e-11,1.0
0.0,1.0,3.3598523269118274e-11,1.0
0.0,1.0,1.4514215251892892e-07,0.9999998807907104
0.0,1.0,3.3583018310689994e-11,1.0
0.0,1.0,5.1756991054086043e-11,1.0
