1.0,0.0,0.0,1.0
1.0,0.0,0.0,1.0
1.0,0.0,0.0,1.0
1.0,0.0,0.0,1.0
1.0,0.0,0.0,1.0
1.0,0.0,0.0,1.0
1.0,0.0,0.0,1.0
1.0,0.0,0.0,1.0
1.0,0.0,0.0,1.0
1.0,0.0,0.0,1.0
1.0,0.0,0.0,1.0
1.0,0.0,0.0,1.0
1.0,0.0,0.0,1.0
1.0,0.0,0.0,1.0
1.0,0.0,0.0,1.0
1.0,0.0,0.0,1.0
1.0,0.0,0.0,1.0
1.0,0.0,0.0,1.0
1.0,0.0,0.0,1.0
1.0,0.0,0.0,1.0
1.0,0.0,0.0,1.0
1.0,0.0,0.0,1.0
1.0,0.0,0.0,1.0
1.0,0.0,0.0,1.0
1.0,0.0,0.0,1.0
1.0,0.0,0.0,1.0
1.0,0.0,0.0,1.0
1.0,0.0,0.0,1.0
1.0,0.0,0.0,1.0
1.0,0.0,0.0,1.0
1.0,0.0,0.0,1.0
1.0,0.0,0.0,1.0
1.0,0.0,0.0,1.0
1.0,0.0,0.0,1.0
1.0,0.0,0.0,1.0
1.0,0.0,0.0,1.0
1.0,0.0,0.0,1.0
1.0,0.0,0.0,1.0
1.0,0.0,0.0,1.0
1.0,0.0,0.0,1.0
1.0,0.0,0.0,1.0
1.0,0.0,0.0,1.0
1.0,0.0,0.0,1.0
1.0,0.0,0.0,1.0
1.0,0.0,0.0,1.0
1.0,0.0,0.0,1.0
1.0,0.0,0.0,1.0
1.0,0.0,0.0,1.0
1.0,0.0,0.0,1.0
1.0,0.0,0.0,1.0
1.0,0.0,0.0,1.0
1.0,0.0,0.0,1.0
1.0,0.0,0.0,1.0
1.0,0.0,0.0,1.0
1.0,0.0,0.0,1.0
1.0,0.0,0.0,1.0
1.0,0.0,0.0,1.0
1.0,0.0,0.0,1.0
1.0,0.0,0.0,1.0
1.0,0.0,0.0,1.0
1.0,0.0,0.0,1.0
1.0,0.0,0.0,1.0
1.0,0.0,0.0,1.0
1.0,0.0,0.0,1.0
1.0,0.0,0.0,1.0
1.0,0.0,0.0,1.0
1.0,0.0,0.0,1.0
1.0,0.0,0.0,1.0
1.0,0.0,0.0,1.0
1.0,0.0,0.0,1.0
1.0,0.0,0.0,1.0
1.0,0.0,0.0,1.0
1.0,0.0,0.0,1.0
1.0,0.0,0.0,1.0
1.0,0.0,0.0,1.0
1.0,0.0,0.0,1.0
1.0,0.0,0.0,1.0
1.0,0.0,0.0,1.0
1.0,0.0,0.0,1.0
1.0,0.0,0.0,1.0
1.0,0.0,0.0,1.0
1.0,0.0,0.0,1.0
1.0,0.0,0.0,1.0
1.0,0.0,0.0,1.0
1.0,0.0,0.0,1.0
1.0,0.0,0.0,1.0
1.0,0.0,0.0,1.0
1.0,0.0,0.0,1.0
1.0,0.0,0.0,1.0
1.0,0.0,0.0,1.0
1.0,0.0,0.0,1.0
1.0,0.0,0.0,1.0
1.0,0.0,0.0,1.0
1.0,0.0,0.0,1.0
1.0,0.0,0.0,1.0
1.0,0.0,0.0,1.0
1.0,0.0,0.0,1.0
1.0,0.0,0.0,1.0
1.0,0.0,0.0,1.0
1.0,0.0,0.0,1.0
1.0,0.0,0.0,1.0
1.0,0.0,0.0,1.0
1.0,0.0,0.0,1.0
1.0,0.0,0.0,1.0
1.0,0.0,0.0,1.0
1.0,0.0,0.0,1.0
1.0,0.0,0.0,1.0
1.0,0.0,0.0,1.0
1.0,0.0,0.0,1.0
1.0,0.0,0.0,1.0
1.0,0.0,0.0,1.0
1.0,0.0,0.0,1.0
1.0,0.0,0.0,1.0
1.0,0.0,0.0,1.0
1.0,0.0,0.0,1.0
1.0,0.0,0.0,1.0
1.0,0.0,0.0,1.0
1.0,0.0,0.0,1.0
1.0,0.0,0.0,1.0
1.0,0.0,0.0,1.0
1.0,0.0,0.0,1.0
1.0,0.0,0.0,1.0
1.0,0.0,0.0,1.0
1.0,0.0,0.0,1.0
1.0,0.0,0.0,1.0
1.0,0.0,0.0,1.0
1.0,0.0,0.0,1.0
1.0,0.0,0.0,1.0
1.0,0.0,0.0,1.0
1.0,0.0,0.0,1.0
1.0,0.0,0.0,1.0
1.0,0.0,0.0,1.0
1.0,0.0,0.0,1.0
1.0,0.0,0.0,1.0
1.0,0.0,0.0,1.0
1.0,0.0,0.0,1.0
1.0,0.0,0.0,1.0
1.0,0.0,0.0,1.0
1.0,0.0,0.0,1.0
1.0,0.0,0.0,1.0
1.0,0.0,0.0,1.0
1.0,0.0,0.0,1.0
1.0,0.0,0.0,1.0
1.0,0.0,0.0,1.0
1.0,0.0,0.0,1.0
1.0,0.0,0.0,1.0
1.0,0.0,0.0,1.0
1.0,0.0,0.0,1.0
1.0,0.0,0.0,1.0
1.0,0.0,0.0,1.0
1.0,0.0,0.0,1.0
1.0,0.0,0.0,1.0
1.0,0.0,0.0,1.0
1.0,0.0,0.0,1.0
1.0,0.0,0.0,1.0
1.0,0.0,0.0,1.0
1.0,0.0,0.0,1.0
1.0,0.0,0.0,1.0
1.0,0.0,0.0,1.0
1.0,0.0,0.0,1.0
1.0,0.0,0.0,1.0
1.0,0.0,0.0,1.0
1.0,0.0,0.0,1.0
1.0,0.0,0.0,1.0
1.0,0.0,0.0,1.0
1.0,0.0,0.0,1.0
1.0,0.0,0.0,1.0
1.0,0.0,0.0,1.0
1.0,0.0,0.0,1.0
1.0,0.0,0.0,1.0
1.0,0.0,0.0,1.0
1.0,0.0,0.0,1.0
1.0,0.0,0.0,1.0
1.0,0.0,0.0,1.0
1.0,0.0,0.0,1.0
1.0,0.0,0.0,1.0
1.0,0.0,0.0,1.0
1.0,0.0,0.0,1.0
1.0,0.0,0.0,1.0
1.0,0.0,0.0,1.0
1.0,0.0,0.0,1.0
1.0,0.0,0.0,1.0
1.0,0.0,0.0,1.0
1.0,0.0,0.0,1.0
1.0,0.0,0.0,1.0
1.0,0.0,0.0,1.0
1.0,0.0,0.0,1.0
1.0,0.0,0.0,1.0
1.0,0.0,0.0,1.0
1.0,0.0,0.0,1.0
1.0,0.0,0.0,1.0
1.0,0.0,0.0,1.0
1.0,0.0,0.0,1.0
1.0,0.0,0.0,1.0
1.0,0.0,0.0,1.0
1.0,0.0,0.0,1.0
1.0,0.0,0.0,1.0
1.0,0.0,0.0,1.0
1.0,0.0,0.0,1.0
1.0,0.0,0.0,1.0
1.0,0.0,0.0,1.0
1.0,0.0,0.0,1.0
1.0,0.0,0.0,1.0
1.0,0.0,0.0,1.0
1.0,0.0,0.0,1.0
1.0,0.0,0.0,1.0
1.0,0.0,0.0,1.0
1.0,0.0,0.0,1.0
1.0,0.0,0.0,1.0
1.0,0.0,0.0,1.0
1.0,0.0,0.0,1.0
1.0,0.0,0.0,1.0
1.0,0.0,0.0,1.0
1.0,0.0,0.0,1.0
1.0,0.0,0.0,1.0
1.0,0.0,0.0,1.0
1.0,0.0,0.0,1.0
1.0,0.0,0.0,1.0
1.0,0.0,0.0,1.0
1.0,0.0,0.0,1.0
1.0,0.0,0.0,1.0
1.0,0.0,0.0,1.0
1.0,0.0,0.0,1.0
1.0,0.0,0.0,1.0
1.0,0.0,0.0,1.0
1.0,0.0,0.0,1.0
1.0,0.0,0.0,1.0
1.0,0.0,0.0,1.0
1.0,0.0,0.0,1.0
1.0,0.0,0.0,1.0
1.0,0.0,0.0,1.0
1.0,0.0,0.0,1.0
1.0,0.0,0.0,1.0
1.0,0.0,0.0,1.0
1.0,0.0,0.0,1.0
1.0,0.0,0.0,1.0
1.0,0.0,0.0,1.0
1.0,0.0,0.0,1.0
1.0,0.0,0.0,1.0
1.0,0.0,0.0,1.0
1.0,0.0,0.0,1.0
1.0,0.0,0.0,1.0
1.0,0.0,0.0,1.0
1.0,0.0,0.0,1.0
1.0,0.0,0.0,1.0
1.0,0.0,0.0,1.0
1.0,0.0,0.0,1.0
1.0,0.0,0.0,1.0
1.0,0.0,0.0,1.0
1.0,0.0,0.0,1.0
1.0,0.0,0.0,1.0
1.0,0.0,0.0,1.0
1.0,0.0,0.0,1.0
1.0,0.0,0.0,1.0
1.0,0.0,0.0,1.0
1.0,0.0,0.0,1.0
1.0,0.0,0.0,1.0
1.0,0.0,0.0,1.0
1.0,0.0,0.0,1.0
1.0,0.0,0.0,1.0
1.0,0.0,0.0,1.0
1.0,0.0,0.0,1.0
1.0,0.0,0.0,1.0
1.0,0.0,0.0,1.0
1.0,0.0,0.0,1.0
1.0,0.0,0.0,1.0
1.0,0.0,0.0,1.0
1.0,0.0,0.0,1.0
1.0,0.0,0.0,1.0
1.0,0.0,0.0,1.0
1.0,0.0,0.0,1.0
1.0,0.0,0.0,1.0
1.0,0.0,0.0,1.0
1.0,0.0,0.0,1.0
1.0,0.0,0.0,1.0
1.0,0.0,0.0,1.0
1.0,0.0,0.0,1.0
1.0,0.0,0.0,1.0
1.0,0.0,0.0,1.0
1.0,0.0,0.0,1.0
1.0,0.0,0.0,1.0
1.0,0.0,0.0,1.0
1.0,0.0,0.0,1.0
1.0,0.0,0.0,1.0
1.0,0.0,0.0,0.9999999403953552
1.0,0.0,0.0,1.0
1.0,0.0,0.0,1.0
1.0,0.0,0.0,1.0
1.0,0.0,0.0,1.0
1.0,0.0,0.0,1.0
1.0,0.0,0.0,1.0
1.0,0.0,0.0,1.0
1.0,0.0,0.0,1.0
1.0,0.0,0.0,1.0
1.0,0.0,0.0,1.0
1.0,0.0,0.0,1.0
1.0,0.0,0.0,1.0
1.0,0.0,0.0,1.0
1.0,0.0,0.0,1.0
1.0,0.0,0.0,1.0
1.0,0.0,0.0,1.0
1.0,0.0,0.0,1.0
1.0,0.0,0.0,1.0
1.0,0.0,0.0,1.0
1.0,0.0,0.0,1.0
1.0,0.0,0.0,1.0
1.0,0.0,0.0,1.0
1.0,0.0,0.0,1.0
1.0,0.0,0.0,1.0
1.0,0.0,0.0,1.0
1.0,0.0,0.0,1.0
1.0,0.0,0.0,1.0
1.0,0.0,0.0,1.0
1.0,0.0,0.0,1.0
1.0,0.0,0.0,1.0
1.0,0.0,0.0,1.0
1.0,0.0,0.0,1.0
1.0,0.0,0.0,1.0
1.0,0.0,0.0,1.0
1.0,0.0,0.0,1.0
1.0,0.0,0.0,1.0
1.0,0.0,0.0,1.0
1.0,0.0,0.0,1.0
1.0,0.0,0.0,1.0
1.0,0.0,0.0,1.0
1.0,0.0,0.0,1.0
1.0,0.0,0.0,1.0
1.0,0.0,0.0,1.0
1.0,0.0,0.0,1.0
1.0,0.0,0.0,1.0
1.0,0.0,0.0,1.0
1.0,0.0,0.0,1.0
1.0,0.0,0.0,1.0
1.0,0.0,0.0,1.0
1.0,0.0,0.0,1.0
1.0,0.0,0.0,1.0
1.0,0.0,0.0,1.0
1.0,0.0,0.0,1.0
1.0,0.0,0.0,1.0
1.0,0.0,0.0,1.0
1.0,0.0,0.0,1.0
1.0,0.0,0.0,1.0
1.0,0.0,0.0,1.0
1.0,0.0,0.0,1.0
1.0,0.0,0.0,1.0
1.0,0.0,0.0,1.0
1.0,0.0,0.0,1.0
1.0,0.0,0.0,1.0
1.0,0.0,0.0,1.0
1.0,0.0,0.0,1.0
1.0,0.0,0.0,1.0
1.0,0.0,0.0,1.0
1.0,0.0,0.0,1.0
1.0,0.0,0.0,1.0
1.0,0.0,0.0,1.0
1.0,0.0,0.0,1.0
1.0,0.0,0.0,1.0
1.0,0.0,0.0,1.0
1.0,0.0,0.0,1.0
1.0,0.0,0.0,1.0
1.0,0.0,0.0,1.0
1.0,0.0,0.0,1.0
1.0,0.0,0.0,1.0
1.0,0.0,0.0,1.0
1.0,0.0,0.0,1.0
1.0,0.0,0.0,1.0
1.0,0.0,0.0,1.0
1.0,0.0,0.0,1.0
1.0,0.0,0.0,1.0
1.0,0.0,0.0,1.0
1.0,0.0,0.0,1.0
1.0,0.0,0.0,1.0
1.0,0.0,0.0,1.0
1.0,0.0,0.0,1.0
1.0,0.0,0.0,1.0
1.0,0.0,0.0,1.0
1.0,0.0,0.0,1.0
1.0,0.0,0.0,1.0
1.0,0.0,0.0,1.0
1.0,0.0,0.0,1.0
1.0,0.0,0.0,1.0
1.0,0.0,0.0,1.0
1.0,0.0,0.0,1.0
1.0,0.0,0.0,1.0
1.0,0.0,0.0,1.0
1.0,0.0,0.0,1.0
1.0,0.0,0.0,1.0
1.0,0.0,0.0,1.0
1.0,0.0,0.0,1.0
1.0,0.0,0.0,1.0
1.0,0.0,0.0,1.0
1.0,0.0,0.0,1.0
1.0,0.0,0.0,1.0
1.0,0.0,0.0,1.0
1.0,0.0,0.0,1.0
1.0,0.0,0.0,1.0
1.0,0.0,0.0,1.0
1.0,0.0,0.0,1.0
1.0,0.0,0.0,1.0
1.0,0.0,0.0,1.0
1.0,0.0,0.0,1.0
1.0,0.0,0.0,1.0
1.0,0.0,0.0,1.0
1.0,0.0,0.0,1.0
1.0,0.0,0.0,1.0
1.0,0.0,0.0,1.0
1.0,0.0,0.0,1.0
1.0,0.0,0.0,1.0
1.0,0.0,0.0,1.0
1.0,0.0,0.0,1.0
0.0,1.0,0.0,1.0
0.0,1.0,0.0,1.0
0.0,1.0,0.0,1.0
0.0,1.0,0.0,1.0
0.0,1.0,0.0,1.0
0.0,1.0,0.0,1.0
0.0,1.0,0.0,1.0
0.0,1.0,0.0,1.0
0.0,1.0,0.0,1.0
0.0,1.0,0.0,1.0
0.0,1.0,0.0,1.0
0.0,1.0,0.0,1.0
0.0,1.0,0.0,1.0
0.0,1.0,0.0,1.0
0.0,1.0,0.0,1.0
0.0,1.0,0.0,1.0
0.0,1.0,0.0,1.0
0.0,1.0,0.0,1.0
0.0,1.0,0.0,1.0
0.0,1.0,0.0,1.0
0.0,1.0,0.0,1.0
0.0,1.0,0.0,1.0
0.0,1.0,0.0,1.0
0.0,1.0,0.0,1.0
0.0,1.0,0.0,1.0
0.0,1.0,0.0,1.0
0.0,1.0,0.0,1.0
0.0,1.0,0.0,1.0
0.0,1.0,0.0,1.0
0.0,1.0,0.0,1.0
0.0,1.0,0.0,1.0
0.0,1.0,0.0,1.0
0.0,1.0,0.0,1.0
0.0,1.0,0.0,1.0
0.0,1.0,0.0,1.0
0.0,1.0,0.0,1.0
0.0,1.0,0.0,1.0
0.0,1.0,0.0,1.0
0.0,1.0,0.0,1.0
0.0,1.0,0.0,1.0
0.0,1.0,0.0,1.0
0.0,1.0,0.0,1.0
0.0,1.0,0.0,1.0
0.0,1.0,0.0,1.0
0.0,1.0,0.0,1.0
0.0,1.0,0.0,1.0
0.0,1.0,0.0,1.0
0.0,1.0,0.0,1.0
0.0,1.0,0.0,1.0
0.0,1.0,0.0,1.0
0.0,1.0,0.0,1.0
0.0,1.0,0.0,1.0
0.0,1.0,0.0,1.0
0.0,1.0,0.0,1.0
0.0,1.0,0.0,1.0
0.0,1.0,0.0,1.0
0.0,1.0,0.0,1.0
0.0,1.0,0.0,1.0
0.0,1.0,0.0,1.0
0.0,1.0,0.0,1.0
0.0,1.0,0.0,1.0
0.0,1.0,0.0,1.0
0.0,1.0,0.0,1.0
0.0,1.0,0.0,1.0
0.0,1.0,0.0,1.0
0.0,1.0,0.0,1.0
0.0,1.0,0.0,1.0
0.0,1.0,0.0,1.0
0.0,1.0,0.0,1.0
0.0,1.0,0.0,1.0
0.0,1.0,0.0,1.0
0.0,1.0,0.0,1.0
0.0,1.0,0.0,1.0
0.0,1.0,0.0,1.0
0.0,1.0,0.0,1.0
0.0,1.0,0.0,1.0
0.0,1.0,0.0,1.0
0.0,1.0,0.0,1.0
0.0,1.0,0.0,1.0
0.0,1.0,0.0,1.0
0.0,1.0,0.0,1.0
0.0,1.0,0.0,1.0
0.0,1.0,0.0,1.0
0.0,1.0,0.0,1.0
0.0,1.0,0.0,1.0
0.0,1.0,0.0,1.0
0.0,1.0,0.0,1.0
0.0,1.0,0.0,1.0
0.0,1.0,0.0,1.0
0.0,1.0,0.0,1.0
0.0,1.0,0.0,1.0
0.0,1.0,0.0,1.0
0.0,1.0,0.0,1.0
0.0,1.0,0.0,1.0
0.0,1.0,0.0,1.0
0.0,1.0,0.0,1.0
0.0,1.0,0.0,1.0
0.0,1.0,0.0,1.0
0.0,1.0,0.0,1.0
0.0,1.0,0.0,1.0
0.0,1.0,0.0,1.0
0.0,1.0,0.0,1.0
0.0,1.0,0.0,1.0
0.0,1.0,0.0,1.0
0.0,1.0,0.0,1.0
0.0,1.0,0.0,1.0
0.0,1.0,0.0,1.0
0.0,1.0,0.0,1.0
0.0,1.0,0.0,1.0
0.0,1.0,0.0,1.0
0.0,1.0,0.0,1.0
0.0,1.0,0.0,1.0
0.0,1.0,0.0,1.0
0.0,1.0,0.0,1.0
0.0,1.0,0.0,1.0
0.0,1.0,0.0,1.0
0.0,1.0,0.0,1.0
0.0,1.0,0.0,1.0
0.0,1.0,0.0,1.0
0.0,1.0,0.0,1.0
0.0,1.0,0.0,1.0
0.0,1.0,0.0,1.0
0.0,1.0,0.0,1.0
0.0,1.0,0.0,1.0
0.0,1.0,0.0,1.0
0.0,1.0,0.0,1.0
0.0,1.0,0.0,1.0
0.0,1.0,0.0,1.0
0.0,1.0,0.0,1.0
0.0,1.0,0.0,1.0
0.0,1.0,0.0,1.0
0.0,1.0,0.0,1.0
0.0,1.0,0.0,1.0
0.0,1.0,0.0,1.0
0.0,1.0,0.0,1.0
0.0,1.0,0.0,1.0
0.0,1.0,0.0,1.0
0.0,1.0,0.0,1.0
0.0,1.0,0.0,1.0
0.0,1.0,0.0,1.0
0.0,1.0,0.0,1.0
0.0,1.0,0.0,1.0
0.0,1.0,0.0,1.0
0.0,1.0,0.0,1.0
0.0,1.0,0.0,1.0
0.0,1.0,0.0,1.0
0.0,1.0,0.0,1.0
0.0,1.0,0.0,1.0
0.0,1.0,0.0,1.0
0.0,1.0,0.0,1.0
0.0,1.0,0.0,1.0
0.0,1.0,0.0,1.0
0.0,1.0,0.0,1.0
0.0,1.0,0.0,1.0
0.0,1.0,0.0,1.0
0.0,1.0,0.0,1.0
0.0,1.0,0.0,1.0
0.0,1.0,0.0,1.0
0.0,1.0,0.0,1.0
0.0,1.0,0.0,1.0
0.0,1.0,0.0,1.0
0.0,1.0,0.0,1.0
0.0,1.0,0.0,1.0
0.0,1.0,0.0,1.0
0.0,1.0,0.0,1.0
0.0,1.0,0.0,1.0
0.0,1.0,0.0,1.0
0.0,1.0,0.0,1.0
0.0,1.0,0.0,1.0
0.0,1.0,0.0,1.0
0.0,1.0,0.0,1.0
0.0,1.0,0.0,1.0
0.0,1.0,0.0,1.0
0.0,1.0,0.0,1.0
0.0,1.0,0.0,1.0
0.0,1.0,0.0,1.0
0.0,1.0,0.0,1.0
0.0,1.0,0.0,1.0
0.0,1.0,0.0,1.0
0.0,1.0,0.0,1.0
0.0,1.0,0.0,1.0
0.0,1.0,0.0,1.0
0.0,1.0,0.0,1.0
0.0,1.0,0.0,1.0
0.0,1.0,0.0,1.0
0.0,1.0,0.0,1.0
0.0,1.0,0.0,1.0
0.0,1.0,0.0,1.0
0.0,1.0,0.0,1.0
0.0,1.0,0.0,1.0
0.0,1.0,0.0,1.0
0.0,1.0,0.0,1.0
0.0,1.0,0.0,1.0
0.0,1.0,0.0,1.0
0.0,1.0,0.0,1.0
0.0,1.0,0.0,1.0
0.0,1.0,0.0,1.0
0.0,1.0,0.0,1.0
0.0,1.0,0.0,1.0
0.0,1.0,0.0,1.0
0.0,1.0,0.0,1.0
0.0,1.0,0.0,1.0
0.0,1.0,0.0,1.0
0.0,1.0,0.0,1.0
0.0,1.0,0.0,1.0
0.0,1.0,0.0,1.0
0.0,1.0,0.0,1.0
0.0,1.0,0.0,1.0
0.0,1.0,0.0,1.0
0.0,1.0,0.0,1.0
0.0,1.0,0.0,1.0
0.0,1.0,0.0,1.0
0.0,1.0,0.0,1.0
0.0,1.0,0.0,1.0
0.0,1.0,0.0,1.0
0.0,1.0,0.0,1.0
0.0,1.0,0.0,1.0
0.0,1.0,0.0,1.0
0.0,1.0,0.0,1.0
0.0,1.0,0.0,1.0
0.0,1.0,0.0,1.0
0.0,1.0,0.0,1.0
0.0,1.0,0.0,1.0
0.0,1.0,0.0,1.0
0.0,1.0,0.0,1.0
0.0,1.0,0.0,1.0
0.0,1.0,0.0,1.0
0.0,1.0,0.0,1.0
0.0,1.0,0.0,1.0
0.0,1.0,0.0,1.0
0.0,1.0,0.0,1.0
0.0,1.0,0.0,1.0
0.0,1.0,0.0,1.0
0.0,1.0,0.0,1.0
0.0,1.0,0.0,1.0
0.0,1.0,0.0,1.0
0.0,1.0,0.0,1.0
0.0,1.0,0.0,1.0
0.0,1.0,0.0,1.0
0.0,1.0,0.0,1.0
0.0,1.0,0.0,1.0
0.0,1.0,0.0,1.0
0.0,1.0,0.0,1.0
0.0,1.0,0.0,1.0
0.0,1.0,0.0,1.0
0.0,1.0,0.0,1.0
0.0,1.0,0.0,1.0
0.0,1.0,0.0,1.0
0.0,1.0,0.0,1.0
0.0,1.0,0.0,1.0
0.0,1.0,0.0,1.0
0.0,1.0,0.0,1.0
0.0,1.0,0.0,1.0
0.0,1.0,0.0,1.0
0.0,1.0,0.0,1.0
0.0,1.0,0.0,1.0
0.0,1.0,0.0,1.0
0.0,1.0,0.0,1.0
0.0,1.0,0.0,1.0
0.0,1.0,0.0,1.0
0.0,1.0,0.0,1.0
0.0,1.0,0.0,1.0
0.0,1.0,0.0,1.0
0.0,1.0,0.0,1.0
0.0,1.0,0.0,1.0
0.0,1.0,0.0,1.0
0.0,1.0,0.0,1.0
0.0,1.0,0.0,1.0
0.0,1.0,0.0,1.0
0.0,1.0,0.0,1.0
0.0,1.0,0.0,1.0
0.0,1.0,0.0,1.0
0.0,1.0,0.0,1.0
0.0,1.0,0.0,1.0
0.0,1.0,0.0,1.0
0.0,1.0,0.0,1.0
0.0,1.0,0.0,1.0
0.0,1.0,0.0,1.0
0.0,1.0,0.0,1.0
0.0,1.0,0.0,1.0
0.0,1.0,0.0,1.0
0.0,1.0,0.0,1.0
0.0,1.0,0.0,1.0
0.0,1.0,0.0,1.0
0.0,1.0,0.0,1.0
0.0,1.0,0.0,1.0
0.0,1.0,0.0,1.0
0.0,1.0,0.0,1.0
0.0,1.0,0.0,1.0
0.0,1.0,0.0,1.0
0.0,1.0,0.0,1.0
0.0,1.0,0.0,1.0
0.0,1.0,0.0,1.0
0.0,1.0,0.0,1.0
0.0,1.0,0.0,1.0
0.0,1.0,0.0,1.0
0.0,1.0,0.0,1.0
0.0,1.0,0.0,1.0
0.0,1.0,0.0,1.0
0.0,1.0,0.0,1.0
0.0,1.0,0.0,1.0
0.0,1.0,0.0,1.0
0.0,1.0,0.0,1.0
0.0,1.0,0.0,1.0
0.0,1.0,0.0,1.0
0.0,1.0,0.0,1.0
0.0,1.0,0.0,1.0
0.0,1.0,0.0,1.0
0.0,1.0,0.0,1.0
0.0,1.0,0.0,1.0
0.0,1.0,0.0,1.0
0.0,1.0,0.0,1.0
0.0,1.0,0.0,1.0
0.0,1.0,0.0,1.0
0.0,1.0,0.0,1.0
0.0,1.0,0.0,1.0
0.0,1.0,0.0,1.0
0.0,1.0,0.0,1.0
0.0,1.0,0.0,1.0
0.0,1.0,0.0,1.0
0.0,1.0,0.0,1.0
0.0,1.0,0.0,1.0
0.0,1.0,0.0,1.0
0.0,1.0,0.0,1.0
0.0,1.0,0.0,1.0
0.0,1.0,0.0,1.0
0.0,1.0,0.0,1.0
0.0,1.0,0.0,1.0
0.0,1.0,0.0,1.0
0.0,1.0,0.0,1.0
0.0,1.0,0.0,1.0
0.0,1.0,0.0,1.0
0.0,1.0,0.0,1.0
0.0,1.0,0.0,1.0
0.0,1.0,0.0,1.0
0.0,1.0,0.0,1.0
0.0,1.0,0.0,1.0
0.0,1.0,0.0,1.0
0.0,1.0,0.0,1.0
0.0,1.0,0.0,1.0
0.0,1.0,0.0,1.0
0.0,1.0,0.0,1.0
0.0,1.0,0.0,1.0
0.0,1.0,0.0,1.0
0.0,1.0,0.0,1.0
0.0,1.0,0.0,1.0
0.0,1.0,0.0,1.0
0.0,1.0,0.0,1.0
0.0,1.0,0.0,1.0
0.0,1.0,0.0,1.0
0.0,1.0,0.0,1.0
0.0,1.0,0.0,1.0
0.0,1.0,0.0,1.0
0.0,1.0,0.0,1.0
0.0,1.0,0.0,1.0
0.0,1.0,0.0,1.0
0.0,1.0,0.0,1.0
0.0,1.0,0.0,1.0
0.0,1.0,0.0,1.0
0.0,1.0,0.0,1.0
0.0,1.0,0.0,1.0
0.0,1.0,0.0,1.0
0.0,1.0,0.0,1.0
0.0,1.0,0.0,1.0
0.0,1.0,0.0,1.0
0.0,1.0,0.0,1.0
0.0,1.0,0.0,1.0
0.0,1.0,0.0,1.0
0.0,1.0,0.0,1.0
0.0,1.0,0.0,1.0
0.0,1.0,0.0,1.0
0.0,1.0,0.0,1.0
0.0,1.0,0.0,1.0
0.0,1.0,0.0,1.0
0.0,1.0,0.0,1.0
0.0,1.0,0.0,1.0
0.0,1.0,0.0,1.0
0.0,1.0,0.0,1.0
0.0,1.0,0.0,1.0
0.0,1.0,0.0,1.0
0.0,1.0,0.0,1.0
0.0,1.0,0.0,1.0
0.0,1.0,0.0,1.0
0.0,1.0,0.0,1.0
0.0,1.0,0.0,1.0
0.0,1.0,0.0,1.0
0.0,1.0,0.0,1.0
0.0,1.0,0.0,1.0
0.0,1.0,0.0,1.0
0.0,1.0,0.0,1.0
0.0,1.0,0.0,1.0
0.0,1.0,0.0,1.0
0.0,1.0,0.0,1.0
0.0,1.0,0.0,1.0
0.0,1.0,0.0,1.0
0.0,1.0,0.0,1.0
0.0,1.0,0.0,1.0
0.0,1.0,0.0,1.0
0.0,1.0,0.0,1.0
0.0,1.0,0.0,1.0
0.0,1.0,0.0,1.0
0.0,1.0,0.0,1.0
0.0,1.0,0.0,1.0
0.0,1.0,0.0,1.0
0.0,1.0,0.0,1.0
0.0,1.0,0.0,1.0
0.0,1.0,0.0,1.0
0.0,1.0,0.0,1.0
0.0,1.0,0.0,1.0
0.0,1.0,0.0,1.0
0.0,1.0,0.0,1.0
0.0,1.0,0.0,1.0
0.0,1.0,0.0,1.0
0.0,1.0,0.0,1.0
0.0,1.0,0.0,1.0
0.0,1.0,0.0,1.0
0.0,1.0,0.0,1.0
0.0,1.0,0.0,1.0
0.0,1.0,0.0,1.0
0.0,1.0,0.0,1.0
0.0,1.0,0.0,1.0
0.0,1.0,0.0,1.0
0.0,1.0,0.0,1.0
0.0,1.0,0.0,1.0
0.0,1.0,0.0,1.0
0.0,1.0,0.0,1.0
0.0,1.0,0.0,1.0
0.0,1.0,0.0,1.0
0.0,1.0,0.0,1.0
0.0,1.0,0.0,1.0
0.0,1.0,0.0,1.0
0.0,1.0,0.0,1.0
0.0,1.0,0.0,1.0
0.0,1.0,0.0,1.0
0.0,1.0,0.0,1.0
0.0,1.0,0.0,1.0
0.0,1.0,0.0,1.0
0.0,1.0,0.0,1.0
0.0,1.0,0.0,1.0
0.0,1.0,0.0,1.0
0.0,1.0,0.0,1.0
0.0,1.0,0.0,1.0
0.0,1.0,0.0,1.0
0.0,1.0,0.0,1.0
0.0,1.0,0.0,1.0
0.0,1.0,0.0,1.0
0.0,1.0,0.0,1.0
0.0,1.0,0.0,1.0
0.0,1.0,0.0,1.0
0.0,1.0,0.0,1.0
0.0,1.0,0.0,1.0
0.0,1.0,0.0,1.0
0.0,1.0,0.0,1.0
0.0,1.0,0.0,1.0
0.0,1.0,0.0,1.0
0.0,1.0,0.0,1.0
0.0,1.0,0.0,1.0
0.0,1.0,0.0,1.0
0.0,1.0,0.0,1.0
0.0,1.0,0.0,1.0
0.0,1.0,0.0,1.0
0.0,1.0,0.0,1.0
0.0,1.0,0.0,1.0
0.0,1.0,0.0,1.0
0.0,1.0,0.0,1.0
0.0,1.0,0.0,1.0
0.0,1.0,0.0,1.0
0.0,1.0,0.0,1.0
0.0,1.0,0.0,1.0
0.0,1.0,0.0,1.0
0.0,1.0,0.0,1.0
0.0,1.0,0.0,1.0
0.0,1.0,0.0,1.0
0.0,1.0,0.0,1.0
0.0,1.0,0.0,1.0
0.0,1.0,0.0,1.0
0.0,1.0,0.0,1.0
0.0,1.0,0.0,1.0
0.0,1.0,0.0,1.0
0.0,1.0,0.0,1.0
0.0,1.0,0.0,1.0
0.0,1.0,0.0,1.0
0.0,1.0,0.0,1.0
0.0,1.0,0.0,1.0
0.0,1.0,0.0,1.0
0.0,1.0,0.0,1.0
0.0,1.0,0.0,1.0
0.0,1.0,0.0,1.0
0.0,1.0,0.0,1.0
0.0,1.0,0.0,1.0
0.0,1.0,0.0,1.0
0.0,1.0,0.0,1.0
0.0,1.0,0.0,1.0
0.0,1.0,0.0,1.0
0.0,1.0,0.0,1.0
0.0,1.0,0.0,1.0
0.0,1.0,0.0,1.0
0.0,1.0,0.0,1.0
0.0,1.0,0.0,1.0
0.0,1.0,0.0,1.0
0.0,1.0,0.0,1.0
0.0,1.0,0.0,1.0
0.0,1.0,0.0,1.0
0.0,1.0,0.0,1.0
0.0,1.0,0.0,1.0
0.0,1.0,0.0,1.0
0.0,1.0,0.0,1.0
0.0,1.0,0.0,1.0
0.0,1.0,0.0,1.0
0.0,1.0,0.0,1.0
0.0,1.0,0.0,1.0
0.0,1.0,0.0,1.0
0.0,1.0,0.0,1.0
0.0,1.0,0.0,1.0
0.0,1.0,0.0,1.0
0.0,1.0,0.0,1.0
0.0,1.0,0.0,1.0
0.0,1.0,0.0,1.0
0.0,1.0,0.0,1.0
0.0,1.0,0.0,1.0
0.0,1.0,0.0,1.0
0.0,1.0,0.0,1.0
0.0,1.0,0.0,1.0
0.0,1.0,0.0,1.0
0.0,1.0,0.0,1.0
0.0,1.0,0.0,1.0
0.0,1.0,0.0,1.0
0.0,1.0,0.0,1.0
0.0,1.0,0.0,1.0
0.0,1.0,0.0,1.0
0.0,1.0,0.0,1.0
0.0,1.0,0.0,1.0
0.0,1.0,0.0,1.0
0.0,1.0,0.0,1.0
0.0,1.0,0.0,1.0
0.0,1.0,0.0,1.0
0.0,1.0,0.0,1.0
0.0,1.0,0.0,1.0
0.0,1.0,0.0,1.0
0.0,1.0,0.0,1.0
0.0,1.0,0.0,1.0
0.0,1.0,0.0,1.0
0.0,1.0,0.0,1.0
0.0,1.0,0.0,1.0
0.0,1.0,0.0,1.0
0.0,1.0,0.0,1.0
0.0,1.0,0.0,1.0
0.0,1.0,0.0,1.0
0.0,1.0,0.0,1.0
0.0,1.0,0.0,1.0
0.0,1.0,0.0,1.0
0.0,1.0,0.0,1.0
0.0,1.0,0.0,1.0
0.0,1.0,0.0,1.0
0.0,1.0,0.0,1.0
0.0,1.0,0.0,1.0
0.0,1.0,0.0,1.0
0.0,1.0,0.0,1.0
0.0,1.0,0.0,1.0
0.0,1.0,0.0,1.0
0.0,1.0,0.0,1.0
0.0,1.0,0.0,1.0
0.0,1.0,0.0,1.0
0.0,1.0,0.0,1.0
0.0,1.0,0.0,1.0
0.0,1.0,0.0,1.0
0.0,1.0,0.0,1.0
0.0,1.0,0.0,1.0
0.0,1.0,0.0,1.0
0.0,1.0,0.0,1.0
0.0,1.0,0.0,1.0
0.0,1.0,0.0,1.0
0.0,1.0,0.0,1.0
0.0,1.0,0.0,1.0
0.0,1.0,0.0,1.0
0.0,1.0,0.0,1.0
0.0,1.0,0.0,1.0
0.0,1.0,0.0,1.0
0.0,1.0,0.0,1.0
0.0,1.0,0.0,1.0
0.0,1.0,0.0,1.0
0.0,1.0,0.0,1.0
0.0,1.0,0.0,1.0
0.0,1.0,0.0,1.0
0.0,1.0,0.0,1.0
0.0,1.0,0.0,1.0
0.0,1.0,0.0,1.0
0.0,1.0,0.0,1.0
0.0,1.0,0.0,1.0
0.0,1.0,0.0,1.0
0.0,1.0,0.0,1.0
0.0,1.0,0.0,1.0
0.0,1.0,0.0,1.0
0.0,1.0,0.0,1.0
0.0,1.0,0.0,1.0
0.0,1.0,0.0,1.0
0.0,1.0,0.0,1.0
0.0,1.0,0.0,1.0
0.0,1.0,0.0,1.0
0.0,1.0,0.0,1.0
0.0,1.0,0.0,1.0
0.0,1.0,0.0,1.0
0.0,1.0,0.0,1.0
0.0,1.0,0.0,1.0
0.0,1.0,0.0,1.0
0.0,1.0,0.0,1.0
0.0,1.0,0.0,1.0
0.0,1.0,0.0,1.0
0.0,1.0,0.0,1.0
0.0,1.0,0.0,1.0
0.0,1.0,0.0,1.0
0.0,1.0,0.0,1.0
0.0,1.0,0.0,1.0
0.0,1.0,0.0,1.0
0.0,1.0,0.0,1.0
0.0,1.0,0.0,1.0
0.0,1.0,0.0,1.0
0.0,1.0,0.0,1.0
0.0,1.0,0.0,1.0
0.0,1.0,0.0,1.0
0.0,1.0,0.0,1.0
0.0,1.0,0.0,1.0
0.0,1.0,0.0,1.0
0.0,1.0,0.0,1.0
0.0,1.0,0.0,1.0
0.0,1.0,0.0,1.0
0.0,1.0,0.0,1.0
0.0,1.0,0.0,1.0
0.0,1.0,0.0,1.0
0.0,1.0,0.0,1.0
0.0,1.0,0.0,1.0
0.0,1.0,0.0,1.0
0.0,1.0,0.0,1.0
0.0,1.0,0.0,1.0
0.0,1.0,0.0,1.0
0.0,1.0,0.0,1.0
0.0,1.0,0.0,1.0
0.0,1.0,0.0,1.0
0.0,1.0,0.0,1.0
0.0,1.0,0.0,1.0
0.0,1.0,0.0,1.0
0.0,1.0,0.0,1.0
0.0,1.0,0.0,1.0
0.0,1.0,0.0,1.0
0.0,1.0,0.0,1.0
0.0,1.0,0.0,1.0
0.0,1.0,0.0,1.0
0.0,1.0,0.0,1.0
0.0,1.0,0.0,1.0
0.0,1.0,0.0,1.0
0.0,1.0,0.0,1.0
0.0,1.0,0.0,1.0
0.0,1.0,0.0,1.0
0.0,1.0,0.0,1.0
0.0,1.0,0.0,1.0
0.0,1.0,0.0,1.0
0.0,1.0,0.0,1.0
0.0,1.0,0.0,1.0
0.0,1.0,0.0,1.0
0.0,1.0,0.0,1.0
0.0,1.0,0.0,1.0
0.0,1.0,0.0,1.0
0.0,1.0,0.0,1.0
0.0,1.0,0.0,1.0
0.0,1.0,0.0,1.0
0.0,1.0,0.0,1.0
0.0,1.0,0.0,1.0
0.0,1.0,0.0,1.0
0.0,1.0,0.0,1.0
0.0,1.0,0.0,1.0
0.0,1.0,0.0,1.0
0.0,1.0,0.0,1.0
0.0,1.0,0.0,1.0
0.0,1.0,0.0,1.0
0.0,1.0,0.0,1.0
0.0,1.0,0.0,1.0
0.0,1.0,0.0,1.0
0.0,1.0,0.0,1.0
0.0,1.0,0.0,1.0
0.0,1.0,0.0,1.0
0.0,1.0,0.0,1.0
0.0,1.0,0.0,1.0
0.0,1.0,0.0,1.0
0.0,1.0,0.0,1.0
0.0,1.0,0.0,1.0
0.0,1.0,0.0,1.0
0.0,1.0,0.0,1.0
0.0,1.0,0.0,1.0
0.0,1.0,0.0,1.0
0.0,1.0,0.0,1.0
0.0,1.0,0.0,1.0
0.0,1.0,0.0,1.0
0.0,1.0,0.0,1.0
0.0,1.0,0.0,1.0
0.0,1.0,0.0,1.0
0.0,1.0,0.0,1.0
0.0,1.0,0.0,1.0
0.0,1.0,0.0,1.0
0.0,1.0,0.0,1.0
0.0,1.0,0.0,1.0
0.0,1.0,0.0,1.0
0.0,1.0,0.0,1.0
0.0,1.0,0.0,1.0
0.0,1.0,0.0,1.0
0.0,1.0,0.0,1.0
0.0,1.0,0.0,1.0
0.0,1.0,0.0,1.0
0.0,1.0,0.0,1.0
0.0,1.0,0.0,1.0
0.0,1.0,0.0,1.0
0.0,1.0,0.0,1.0
0.0,1.0,0.0,1.0
0.0,1.0,0.0,1.0
0.0,1.0,0.0,1.0
0.0,1.0,0.0,1.0
0.0,1.0,0.0,1.0
0.0,1.0,0.0,1.0
0.0,1.0,0.0,1.0
0.0,1.0,0.0,1.0
0.0,1.0,0.0,1.0
0.0,1.0,0.0,1.0
0.0,1.0,0.0,1.0
0.0,1.0,0.0,1.0
0.0,1.0,0.0,1.0
0.0,1.0,0.0,1.0
0.0,1.0,0.0,1.0
0.0,1.0,0.0,1.0
0.0,1.0,0.0,1.0
0.0,1.0,0.0,1.0
0.0,1.0,0.0,1.0
0.0,1.0,0.0,1.0
0.0,1.0,0.0,1.0
0.0,1.0,0.0,1.0
0.0,1.0,0.0,1.0
0.0,1.0,0.0,1.0
0.0,1.0,0.0,1.0
0.0,1.0,0.0,1.0
0.0,1.0,0.0,1.0
0.0,1.0,0.0,1.0
0.0,1.0,0.0,1.0
0.0,1.0,0.0,1.0
0.0,1.0,0.0,1.0
0.0,1.0,0.0,1.0
0.0,1.0,0.0,1.0
0.0,1.0,0.0,1.0
0.0,1.0,0.0,1.0
0.0,1.0,0.0,1.0
0.0,1.0,0.0,1.0
0.0,1.0,0.0,1.0
0.0,1.0,0.0,1.0
0.0,1.0,0.0,1.0
0.0,1.0,0.0,1.0
0.0,1.0,0.0,1.0
0.0,1.0,0.0,1.0
0.0,1.0,0.0,1.0
0.0,1.0,0.0,1.0
0.0,1.0,0.0,1.0
0.0,1.0,0.0,1.0
0.0,1.0,0.0,1.0
0.0,1.0,0.0,1.0
0.0,1.0,0.0,1.0
0.0,1.0,0.0,1.0
0.0,1.0,0.0,1.0
0.0,1.0,0.0,1.0
0.0,1.0,0.0,1.0
0.0,1.0,0.0,1.0
0.0,1.0,0.0,1.0
0.0,1.0,0.0,1.0
0.0,1.0,0.0,1.0
0.0,1.0,0.0,1.0
0.0,1.0,0.0,1.0
0.0,1.0,0.0,1.0
0.0,1.0,0.0,1.0
0.0,1.0,0.0,1.0
0.0,1.0,0.0,1.0
0.0,1.0,0.0,1.0
0.0,1.0,0.0,1.0
0.0,1.0,0.0,1.0
0.0,1.0,0.0,1.0
0.0,1.0,0.0,1.0
0.0,1.0,0.0,1.0
0.0,1.0,0.0,1.0
0.0,1.0,0.0,1.0
0.0,1.0,0.0,1.0
0.0,1.0,0.0,1.0
0.0,1.0,0.0,1.0
0.0,1.0,0.0,1.0
0.0,1.0,0.0,1.0
0.0,1.0,0.0,1.0
0.0,1.0,0.0,1.0
0.0,1.0,0.0,1.0
0.0,1.0,0.0,1.0
0.0,1.0,0.0,1.0
0.0,1.0,0.0,1.0
0.0,1.0,0.0,1.0
0.0,1.0,0.0,1.0
0.0,1.0,0.0,1.0
0.0,1.0,0.0,1.0
0.0,1.0,0.0,1.0
0.0,1.0,0.0,1.0
0.0,1.0,0.0,1.0
0.0,1.0,0.0,1.0
0.0,1.0,0.0,1.0
0.0,1.0,0.0,1.0
0.0,1.0,0.0,1.0
0.0,1.0,0.0,1.0
0.0,1.0,0.0,1.0
0.0,1.0,0.0,1.0
0.0,1.0,0.0,1.0
0.0,1.0,0.0,1.0
0.0,1.0,0.0,1.0
0.0,1.0,0.0,1.0
0.0,1.0,0.0,1.0
0.0,1.0,0.0,1.0
0.0,1.0,0.0,1.0
0.0,1.0,0.0,1.0
0.0,1.0,0.0,1.0
0.0,1.0,0.0,1.0
0.0,1.0,0.0,1.0
0.0,1.0,0.0,1.0
0.0,1.0,0.0,1.0
0.0,1.0,0.0,1.0
0.0,1.0,0.0,1.0
0.0,1.0,0.0,1.0
0.0,1.0,0.0,1.0
0.0,1.0,0.0,1.0
0.0,1.0,0.0,1.0
0.0,1.0,0.0,1.0
0.0,1.0,0.0,1.0
0.0,1.0,0.0,1.0
0.0,1.0,0.0,1.0
0.0,1.0,0.0,1.0
0.0,1.0,0.0,1.0
0.0,1.0,0.0,1.0
0.0,1.0,0.0,1.0
0.0,1.0,0.0,1.0
0.0,1.0,0.0,1.0
0.0,1.0,0.0,1.0
0.0,1.0,0.0,1.0
0.0,1.0,0.0,1.0
0.0,1.0,0.0,1.0
0.0,1.0,0.0,1.0
0.0,1.0,0.0,1.0
0.0,1.0,0.0,1.0
0.0,1.0,0.0,1.0
0.0,1.0,0.0,1.0
0.0,1.0,0.0,1.0
0.0,1.0,0.0,1.0
0.0,1.0,0.0,1.0
0.0,1.0,0.0,1.0
0.0,1.0,0.0,1.0
0.0,1.0,0.0,1.0
0.0,1.0,0.0,1.0
0.0,1.0,0.0,1.0
0.0,1.0,0.0,1.0
0.0,1.0,0.0,1.0
0.0,1.0,0.0,1.0
0.0,1.0,0.0,1.0
0.0,1.0,0.0,1.0
0.0,1.0,0.0,1.0
0.0,1.0,0.0,1.0
0.0,1.0,0.0,1.0
0.0,1.0,0.0,1.0
0.0,1.0,0.0,1.0
0.0,1.0,0.0,1.0
0.0,1.0,0.0,1.0
0.0,1.0,0.0,1.0
0.0,1.0,0.0,1.0
0.0,1.0,0.0,1.0
0.0,1.0,0.0,1.0
0.0,1.0,0.0,1.0
0.0,1.0,0.0,1.0
0.0,1.0,0.0,1.0
0.0,1.0,0.0,1.0
0.0,1.0,0.0,1.0
0.0,1.0,0.0,1.0
0.0,1.0,0.0,1.0
0.0,1.0,0.0,1.0
0.0,1.0,0.0,1.0
0.0,1.0,0.0,1.0
0.0,1.0,0.0,1.0
0.0,1.0,0.0,1.0
0.0,1.0,0.0,1.0
0.0,1.0,0.0,1.0
0.0,1.0,0.0,1.0
0.0,1.0,0.0,1.0
0.0,1.0,0.0,1.0
0.0,1.0,0.0,1.0
0.0,1.0,0.0,1.0
0.0,1.0,0.0,1.0
0.0,1.0,0.0,1.0
0.0,1.0,0.0,1.0
0.0,1.0,0.0,1.0
0.0,1.0,0.0,1.0
0.0,1.0,0.0,1.0
0.0,1.0,0.0,1.0
0.0,1.0,0.0,1.0
0.0,1.0,0.0,1.0
0.0,1.0,0.0,1.0
0.0,1.0,0.0,1.0
0.0,1.0,0.0,1.0
0.0,1.0,0.0,1.0
0.0,1.0,0.0,1.0
0.0,1.0,0.0,1.0
0.0,1.0,0.0,1.0
0.0,1.0,0.0,1.0
0.0,1.0,0.0,1.0
0.0,1.0,0.0,1.0
0.0,1.0,0.0,1.0
0.0,1.0,0.0,1.0
0.0,1.0,0.0,1.0
0.0,1.0,0.0,1.0
0.0,1.0,0.0,1.0
0.0,1.0,0.0,1.0
0.0,1.0,0.0,1.0
0.0,1.0,0.0,1.0
0.0,1.0,0.0,1.0
0.0,1.0,0.0,1.0
0.0,1.0,0.0,1.0
0.0,1.0,0.0,1.0
0.0,1.0,0.0,1.0
0.0,1.0,0.0,1.0
0.0,1.0,0.0,1.0
0.0,1.0,0.0,1.0
0.0,1.0,0.0,1.0
0.0,1.0,0.0,1.0
0.0,1.0,0.0,1.0
0.0,1.0,0.0,1.0
0.0,1.0,0.0,1.0
0.0,1.0,0.0,1.0
0.0,1.0,0.0,1.0
0.0,1.0,0.0,1.0
0.0,1.0,0.0,1.0
0.0,1.0,0.0,1.0
0.0,1.0,0.0,1.0
0.0,1.0,0.0,1.0
0.0,1.0,0.0,1.0
0.0,1.0,0.0,1.0
0.0,1.0,0.0,1.0
0.0,1.0,0.0,1.0
0.0,1.0,0.0,1.0
0.0,1.0,0.0,1.0
0.0,1.0,0.0,1.0
0.0,1.0,0.0,1.0
0.0,1.0,0.0,1.0
0.0,1.0,0.0,1.0
0.0,1.0,0.0,1.0
0.0,1.0,0.0,1.0
0.0,1.0,0.0,1.0
0.0,1.0,0.0,1.0
0.0,1.0,0.0,1.0
0.0,1.0,0.0,1.0
0.0,1.0,0.0,1.0
0.0,1.0,0.0,1.0
0.0,1.0,0.0,1.0
0.0,1.0,0.0,1.0
0.0,1.0,0.0,1.0
0.0,1.0,0.0,1.0
0.0,1.0,0.0,1.0
0.0,1.0,0.0,1.0
0.0,1.0,0.0,1.0
0.0,1.0,0.0,1.0
0.0,1.0,0.0,1.0
0.0,1.0,0.0,1.0
0.0,1.0,0.0,1.0
0.0,1.0,0.0,1.0
0.0,1.0,0.0,1.0
0.0,1.0,0.0,1.0
0.0,1.0,0.0,1.0
0.0,1.0,0.0,1.0
0.0,1.0,0.0,1.0
0.0,1.0,0.0,1.0
0.0,1.0,0.0,1.0
0.0,1.0,0.0,1.0
0.0,1.0,0.0,1.0
0.0,1.0,0.0,1.0
0.0,1.0,0.0,1.0
0.0,1.0,0.0,1.0
0.0,1.0,0.0,1.0
0.0,1.0,0.0,1.0
0.0,1.0,0.0,1.0
0.0,1.0,0.0,1.0
0.0,1.0,0.0,1.0
0.0,1.0,0.0,1.0
0.0,1.0,0.0,1.0
0.0,1.0,0.0,1.0
0.0,1.0,0.0,1.0
0.0,1.0,0.0,1.0
0.0,1.0,0.0,1.0
0.0,1.0,0.0,1.0
0.0,1.0,0.0,1.0
0.0,1.0,0.0,1.0
0.0,1.0,0.0,1.0
0.0,1.0,0.0,1.0
0.0,1.0,0.0,1.0
0.0,1.0,0.0,1.0
0.0,1.0,0.0,1.0
0.0,1.0,0.0,1.0
0.0,1.0,0.0,1.0
0.0,1.0,0.0,1.0
0.0,1.0,0.0,1.0
0.0,1.0,0.0,1.0
0.0,1.0,0.0,1.0
0.0,1.0,0.0,1.0
0.0,1.0,0.0,1.0
0.0,1.0,0.0,1.0
0.0,1.0,0.0,1.0
0.0,1.0,0.0,1.0
0.0,1.0,0.0,1.0
0.0,1.0,0.0,1.0
0.0,1.0,0.0,1.0
0.0,1.0,0.0,1.0
0.0,1.0,0.0,1.0
0.0,1.0,0.0,1.0
0.0,1.0,0.0,1.0
0.0,1.0,0.0,1.0
0.0,1.0,0.0,1.0
0.0,1.0,0.0,1.0
0.0,1.0,0.0,1.0
0.0,1.0,0.0,1.0
0.0,1.0,0.0,1.0
0.0,1.0,0.0,1.0
0.0,1.0,0.0,1.0
0.0,1.0,0.0,1.0
0.0,1.0,0.0,1.0
0.0,1.0,0.0,1.0
0.0,1.0,0.0,1.0
0.0,1.0,0.0,1.0
0.0,1.0,0.0,1.0
0.0,1.0,0.0,1.0
0.0,1.0,0.0,1.0
0.0,1.0,0.0,1.0
0.0,1.0,0.0,1.0
0.0,1.0,0.0,1.0
0.0,1.0,0.0,1.0
0.0,1.0,0.0,1.0
0.0,1.0,0.0,1.0
0.0,1.0,0.0,1.0
0.0,1.0,0.0,1.0
0.0,1.0,0.0,1.0
0.0,1.0,0.0,1.0
0.0,1.0,0.0,1.0
0.0,1.0,0.0,1.0
0.0,1.0,0.0,1.0
0.0,1.0,0.0,1.0
0.0,1.0,0.0,1.0
0.0,1.0,0.0,1.0
0.0,1.0,0.0,1.0
0.0,1.0,0.0,1.0
0.0,1.0,0.0,1.0
0.0,1.0,0.0,1.0
0.0,1.0,0.0,1.0
0.0,1.0,0.0,1.0
0.0,1.0,0.0,1.0
0.0,1.0,0.0,1.0
0.0,1.0,0.0,1.0
0.0,1.0,0.0,1.0
0.0,1.0,0.0,1.0
0.0,1.0,0.0,1.0
0.0,1.0,0.0,1.0
0.0,1.0,0.0,1.0
0.0,1.0,0.0,1.0
0.0,1.0,0.0,1.0
0.0,1.0,0.0,1.0
0.0,1.0,0.0,1.0
0.0,1.0,0.0,1.0
0.0,1.0,0.0,1.0
0.0,1.0,0.0,1.0
0.0,1.0,0.0,1.0
0.0,1.0,0.0,1.0
0.0,1.0,0.0,1.0
0.0,1.0,0.0,1.0
0.0,1.0,0.0,1.0
0.0,1.0,0.0,1.0
0.0,1.0,0.0,1.0
0.0,1.0,0.0,1.0
0.0,1.0,0.0,1.0
0.0,1.0,0.0,1.0
0.0,1.0,0.0,1.0
0.0,1.0,0.0,1.0
0.0,1.0,0.0,1.0
0.0,1.0,0.0,1.0
0.0,1.0,0.0,1.0
0.0,1.0,0.0,1.0
0.0,1.0,0.0,1.0
0.0,1.0,0.0,1.0
0.0,1.0,0.0,1.0
0.0,1.0,0.0,1.0
0.0,1.0,0.0,1.0
0.0,1.0,0.0,1.0
0.0,1.0,0.0,1.0
0.0,1.0,0.0,1.0
0.0,1.0,0.0,1.0
0.0,1.0,0.0,1.0
0.0,1.0,0.0,1.0
0.0,1.0,0.0,1.0
0.0,1.0,0.0,1.0
0.0,1.0,0.0,1.0
0.0,1.0,0.0,1.0
0.0,1.0,0.0,1.0
0.0,1.0,0.0,1.0
0.0,1.0,0.0,1.0
0.0,1.0,0.0,1.0
0.0,1.0,0.0,1.0
0.0,1.0,0.0,1.0
0.0,1.0,0.0,1.0
0.0,1.0,0.0,1.0
0.0,1.0,0.0,1.0
0.0,1.0,0.0,1.0
0.0,1.0,0.0,1.0
0.0,1.0,0.0,1.0
0.0,1.0,0.0,1.0
0.0,1.0,0.0,1.0
0.0,1.0,0.0,1.0
0.0,1.0,0.0,1.0
0.0,1.0,0.0,1.0
0.0,1.0,0.0,1.0
0.0,1.0,0.0,1.0
0.0,1.0,0.0,1.0
0.0,1.0,0.0,1.0
0.0,1.0,0.0,1.0
0.0,1.0,0.0,1.0
0.0,1.0,0.0,1.0
0.0,1.0,0.0,1.0
0.0,1.0,0.0,1.0
0.0,1.0,0.0,1.0
0.0,1.0,0.0,1.0
0.0,1.0,0.0,1.0
0.0,1.0,0.0,1.0
0.0,1.0,0.0,1.0
0.0,1.0,0.0,1.0
0.0,1.0,0.0,1.0
0.0,1.0,0.0,1.0
0.0,1.0,0.0,1.0
0.0,1.0,0.0,1.0
0.0,1.0,0.0,1.0
0.0,1.0,0.0,1.0
0.0,1.0,0.0,1.0
0.0,1.0,0.0,1.0
0.0,1.0,0.0,1.0
0.0,1.0,0.0,1.0
0.0,1.0,0.0,1.0
0.0,1.0,0.0,1.0
0.0,1.0,0.0,1.0
0.0,1.0,0.0,1.0
0.0,1.0,0.0,1.0
0.0,1.0,0.0,1.0
0.0,1.0,0.0,1.0
0.0,1.0,0.0,1.0
0.0,1.0,0.0,1.0
0.0,1.0,0.0,1.0
0.0,1.0,0.0,1.0
0.0,1.0,0.0,1.0
0.0,1.0,0.0,1.0
0.0,1.0,0.0,1.0
0.0,1.0,0.0,1.0
0.0,1.0,0.0,1.0
0.0,1.0,0.0,1.0
0.0,1.0,0.0,1.0
0.0,1.0,0.0,1.0
0.0,1.0,0.0,1.0
0.0,1.0,0.0,1.0
0.0,1.0,0.0,1.0
0.0,1.0,0.0,1.0
0.0,1.0,0.0,1.0
0.0,1.0,0.0,1.0
0.0,1.0,0.0,1.0
0.0,1.0,0.0,1.0
0.0,1.0,0.0,1.0
0.0,1.0,0.0,1.0
0.0,1.0,0.0,1.0
0.0,1.0,0.0,1.0
0.0,1.0,0.0,1.0
0.0,1.0,0.0,1.0
0.0,1.0,0.0,1.0
0.0,1.0,0.0,1.0
0.0,1.0,0.0,1.0
0.0,1.0,0.0,1.0
0.0,1.0,0.0,1.0
0.0,1.0,0.0,1.0
0.0,1.0,0.0,1.0
0.0,1.0,0.0,1.0
0.0,1.0,0.0,1.0
0.0,1.0,0.0,1.0
0.0,1.0,0.0,1.0
0.0,1.0,0.0,1.0
0.0,1.0,0.0,1.0
0.0,1.0,0.0,1.0
0.0,1.0,0.0,1.0
0.0,1.0,0.0,1.0
0.0,1.0,0.0,1.0
0.0,1.0,0.0,1.0
0.0,1.0,0.0,1.0
0.0,1.0,0.0,1.0
0.0,1.0,0.0,1.0
0.0,1.0,0.0,1.0
0.0,1.0,0.0,1.0
0.0,1.0,0.0,1.0
0.0,1.0,0.0,1.0
0.0,1.0,0.0,1.0
0.0,1.0,0.0,1.0
0.0,1.0,0.0,1.0
0.0,1.0,0.0,1.0
0.0,1.0,0.0,1.0
0.0,1.0,0.0,1.0
0.0,1.0,0.0,1.0
0.0,1.0,0.0,1.0
0.0,1.0,0.0,1.0
0.0,1.0,0.0,1.0
0.0,1.0,0.0,1.0
0.0,1.0,0.0,1.0
0.0,1.0,0.0,1.0
0.0,1.0,0.0,1.0
0.0,1.0,0.0,1.0
0.0,1.0,0.0,1.0
0.0,1.0,0.0,1.0
0.0,1.0,0.0,1.0
0.0,1.0,0.0,1.0
0.0,1.0,0.0,1.0
0.0,1.0,0.0,1.0
0.0,1.0,0.0,1.0
0.0,1.0,0.0,1.0
0.0,1.0,0.0,1.0
0.0,1.0,0.0,1.0
0.0,1.0,0.0,1.0
0.0,1.0,0.0,1.0
0.0,1.0,0.0,1.0
0.0,1.0,0.0,1.0
0.0,1.0,0.0,1.0
0.0,1.0,0.0,1.0
0.0,1.0,0.0,1.0
0.0,1.0,0.0,1.0
0.0,1.0,0.0,1.0
0.0,1.0,0.0,1.0
0.0,1.0,0.0,1.0
0.0,1.0,0.0,1.0
0.0,1.0,0.0,1.0
0.0,1.0,0.0,1.0
0.0,1.0,0.0,1.0
0.0,1.0,0.0,1.0
0.0,1.0,0.0,1.0
0.0,1.0,0.0,1.0
0.0,1.0,0.0,1.0
0.0,1.0,0.0,1.0
0.0,1.0,0.0,1.0
0.0,1.0,0.0,1.0
0.0,1.0,0.0,1.0
0.0,1.0,0.0,1.0
0.0,1.0,0.0,1.0
0.0,1.0,0.0,1.0
0.0,1.0,0.0,1.0
0.0,1.0,0.0,1.0
0.0,1.0,0.0,1.0
0.0,1.0,0.0,1.0
0.0,1.0,0.0,1.0
0.0,1.0,0.0,1.0
0.0,1.0,0.0,1.0
0.0,1.0,0.0,1.0
0.0,1.0,0.0,1.0
0.0,1.0,0.0,1.0
0.0,1.0,0.0,1.0
0.0,1.0,0.0,1.0
0.0,1.0,0.0,1.0
0.0,1.0,0.0,1.0
0.0,1.0,0.0,1.0
0.0,1.0,0.0,1.0
0.0,1.0,0.0,1.0
0.0,1.0,0.0,1.0
0.0,1.0,0.0,1.0
0.0,1.0,0.0,1.0
0.0,1.0,0.0,1.0
0.0,1.0,0.0,1.0
0.0,1.0,0.0,1.0
0.0,1.0,0.0,1.0
0.0,1.0,0.0,1.0
0.0,1.0,0.0,1.0
0.0,1.0,0.0,1.0
0.0,1.0,0.0,1.0
0.0,1.0,0.0,1.0
0.0,1.0,0.0,1.0
0.0,1.0,0.0,1.0
0.0,1.0,0.0,1.0
0.0,1.0,0.0,1.0
0.0,1.0,0.0,1.0
0.0,1.0,0.0,1.0
0.0,1.0,0.0,1.0
0.0,1.0,0.0,1.0
0.0,1.0,0.0,1.0
0.0,1.0,0.0,1.0
0.0,1.0,0.0,1.0
0.0,1.0,0.0,1.0
0.0,1.0,0.0,1.0
0.0,1.0,0.0,1.0
0.0,1.0,0.0,1.0
0.0,1.0,0.0,1.0
0.0,1.0,0.0,1.0
0.0,1.0,0.0,1.0
0.0,1.0,0.0,1.0
0.0,1.0,0.0,1.0
0.0,1.0,0.0,1.0
0.0,1.0,0.0,1.0
0.0,1.0,0.0,1.0
0.0,1.0,0.0,1.0
0.0,1.0,0.0,1.0
0.0,1.0,0.0,1.0
0.0,1.0,0.0,1.0
0.0,1.0,0.0,1.0
0.0,1.0,0.0,1.0
0.0,1.0,0.0,1.0
0.0,1.0,0.0,1.0
0.0,1.0,0.0,1.0
0.0,1.0,0.0,1.0
0.0,1.0,0.0,1.0
0.0,1.0,0.0,1.0
0.0,1.0,0.0,1.0
0.0,1.0,0.0,1.0
0.0,1.0,0.0,1.0
0.0,1.0,0.0,1.0
0.0,1.0,0.0,1.0
0.0,1.0,0.0,1.0
0.0,1.0,0.0,1.0
0.0,1.0,0.0,1.0
0.0,1.0,0.0,1.0
0.0,1.0,0.0,1.0
0.0,1.0,0.0,1.0
0.0,1.0,0.0,1.0
0.0,1.0,0.0,1.0
0.0,1.0,0.0,1.0
0.0,1.0,0.0,1.0
0.0,1.0,0.0,1.0
0.0,1.0,0.0,1.0
0.0,1.0,0.0,1.0
0.0,1.0,0.0,1.0
0.0,1.0,0.0,1.0
0.0,1.0,0.0,1.0
0.0,1.0,0.0,1.0
0.0,1.0,0.0,1.0
0.0,1.0,0.0,1.0
0.0,1.0,0.0,1.0
0.0,1.0,0.0,1.0
0.0,1.0,0.0,1.0
0.0,1.0,0.0,1.0
0.0,1.0,0.0,1.0
0.0,1.0,0.0,1.0
0.0,1.0,0.0,1.0
0.0,1.0,0.0,1.0
0.0,1.0,0.0,1.0
0.0,1.0,0.0,1.0
0.0,1.0,0.0,1.0
0.0,1.0,0.0,1.0
0.0,1.0,0.0,1.0
0.0,1.0,0.0,1.0
0.0,1.0,0.0,1.0
0.0,1.0,0.0,1.0
0.0,1.0,0.0,1.0
0.0,1.0,0.0,1.0
0.0,1.0,0.0,1.0
0.0,1.0,0.0,1.0
0.0,1.0,0.0,1.0
0.0,1.0,0.0,1.0
0.0,1.0,0.0,1.0
0.0,1.0,0.0,1.0
0.0,1.0,0.0,1.0
0.0,1.0,0.0,1.0
0.0,1.0,0.0,1.0
0.0,1.0,0.0,1.0
0.0,1.0,0.0,1.0
0.0,1.0,0.0,1.0
0.0,1.0,0.0,1.0
0.0,1.0,0.0,1.0
0.0,1.0,0.0,1.0
0.0,1.0,0.0,1.0
0.0,1.0,0.0,1.0
0.0,1.0,0.0,1.0
0.0,1.0,0.0,1.0
0.0,1.0,0.0,1.0
0.0,1.0,0.0,1.0
0.0,1.0,0.0,1.0
0.0,1.0,0.0,1.0
0.0,1.0,0.0,1.0
0.0,1.0,0.0,1.0
0.0,1.0,0.0,1.0
0.0,1.0,0.0,1.0
0.0,1.0,0.0,1.0
0.0,1.0,0.0,1.0
0.0,1.0,0.0,1.0
0.0,1.0,0.0,1.0
0.0,1.0,0.0,1.0
0.0,1.0,0.0,1.0
0.0,1.0,0.0,1.0
0.0,1.0,0.0,1.0
0.0,1.0,0.0,1.0
0.0,1.0,0.0,1.0
0.0,1.0,0.0,1.0
0.0,1.0,0.0,1.0
0.0,1.0,0.0,1.0
0.0,1.0,0.0,1.0
0.0,1.0,0.0,1.0
0.0,1.0,0.0,1.0
0.0,1.0,0.0,1.0
0.0,1.0,0.0,1.0
0.0,1.0,0.0,1.0
0.0,1.0,0.0,1.0
0.0,1.0,0.0,1.0
0.0,1.0,0.0,1.0
0.0,1.0,0.0,1.0
0.0,1.0,0.0,1.0
0.0,1.0,0.0,1.0
0.0,1.0,0.0,1.0
0.0,1.0,0.0,1.0
0.0,1.0,0.0,1.0
0.0,1.0,0.0,1.0
0.0,1.0,0.0,1.0
0.0,1.0,0.0,1.0
0.0,1.0,0.0,1.0
0.0,1.0,0.0,1.0
0.0,1.0,0.0,1.0
0.0,1.0,0.0,1.0
0.0,1.0,0.0,1.0
0.0,1.0,0.0,1.0
0.0,1.0,0.0,1.0
0.0,1.0,0.0,1.0
0.0,1.0,0.0,1.0
0.0,1.0,0.0,1.0
0.0,1.0,0.0,1.0
0.0,1.0,0.0,1.0
0.0,1.0,0.0,1.0
0.0,1.0,0.0,1.0
0.0,1.0,0.0,1.0
0.0,1.0,0.0,1.0
0.0,1.0,0.0,1.0
0.0,1.0,0.0,1.0
0.0,1.0,0.0,1.0
0.0,1.0,0.0,1.0
0.0,1.0,0.0,1.0
0.0,1.0,0.0,1.0
0.0,1.0,0.0,1.0
0.0,1.0,0.0,1.0
0.0,1.0,0.0,1.0
0.0,1.0,0.0,1.0
0.0,1.0,0.0,1.0
0.0,1.0,0.0,1.0
0.0,1.0,0.0,1.0
0.0,1.0,0.0,1.0
0.0,1.0,0.0,1.0
0.0,1.0,0.0,1.0
0.0,1.0,0.0,1.0
0.0,1.0,0.0,1.0
0.0,1.0,0.0,1.0
0.0,1.0,0.0,1.0
0.0,1.0,0.0,1.0
0.0,1.0,0.0,1.0
0.0,1.0,0.0,1.0
0.0,1.0,0.0,1.0
0.0,1.0,0.0,1.0
0.0,1.0,0.0,1.0
0.0,1.0,0.0,1.0
0.0,1.0,0.0,1.0
0.0,1.0,0.0,1.0
0.0,1.0,0.0,1.0
0.0,1.0,0.0,1.0
0.0,1.0,0.0,1.0
0.0,1.0,0.0,1.0
0.0,1.0,0.0,1.0
0.0,1.0,0.0,1.0
0.0,1.0,0.0,1.0
0.0,1.0,0.0,1.0
0.0,1.0,0.0,1.0
0.0,1.0,0.0,1.0
0.0,1.0,0.0,1.0
0.0,1.0,0.0,1.0
0.0,1.0,0.0,1.0
0.0,1.0,0.0,1.0
0.0,1.0,0.0,1.0
0.0,1.0,0.0,1.0
0.0,1.0,0.0,1.0
0.0,1.0,0.0,1.0
0.0,1.0,0.0,1.0
0.0,1.0,0.0,1.0
0.0,1.0,0.0,1.0
0.0,1.0,0.0,1.0
0.0,1.0,0.0,1.0
0.0,1.0,0.0,1.0
0.0,1.0,0.0,1.0
0.0,1.0,0.0,1.0
0.0,1.0,0.0,1.0
0.0,1.0,0.0,1.0
0.0,1.0,0.0,1.0
0.0,1.0,0.0,1.0
0.0,1.0,0.0,1.0
0.0,1.0,0.0,1.0
0.0,1.0,0.0,1.0
0.0,1.0,0.0,1.0
0.0,1.0,0.0,1.0
0.0,1.0,0.0,1.0
0.0,1.0,0.0,1.0
0.0,1.0,0.0,1.0
0.0,1.0,0.0,1.0
0.0,1.0,0.0,1.0
0.0,1.0,0.0,1.0
0.0,1.0,0.0,1.0
0.0,1.0,0.0,1.0
0.0,1.0,0.0,1.0
0.0,1.0,0.0,1.0
0.0,1.0,0.0,1.0
0.0,1.0,0.0,1.0
0.0,1.0,0.0,1.0
0.0,1.0,0.0,1.0
0.0,1.0,0.0,1.0
0.0,1.0,0.0,1.0
0.0,1.0,0.0,1.0
0.0,1.0,0.0,1.0
0.0,1.0,0.0,1.0
0.0,1.0,0.0,1.0
0.0,1.0,0.0,1.0
0.0,1.0,0.0,1.0
0.0,1.0,0.0,1.0
0.0,1.0,0.0,1.0
0.0,1.0,0.0,1.0
0.0,1.0,0.0,1.0
0.0,1.0,0.0,1.0
0.0,1.0,0.0,1.0
0.0,1.0,0.0,1.0
0.0,1.0,0.0,1.0
0.0,1.0,0.0,1.0
0.0,1.0,0.0,1.0
0.0,1.0,0.0,1.0
0.0,1.0,0.0,1.0
0.0,1.0,0.0,1.0
0.0,1.0,0.0,1.0
0.0,1.0,0.0,1.0
0.0,1.0,0.0,1.0
0.0,1.0,0.0,1.0
0.0,1.0,0.0,1.0
0.0,1.0,0.0,1.0
0.0,1.0,0.0,1.0
0.0,1.0,0.0,1.0
0.0,1.0,0.0,1.0
0.0,1.0,0.0,1.0
0.0,1.0,0.0,1.0
0.0,1.0,0.0,1.0
0.0,1.0,0.0,1.0
0.0,1.0,0.0,1.0
0.0,1.0,0.0,1.0
0.0,1.0,0.0,1.0
0.0,1.0,0.0,1.0
0.0,1.0,0.0,1.0
0.0,1.0,0.0,1.0
0.0,1.0,0.0,1.0
0.0,1.0,0.0,1.0
0.0,1.0,0.0,1.0
0.0,1.0,0.0,1.0
0.0,1.0,0.0,1.0
0.0,1.0,0.0,1.0
0.0,1.0,0.0,1.0
0.0,1.0,0.0,1.0
0.0,1.0,0.0,1.0
0.0,1.0,0.0,1.0
0.0,1.0,0.0,1.0
0.0,1.0,0.0,1.0
0.0,1.0,0.0,1.0
0.0,1.0,0.0,1.0
0.0,1.0,0.0,1.0
0.0,1.0,0.0,1.0
0.0,1.0,0.0,1.0
0.0,1.0,0.0,1.0
0.0,1.0,0.0,1.0
0.0,1.0,0.0,1.0
0.0,1.0,0.0,1.0
0.0,1.0,0.0,1.0
0.0,1.0,0.0,1.0
0.0,1.0,0.0,1.0
0.0,1.0,0.0,1.0
0.0,1.0,0.0,1.0
0.0,1.0,0.0,1.0
0.0,1.0,0.0,1.0
0.0,1.0,0.0,1.0
0.0,1.0,0.0,1.0
0.0,1.0,0.0,1.0
0.0,1.0,0.0,1.0
0.0,1.0,0.0,1.0
0.0,1.0,0.0,1.0
0.0,1.0,0.0,1.0
0.0,1.0,0.0,1.0
0.0,1.0,0.0,1.0
0.0,1.0,0.0,1.0
0.0,1.0,0.0,1.0
0.0,1.0,0.0,1.0
0.0,1.0,0.0,1.0
0.0,1.0,0.0,1.0
0.0,1.0,0.0,1.0
0.0,1.0,0.0,1.0
0.0,1.0,0.0,1.0
0.0,1.0,0.0,1.0
0.0,1.0,0.0,1.0
0.0,1.0,0.0,1.0
0.0,1.0,0.0,1.0
0.0,1.0,0.0,1.0
0.0,1.0,0.0,1.0
0.0,1.0,0.0,1.0
0.0,1.0,0.0,1.0
0.0,1.0,0.0,1.0
0.0,1.0,0.0,1.0
0.0,1.0,0.0,1.0
0.0,1.0,0.0,1.0
0.0,1.0,0.0,1.0
0.0,1.0,0.0,1.0
0.0,1.0,0.0,1.0
0.0,1.0,0.0,1.0
0.0,1.0,0.0,1.0
0.0,1.0,0.0,1.0
0.0,1.0,0.0,1.0
0.0,1.0,0.0,1.0
0.0,1.0,0.0,1.0
0.0,1.0,0.0,1.0
0.0,1.0,0.0,1.0
0.0,1.0,0.0,1.0
0.0,1.0,0.0,1.0
0.0,1.0,0.0,1.0
0.0,1.0,0.0,1.0
0.0,1.0,0.0,1.0
0.0,1.0,0.0,1.0
0.0,1.0,0.0,1.0
0.0,1.0,0.0,1.0
0.0,1.0,0.0,1.0
0.0,1.0,0.0,1.0
0.0,1.0,0.0,1.0
0.0,1.0,0.0,1.0
0.0,1.0,0.0,1.0
0.0,1.0,0.0,1.0
0.0,1.0,0.0,1.0
0.0,1.0,0.0,1.0
0.0,1.0,0.0,1.0
0.0,1.0,0.0,1.0
0.0,1.0,0.0,1.0
0.0,1.0,0.0,1.0
0.0,1.0,0.0,1.0
0.0,1.0,0.0,1.0
0.0,1.0,0.0,1.0
0.0,1.0,0.0,1.0
0.0,1.0,0.0,1.0
0.0,1.0,0.0,1.0
0.0,1.0,0.0,1.0
0.0,1.0,0.0,1.0
0.0,1.0,0.0,1.0
0.0,1.0,0.0,1.0
0.0,1.0,0.0,1.0
0.0,1.0,0.0,1.0
0.0,1.0,0.0,1.0
0.0,1.0,0.0,1.0
0.0,1.0,0.0,1.0
0.0,1.0,0.0,1.0
0.0,1.0,0.0,1.0
0.0,1.0,0.0,1.0
0.0,1.0,0.0,1.0
0.0,1.0,0.0,1.0
0.0,1.0,0.0,1.0
0.0,1.0,0.0,1.0
0.0,1.0,0.0,1.0
0.0,1.0,0.0,1.0
0.0,1.0,0.0,1.0
0.0,1.0,0.0,1.0
0.0,1.0,0.0,1.0
0.0,1.0,0.0,1.0
0.0,1.0,0.0,1.0
0.0,1.0,0.0,1.0
0.0,1.0,0.0,1.0
0.0,1.0,0.0,1.0
0.0,1.0,0.0,1.0
0.0,1.0,0.0,1.0
0.0,1.0,0.0,1.0
0.0,1.0,0.0,1.0
0.0,1.0,0.0,1.0
0.0,1.0,0.0,1.0
0.0,1.0,0.0,1.0
0.0,1.0,0.0,1.0
0.0,1.0,0.0,1.0
0.0,1.0,0.0,1.0
0.0,1.0,0.0,1.0
0.0,1.0,0.0,1.0
0.0,1.0,0.0,1.0
0.0,1.0,0.0,1.0
0.0,1.0,0.0,1.0
0.0,1.0,0.0,1.0
0.0,1.0,0.0,1.0
0.0,1.0,0.0,1.0
0.0,1.0,0.0,1.0
0.0,1.0,0.0,1.0
0.0,1.0,0.0,1.0
0.0,1.0,0.0,1.0
0.0,1.0,0.0,1.0
0.0,1.0,0.0,1.0
0.0,1.0,0.0,1.0
0.0,1.0,0.0,1.0
0.0,1.0,0.0,1.0
0.0,1.0,0.0,1.0
0.0,1.0,0.0,1.0
0.0,1.0,0.0,1.0
0.0,1.0,0.0,1.0
0.0,1.0,0.0,1.0
0.0,1.0,0.0,1.0
0.0,1.0,0.0,1.0
0.0,1.0,0.0,1.0
0.0,1.0,0.0,1.0
0.0,1.0,0.0,1.0
0.0,1.0,0.0,1.0
0.0,1.0,0.0,1.0
0.0,1.0,0.0,1.0
0.0,1.0,0.0,1.0
0.0,1.0,0.0,1.0
0.0,1.0,0.0,1.0
0.0,1.0,0.0,1.0
0.0,1.0,0.0,1.0
0.0,1.0,0.0,1.0
0.0,1.0,0.0,1.0
0.0,1.0,0.0,1.0
0.0,1.0,0.0,1.0
0.0,1.0,0.0,1.0
0.0,1.0,0.0,1.0
0.0,1.0,0.0,1.0
0.0,1.0,0.0,1.0
0.0,1.0,0.0,1.0
0.0,1.0,0.0,1.0
0.0,1.0,0.0,1.0
0.0,1.0,0.0,1.0
0.0,1.0,0.0,1.0
0.0,1.0,0.0,1.0
0.0,1.0,0.0,1.0
0.0,1.0,0.0,1.0
0.0,1.0,0.0,1.0
0.0,1.0,0.0,1.0
0.0,1.0,0.0,1.0
0.0,1.0,0.0,1.0
0.0,1.0,0.0,1.0
0.0,1.0,0.0,1.0
0.0,1.0,0.0,1.0
0.0,1.0,0.0,1.0
0.0,1.0,0.0,1.0
0.0,1.0,0.0,1.0
0.0,1.0,0.0,1.0
0.0,1.0,0.0,1.0
0.0,1.0,0.0,1.0
0.0,1.0,0.0,1.0
0.0,1.0,0.0,1.0
0.0,1.0,0.0,1.0
0.0,1.0,0.0,1.0
0.0,1.0,0.0,1.0
0.0,1.0,0.0,1.0
0.0,1.0,0.0,1.0
0.0,1.0,0.0,1.0
0.0,1.0,0.0,1.0
0.0,1.0,0.0,1.0
0.0,1.0,0.0,1.0
0.0,1.0,0.0,1.0
0.0,1.0,0.0,1.0
0.0,1.0,0.0,1.0
0.0,1.0,0.0,1.0
0.0,1.0,0.0,1.0
0.0,1.0,0.0,1.0
0.0,1.0,0.0,1.0
0.0,1.0,0.0,1.0
0.0,1.0,0.0,1.0
0.0,1.0,0.0,1.0
0.0,1.0,0.0,1.0
0.0,1.0,0.0,1.0
0.0,1.0,0.0,1.0
0.0,1.0,0.0,1.0
0.0,1.0,0.0,1.0
0.0,1.0,0.0,1.0
0.0,1.0,0.0,1.0
0.0,1.0,0.0,1.0
0.0,1.0,0.0,1.0
0.0,1.0,0.0,1.0
0.0,1.0,0.0,1.0
0.0,1.0,0.0,1.0
0.0,1.0,0.0,1.0
0.0,1.0,0.0,1.0
0.0,1.0,0.0,1.0
0.0,1.0,0.0,1.0
0.0,1.0,0.0,1.0
0.0,1.0,0.0,1.0
0.0,1.0,0.0,1.0
0.0,1.0,0.0,1.0
0.0,1.0,0.0,1.0
0.0,1.0,0.0,1.0
0.0,1.0,0.0,1.0
0.0,1.0,0.0,1.0
0.0,1.0,0.0,1.0
0.0,1.0,0.0,1.0
0.0,1.0,0.0,1.0
0.0,1.0,0.0,1.0
0.0,1.0,0.0,1.0
0.0,1.0,0.0,1.0
0.0,1.0,0.0,1.0
0.0,1.0,0.0,1.0
0.0,1.0,0.0,1.0
0.0,1.0,0.0,1.0
0.0,1.0,0.0,1.0
0.0,1.0,0.0,1.0
0.0,1.0,0.0,1.0
0.0,1.0,0.0,1.0
0.0,1.0,0.0,1.0
0.0,1.0,0.0,1.0
0.0,1.0,0.0,1.0
0.0,1.0,0.0,1.0
0.0,1.0,0.0,1.0
0.0,1.0,0.0,1.0
0.0,1.0,0.0,1.0
0.0,1.0,0.0,1.0
0.0,1.0,0.0,1.0
0.0,1.0,0.0,1.0
0.0,1.0,0.0,1.0
0.0,1.0,0.0,1.0
0.0,1.0,0.0,1.0
0.0,1.0,0.0,1.0
0.0,1.0,0.0,1.0
0.0,1.0,0.0,1.0
0.0,1.0,0.0,1.0
0.0,1.0,0.0,1.0
0.0,1.0,0.0,1.0
0.0,1.0,0.0,1.0
0.0,1.0,0.0,1.0
0.0,1.0,0.0,1.0
0.0,1.0,0.0,1.0
0.0,1.0,0.0,1.0
0.0,1.0,0.0,1.0
0.0,1.0,0.0,1.0
0.0,1.0,0.0,1.0
0.0,1.0,0.0,1.0
0.0,1.0,0.0,1.0
0.0,1.0,0.0,1.0
0.0,1.0,0.0,1.0
0.0,1.0,0.0,1.0
0.0,1.0,0.0,1.0
0.0,1.0,0.0,1.0
0.0,1.0,0.0,1.0
0.0,1.0,0.0,1.0
0.0,1.0,0.0,1.0
0.0,1.0,0.0,1.0
0.0,1.0,0.0,1.0
0.0,1.0,0.0,1.0
0.0,1.0,0.0,1.0
0.0,1.0,0.0,1.0
0.0,1.0,0.0,1.0
0.0,1.0,0.0,1.0
0.0,1.0,0.0,1.0
0.0,1.0,0.0,1.0
0.0,1.0,0.0,1.0
0.0,1.0,0.0,1.0
0.0,1.0,0.0,1.0
0.0,1.0,0.0,1.0
0.0,1.0,0.0,1.0
0.0,1.0,0.0,1.0
0.0,1.0,0.0,1.0
0.0,1.0,0.0,1.0
0.0,1.0,0.0,1.0
0.0,1.0,0.0,1.0
0.0,1.0,0.0,1.0
0.0,1.0,0.0,1.0
0.0,1.0,0.0,1.0
