1.0,0.0,1.0,1.2461241760686192e-10
1.0,0.0,0.9999992251396179,6.716269922435458e-07
1.0,0.0,0.9999999403953552,3.5430627320920394e-08
1.0,0.0,1.0,9.021476621295932e-11
1.0,0.0,1.0,6.457231971346289e-10
1.0,0.0,0.9999999403953552,2.7870617813618992e-08
1.0,0.0,1.0,2.4174609536409264e-10
1.0,0.0,0.9999985098838806,1.2104185316275107e-06
1.0,0.0,1.0,2.391143116842187e-10
1.0,0.0,0.9999998807907104,6.830863696904999e-08
1.0,0.0,1.0,2.17177720251982e-10
1.0,0.0,1.0,5.174226064968979e-12
1.0,0.0,1.0,2.5612027689664307e-12
1.0,0.0,1.0,1.5286008570036813e-11
1.0,0.0,0.9999998211860657,1.4664325931335043e-07
1.0,0.0,1.0,8.45860625986461e-09
1.0,0.0,1.0,3.034422756467703e-12
1.0,0.0,1.0,5.124185076255117e-09
1.0,0.0,1.0,2.1980923747833003e-08
1.0,0.0,1.0,1.979168773313944e-10
1.0,0.0,1.0,1.7853183376104198e-09
1.0,0.0,1.0,1.9492897962436473e-08
1.0,0.0,0.9999998807907104,9.903273223699216e-08
1.0,0.0,0.9999999403953552,4.35150511179927e-08
1.0,0.0,1.0,5.533604173837969e-13
1.0,0.0,1.0,1.6632928367954491e-10
1.0,0.0,1.0,3.983965601861428e-09
1.0,0.0,1.0,2.2725337167628368e-09
1.0,0.0,1.0,9.32125194582215e-21
1.0,0.0,0.9999995827674866,3.104058521330444e-07
1.0,0.0,1.0,1.777149087611729e-11
1.0,0.0,1.0,2.497360096498369e-10
1.0,0.0,1.0,1.4957953495611798e-12
1.0,0.0,1.0,2.2713626812720378e-10
1.0,0.0,0.9999998807907104,1.0958601137645019e-07
1.0,0.0,1.0,2.956317829427846e-11
1.0,0.0,1.0,7.08938019400307e-10
1.0,0.0,1.0,2.1715939810262874e-11
1.0,0.0,0.9999999403953552,2.6014864928924908e-08
1.0,0.0,0.9999996423721313,1.7854853240351076e-07
1.0,0.0,1.0,5.514691351141132e-13
1.0,0.0,1.0,6.680823116944623e-10
1.0,0.0,0.9999995827674866,3.2134775551639905e-07
1.0,0.0,1.0,2.065845758347784e-12
1.0,0.0,1.0,9.788171167801326e-21
1.0,0.0,1.0,4.792857581490837e-16
1.0,0.0,1.0,1.0603831181177359e-11
1.0,0.0,1.0,8.13083866728348e-13
1.0,0.0,1.0,1.7386806439034785e-09
1.0,0.0,1.0,3.977655982367878e-09
1.0,0.0,1.0,1.2223071443884237e-09
1.0,0.0,0.9999985098838806,1.194264882542484e-06
1.0,0.0,1.0,1.5239308481795888e-08
1.0,0.0,1.0,1.0810037760766722e-12
1.0,0.0,1.0,4.027154165697766e-09
1.0,0.0,1.0,1.5669159492050916e-13
1.0,0.0,1.0,5.37536726241683e-09
1.0,0.0,1.0,1.1129519181252157e-11
1.0,0.0,1.0,7.099304651092542e-12
1.0,0.0,1.0,1.3014529558208476e-11
1.0,0.0,1.0,5.414318646201899e-11
1.0,0.0,1.0,6.568113240790208e-12
1.0,0.0,1.0,6.292860454948368e-09
1.0,0.0,1.0,2.5991615110187993e-11
1.0,0.0,1.0,5.715189606292359e-12
1.0,0.0,1.0,4.639314540172412e-12
1.0,0.0,1.0,1.1819025758086354e-08
1.0,0.0,1.0,2.762028886854617e-13
1.0,0.0,0.9999995827674866,3.3566584534128197e-07
1.0,0.0,1.0,4.8411023453875934e-12
1.0,0.0,1.0,2.270098997669834e-09
1.0,0.0,0.9999995231628418,4.584001658258785e-07
1.0,0.0,1.0,3.26313503995479e-10
1.0,0.0,1.0,3.313521332315439e-11
1.0,0.0,0.9999993443489075,4.771851536133909e-07
1.0,0.0,1.0,9.29985510822462e-09
1.0,0.0,1.0,6.787800183039039e-11
1.0,0.0,1.0,8.366118353642094e-10
1.0,0.0,1.0,1.150604611588335e-11
1.0,0.0,1.0,7.518815431373227e-11
1.0,0.0,1.0,8.241355514693183e-12
1.0,0.0,1.0,1.0281112766685752e-11
1.0,0.0,1.0,9.643766341049798e-11
1.0,0.0,1.0,3.6108435685910933e-11
1.0,0.0,1.0,2.480788241498999e-09
1.0,0.0,0.9999491572380066,2.5867107979138382e-05
1.0,0.0,0.9999999403953552,3.434977458027788e-08
1.0,0.0,1.0,2.0065153094606103e-08
1.0,0.0,1.0,3.8661060464129093e-10
1.0,0.0,1.0,8.747772506367824e-10
1.0,0.0,1.0,1.035389662895625e-09
1.0,0.0,1.0,9.734851147413792e-09
1.0,0.0,1.0,6.841938127166713e-11
1.0,0.0,1.0,3.085487698673006e-10
1.0,0.0,1.0,1.2919130825891911e-12
1.0,0.0,1.0,6.193524582087662e-10
1.0,0.0,1.0,5.597444708259347e-13
1.0,0.0,1.0,4.906182751729382e-11
1.0,0.0,0.9999999403953552,2.420790146118179e-08
1.0,0.0,1.0,4.018512189674084e-10
1.0,0.0,1.0,3.1288449608979363e-10
1.0,0.0,1.0,2.1814661188557238e-11
1.0,0.0,1.0,6.327722373855593e-11
1.0,0.0,1.0,8.030145298709712e-11
1.0,0.0,1.0,7.251069522595799e-09
1.0,0.0,1.0,1.8187233052913143e-08
1.0,0.0,1.0,7.81939563012507e-13
1.0,0.0,1.0,8.631144132742463e-10
1.0,0.0,1.0,7.182221831159019e-12
1.0,0.0,1.0,8.726475098086439e-10
1.0,0.0,1.0,1.3067841253544543e-10
1.0,0.0,1.0,3.287683710342937e-12
1.0,0.0,1.0,1.9520205896128573e-08
1.0,0.0,1.0,1.7466486156719752e-12
1.0,0.0,0.9999977350234985,1.8862053821067093e-06
1.0,0.0,1.0,1.3097460616062762e-10
1.0,0.0,0.9999999403953552,3.3886060180066124e-08
1.0,0.0,0.9999966025352478,3.3402682220184943e-06
1.0,0.0,1.0,4.921055923867712e-11
1.0,0.0,1.0,2.152264810817428e-09
1.0,0.0,1.0,1.0136209580013933e-11
1.0,0.0,1.0,3.6720357865505093e-09
1.0,0.0,1.0,1.4276521298484113e-08
1.0,0.0,1.0,0.0
1.0,0.0,1.0,1.969896468168031e-10
1.0,0.0,1.0,6.922271783560419e-11
1.0,0.0,1.0,7.735326268409892e-11
1.0,0.0,1.0,4.0636946585514977e-10
1.0,0.0,0.9999996423721313,3.028959270068299e-07
1.0,0.0,1.0,2.1827580975325445e-13
1.0,0.0,0.9999998211860657,1.4946056126063922e-07
1.0,0.0,1.0,9.946025529864941e-14
1.0,0.0,1.0,1.3177167690336944e-10
1.0,0.0,1.0,4.278981613481392e-10
1.0,0.0,1.0,1.2981036384696054e-11
1.0,0.0,0.9999997019767761,2.347148040371394e-07
1.0,0.0,1.0,1.3516217034492684e-09
1.0,0.0,1.0,2.8209273458812412e-11
1.0,0.0,1.0,2.170704588300154e-10
1.0,0.0,1.0,3.857707556176315e-11
1.0,0.0,1.0,1.0180860599007246e-09
1.0,0.0,1.0,1.7427570497829947e-10
1.0,0.0,1.0,1.3287352121360563e-11
1.0,0.0,0.999994695186615,3.872993147524539e-06
1.0,0.0,1.0,5.811580994219412e-09
1.0,0.0,0.9999991059303284,7.138211799428973e-07
1.0,0.0,1.0,4.383091112281079e-12
1.0,0.0,1.0,4.687787380497355e-10
1.0,0.0,1.0,3.4304321605560517e-09
1.0,0.0,1.0,1.7293741982171002e-16
1.0,0.0,1.0,4.480076865043259e-10
1.0,0.0,1.0,4.566186404680872e-12
1.0,0.0,1.0,7.703716553564277e-10
1.0,0.0,1.0,7.938016910458146e-10
1.0,0.0,0.9999999403953552,3.0811502682581704e-08
1.0,0.0,1.0,8.008203877807318e-09
1.0,0.0,0.9999998807907104,9.676521273149774e-08
1.0,0.0,1.0,9.28439587208102e-25
1.0,0.0,1.0,1.837774030177819e-11
1.0,0.0,0.9999999403953552,4.3557150775086484e-08
1.0,0.0,0.9999995827674866,2.976326243242511e-07
1.0,0.0,1.0,6.4793801435314435e-09
1.0,0.0,1.0,6.887473664313193e-12
1.0,0.0,1.0,1.6206577746480377e-11
1.0,0.0,1.0,1.0628570024096007e-08
1.0,0.0,0.9999985098838806,1.21619825677044e-06
1.0,0.0,0.9999958276748657,3.602327069529565e-06
1.0,0.0,1.0,7.173361460388605e-09
1.0,0.0,1.0,3.0316430653853574e-14
1.0,0.0,1.0,8.803417238116876e-16
1.0,0.0,0.9999998807907104,9.51328260612172e-08
1.0,0.0,1.0,1.7502796989532499e-09
1.0,0.0,1.0,7.434294846397904e-11
1.0,0.0,1.0,2.014628686097808e-09
1.0,0.0,1.0,9.626809349683185e-10
1.0,0.0,1.0,5.478031805949968e-09
1.0,0.0,1.0,1.1566849561495118e-10
1.0,0.0,1.0,4.432724187708459e-10
1.0,0.0,1.0,3.3510350050391935e-10
1.0,0.0,1.0,3.556295813389454e-10
1.0,0.0,0.9999986886978149,1.181616084977577e-06
1.0,0.0,1.0,7.68016206187383e-12
1.0,0.0,1.0,4.1260928007602615e-09
1.0,0.0,0.9999999403953552,7.525756018367247e-08
1.0,0.0,1.0,6.539515456926992e-11
1.0,0.0,1.0,1.7471470104002407e-10
1.0,0.0,0.9999999403953552,2.44355806700014e-08
1.0,0.0,1.0,1.51993209684953e-10
1.0,0.0,1.0,1.1679452960322578e-09
1.0,0.0,0.9999999403953552,2.4835776102349882e-08
1.0,0.0,1.0,1.50599116510719e-10
1.0,0.0,1.0,1.2215885247801594e-10
1.0,0.0,1.0,4.342703141535509e-10
1.0,0.0,1.0,1.4133035186603138e-08
1.0,0.0,0.9999986886978149,1.1760994311771356e-06
1.0,0.0,1.0,5.262827391765146e-13
1.0,0.0,1.0,5.13037945459871e-11
1.0,0.0,6.614071466955908e-28,1.0
1.0,0.0,1.0,6.084102981889026e-15
1.0,0.0,1.0,4.389098025997518e-12
1.0,0.0,1.0,4.249386620358564e-09
1.0,0.0,1.0,3.606263510036456e-09
1.0,0.0,0.9999998807907104,9.18621907430861e-08
1.0,0.0,1.0,5.448650558514956e-11
1.0,0.0,1.0,1.9091821457095648e-08
1.0,0.0,1.0,1.32721347800846e-10
1.0,0.0,0.9999998807907104,6.851637124327681e-08
1.0,0.0,0.9999998807907104,7.95190686631031e-08
1.0,0.0,1.0,1.8830694382271362e-13
1.0,0.0,1.0,3.4111844460227303e-09
1.0,0.0,1.0,1.437884811217316e-10
1.0,0.0,0.9999982118606567,1.4540653410222149e-06
1.0,0.0,1.0,1.875567479103779e-09
1.0,0.0,1.0,0.0
1.0,0.0,1.0,6.49806181085566e-11
1.0,0.0,1.0,1.0419073381839894e-09
1.0,0.0,1.0,3.144730698068088e-09
1.0,0.0,1.0,7.76384556644416e-09
1.0,0.0,0.9999998211860657,1.405753380367969e-07
1.0,0.0,1.0,1.4410155291244564e-09
1.0,0.0,1.0,6.563313892371525e-09
1.0,0.0,1.0,3.244129574350718e-12
1.0,0.0,0.9999989867210388,5.323542495716538e-07
1.0,0.0,1.0,6.144170242028402e-12
1.0,0.0,1.0,3.4198213705316505e-10
1.0,0.0,1.0,3.038400198107638e-09
1.0,0.0,1.0,6.290220344595809e-09
1.0,0.0,1.0,3.892775320643543e-32
1.0,0.0,1.0,3.388722245520337e-12
1.0,0.0,1.0,8.076440904947191e-11
1.0,0.0,1.0,4.991556666756818e-27
1.0,0.0,0.9999999403953552,2.9280615265747656e-08
1.0,0.0,1.0,7.819420111410125e-11
1.0,0.0,1.0,2.289672984545632e-08
1.0,0.0,1.0,1.885341216478764e-09
1.0,0.0,1.0,2.0362924467811662e-14
1.0,0.0,1.0,4.0593510775011055e-09
1.0,0.0,1.0,1.8032167981019143e-09
1.0,0.0,0.9999836087226868,1.8409731637802906e-05
1.0,0.0,1.0,2.006206867299909e-10
1.0,0.0,1.0,3.3307423659423296e-12
1.0,0.0,1.0,1.1131306987266498e-10
1.0,0.0,1.0,1.3982327448647247e-11
1.0,0.0,1.0,8.44689457268899e-11
1.0,0.0,1.0,1.0008585960008531e-08
1.0,0.0,1.0,9.451486815414967e-11
1.0,0.0,1.0,7.808979241019642e-09
1.0,0.0,1.0,2.0333575101449952e-11
1.0,0.0,1.0,4.230866323950977e-09
1.0,0.0,0.9999895691871643,9.868258530332241e-06
1.0,0.0,1.1861910707011702e-06,0.999999463558197
1.0,0.0,0.9999996423721313,3.021962413640722e-07
1.0,0.0,1.0,2.0757895402567783e-10
1.0,0.0,1.0,1.3518078800442423e-12
1.0,0.0,1.0,2.5658563273210644e-13
1.0,0.0,1.0,3.3295516344011844e-10
1.0,0.0,1.0,1.1347416339901883e-09
1.0,0.0,0.9999999403953552,5.109713185902365e-08
1.0,0.0,1.0,4.457217372966227e-10
1.0,0.0,1.0,1.3933760811823959e-08
1.0,0.0,1.0,3.8013960867999685e-09
1.0,0.0,1.0,1.4187916640187584e-27
1.0,0.0,1.0,6.796990192903252e-10
1.0,0.0,1.0,5.667443181422982e-10
1.0,0.0,1.0,6.486227666080424e-10
1.0,0.0,1.0,1.7831180976202177e-11
1.0,0.0,1.0,5.099470325176103e-12
1.0,0.0,1.0,2.516576357025624e-11
1.0,0.0,1.0,3.843867498604103e-12
1.0,0.0,0.9999998807907104,8.170143672714403e-08
1.0,0.0,1.0,1.8006879543008836e-08
1.0,0.0,1.0,1.2787342365538912e-11
1.0,0.0,1.0,5.163554028797535e-10
1.0,0.0,1.0,2.293854883816948e-09
1.0,0.0,1.0,4.3468367794119445e-11
1.0,0.0,1.0,6.845286559808983e-09
1.0,0.0,1.0,1.5092411764783265e-09
1.0,0.0,1.0,7.552210412598015e-09
1.0,0.0,1.0,5.051601498218261e-11
1.0,0.0,1.0,7.395466017356966e-09
1.0,0.0,1.0,5.3705241642720836e-11
1.0,0.0,1.0,1.0608487699403923e-10
1.0,0.0,1.0,3.94486943111616e-11
1.0,0.0,1.0,4.317027291200759e-10
1.0,0.0,1.0,1.623765899516627e-09
1.0,0.0,1.0,4.830673960344069e-14
1.0,0.0,1.0,9.099992981376204e-10
1.0,0.0,0.9999997615814209,1.7028284560183238e-07
1.0,0.0,1.0,2.5492858934939022e-09
1.0,0.0,1.0,2.7399917890136294e-09
1.0,0.0,1.0,5.964464477870024e-09
1.0,0.0,1.0,9.793522937062704e-11
1.0,0.0,1.0,2.1143522488387134e-08
1.0,0.0,1.0,4.732048641820086e-10
1.0,0.0,1.0,1.6784001743985755e-08
1.0,0.0,1.0,1.948641692450792e-09
1.0,0.0,1.0,1.091137069586523e-09
1.0,0.0,0.9999971985816956,2.2530048227054067e-06
1.0,0.0,1.0,1.3710597102090105e-08
1.0,0.0,1.0,2.263981536965165e-12
1.0,0.0,1.0,1.4962379779603907e-08
1.0,0.0,0.9999998807907104,4.587452195892183e-08
1.0,0.0,1.0,5.429149907421049e-10
1.0,0.0,0.999998152256012,1.5175153293967014e-06
1.0,0.0,1.0,2.717547336841152e-29
1.0,0.0,1.0,1.2727692233482912e-09
1.0,0.0,1.0,7.677035118724973e-10
1.0,0.0,1.0,2.567324879163696e-13
1.0,0.0,1.0,1.4568912048984473e-11
1.0,0.0,1.0,1.6582349100617566e-13
1.0,0.0,0.9999999403953552,2.479956329182187e-08
1.0,0.0,1.0,6.903253080281502e-09
1.0,0.0,1.0,6.621792551135888e-14
1.0,0.0,1.0,4.473247994241092e-09
1.0,0.0,1.0,8.961542619090324e-10
1.0,0.0,1.0,9.026424940827837e-09
1.0,0.0,0.9992112517356873,0.0008204623591154814
1.0,0.0,0.9966877102851868,0.0036985150072723627
1.0,0.0,1.0,5.3410633554795695e-11
1.0,0.0,1.0,4.8075900899169355e-12
1.0,0.0,1.0,3.0071830442457426e-11
1.0,0.0,0.9999999403953552,3.110010737827906e-08
1.0,0.0,1.0,1.4366355882700077e-09
1.0,0.0,1.0,4.450430024505181e-10
1.0,0.0,1.0,1.3741961128049818e-12
1.0,0.0,1.0,2.0279004170342674e-11
1.0,0.0,1.0,5.20861777441998e-15
1.0,0.0,1.0,3.6546792259173344e-09
1.0,0.0,1.0,2.5602089892551305e-10
1.0,0.0,1.0,1.714408823239033e-11
1.0,0.0,1.0,2.3424208753231035e-11
1.0,0.0,0.9999994039535522,4.955655867888709e-07
1.0,0.0,0.9999999403953552,2.396103582213982e-08
1.0,0.0,1.0,5.305657996279578e-11
1.0,0.0,1.0,2.1145447615111834e-09
1.0,0.0,0.9999998211860657,2.591434054011188e-07
1.0,0.0,1.0,9.822725272057298e-11
1.0,0.0,1.0,9.758547303562182e-10
1.0,0.0,1.0,1.840260033247887e-08
1.0,0.0,0.9999999403953552,6.472033931004262e-08
1.0,0.0,1.0,6.563466783959804e-12
1.0,0.0,1.0,2.0599997978319826e-15
1.0,0.0,0.9999999403953552,5.520861989793957e-08
1.0,0.0,1.0,1.2542495254203034e-12
1.0,0.0,1.0,3.519132901752542e-12
1.0,0.0,1.0,1.2861685327880679e-10
1.0,0.0,1.0,3.812171023298561e-09
1.0,0.0,0.9999997615814209,2.0037811054862686e-07
1.0,0.0,1.0,1.1943686928361785e-08
1.0,0.0,1.0,2.9369140452928377e-09
1.0,0.0,0.9999997615814209,1.833306413345781e-07
1.0,0.0,1.0,3.201720355852644e-12
1.0,0.0,1.0,5.2970631353455033e-11
1.0,0.0,0.9999995827674866,3.090070208600082e-07
1.0,0.0,1.0,1.719452011328393e-11
1.0,0.0,1.0,4.195042091481582e-10
1.0,0.0,1.0,5.8567639975271816e-15
1.0,0.0,1.0,1.6697111471231096e-09
1.0,0.0,0.9999908208847046,7.754052603559103e-06
1.0,0.0,1.0,1.6776832367781935e-08
1.0,0.0,1.0,3.4395259535489886e-13
1.0,0.0,1.0,3.293500361323254e-09
1.0,0.0,1.0,2.937715404272012e-09
1.0,0.0,1.0,1.1635082654282147e-11
1.0,0.0,1.0,2.3735219345510927e-10
1.0,0.0,1.0,2.1661064053546397e-09
1.0,0.0,1.0,1.716871422807742e-09
1.0,0.0,1.0,4.640869394507974e-13
1.0,0.0,0.9999303221702576,3.056384593946859e-05
1.0,0.0,1.0,8.962306537099035e-15
1.0,0.0,1.0,1.5807858494421012e-11
1.0,0.0,1.0,7.370513088744701e-09
1.0,0.0,1.0,9.046991454597642e-12
1.0,0.0,0.9999998807907104,1.3939906295945548e-07
1.0,0.0,1.0,6.922403622544593e-11
1.0,0.0,1.0,1.4685039850803605e-09
1.0,0.0,0.9999999403953552,3.306594464902446e-08
1.0,0.0,1.0,1.591811231438367e-11
1.0,0.0,0.9999985694885254,1.1892210523001268e-06
1.0,0.0,0.9999999403953552,4.4186236891619046e-08
1.0,0.0,0.9999894499778748,8.428247383562848e-06
1.0,0.0,1.0,1.1067659677621577e-08
1.0,0.0,1.0,6.896541115963828e-09
1.0,0.0,0.9999999403953552,5.100404365521172e-08
1.0,0.0,1.0,1.7748778521117087e-13
1.0,0.0,0.9999999403953552,4.507870698944316e-08
1.0,0.0,1.0,5.011953092132204e-12
1.0,0.0,1.0,6.300335947395652e-11
1.0,0.0,1.0,6.751643081420733e-12
1.0,0.0,1.0,1.1510418811665202e-14
1.0,0.0,1.0,4.381087853611021e-11
1.0,0.0,1.0,8.646298026236243e-15
1.0,0.0,0.9999999403953552,2.378981101003319e-08
1.0,0.0,1.0,4.914849083270667e-10
1.0,0.0,1.0,5.633375987912359e-10
1.0,0.0,0.9999999403953552,2.3428803785918717e-08
1.0,0.0,0.9999999403953552,4.210694015682748e-08
1.0,0.0,1.0,7.116438105470024e-09
1.0,0.0,1.0,5.263560698409719e-09
1.0,0.0,1.0,1.492306139772026e-10
1.0,0.0,1.0,1.58632165181416e-08
1.0,0.0,1.0,3.3458086995397096e-11
1.0,0.0,0.9999979734420776,1.2987641184736276e-06
1.0,0.0,1.0,1.0537672956445476e-08
1.0,0.0,1.0,9.149649127221477e-21
1.0,0.0,1.0,1.355066892028134e-10
1.0,0.0,1.0,8.946176244251092e-09
1.0,0.0,1.0,5.6734429654259344e-11
1.0,0.0,1.0,1.9534261708198386e-10
1.0,0.0,0.9999999403953552,4.8456012535780246e-08
0.0,1.0,2.357163075838997e-10,1.0
0.0,1.0,2.3100112100937764e-10,1.0
0.0,1.0,2.3145890759579402e-10,1.0
0.0,1.0,2.3167666396428643e-10,1.0
0.0,1.0,2.305196034058099e-10,1.0
0.0,1.0,2.3034688045875384e-10,1.0
0.0,1.0,2.3093592316225653e-10,1.0
0.0,1.0,2.3201185417320858e-10,1.0
0.0,1.0,2.3050465702834089e-10,1.0
0.0,1.0,2.3241135405083213e-10,1.0
0.0,1.0,2.305455409912227e-10,1.0
0.0,1.0,2.311553726208615e-10,1.0
0.0,1.0,0.0,1.0
0.0,1.0,2.3092711076699857e-10,1.0
0.0,1.0,5.8931809748325e-23,1.0
0.0,1.0,2.305750035347387e-10,1.0
0.0,1.0,1.3009625347368035e-36,1.0
0.0,1.0,2.307518759403493e-10,1.0
0.0,1.0,2.3059831821825583e-10,1.0
0.0,1.0,2.3091169254474408e-10,1.0
0.0,1.0,2.3147392336220207e-10,1.0
0.0,1.0,2.308522401017754e-10,1.0
0.0,1.0,2.3136710602944532e-10,1.0
0.0,1.0,2.3048618569276869e-10,1.0
0.0,1.0,2.3066649978975562e-10,1.0
0.0,1.0,2.3101698332084197e-10,1.0
0.0,1.0,2.3085884592877193e-10,1.0
0.0,1.0,2.3558865969164344e-10,1.0
0.0,1.0,2.3059699982841408e-10,1.0
0.0,1.0,2.3148009897777655e-10,1.0
0.0,1.0,2.3108749636069348e-10,1.0
0.0,1.0,2.3089098688533483e-10,1.0
0.0,1.0,2.3125990011862996e-10,1.0
0.0,1.0,2.3076507371655453e-10,1.0
0.0,1.0,2.3142006366771994e-10,1.0
0.0,1.0,2.3141079330546432e-10,1.0
0.0,1.0,2.3074306354509133e-10,1.0
0.0,1.0,2.3130268533844145e-10,1.0
0.0,1.0,2.3062515785987614e-10,1.0
0.0,1.0,2.3184154596123108e-10,1.0
0.0,1.0,2.309420849000432e-10,1.0
0.0,1.0,2.3116067393580408e-10,1.0
0.0,1.0,2.309887836560165e-10,1.0
0.0,1.0,2.314924640867133e-10,1.0
0.0,1.0,2.3073955246477595e-10,1.0
0.0,1.0,2.308658958449783e-10,1.0
0.0,1.0,2.3791510428416984e-10,1.0
0.0,1.0,0.0,1.0
0.0,1.0,2.3274539240336622e-10,1.0
0.0,1.0,2.3290080974902594e-10,1.0
0.0,1.0,2.3127930126598528e-10,1.0
0.0,1.0,2.3071095034410405e-10,1.0
0.0,1.0,2.3101874579989357e-10,1.0
0.0,1.0,0.0,1.0
0.0,1.0,2.3198397369750268e-10,1.0
0.0,1.0,2.305952373493625e-10,1.0
0.0,1.0,2.322230324702801e-10,1.0
0.0,1.0,2.3091301093458583e-10,1.0
0.0,1.0,2.318786967991926e-10,1.0
0.0,1.0,2.3082670497220903e-10,1.0
0.0,1.0,2.3241977786803147e-10,1.0
0.0,1.0,2.316872665941716e-10,1.0
0.0,1.0,2.306726615275423e-10,1.0
0.0,1.0,1.751717515536384e-22,1.0
0.0,1.0,0.0,1.0
0.0,1.0,0.0,1.0
0.0,1.0,2.308337548884154e-10,1.0
0.0,1.0,2.3093987833178176e-10,1.0
0.0,1.0,2.3261402526397745e-10,1.0
0.0,1.0,2.3145803329516212e-10,1.0
0.0,1.0,2.3060316156620075e-10,1.0
0.0,1.0,2.309724772553423e-10,1.0
0.0,1.0,2.3053191300359543e-10,1.0
0.0,1.0,2.3067046883706865e-10,1.0
0.0,1.0,2.3153486072846619e-10,1.0
0.0,1.0,2.3079105293533075e-10,1.0
0.0,1.0,2.31068539302548e-10,1.0
0.0,1.0,2.3236571000673223e-10,1.0
0.0,1.0,2.3076904276386756e-10,1.0
0.0,1.0,2.3168328366907076e-10,1.0
0.0,1.0,2.311077718086807e-10,1.0
0.0,1.0,2.3073515320604088e-10,1.0
0.0,1.0,2.3123607195696394e-10,1.0
0.0,1.0,2.3096850820802928e-10,1.0
0.0,1.0,2.3212914923576022e-10,1.0
0.0,1.0,2.3081569988647743e-10,1.0
0.0,1.0,2.3090948597648264e-10,1.0
0.0,1.0,2.4969742939973116e-10,1.0
0.0,1.0,2.3097997126075853e-10,1.0
0.0,1.0,2.309209351514241e-10,1.0
0.0,1.0,0.0,1.0
0.0,1.0,2.3074747668161422e-10,1.0
0.0,1.0,2.312091768041924e-10,1.0
0.0,1.0,2.315105745998025e-10,1.0
0.0,1.0,2.3060316156620075e-10,1.0
0.0,1.0,2.3070390042789768e-10,1.0
0.0,1.0,2.3095618473245594e-10,1.0
0.0,1.0,2.306986268685307e-10,1.0
0.0,1.0,2.310099334046356e-10,1.0
0.0,1.0,2.3108087665590915e-10,1.0
0.0,1.0,2.3089363754280612e-10,1.0
0.0,1.0,2.3114921088307483e-10,1.0
0.0,1.0,2.30758467889558e-10,1.0
0.0,1.0,2.3101036361605765e-10,1.0
0.0,1.0,2.3138652105458846e-10,1.0
0.0,1.0,2.331345949624364e-10,1.0
0.0,1.0,2.3115273584117801e-10,1.0
0.0,1.0,2.306506652338669e-10,1.0
0.0,1.0,0.0,1.0
0.0,1.0,2.3080380662232614e-10,1.0
0.0,1.0,2.3049674668929043e-10,1.0
0.0,1.0,2.3063967402592311e-10,1.0
0.0,1.0,2.3070653720758116e-10,1.0
0.0,1.0,2.308465224531986e-10,1.0
0.0,1.0,2.3040355734416096e-10,1.0
0.0,1.0,2.3146068395263342e-10,1.0
0.0,1.0,2.307906088461209e-10,1.0
0.0,1.0,2.3065682697165357e-10,1.0
0.0,1.0,2.3060492404525235e-10,1.0
0.0,1.0,2.3096542733913594e-10,1.0
0.0,1.0,2.3086192679766526e-10,1.0
0.0,1.0,2.3091961676158235e-10,1.0
0.0,1.0,2.313123859121191e-10,1.0
0.0,1.0,1.6326778993196613e-33,1.0
0.0,1.0,2.3105178881266397e-10,1.0
0.0,1.0,0.0,1.0
0.0,1.0,2.3093151002573364e-10,1.0
0.0,1.0,2.308412350160438e-10,1.0
0.0,1.0,2.3085004741130177e-10,1.0
0.0,1.0,2.308429974950954e-10,1.0
0.0,1.0,2.3137725069233284e-10,1.0
0.0,1.0,2.308311042309441e-10,1.0
0.0,1.0,2.3077696698070582e-10,1.0
0.0,1.0,2.3082757927284092e-10,1.0
0.0,1.0,2.3073339072698928e-10,1.0
0.0,1.0,0.0,1.0
0.0,1.0,0.0,1.0
0.0,1.0,3.174361338428363e-21,1.0
0.0,1.0,2.31527796934472e-10,1.0
0.0,1.0,2.633098461490846e-10,1.0
0.0,1.0,2.3110027780326448e-10,1.0
0.0,1.0,1.5810590865015611e-24,1.0
0.0,1.0,2.30813493318216e-10,1.0
0.0,1.0,2.3118933156762722e-10,1.0
0.0,1.0,2.3424714945541325e-10,1.0
0.0,1.0,2.312321029096509e-10,1.0
0.0,1.0,2.3080293232169424e-10,1.0
0.0,1.0,2.3077476041244438e-10,1.0
0.0,1.0,2.308997992805928e-10,1.0
0.0,1.0,2.311571350999131e-10,1.0
0.0,1.0,2.305943630487306e-10,1.0
0.0,1.0,2.3088218836786467e-10,1.0
0.0,1.0,2.308623708868751e-10,1.0
0.0,1.0,2.3086853262466178e-10,1.0
0.0,1.0,2.3130047877018e-10,1.0
0.0,1.0,2.3090156175964438e-10,1.0
0.0,1.0,2.3088130018944497e-10,1.0
0.0,1.0,3.4758429467984797e-10,1.0
0.0,1.0,4.1573181008836e-10,1.0
0.0,1.0,2.307712354543412e-10,1.0
0.0,1.0,2.8821988351523942e-08,0.9999999403953552
0.0,1.0,2.3061723364303788e-10,1.0
0.0,1.0,2.3109718305658333e-10,1.0
0.0,1.0,2.3441429353177057e-10,1.0
0.0,1.0,2.3114038461002906e-10,1.0
0.0,1.0,2.309209351514241e-10,1.0
0.0,1.0,2.3114567204718384e-10,1.0
0.0,1.0,0.0,1.0
0.0,1.0,2.314986535800756e-10,1.0
0.0,1.0,0.0,1.0
0.0,1.0,2.3097644630265535e-10,1.0
0.0,1.0,2.3188577447097458e-10,1.0
0.0,1.0,6.526921060867608e-05,0.9999207258224487
0.0,1.0,2.309632346486623e-10,1.0
0.0,1.0,2.3062339538082455e-10,1.0
0.0,1.0,2.3162584350533422e-10,1.0
0.0,1.0,2.317730174450361e-10,1.0
0.0,1.0,2.3242686941760127e-10,1.0
0.0,1.0,2.3121446424134717e-10,1.0
0.0,1.0,2.3085620914908844e-10,1.0
0.0,1.0,2.294387735357617e-10,1.0
0.0,1.0,2.3074395172351103e-10,1.0
0.0,1.0,2.3081306310679395e-10,1.0
0.0,1.0,2.3129385906539568e-10,1.0
0.0,1.0,2.1932822225068094e-10,1.0
0.0,1.0,2.2545867420292603e-20,1.0
0.0,1.0,0.0,1.0
0.0,1.0,0.0,1.0
0.0,1.0,2.4266494369484803e-10,1.0
0.0,1.0,2.307105062548942e-10,1.0
0.0,1.0,3.8104570969475494e-31,1.0
0.0,1.0,2.3080116984264265e-10,1.0
0.0,1.0,2.3165147577941525e-10,1.0
0.0,1.0,2.309504532060913e-10,1.0
0.0,1.0,2.3074658850319452e-10,1.0
0.0,1.0,4.004993962126427e-24,1.0
0.0,1.0,2.4964411093897354e-10,1.0
0.0,1.0,2.3090684919679916e-10,1.0
0.0,1.0,9.186307096953339e-12,1.0
0.0,1.0,2.310346081113579e-10,1.0
0.0,1.0,2.3173632457407223e-10,1.0
0.0,1.0,5.046809288122608e-36,1.0
0.0,1.0,0.0,1.0
0.0,1.0,2.313476910043022e-10,1.0
0.0,1.0,2.382002650680448e-10,1.0
0.0,1.0,2.3098305212965187e-10,1.0
0.0,1.0,0.0,1.0
0.0,1.0,2.3060975351540947e-10,1.0
0.0,1.0,2.3277557659184822e-10,1.0
0.0,1.0,2.3104694546471904e-10,1.0
0.0,1.0,2.3074350763430118e-10,1.0
0.0,1.0,8.311606509655862e-15,1.0
0.0,1.0,2.3084167910525366e-10,1.0
0.0,1.0,2.3067882326532896e-10,1.0
0.0,1.0,2.3079192723596265e-10,1.0
0.0,1.0,2.3114038461002906e-10,1.0
0.0,1.0,2.3757093514653604e-10,1.0
0.0,1.0,2.425751821633071e-10,1.0
0.0,1.0,0.0,1.0
0.0,1.0,2.4033056100769556e-10,1.0
0.0,1.0,2.3083154832015396e-10,1.0
0.0,1.0,2.3388149750225296e-10,1.0
0.0,1.0,0.0,1.0
0.0,1.0,2.3122063985692165e-10,1.0
0.0,1.0,2.310786700876477e-10,1.0
0.0,1.0,2.300219875683851e-10,1.0
0.0,1.0,2.306145968633544e-10,1.0
0.0,1.0,2.3070742538600086e-10,1.0
0.0,1.0,2.305213658848615e-10,1.0
0.0,1.0,2.3029284035303021e-10,1.0
0.0,1.0,2.2981849756575912e-10,1.0
0.0,1.0,2.3266372162211724e-10,1.0
0.0,1.0,0.0,1.0
0.0,1.0,2.3039124774637543e-10,1.0
0.0,1.0,0.0,1.0
0.0,1.0,2.3033237817049468e-10,1.0
0.0,1.0,2.3227619827537183e-10,1.0
0.0,1.0,2.3036576812796028e-10,1.0
0.0,1.0,2.547216729499372e-38,1.0
0.0,1.0,2.303539026193846e-10,1.0
0.0,1.0,1.4782657353608134e-37,1.0
0.0,1.0,2.3205655452773755e-10,1.0
0.0,1.0,2.3010360283848286e-10,1.0
0.0,1.0,2.3008955851722135e-10,1.0
0.0,1.0,2.2996275717002135e-10,1.0
0.0,1.0,2.301347584721114e-10,1.0
0.0,1.0,2.3034907314922748e-10,1.0
0.0,1.0,2.3023487283335697e-10,1.0
0.0,1.0,2.3054951003853574e-10,1.0
0.0,1.0,2.303881807552699e-10,1.0
0.0,1.0,2.3262911041932455e-10,1.0
0.0,1.0,2.3065727106086342e-10,1.0
0.0,1.0,2.3025419071398545e-10,1.0
0.0,1.0,2.30175586923842e-10,1.0
0.0,1.0,2.3022345141399114e-10,1.0
0.0,1.0,2.3055082842837749e-10,1.0
0.0,1.0,2.3279422833866192e-10,1.0
0.0,1.0,2.3003909888075214e-10,1.0
0.0,1.0,2.3085092171193367e-10,1.0
0.0,1.0,2.3045101937846368e-10,1.0
0.0,1.0,2.30854002580827e-10,1.0
0.0,1.0,0.0,1.0
0.0,1.0,2.3029284035303021e-10,1.0
0.0,1.0,7.609518687368665e-15,1.0
0.0,1.0,0.0,1.0
0.0,1.0,2.3034688045875384e-10,1.0
0.0,1.0,2.3004742555343682e-10,1.0
0.0,1.0,2.3019183781336494e-10,1.0
0.0,1.0,2.303807006276415e-10,1.0
0.0,1.0,0.0,1.0
0.0,1.0,1.5233686777747137e-25,1.0
0.0,1.0,2.314368419131796e-10,1.0
0.0,1.0,2.3209639765653378e-10,1.0
0.0,1.0,2.3004786964264667e-10,1.0
0.0,1.0,2.3033501495017816e-10,1.0
0.0,1.0,2.301747126232101e-10,1.0
0.0,1.0,2.3019007533431335e-10,1.0
0.0,1.0,2.3285195993594243e-10,1.0
0.0,1.0,2.300443585623313e-10,1.0
0.0,1.0,2.3005050642233016e-10,1.0
0.0,1.0,2.3045629293783065e-10,1.0
0.0,1.0,2.3035785778890983e-10,1.0
0.0,1.0,2.302370655238306e-10,1.0
0.0,1.0,2.2999040172333451e-10,1.0
0.0,1.0,2.3038949914511164e-10,1.0
0.0,1.0,0.0,1.0
0.0,1.0,2.3034818497080778e-10,1.0
0.0,1.0,2.3005050642233016e-10,1.0
0.0,1.0,2.3002988402964775e-10,1.0
0.0,1.0,2.4517537999813044e-10,1.0
0.0,1.0,2.3014090633211026e-10,1.0
0.0,1.0,2.825217250375839e-16,1.0
0.0,1.0,3.963683288672266e-24,1.0
0.0,1.0,2.1623609427479096e-06,0.9999977350234985
0.0,1.0,2.3018612016478812e-10,1.0
0.0,1.0,2.3030426177239605e-10,1.0
0.0,1.0,2.3038509988637657e-10,1.0
0.0,1.0,2.3041937802226187e-10,1.0
0.0,1.0,2.3011809124895422e-10,1.0
0.0,1.0,2.304299251409958e-10,1.0
0.0,1.0,2.329519077637343e-10,1.0
0.0,1.0,2.2998337956270376e-10,1.0
0.0,1.0,2.303112839330268e-10,1.0
0.0,1.0,2.303038176831862e-10,1.0
0.0,1.0,2.3025067963367007e-10,1.0
0.0,1.0,2.3029107787397862e-10,1.0
0.0,1.0,2.1532723885461894e-34,1.0
0.0,1.0,2.3045365615814717e-10,1.0
0.0,1.0,2.8505605561575234e-23,1.0
0.0,1.0,2.3005138072296205e-10,1.0
0.0,1.0,2.3033588925081006e-10,1.0
0.0,1.0,2.3032929730160134e-10,1.0
0.0,1.0,1.4841150150217113e-20,1.0
0.0,1.0,2.301523277514761e-10,1.0
0.0,1.0,2.3043300600988914e-10,1.0
0.0,1.0,5.194373056539496e-37,1.0
0.0,1.0,2.3049938346897392e-10,1.0
0.0,1.0,6.643910862549272e-28,1.0
0.0,1.0,2.301848156527342e-10,1.0
0.0,1.0,2.301562690432135e-10,1.0
0.0,1.0,2.3051741071533627e-10,1.0
0.0,1.0,2.3061723364303788e-10,1.0
0.0,1.0,2.3009219529690483e-10,1.0
0.0,1.0,5.201385002741648e-32,1.0
0.0,1.0,2.3026078266319416e-10,1.0
0.0,1.0,2.304549745479889e-10,1.0
0.0,1.0,2.3233823198687276e-10,1.0
0.0,1.0,2.303121721114465e-10,1.0
0.0,1.0,2.30175586923842e-10,1.0
0.0,1.0,2.3223808987005157e-10,1.0
0.0,1.0,6.423720856825559e-29,1.0
0.0,1.0,5.310409961378954e-25,1.0
0.0,1.0,2.3035609530985823e-10,1.0
0.0,1.0,2.330661219573926e-10,1.0
0.0,1.0,2.3075275024098119e-10,1.0
0.0,1.0,2.305002577696058e-10,1.0
0.0,1.0,2.2979439184833694e-10,1.0
0.0,1.0,2.3024891715461848e-10,1.0
0.0,1.0,2.301962231943122e-10,1.0
0.0,1.0,3.896464859197861e-37,1.0
0.0,1.0,2.3071843047173246e-10,1.0
0.0,1.0,2.3201052190557903e-10,1.0
0.0,1.0,2.325137860026416e-10,1.0
0.0,1.0,2.3030602425144764e-10,1.0
0.0,1.0,2.3017075745368487e-10,1.0
0.0,1.0,0.0,1.0
0.0,1.0,2.3280222194443922e-10,1.0
0.0,1.0,2.302287249733581e-10,1.0
0.0,1.0,2.3014617989147723e-10,1.0
0.0,1.0,2.301216023292696e-10,1.0
0.0,1.0,2.303556650984362e-10,1.0
0.0,1.0,2.3023574713398887e-10,1.0
0.0,1.0,2.303974094841621e-10,1.0
0.0,1.0,2.3026429374350954e-10,1.0
0.0,1.0,2.3071843047173246e-10,1.0
0.0,1.0,2.3019094963494524e-10,1.0
0.0,1.0,2.30028565639806e-10,1.0
0.0,1.0,2.303965213057424e-10,1.0
0.0,1.0,2.3019007533431335e-10,1.0
0.0,1.0,2.302787821539809e-10,1.0
0.0,1.0,2.3062603216050803e-10,1.0
0.0,1.0,2.3033852603049354e-10,1.0
0.0,1.0,2.303038176831862e-10,1.0
0.0,1.0,0.0,1.0
0.0,1.0,2.3045805541688225e-10,1.0
0.0,1.0,2.3010975069848172e-10,1.0
0.0,1.0,2.3022257711335925e-10,1.0
0.0,1.0,0.0,1.0
0.0,1.0,2.3039081753495338e-10,1.0
0.0,1.0,2.3015407635273988e-10,1.0
0.0,1.0,2.3011632876990262e-10,1.0
0.0,1.0,2.3246234104323804e-10,1.0
0.0,1.0,2.301356466505311e-10,1.0
0.0,1.0,2.3012949879053224e-10,1.0
0.0,1.0,2.5405760828434154e-10,1.0
0.0,1.0,2.3025242823493386e-10,1.0
0.0,1.0,2.3047123931529967e-10,1.0
0.0,1.0,2.303547769200165e-10,1.0
0.0,1.0,2.3015495065337177e-10,1.0
0.0,1.0,2.3033940033112543e-10,1.0
0.0,1.0,2.302313478752538e-10,1.0
0.0,1.0,2.3175400487573938e-10,1.0
0.0,1.0,2.3010141014800922e-10,1.0
0.0,1.0,2.304123419838433e-10,1.0
0.0,1.0,2.301988599739957e-10,1.0
0.0,1.0,2.3047123931529967e-10,1.0
0.0,1.0,2.3271254367962513e-10,1.0
0.0,1.0,5.337969070909948e-33,1.0
0.0,1.0,2.31493352265133e-10,1.0
0.0,1.0,2.303965213057424e-10,1.0
0.0,1.0,2.3003295102075327e-10,1.0
0.0,1.0,2.3035873208954172e-10,1.0
0.0,1.0,2.3019007533431335e-10,1.0
0.0,1.0,2.2991407389039153e-10,1.0
0.0,1.0,2.3015275796289814e-10,1.0
0.0,1.0,2.3033765172986165e-10,1.0
0.0,1.0,2.3042728836131232e-10,1.0
0.0,1.0,2.3058469023062855e-10,1.0
0.0,1.0,2.3314214447900383e-10,1.0
0.0,1.0,0.0,1.0
0.0,1.0,2.3059128217983726e-10,1.0
0.0,1.0,0.0,1.0
0.0,1.0,2.3043959795909785e-10,1.0
0.0,1.0,0.0,1.0
0.0,1.0,2.3036576812796028e-10,1.0
0.0,1.0,2.30553895419483e-10,1.0
0.0,1.0,0.0,1.0
0.0,1.0,2.300610396632763e-10,1.0
0.0,1.0,0.0,1.0
0.0,1.0,2.301896451228913e-10,1.0
0.0,1.0,2.3016022421273874e-10,1.0
0.0,1.0,2.3018568995336608e-10,1.0
0.0,1.0,2.3034203711080892e-10,1.0
0.0,1.0,2.3018437156352434e-10,1.0
0.0,1.0,2.3011194338895535e-10,1.0
0.0,1.0,2.304677282349843e-10,1.0
0.0,1.0,2.3082670497220903e-10,1.0
0.0,1.0,2.3044706420893846e-10,1.0
0.0,1.0,0.0,1.0
0.0,1.0,0.0,1.0
0.0,1.0,2.3023311035430538e-10,1.0
0.0,1.0,2.305582946782181e-10,1.0
0.0,1.0,2.3122768977312802e-10,1.0
0.0,1.0,2.3040268304352907e-10,1.0
0.0,1.0,2.507723593225819e-07,0.9999997615814209
0.0,1.0,2.3021028139336153e-10,1.0
0.0,1.0,2.3033325247112657e-10,1.0
0.0,1.0,2.3007244720485431e-10,1.0
0.0,1.0,2.3008560334769612e-10,1.0
0.0,1.0,2.3056621889505635e-10,1.0
0.0,1.0,2.3048707387118839e-10,1.0
0.0,1.0,2.303112839330268e-10,1.0
0.0,1.0,2.3013826955242678e-10,1.0
0.0,1.0,2.3579679875318504e-10,1.0
0.0,1.0,2.303279789117596e-10,1.0
0.0,1.0,2.3021773376541432e-10,1.0
0.0,1.0,2.3034028850954513e-10,1.0
0.0,1.0,2.3051696662612642e-10,1.0
0.0,1.0,4.961978872212525e-19,1.0
0.0,1.0,2.3037455276764263e-10,1.0
0.0,1.0,2.3024189499398773e-10,1.0
0.0,1.0,2.3008298044580044e-10,1.0
0.0,1.0,2.3015583883179147e-10,1.0
0.0,1.0,2.30142224721952e-10,1.0
0.0,1.0,2.302072005244682e-10,1.0
0.0,1.0,2.3018920103368146e-10,1.0
0.0,1.0,2.3035917617875157e-10,1.0
0.0,1.0,2.3077431632323453e-10,1.0
0.0,1.0,2.3023398465493727e-10,1.0
0.0,1.0,2.304492707771999e-10,1.0
0.0,1.0,2.3030030660287082e-10,1.0
0.0,1.0,2.3058556453126045e-10,1.0
0.0,1.0,2.3037763363653596e-10,1.0
0.0,1.0,2.3070698129679101e-10,1.0
0.0,1.0,2.3033148999207498e-10,1.0
0.0,1.0,2.3164617446447267e-10,1.0
0.0,1.0,2.3050905628707596e-10,1.0
0.0,1.0,2.304501450778318e-10,1.0
0.0,1.0,2.303613688692252e-10,1.0
0.0,1.0,2.3014354311179375e-10,1.0
0.0,1.0,2.301738383225782e-10,1.0
0.0,1.0,2.3023311035430538e-10,1.0
0.0,1.0,2.3024189499398773e-10,1.0
0.0,1.0,2.3094824663782987e-10,1.0
0.0,1.0,2.3025506501461734e-10,1.0
0.0,1.0,2.3016812067400139e-10,1.0
0.0,1.0,2.303965213057424e-10,1.0
0.0,1.0,2.318344682894491e-10,1.0
0.0,1.0,2.3020983730415168e-10,1.0
0.0,1.0,2.3076243693687104e-10,1.0
0.0,1.0,2.3101477675258053e-10,1.0
0.0,1.0,2.3079016475691105e-10,1.0
0.0,1.0,2.3044047225972975e-10,1.0
0.0,1.0,2.3011194338895535e-10,1.0
0.0,1.0,2.3034116281017702e-10,1.0
0.0,1.0,0.0,1.0
0.0,1.0,2.302322360536735e-10,1.0
0.0,1.0,2.3048707387118839e-10,1.0
0.0,1.0,2.303530283187527e-10,1.0
0.0,1.0,2.311086461093126e-10,1.0
0.0,1.0,2.3058160936173522e-10,1.0
0.0,1.0,2.30119839850218e-10,1.0
0.0,1.0,2.3040970520415982e-10,1.0
0.0,1.0,2.3034511797970225e-10,1.0
0.0,1.0,2.3014441741242564e-10,1.0
0.0,1.0,2.3045981789593384e-10,1.0
0.0,1.0,2.3030075069208067e-10,1.0
0.0,1.0,6.947542985358268e-09,1.0
0.0,1.0,2.302454060743031e-10,1.0
0.0,1.0,2.3035170992891096e-10,1.0
0.0,1.0,2.303604945685933e-10,1.0
0.0,1.0,2.303815888060612e-10,1.0
0.0,1.0,2.417124278508709e-10,1.0
0.0,1.0,2.3027703355271711e-10,1.0
0.0,1.0,2.3021334838446705e-10,1.0
0.0,1.0,2.3020764461367804e-10,1.0
0.0,1.0,5.001311256959647e-36,1.0
0.0,1.0,2.301496909717926e-10,1.0
0.0,1.0,2.3220088352093882e-10,1.0
0.0,1.0,2.3036664242859217e-10,1.0
0.0,1.0,2.3025067963367007e-10,1.0
0.0,1.0,2.3258120429581197e-10,1.0
0.0,1.0,2.3040619412384444e-10,1.0
0.0,1.0,0.0,1.0
0.0,1.0,2.3022345141399114e-10,1.0
0.0,1.0,0.0,1.0
0.0,1.0,2.3020281514352092e-10,1.0
0.0,1.0,2.3022608819367463e-10,1.0
0.0,1.0,2.302322360536735e-10,1.0
0.0,1.0,2.321136616245667e-10,1.0
0.0,1.0,2.3019094963494524e-10,1.0
0.0,1.0,2.3029503304350385e-10,1.0
0.0,1.0,2.3059304465888886e-10,1.0
0.0,1.0,2.30164609593686e-10,1.0
0.0,1.0,2.3035345853017475e-10,1.0
0.0,1.0,2.3015452044194973e-10,1.0
0.0,1.0,2.3038333740732497e-10,1.0
0.0,1.0,2.3023355444351523e-10,1.0
0.0,1.0,2.3030426177239605e-10,1.0
0.0,1.0,2.3063570497861008e-10,1.0
0.0,1.0,2.3095089729530116e-10,1.0
0.0,1.0,2.3037850793716785e-10,1.0
0.0,1.0,3.1281851294026032e-31,1.0
0.0,1.0,2.301273061000586e-10,1.0
0.0,1.0,2.3060843512556772e-10,1.0
0.0,1.0,2.303130464120784e-10,1.0
0.0,1.0,2.8018471201404284e-27,1.0
0.0,1.0,2.3013300987084762e-10,1.0
0.0,1.0,2.3008560334769612e-10,1.0
0.0,1.0,2.3048707387118839e-10,1.0
0.0,1.0,2.302480428539866e-10,1.0
0.0,1.0,2.2993380810465425e-10,1.0
0.0,1.0,2.305591828566378e-10,1.0
0.0,1.0,2.3049145925213566e-10,1.0
0.0,1.0,2.3255369852037688e-10,1.0
0.0,1.0,2.3023838391367235e-10,1.0
0.0,1.0,6.76295641710567e-09,1.0
0.0,1.0,2.300601514848566e-10,1.0
0.0,1.0,2.3086457745513655e-10,1.0
0.0,1.0,2.309870211769649e-10,1.0
0.0,1.0,2.3010798821943013e-10,1.0
0.0,1.0,2.3053191300359543e-10,1.0
0.0,1.0,5.108218008837888e-25,1.0
0.0,1.0,2.3016900885242109e-10,1.0
0.0,1.0,2.3021817785462417e-10,1.0
0.0,1.0,2.2382094788664375e-10,1.0
0.0,1.0,2.3048180031182142e-10,1.0
0.0,1.0,2.3046156649719762e-10,1.0
0.0,1.0,2.3046817232419414e-10,1.0
0.0,1.0,2.3047212749371937e-10,1.0
0.0,1.0,2.3004786964264667e-10,1.0
0.0,1.0,2.3032578622128597e-10,1.0
0.0,1.0,2.3038773666606005e-10,1.0
0.0,1.0,2.3027263429398204e-10,1.0
0.0,1.0,2.3050421293913104e-10,1.0
0.0,1.0,2.3031612728097173e-10,1.0
0.0,1.0,2.3004699534201478e-10,1.0
0.0,1.0,2.3082230571347395e-10,1.0
0.0,1.0,2.3070081955900434e-10,1.0
0.0,1.0,2.3009613658864225e-10,1.0
0.0,1.0,2.3041937802226187e-10,1.0
0.0,1.0,2.3011720307053452e-10,1.0
0.0,1.0,2.3008868421658946e-10,1.0
0.0,1.0,2.300013651757027e-10,1.0
0.0,1.0,2.3025770179430083e-10,1.0
0.0,1.0,2.3017515671241995e-10,1.0
0.0,1.0,2.3047959374355997e-10,1.0
0.0,1.0,1.7526248541344103e-07,0.9999998211860657
0.0,1.0,2.2985226222349553e-10,1.0
0.0,1.0,2.3032534213207612e-10,1.0
0.0,1.0,2.3029592122192355e-10,1.0
0.0,1.0,2.3024057660414599e-10,1.0
0.0,1.0,2.303389701197034e-10,1.0
0.0,1.0,2.3059963660809757e-10,1.0
0.0,1.0,2.3034203711080892e-10,1.0
0.0,1.0,0.0,1.0
0.0,1.0,2.3013037309116413e-10,1.0
0.0,1.0,2.3030075069208067e-10,1.0
0.0,1.0,2.3000749915791374e-10,1.0
0.0,1.0,2.3033325247112657e-10,1.0
0.0,1.0,2.303297413908112e-10,1.0
0.0,1.0,2.3000575055664996e-10,1.0
0.0,1.0,2.3019447459304843e-10,1.0
0.0,1.0,2.3037279028859103e-10,1.0
0.0,1.0,2.3050816810865626e-10,1.0
0.0,1.0,2.3025770179430083e-10,1.0
0.0,1.0,2.3043432439973088e-10,1.0
0.0,1.0,2.3264330739625194e-10,1.0
0.0,1.0,5.546503605455745e-33,1.0
0.0,1.0,2.3003382532138517e-10,1.0
0.0,1.0,2.3054951003853574e-10,1.0
0.0,1.0,8.755752569360737e-25,1.0
0.0,1.0,2.304844370915049e-10,1.0
0.0,1.0,2.301821788730507e-10,1.0
0.0,1.0,2.3063922993671326e-10,1.0
0.0,1.0,2.3024496198509325e-10,1.0
0.0,1.0,2.3021773376541432e-10,1.0
0.0,1.0,2.303130464120784e-10,1.0
0.0,1.0,2.300369061902785e-10,1.0
0.0,1.0,2.3153087780336534e-10,1.0
0.0,1.0,4.518312839457899e-34,1.0
0.0,1.0,2.304382795692561e-10,1.0
0.0,1.0,2.304114676832114e-10,1.0
0.0,1.0,2.3075538702066467e-10,1.0
0.0,1.0,2.3054951003853574e-10,1.0
0.0,1.0,2.3008034366611696e-10,1.0
0.0,1.0,2.7396790645005806e-27,1.0
0.0,1.0,6.298810084626183e-11,1.0
0.0,1.0,2.3017426853400025e-10,1.0
0.0,1.0,2.303648938273284e-10,1.0
0.0,1.0,6.357759919580712e-34,1.0
0.0,1.0,2.300452328629632e-10,1.0
0.0,1.0,2.3063394249955849e-10,1.0
0.0,1.0,2.3044310903941323e-10,1.0
0.0,1.0,2.3162276263644088e-10,1.0
0.0,1.0,2.304835489130852e-10,1.0
0.0,1.0,2.2995749748844219e-10,1.0
0.0,1.0,2.301738383225782e-10,1.0
0.0,1.0,2.3050816810865626e-10,1.0
0.0,1.0,2.30246280374935e-10,1.0
0.0,1.0,2.301962231943122e-10,1.0
0.0,1.0,2.3033940033112543e-10,1.0
0.0,1.0,2.3035962026796142e-10,1.0
0.0,1.0,2.3056709319568824e-10,1.0
0.0,1.0,2.3021949624446592e-10,1.0
0.0,1.0,2.3024102069335584e-10,1.0
0.0,1.0,0.0,1.0
0.0,1.0,2.3056269393695317e-10,1.0
0.0,1.0,2.305178409267583e-10,1.0
0.0,1.0,2.301338841714795e-10,1.0
0.0,1.0,3.6076956061764727e-31,1.0
0.0,1.0,2.3008472904706423e-10,1.0
0.0,1.0,2.3075538702066467e-10,1.0
0.0,1.0,2.3072722898920262e-10,1.0
0.0,1.0,2.328861548051009e-10,1.0
0.0,1.0,2.3028449980255772e-10,1.0
0.0,1.0,2.2993731918496962e-10,1.0
0.0,1.0,2.2983559500033834e-10,1.0
0.0,1.0,5.156601785108822e-38,1.0
0.0,1.0,2.298426171609691e-10,1.0
0.0,1.0,2.300127727172807e-10,1.0
0.0,1.0,2.2990311043802336e-10,1.0
0.0,1.0,2.3009702476706195e-10,1.0
0.0,1.0,2.2983953629207576e-10,1.0
0.0,1.0,2.2996626825033673e-10,1.0
0.0,1.0,2.2992241444086403e-10,1.0
0.0,1.0,2.2977028613091477e-10,1.0
0.0,1.0,2.3025242823493386e-10,1.0
0.0,1.0,2.2976896774107303e-10,1.0
0.0,1.0,2.300417217826478e-10,1.0
0.0,1.0,2.2987242664918028e-10,1.0
0.0,1.0,2.2993118520275857e-10,1.0
0.0,1.0,2.299342521938641e-10,1.0
0.0,1.0,2.2999170623538845e-10,1.0
0.0,1.0,2.3000838733633344e-10,1.0
0.0,1.0,2.3008209226738074e-10,1.0
0.0,1.0,2.2984042447049546e-10,1.0
0.0,1.0,2.3016900885242109e-10,1.0
0.0,1.0,2.2994872672654765e-10,1.0
0.0,1.0,2.3010755800800808e-10,1.0
0.0,1.0,2.342668004029491e-10,1.0
0.0,1.0,2.2995443049733666e-10,1.0
0.0,1.0,2.3008385474643234e-10,1.0
0.0,1.0,0.00012064079055562615,0.9998984336853027
0.0,1.0,2.2980535530070512e-10,1.0
0.0,1.0,2.299912760239664e-10,1.0
0.0,1.0,2.298202600448107e-10,1.0
0.0,1.0,2.2990399861644306e-10,1.0
0.0,1.0,2.300360180118588e-10,1.0
0.0,1.0,2.299175849707069e-10,1.0
0.0,1.0,0.0,1.0
0.0,1.0,2.2997680149128286e-10,1.0
0.0,1.0,2.29843491461601e-10,1.0
0.0,1.0,2.3611859689687265e-10,1.0
0.0,1.0,2.3006278826454007e-10,1.0
0.0,1.0,2.299276741224432e-10,1.0
0.0,1.0,2.2997548310144111e-10,1.0
0.0,1.0,9.507656918893955e-24,1.0
0.0,1.0,2.3011545446927073e-10,1.0
0.0,1.0,2.72470002016182e-21,1.0
0.0,1.0,2.3020413353336266e-10,1.0
0.0,1.0,2.349648808852578e-10,1.0
0.0,1.0,2.337459392709462e-10,1.0
0.0,1.0,2.298715523485484e-10,1.0
0.0,1.0,2.6725949561509294e-33,1.0
0.0,1.0,2.2993293380402235e-10,1.0
0.0,1.0,2.29935126494496e-10,1.0
0.0,1.0,2.298969764558123e-10,1.0
0.0,1.0,2.3003339510996312e-10,1.0
0.0,1.0,2.3003733640170054e-10,1.0
0.0,1.0,2.3426188766606515e-10,1.0
0.0,1.0,2.298071039019689e-10,1.0
0.0,1.0,2.3130974913243563e-10,1.0
0.0,1.0,2.3013081718037398e-10,1.0
0.0,1.0,2.3218760247800674e-10,1.0
0.0,1.0,2.300566404045412e-10,1.0
0.0,1.0,2.2994608994686416e-10,1.0
0.0,1.0,3.1108837118398654e-38,1.0
0.0,1.0,2.299118811999179e-10,1.0
0.0,1.0,2.3002241777980714e-10,1.0
0.0,1.0,2.299689050300202e-10,1.0
0.0,1.0,6.86080721688534e-34,1.0
0.0,1.0,2.299987283960192e-10,1.0
0.0,1.0,2.299417045659169e-10,1.0
0.0,1.0,2.2991626658086517e-10,1.0
0.0,1.0,2.3001803239885987e-10,1.0
0.0,1.0,2.2993557058370584e-10,1.0
0.0,1.0,2.2988119741107482e-10,1.0
0.0,1.0,2.3001189841664882e-10,1.0
0.0,1.0,2.30028565639806e-10,1.0
0.0,1.0,2.299417045659169e-10,1.0
0.0,1.0,2.301264179216389e-10,1.0
0.0,1.0,2.299425927443366e-10,1.0
0.0,1.0,2.298277124168635e-10,1.0
0.0,1.0,2.2989435355391663e-10,1.0
0.0,1.0,2.247231350338552e-05,0.9999756813049316
0.0,1.0,2.3425070216909205e-10,1.0
0.0,1.0,2.3281021555021653e-10,1.0
0.0,1.0,2.3000575055664996e-10,1.0
0.0,1.0,2.3173986340996322e-10,1.0
0.0,1.0,2.2987198255997043e-10,1.0
0.0,1.0,2.2988733139328588e-10,1.0
0.0,1.0,2.3000223947633458e-10,1.0
0.0,1.0,2.3023355444351523e-10,1.0
0.0,1.0,2.3001232862807086e-10,1.0
0.0,1.0,2.298294610181273e-10,1.0
0.0,1.0,2.3004961824391046e-10,1.0
0.0,1.0,2.345663663305686e-10,1.0
0.0,1.0,2.2980754799117875e-10,1.0
0.0,1.0,2.2979526614896884e-10,1.0
0.0,1.0,2.298969764558123e-10,1.0
0.0,1.0,2.321468711707908e-10,1.0
0.0,1.0,2.2999917248522905e-10,1.0
0.0,1.0,2.2989171677423315e-10,1.0
0.0,1.0,0.0,1.0
0.0,1.0,2.298614631968121e-10,1.0
0.0,1.0,2.298145562740217e-10,1.0
0.0,1.0,2.3003733640170054e-10,1.0
0.0,1.0,2.299127693783376e-10,1.0
0.0,1.0,2.2982332703591624e-10,1.0
0.0,1.0,0.0,1.0
0.0,1.0,2.3165147577941525e-10,1.0
0.0,1.0,2.2993205950339046e-10,1.0
0.0,1.0,2.299996026966511e-10,1.0
0.0,1.0,3.1893844010255634e-08,1.0
0.0,1.0,2.2985137404507583e-10,1.0
0.0,1.0,2.299259255211794e-10,1.0
0.0,1.0,2.3056796749632014e-10,1.0
0.0,1.0,2.2998995763412466e-10,1.0
0.0,1.0,2.3002592886012252e-10,1.0
0.0,1.0,2.3047123931529967e-10,1.0
0.0,1.0,2.305574203775862e-10,1.0
0.0,1.0,2.3117124881011364e-10,1.0
0.0,1.0,2.3007683258580158e-10,1.0
0.0,1.0,2.3207426258498032e-10,1.0
0.0,1.0,2.297593365563344e-10,1.0
0.0,1.0,9.492198990700179e-28,1.0
0.0,1.0,2.297799311934412e-10,1.0
0.0,1.0,2.2987242664918028e-10,1.0
0.0,1.0,2.300360180118588e-10,1.0
0.0,1.0,2.2983120961939107e-10,1.0
0.0,1.0,2.2992197035165418e-10,1.0
0.0,1.0,2.298614631968121e-10,1.0
0.0,1.0,2.3312615726744923e-10,1.0
0.0,1.0,2.2988996817296936e-10,1.0
0.0,1.0,0.0,1.0
0.0,1.0,2.2992942272370698e-10,1.0
0.0,1.0,2.3006191396390818e-10,1.0
0.0,1.0,2.3007858118706537e-10,1.0
0.0,1.0,2.3028318141271598e-10,1.0
0.0,1.0,2.29940830265285e-10,1.0
0.0,1.0,2.3044663399751641e-10,1.0
0.0,1.0,1.0527908839846889e-12,1.0
0.0,1.0,2.2990793990818048e-10,1.0
0.0,1.0,2.2978913216675778e-10,1.0
0.0,1.0,2.299855722531774e-10,1.0
0.0,1.0,2.3006366256517197e-10,1.0
0.0,1.0,2.3048003783276982e-10,1.0
0.0,1.0,2.2995047532781143e-10,1.0
0.0,1.0,2.2986540448854953e-10,1.0
0.0,1.0,2.3049762098992232e-10,1.0
0.0,1.0,2.3320487207989515e-10,1.0
0.0,1.0,2.426311671306283e-29,1.0
0.0,1.0,2.3427931816755176e-10,1.0
0.0,1.0,2.299210960510223e-10,1.0
0.0,1.0,2.2989346537549693e-10,1.0
0.0,1.0,2.2989916914628594e-10,1.0
0.0,1.0,2.3063570497861008e-10,1.0
0.0,1.0,2.3092490419873712e-10,1.0
0.0,1.0,2.299846979525455e-10,1.0
0.0,1.0,2.2994478543481023e-10,1.0
0.0,1.0,4.898994916402444e-07,0.9999995231628418
0.0,1.0,2.2975582547601903e-10,1.0
0.0,1.0,2.3001803239885987e-10,1.0
0.0,1.0,2.3002505455949063e-10,1.0
0.0,1.0,2.297751156010719e-10,1.0
0.0,1.0,2.2998820903286088e-10,1.0
0.0,1.0,2.2990881420881237e-10,1.0
0.0,1.0,2.297987772292842e-10,1.0
0.0,1.0,2.3007068472580272e-10,1.0
0.0,1.0,2.3116507319453916e-10,1.0
0.0,1.0,2.298969764558123e-10,1.0
0.0,1.0,2.3000575055664996e-10,1.0
0.0,1.0,2.269727019665879e-06,0.9999978542327881
0.0,1.0,2.3001101023822912e-10,1.0
0.0,1.0,2.2986540448854953e-10,1.0
0.0,1.0,2.3007683258580158e-10,1.0
0.0,1.0,2.3004831373185652e-10,1.0
0.0,1.0,2.3002418025885873e-10,1.0
0.0,1.0,0.0,1.0
0.0,1.0,2.298838203129705e-10,1.0
0.0,1.0,2.3014003203147837e-10,1.0
0.0,1.0,2.2987593772949566e-10,1.0
0.0,1.0,2.3003733640170054e-10,1.0
0.0,1.0,2.3169124951927245e-10,1.0
0.0,1.0,2.3011852146037626e-10,1.0
0.0,1.0,2.049678329285598e-07,0.9999998211860657
0.0,1.0,2.3001715809822798e-10,1.0
0.0,1.0,2.2979571023817869e-10,1.0
0.0,1.0,2.3049849529055422e-10,1.0
0.0,1.0,2.3006059557406644e-10,1.0
0.0,1.0,2.291968975720593e-10,1.0
0.0,1.0,2.3040795660289604e-10,1.0
0.0,1.0,2.3003733640170054e-10,1.0
0.0,1.0,2.2988864978312762e-10,1.0
0.0,1.0,6.778512944489415e-37,1.0
0.0,1.0,5.607469655688434e-35,1.0
0.0,1.0,2.2984787684254826e-10,1.0
0.0,1.0,2.300162837975961e-10,1.0
0.0,1.0,2.2981894165496897e-10,1.0
0.0,1.0,2.2962570733753296e-10,1.0
0.0,1.0,2.3135739157797985e-10,1.0
0.0,1.0,2.298202600448107e-10,1.0
0.0,1.0,2.296646900434851e-10,1.0
0.0,1.0,2.3009262550832688e-10,1.0
0.0,1.0,1.0136372969440145e-17,1.0
0.0,1.0,2.2997680149128286e-10,1.0
0.0,1.0,1.030870635077008e-06,0.9999989867210388
0.0,1.0,2.297865092648621e-10,1.0
0.0,1.0,2.2998732085444118e-10,1.0
0.0,1.0,2.3002988402964775e-10,1.0
0.0,1.0,2.2999346871444004e-10,1.0
0.0,1.0,2.299118811999179e-10,1.0
0.0,1.0,2.3059876230746568e-10,1.0
0.0,1.0,2.2996626825033673e-10,1.0
0.0,1.0,2.2995837178907408e-10,1.0
0.0,1.0,1.298321760805923e-26,1.0
0.0,1.0,2.2987681203012755e-10,1.0
0.0,1.0,2.302072005244682e-10,1.0
0.0,1.0,2.301804163939991e-10,1.0
0.0,1.0,2.311417168776586e-10,1.0
0.0,1.0,2.2995136350623113e-10,1.0
0.0,1.0,2.313132740905388e-10,1.0
0.0,1.0,2.2986759717902316e-10,1.0
0.0,1.0,2.3001803239885987e-10,1.0
0.0,1.0,2.3020149675367918e-10,1.0
0.0,1.0,2.2995705339923234e-10,1.0
0.0,1.0,2.2978693947628415e-10,1.0
0.0,1.0,2.2996100856875756e-10,1.0
0.0,1.0,2.2999478710428178e-10,1.0
0.0,1.0,2.3004216587185766e-10,1.0
0.0,1.0,2.3001189841664882e-10,1.0
0.0,1.0,2.2995617909860044e-10,1.0
0.0,1.0,2.2991890336054865e-10,1.0
0.0,1.0,2.3044795238735816e-10,1.0
0.0,1.0,2.2996803072938832e-10,1.0
0.0,1.0,2.2992154014023214e-10,1.0
0.0,1.0,0.0,1.0
0.0,1.0,2.299855722531774e-10,1.0
0.0,1.0,2.3103724489104138e-10,1.0
0.0,1.0,2.3086632605640034e-10,1.0
0.0,1.0,1.6181217823985072e-11,1.0
0.0,1.0,2.309420849000432e-10,1.0
0.0,1.0,2.3092534828794697e-10,1.0
0.0,1.0,2.3112010916204184e-10,1.0
0.0,1.0,2.3070170773742404e-10,1.0
0.0,1.0,2.3231917778421263e-10,1.0
0.0,1.0,2.311187907722001e-10,1.0
0.0,1.0,2.311271590782482e-10,1.0
0.0,1.0,2.307593560679777e-10,1.0
0.0,1.0,2.3109894553563493e-10,1.0
0.0,1.0,2.3150836803154107e-10,1.0
0.0,1.0,3.090196187827132e-08,1.0
0.0,1.0,2.3092711076699857e-10,1.0
0.0,1.0,2.312585678510004e-10,1.0
0.0,1.0,2.30813493318216e-10,1.0
0.0,1.0,2.3093327250478524e-10,1.0
0.0,1.0,6.288207998750295e-08,0.9999999403953552
0.0,1.0,1.6971120064823708e-09,1.0
0.0,1.0,3.63150043369842e-08,0.9999999403953552
0.0,1.0,2.3119682557304344e-10,1.0
0.0,1.0,2.3107779578701582e-10,1.0
0.0,1.0,2.3112760316745806e-10,1.0
0.0,1.0,2.3065727106086342e-10,1.0
0.0,1.0,2.3155782846728812e-10,1.0
0.0,1.0,2.3067882326532896e-10,1.0
0.0,1.0,2.4113330709951697e-06,0.9999977946281433
0.0,1.0,1.759180122462567e-06,0.9999983310699463
0.0,1.0,2.3067882326532896e-10,1.0
0.0,1.0,2.358953032910449e-10,1.0
0.0,1.0,2.328630621661887e-10,1.0
0.0,1.0,2.3066473731070403e-10,1.0
0.0,1.0,2.315140995579057e-10,1.0
0.0,1.0,2.3094648415877828e-10,1.0
0.0,1.0,2.3086985101450352e-10,1.0
0.0,1.0,2.3128371440250817e-10,1.0
0.0,1.0,2.3093459089462698e-10,1.0
0.0,1.0,1.7713777822336851e-07,0.9999998211860657
0.0,1.0,1.7430044962907232e-08,1.0
0.0,1.0,8.516891369936275e-08,0.9999999403953552
0.0,1.0,1.6828549576075602e-07,0.9999998211860657
0.0,1.0,8.377846683060852e-08,0.9999999403953552
0.0,1.0,3.523491898249631e-08,0.9999999403953552
0.0,1.0,1.2825178430375672e-07,0.9999998807907104
0.0,1.0,5.416939785618524e-08,0.9999999403953552
0.0,1.0,1.3697284373392904e-07,0.9999998807907104
0.0,1.0,1.1276367217760708e-07,0.9999998807907104
0.0,1.0,4.086586216089927e-07,0.9999995827674866
0.0,1.0,1.365685022847174e-07,0.9999998807907104
0.0,1.0,2.313913782803212e-10,1.0
0.0,1.0,2.314050617790997e-10,1.0
0.0,1.0,2.310134583627388e-10,1.0
0.0,1.0,2.315993369306213e-10,1.0
0.0,1.0,2.3096850820802928e-10,1.0
0.0,1.0,2.3118315595205274e-10,1.0
0.0,1.0,2.308557650598786e-10,1.0
0.0,1.0,2.3088042588881308e-10,1.0
0.0,1.0,2.3130444781749304e-10,1.0
0.0,1.0,2.3118447434189449e-10,1.0
0.0,1.0,2.317893654790737e-10,1.0
0.0,1.0,2.3113509717287428e-10,1.0
0.0,1.0,2.3114127278844876e-10,1.0
0.0,1.0,2.3166163432009057e-10,1.0
0.0,1.0,3.3802385335235385e-09,1.0
0.0,1.0,2.3092622258857887e-10,1.0
0.0,1.0,2.3068409682469593e-10,1.0
0.0,1.0,3.816414846369298e-06,0.9999961256980896
0.0,1.0,2.349810346302661e-10,1.0
0.0,1.0,2.305842461414187e-10,1.0
0.0,1.0,2.3160376394493198e-10,1.0
0.0,1.0,4.821966967938351e-07,0.9999995231628418
0.0,1.0,2.3115670488849105e-10,1.0
0.0,1.0,2.3081217492837425e-10,1.0
0.0,1.0,2.3056841158552999e-10,1.0
0.0,1.0,2.3059963660809757e-10,1.0
0.0,1.0,3.880887366845618e-23,1.0
0.0,1.0,2.0711966897124512e-07,0.9999998211860657
0.0,1.0,2.315604791247594e-10,1.0
0.0,1.0,2.3119241243652056e-10,1.0
0.0,1.0,2.495825413006969e-07,0.9999997615814209
0.0,1.0,2.30697738690111e-10,1.0
0.0,1.0,2.3102932067420312e-10,1.0
0.0,1.0,2.3508681112893726e-10,1.0
0.0,1.0,2.3102490753768024e-10,1.0
0.0,1.0,2.31210939283244e-10,1.0
0.0,1.0,2.306682622688072e-10,1.0
0.0,1.0,2.3122416481502484e-10,1.0
0.0,1.0,2.3102579571609994e-10,1.0
0.0,1.0,2.3075671928829422e-10,1.0
0.0,1.0,2.3094560985814638e-10,1.0
0.0,1.0,2.3115934166817453e-10,1.0
0.0,1.0,2.31276650608514e-10,1.0
0.0,1.0,2.3063659315702978e-10,1.0
0.0,1.0,2.312850327923499e-10,1.0
0.0,1.0,2.317831759857114e-10,1.0
0.0,1.0,2.35108349455615e-10,1.0
0.0,1.0,2.312210839461315e-10,1.0
0.0,1.0,2.3139447302700233e-10,1.0
0.0,1.0,2.3139623550605393e-10,1.0
0.0,1.0,2.3116683567359075e-10,1.0
0.0,1.0,2.3086721423482004e-10,1.0
0.0,1.0,2.3093944812035971e-10,1.0
0.0,1.0,2.3083067401952206e-10,1.0
0.0,1.0,2.3077476041244438e-10,1.0
0.0,1.0,2.3416851790969417e-10,1.0
0.0,1.0,2.3070258203805594e-10,1.0
0.0,1.0,2.3093944812035971e-10,1.0
0.0,1.0,2.3141565053119706e-10,1.0
0.0,1.0,2.3077563471307627e-10,1.0
0.0,1.0,2.3082230571347395e-10,1.0
0.0,1.0,2.3063922993671326e-10,1.0
0.0,1.0,2.3064582188592198e-10,1.0
0.0,1.0,2.3134018312109816e-10,1.0
0.0,1.0,2.3083242262078585e-10,1.0
0.0,1.0,2.3172837260165835e-10,1.0
0.0,1.0,2.3040004626384558e-10,1.0
0.0,1.0,2.3123430947791235e-10,1.0
0.0,1.0,2.309971519620646e-10,1.0
0.0,1.0,2.3087734501991974e-10,1.0
0.0,1.0,2.3120079462035648e-10,1.0
0.0,1.0,2.308962743224896e-10,1.0
0.0,1.0,2.307932456258044e-10,1.0
0.0,1.0,2.30835517367467e-10,1.0
0.0,1.0,2.3115978575738438e-10,1.0
0.0,1.0,2.3085752753893019e-10,1.0
0.0,1.0,2.3088835010565134e-10,1.0
0.0,1.0,2.3109454627689985e-10,1.0
0.0,1.0,2.3143109650902716e-10,1.0
0.0,1.0,2.3100023283095794e-10,1.0
0.0,1.0,2.3133489568394339e-10,1.0
0.0,1.0,2.3093768564130812e-10,1.0
0.0,1.0,2.307105062548942e-10,1.0
0.0,1.0,2.309411967216235e-10,1.0
0.0,1.0,2.3057236675505521e-10,1.0
0.0,1.0,2.3099054613506809e-10,1.0
0.0,1.0,2.3115273584117801e-10,1.0
0.0,1.0,2.308531282801951e-10,1.0
0.0,1.0,2.3079588240548787e-10,1.0
0.0,1.0,2.3085752753893019e-10,1.0
0.0,1.0,2.3138740923300816e-10,1.0
0.0,1.0,2.3094560985814638e-10,1.0
0.0,1.0,2.3198928889023307e-10,1.0
0.0,1.0,2.309649971277139e-10,1.0
0.0,1.0,2.3112099734046154e-10,1.0
0.0,1.0,2.3082494249315744e-10,1.0
0.0,1.0,2.310566460383967e-10,1.0
0.0,1.0,2.3117037450948175e-10,1.0
0.0,1.0,4.22152035550738e-11,1.0
0.0,1.0,2.3142888994076571e-10,1.0
0.0,1.0,2.3280000149838997e-10,1.0
0.0,1.0,2.3575721930235716e-10,1.0
0.0,1.0,2.3137107507675836e-10,1.0
0.0,1.0,2.339863580669288e-10,1.0
0.0,1.0,2.538870780277591e-10,1.0
0.0,1.0,2.3100948931542575e-10,1.0
0.0,1.0,2.3165677709435784e-10,1.0
0.0,1.0,2.3096984047565883e-10,1.0
0.0,1.0,2.31210939283244e-10,1.0
0.0,1.0,2.3142271432519124e-10,1.0
0.0,1.0,2.3104076984914457e-10,1.0
0.0,1.0,2.313141483911707e-10,1.0
0.0,1.0,2.308465224531986e-10,1.0
0.0,1.0,3.305754034954589e-06,0.9999966025352478
0.0,1.0,2.3108440161401234e-10,1.0
0.0,1.0,2.309420849000432e-10,1.0
0.0,1.0,2.3084520406335685e-10,1.0
0.0,1.0,2.3095089729530116e-10,1.0
0.0,1.0,2.306035917776228e-10,1.0
0.0,1.0,2.304650914553008e-10,1.0
0.0,1.0,2.3126915660309777e-10,1.0
0.0,1.0,2.3074131494382755e-10,1.0
0.0,1.0,2.3075627519908437e-10,1.0
0.0,1.0,2.308337548884154e-10,1.0
0.0,1.0,2.3121446424134717e-10,1.0
0.0,1.0,2.3077476041244438e-10,1.0
0.0,1.0,1.261202808855444e-10,1.0
0.0,1.0,2.3126474346657488e-10,1.0
0.0,1.0,2.1433716028695926e-06,0.9999983310699463
0.0,1.0,2.562710321729611e-10,1.0
0.0,1.0,2.3075714949971626e-10,1.0
0.0,1.0,2.3084344158430525e-10,1.0
0.0,1.0,2.3107690760859612e-10,1.0
0.0,1.0,2.3125062975637434e-10,1.0
0.0,1.0,2.3093592316225653e-10,1.0
0.0,1.0,2.3082891154047047e-10,1.0
0.0,1.0,2.3078576549817598e-10,1.0
0.0,1.0,2.309403224209916e-10,1.0
0.0,1.0,2.3128415849171802e-10,1.0
0.0,1.0,2.309403224209916e-10,1.0
0.0,1.0,2.3103681467961934e-10,1.0
0.0,1.0,2.3084960332209192e-10,1.0
0.0,1.0,5.559420545447891e-12,1.0
0.0,1.0,2.310099334046356e-10,1.0
0.0,1.0,2.3091785428253075e-10,1.0
0.0,1.0,2.3136093041387085e-10,1.0
0.0,1.0,2.3107514512954452e-10,1.0
0.0,1.0,2.3118623682094608e-10,1.0
0.0,1.0,2.3111129676678388e-10,1.0
0.0,1.0,2.3098746526617475e-10,1.0
0.0,1.0,2.3241579494293063e-10,1.0
0.0,1.0,2.311280472566679e-10,1.0
0.0,1.0,2.3084607836398874e-10,1.0
0.0,1.0,2.3069333943137593e-10,1.0
0.0,1.0,2.3095089729530116e-10,1.0
0.0,1.0,2.3064539167449993e-10,1.0
0.0,1.0,2.312347535671222e-10,1.0
0.0,1.0,2.808719923308445e-10,1.0
0.0,1.0,3.202646203792625e-10,1.0
0.0,1.0,2.6743188219491287e-10,1.0
0.0,1.0,2.669456877768539e-10,1.0
0.0,1.0,3.212900501203819e-10,1.0
0.0,1.0,2.7566174343185423e-10,1.0
0.0,1.0,2.707246926636486e-10,1.0
0.0,1.0,2.656738162798433e-10,1.0
0.0,1.0,2.631471707204014e-10,1.0
0.0,1.0,2.656079245433318e-10,1.0
0.0,1.0,2.7103055910693286e-10,1.0
0.0,1.0,8.462636702510906e-10,1.0
0.0,1.0,7.684301528421145e-10,1.0
0.0,1.0,2.6655291862631714e-10,1.0
0.0,1.0,2.8449304023681066e-10,1.0
0.0,1.0,2.6087235149852006e-10,1.0
0.0,1.0,2.792086839509267e-10,1.0
0.0,1.0,8.369607937752047e-15,1.0
0.0,1.0,2.865379322702921e-10,1.0
0.0,1.0,2.770612350655455e-10,1.0
0.0,1.0,2.717682190400694e-10,1.0
0.0,1.0,2.6411209330667873e-10,1.0
0.0,1.0,2.628070816523831e-10,1.0
0.0,1.0,2.6154342580575474e-10,1.0
0.0,1.0,2.691240563734709e-10,1.0
0.0,1.0,2.6911686767938647e-10,1.0
0.0,1.0,2.757453432256085e-10,1.0
0.0,1.0,2.6507854244961493e-10,1.0
0.0,1.0,2.708269442042166e-10,1.0
0.0,1.0,2.7143046144040284e-10,1.0
0.0,1.0,2.6619015325302087e-10,1.0
0.0,1.0,2.9083105368421514e-10,1.0
0.0,1.0,2.673227472715922e-10,1.0
0.0,1.0,2.6918309248280536e-10,1.0
0.0,1.0,2.680385358111437e-10,1.0
0.0,1.0,1.528664868299945e-11,1.0
0.0,1.0,2.6665969432571046e-10,1.0
0.0,1.0,2.778380858714513e-10,1.0
0.0,1.0,2.6728907975837046e-10,1.0
0.0,1.0,2.781387342665198e-10,1.0
0.0,1.0,2.658826492307753e-10,1.0
0.0,1.0,2.690455358500543e-10,1.0
0.0,1.0,2.628893214229322e-10,1.0
0.0,1.0,2.6904758976264986e-10,1.0
0.0,1.0,2.720363379005164e-10,1.0
0.0,1.0,7.361282358340649e-24,1.0
0.0,1.0,3.05804795051733e-19,1.0
0.0,1.0,2.977591506692079e-10,1.0
0.0,1.0,3.057463787356496e-12,1.0
0.0,1.0,2.814329047584607e-10,1.0
0.0,1.0,2.7081248354932086e-10,1.0
0.0,1.0,2.7117119660857725e-10,1.0
0.0,1.0,2.80337308922185e-10,1.0
0.0,1.0,2.6924573681696984e-10,1.0
0.0,1.0,2.6918411943910314e-10,1.0
0.0,1.0,2.661739162412857e-10,1.0
0.0,1.0,2.7030264138083737e-10,1.0
0.0,1.0,2.815188082649911e-10,1.0
0.0,1.0,2.871194670905908e-10,1.0
0.0,1.0,2.6730592739276915e-10,1.0
0.0,1.0,2.755781713936756e-10,1.0
0.0,1.0,5.133480012603497e-12,1.0
0.0,1.0,2.5839089201618037e-10,1.0
0.0,1.0,2.6711732825646095e-10,1.0
0.0,1.0,3.1070493400342514e-10,1.0
0.0,1.0,2.6714025436191946e-10,1.0
0.0,1.0,2.6608762415669673e-10,1.0
0.0,1.0,2.7619065368078566e-10,1.0
0.0,1.0,2.824271927437394e-10,1.0
0.0,1.0,4.94935029721156e-27,1.0
0.0,1.0,2.8814484132055895e-10,1.0
0.0,1.0,2.626442396902462e-10,1.0
0.0,1.0,2.8309488087074897e-10,1.0
0.0,1.0,2.6951496590044144e-10,1.0
0.0,1.0,2.6794347296466015e-10,1.0
0.0,1.0,2.757048755963609e-10,1.0
0.0,1.0,3.558396295625837e-23,1.0
0.0,1.0,3.9296482734485494e-10,1.0
0.0,1.0,2.982383229266361e-10,1.0
0.0,1.0,2.6019553178713295e-10,1.0
0.0,1.0,2.6590599166986806e-10,1.0
0.0,1.0,2.6550409093495375e-10,1.0
0.0,1.0,2.6438173872378457e-10,1.0
0.0,1.0,2.716666336333162e-10,1.0
0.0,1.0,6.252932616135354e-10,1.0
0.0,1.0,2.6452803836285455e-10,1.0
0.0,1.0,2.738140547631218e-10,1.0
0.0,1.0,2.6702004496392817e-10,1.0
0.0,1.0,2.5931809477519607e-10,1.0
0.0,1.0,2.6934948715862106e-10,1.0
0.0,1.0,3.8389916245940015e-10,1.0
0.0,1.0,2.677299215658735e-10,1.0
0.0,1.0,2.6605209701990873e-10,1.0
0.0,1.0,2.7119034795575203e-10,1.0
0.0,1.0,2.6390362117822974e-10,1.0
0.0,1.0,4.753868410034556e-10,1.0
0.0,1.0,2.63257610155776e-10,1.0
0.0,1.0,3.5976396861592264e-10,1.0
0.0,1.0,2.7433785798613997e-10,1.0
0.0,1.0,2.7616012254760847e-10,1.0
0.0,1.0,2.68041616680037e-10,1.0
0.0,1.0,2.7285529391463115e-10,1.0
0.0,1.0,2.758021588888937e-10,1.0
0.0,1.0,1.8491989232505853e-25,1.0
0.0,1.0,5.827976197135036e-28,1.0
0.0,1.0,2.7458180174022573e-10,1.0
0.0,1.0,2.6962809762665074e-10,1.0
0.0,1.0,9.394227127022195e-26,1.0
0.0,1.0,2.770982332478411e-10,1.0
0.0,1.0,6.402279341231418e-17,1.0
0.0,1.0,2.6665258889835286e-10,1.0
0.0,1.0,2.660739129023426e-10,1.0
0.0,1.0,2.626607542577375e-10,1.0
0.0,1.0,2.716619706966128e-10,1.0
0.0,1.0,3.513529744925137e-10,1.0
0.0,1.0,2.6882804315953024e-10,1.0
0.0,1.0,2.639776452983966e-10,1.0
0.0,1.0,2.706818380548981e-10,1.0
0.0,1.0,2.793184294969109e-10,1.0
0.0,1.0,2.59828047965982e-10,1.0
0.0,1.0,2.612926264244919e-10,1.0
0.0,1.0,2.592552839075779e-10,1.0
0.0,1.0,2.693387179952822e-10,1.0
0.0,1.0,2.630347606391581e-10,1.0
0.0,1.0,2.677748855983708e-10,1.0
0.0,1.0,2.6806923347777456e-10,1.0
0.0,1.0,2.599876702813475e-10,1.0
0.0,1.0,2.7003055347307736e-10,1.0
0.0,1.0,2.63907645736694e-10,1.0
0.0,1.0,2.6963323240813963e-10,1.0
0.0,1.0,3.21295882237125e-27,1.0
0.0,1.0,2.7223409637677776e-10,1.0
0.0,1.0,2.656322661831467e-10,1.0
0.0,1.0,2.6597293811825296e-10,1.0
0.0,1.0,2.778137164760608e-10,1.0
0.0,1.0,2.877691696046014e-10,1.0
0.0,1.0,2.763455853038721e-10,1.0
0.0,1.0,2.7113447598203777e-10,1.0
0.0,1.0,2.801790743856003e-10,1.0
0.0,1.0,2.736068038799999e-10,1.0
0.0,1.0,2.6664900842909844e-10,1.0
0.0,1.0,0.0,1.0
0.0,1.0,2.6696300725603805e-10,1.0
0.0,1.0,2.777803542741708e-10,1.0
0.0,1.0,2.6524443752506954e-10,1.0
0.0,1.0,2.701263657201025e-10,1.0
0.0,1.0,2.6234081573761614e-10,1.0
0.0,1.0,2.601464044182933e-10,1.0
0.0,1.0,2.0427335170603023e-11,1.0
0.0,1.0,4.969838586707971e-35,1.0
0.0,1.0,2.6976698652703135e-10,1.0
0.0,1.0,2.6982616141424387e-10,1.0
0.0,1.0,4.4427631018528757e-10,1.0
0.0,1.0,2.6712854150900966e-10,1.0
0.0,1.0,5.280337000028089e-38,1.0
0.0,1.0,2.6598817592926594e-10,1.0
0.0,1.0,0.0,1.0
0.0,1.0,2.7973268146297414e-10,1.0
0.0,1.0,2.7046406780861787e-10,1.0
0.0,1.0,0.0,1.0
0.0,1.0,2.863357884130835e-10,1.0
0.0,1.0,2.6886393111880125e-10,1.0
0.0,1.0,2.745728922004531e-10,1.0
0.0,1.0,2.716930569413023e-10,1.0
0.0,1.0,2.6073804226811603e-10,1.0
0.0,1.0,2.7328031504403327e-10,1.0
0.0,1.0,2.710584812160022e-10,1.0
0.0,1.0,2.763640427616565e-10,1.0
0.0,1.0,4.2104489339500617e-10,1.0
0.0,1.0,2.643343599562087e-10,1.0
0.0,1.0,3.74424380389371e-10,1.0
0.0,1.0,2.6513771733682745e-10,1.0
0.0,1.0,2.7225538490327494e-10,1.0
0.0,1.0,2.7442839667379815e-10,1.0
0.0,1.0,2.6166169231345293e-10,1.0
0.0,1.0,2.7484642339814513e-10,1.0
0.0,1.0,2.5844362760985007e-10,1.0
0.0,1.0,3.6926027815171766e-38,1.0
0.0,1.0,2.6478647052741167e-10,1.0
0.0,1.0,0.0,1.0
0.0,1.0,2.695910716887795e-10,1.0
0.0,1.0,2.682410682464109e-10,1.0
0.0,1.0,3.3337585469972453e-10,1.0
0.0,1.0,0.0,1.0
0.0,1.0,2.7102539656986835e-10,1.0
0.0,1.0,3.3809785526806024e-10,1.0
0.0,1.0,2.7835100890882813e-10,1.0
0.0,1.0,2.7567015337126577e-10,1.0
0.0,1.0,2.669232890273321e-10,1.0
0.0,1.0,2.784152630663783e-10,1.0
0.0,1.0,2.7161378701734407e-10,1.0
0.0,1.0,3.208405763288624e-10,1.0
0.0,1.0,2.5977800466314704e-10,1.0
0.0,1.0,2.626432127339484e-10,1.0
0.0,1.0,1.0455782906149125e-09,1.0
0.0,1.0,1.7391013956078165e-21,1.0
0.0,1.0,2.6763036231614024e-10,1.0
0.0,1.0,2.681091182399342e-10,1.0
0.0,1.0,2.7148377990116046e-10,1.0
0.0,1.0,2.708719082367139e-10,1.0
0.0,1.0,2.686547928565375e-10,1.0
0.0,1.0,2.768457130208901e-10,1.0
0.0,1.0,3.3289357381782736e-10,1.0
0.0,1.0,2.780262964297009e-10,1.0
0.0,1.0,2.8143773422861784e-10,1.0
0.0,1.0,2.7007793224065324e-10,1.0
0.0,1.0,2.747216620857529e-10,1.0
0.0,1.0,2.742850113701678e-10,1.0
0.0,1.0,2.560374967597312e-10,1.0
0.0,1.0,2.898320472510818e-10,1.0
0.0,1.0,4.452875290716918e-10,1.0
0.0,1.0,4.448274526502871e-10,1.0
0.0,1.0,1.0381994153302593e-21,1.0
0.0,1.0,2.7409202685291234e-10,1.0
0.0,1.0,2.7816260406154925e-10,1.0
0.0,1.0,2.823911104954391e-10,1.0
0.0,1.0,2.7103211341916733e-10,1.0
0.0,1.0,2.6921698204063205e-10,1.0
0.0,1.0,3.2835131835717846e-10,1.0
0.0,1.0,2.918958408315575e-10,1.0
0.0,1.0,5.971358855253598e-33,1.0
0.0,1.0,2.6194732494211337e-10,1.0
0.0,1.0,3.181228336313069e-10,1.0
0.0,1.0,2.7788685241780797e-10,1.0
0.0,1.0,2.7109517408696604e-10,1.0
0.0,1.0,6.1049363502422534e-37,1.0
0.0,1.0,2.657062347921624e-10,1.0
0.0,1.0,2.7447916162159913e-10,1.0
0.0,1.0,2.723478387256506e-10,1.0
0.0,1.0,2.675757670989043e-10,1.0
0.0,1.0,2.720705882808261e-10,1.0
0.0,1.0,2.663338716235586e-10,1.0
0.0,1.0,2.665768161769222e-10,1.0
0.0,1.0,1.3640864033011936e-32,1.0
0.0,1.0,2.745461913367109e-10,1.0
0.0,1.0,2.799579457146706e-10,1.0
0.0,1.0,2.7758384479881215e-10,1.0
0.0,1.0,2.781387342665198e-10,1.0
0.0,1.0,2.7139163139011657e-10,1.0
0.0,1.0,2.744441063295966e-10,1.0
0.0,1.0,2.3304710477232886e-28,1.0
0.0,1.0,2.761211259638685e-10,1.0
0.0,1.0,2.6859842128246214e-10,1.0
0.0,1.0,2.883191185798495e-10,1.0
0.0,1.0,2.727912895572615e-10,1.0
0.0,1.0,2.7985810890918117e-10,1.0
0.0,1.0,2.801748000269555e-10,1.0
0.0,1.0,2.6956845089465276e-10,1.0
0.0,1.0,2.7747745767747745e-10,1.0
0.0,1.0,2.6790564211509604e-10,1.0
0.0,1.0,2.8268748453186276e-10,1.0
0.0,1.0,2.701160684015491e-10,1.0
0.0,1.0,2.630568263217725e-10,1.0
0.0,1.0,2.907599052083352e-34,1.0
0.0,1.0,2.6179297618611486e-10,1.0
0.0,1.0,2.6432023236822033e-10,1.0
0.0,1.0,2.7215363296306805e-10,1.0
0.0,1.0,2.714765356959248e-10,1.0
0.0,1.0,2.7092253440663683e-10,1.0
0.0,1.0,0.0,1.0
0.0,1.0,2.6499563654525105e-10,1.0
0.0,1.0,2.689224121166234e-10,1.0
0.0,1.0,2.683424038529836e-10,1.0
0.0,1.0,3.02887520620132e-10,1.0
0.0,1.0,2.805898013935604e-10,1.0
0.0,1.0,2.6702004496392817e-10,1.0
0.0,1.0,2.690552780570954e-10,1.0
0.0,1.0,2.792822084707325e-10,1.0
0.0,1.0,2.6219602489163663e-08,0.9999999403953552
0.0,1.0,2.7519525547248236e-10,1.0
0.0,1.0,2.6014987386524524e-10,1.0
0.0,1.0,2.738584359285312e-10,1.0
0.0,1.0,2.7008875691514334e-10,1.0
0.0,1.0,3.518672037229293e-22,1.0
0.0,1.0,2.7183716388989865e-10,1.0
0.0,1.0,2.9142296908979404e-10,1.0
0.0,1.0,2.677881527635151e-10,1.0
0.0,1.0,2.661992848373984e-10,1.0
0.0,1.0,2.6085442139667236e-10,1.0
0.0,1.0,7.943492218165371e-12,1.0
0.0,1.0,4.233875472436921e-10,1.0
0.0,1.0,2.693094358630077e-10,1.0
0.0,1.0,2.72543210222409e-10,1.0
0.0,1.0,2.7648583422745787e-10,1.0
0.0,1.0,2.680968225199365e-10,1.0
0.0,1.0,2.688065048328525e-10,1.0
0.0,1.0,1.4649882228317855e-23,1.0
0.0,1.0,2.6995433666243684e-10,1.0
0.0,1.0,2.755203565296682e-10,1.0
0.0,1.0,2.698256618138828e-10,1.0
0.0,1.0,2.8221988634946626e-10,1.0
0.0,1.0,3.918416477778421e-24,1.0
0.0,1.0,2.9486663111200073e-10,1.0
0.0,1.0,2.645794972000459e-10,1.0
0.0,1.0,2.613424754382976e-10,1.0
0.0,1.0,2.7907665067772314e-10,1.0
0.0,1.0,2.843053570344978e-10,1.0
0.0,1.0,2.639655438674282e-10,1.0
0.0,1.0,2.70851757688817e-10,1.0
0.0,1.0,2.7446608874548417e-10,1.0
0.0,1.0,2.812772792459839e-10,1.0
0.0,1.0,2.817756028505869e-10,1.0
0.0,1.0,2.8436175636414873e-10,1.0
0.0,1.0,2.779896868254639e-10,1.0
0.0,1.0,2.707980228944251e-10,1.0
0.0,1.0,2.7477775610407207e-10,1.0
0.0,1.0,3.283901484074647e-10,1.0
0.0,1.0,2.837738932726097e-10,1.0
0.0,1.0,2.6913227202385315e-10,1.0
0.0,1.0,4.271153708490516e-10,1.0
0.0,1.0,1.378692508357336e-32,1.0
0.0,1.0,7.222829956418226e-20,1.0
0.0,1.0,4.629525740284118e-17,1.0
0.0,1.0,2.680508037755658e-10,1.0
0.0,1.0,2.7488519793728017e-10,1.0
0.0,1.0,2.707938873136584e-10,1.0
0.0,1.0,2.641649954338021e-10,1.0
0.0,1.0,3.800929848640777e-10,1.0
0.0,1.0,1.8158905490395227e-09,1.0
0.0,1.0,2.8705815502405585e-10,1.0
0.0,1.0,1.0847003295566537e-09,1.0
0.0,1.0,2.690922484838154e-10,1.0
0.0,1.0,2.869442738973049e-10,1.0
0.0,1.0,2.701495693813172e-10,1.0
0.0,1.0,2.722179981429207e-10,1.0
0.0,1.0,2.678918475940151e-10,1.0
0.0,1.0,2.7251931267180396e-10,1.0
0.0,1.0,2.7077995401469934e-10,1.0
0.0,1.0,2.6350779891437526e-10,1.0
0.0,1.0,2.758421546733558e-10,1.0
0.0,1.0,2.60290844433797e-10,1.0
0.0,1.0,2.747709282324706e-10,1.0
0.0,1.0,2.6355503890407306e-10,1.0
0.0,1.0,2.9391711287019007e-10,1.0
0.0,1.0,2.6811933229176077e-10,1.0
0.0,1.0,2.6786886597740533e-10,1.0
0.0,1.0,2.740131177514371e-10,1.0
0.0,1.0,2.883311922552423e-10,1.0
0.0,1.0,2.725967784833472e-10,1.0
0.0,1.0,2.703067492060285e-10,1.0
0.0,1.0,2.8318669631488547e-10,1.0
0.0,1.0,3.249204794109062e-10,1.0
0.0,1.0,2.755497774398208e-10,1.0
0.0,1.0,2.650178965168948e-10,1.0
0.0,1.0,2.625215322904495e-10,1.0
0.0,1.0,2.9465974105136183e-10,1.0
0.0,1.0,2.671030618905945e-10,1.0
0.0,1.0,3.0472208090159825e-10,1.0
0.0,1.0,3.1286004342767626e-10,1.0
0.0,1.0,2.672926602276249e-10,1.0
0.0,1.0,2.909237017956201e-10,1.0
0.0,1.0,2.719669280468539e-32,1.0
0.0,1.0,2.831634648980952e-10,1.0
0.0,1.0,2.792033826359841e-10,1.0
0.0,1.0,2.665905274312763e-10,1.0
0.0,1.0,2.638140539357181e-10,1.0
0.0,1.0,2.786086361616924e-10,1.0
0.0,1.0,2.697741752211158e-10,1.0
0.0,1.0,2.840906954126865e-10,1.0
0.0,1.0,2.715914992901247e-10,1.0
0.0,1.0,2.6984725565171175e-10,1.0
0.0,1.0,2.7285634862650454e-10,1.0
0.0,1.0,2.9457486450112924e-10,1.0
0.0,1.0,2.6942195696655347e-10,1.0
0.0,1.0,2.777792718067218e-10,1.0
0.0,1.0,2.859488201778504e-10,1.0
0.0,1.0,2.615519190118931e-10,1.0
0.0,1.0,4.068743675311737e-10,1.0
0.0,1.0,2.7296045979063877e-10,1.0
0.0,1.0,2.590318792794477e-10,1.0
0.0,1.0,2.6730131996721695e-10,1.0
0.0,1.0,2.673640475681083e-10,1.0
0.0,1.0,2.1302515307297654e-09,1.0
0.0,1.0,2.6659968677122947e-10,1.0
0.0,1.0,2.896342055080936e-10,1.0
0.0,1.0,2.7555502324361214e-10,1.0
0.0,1.0,2.674420684911638e-10,1.0
0.0,1.0,2.685861255624644e-10,1.0
0.0,1.0,2.712105262592246e-10,1.0
0.0,1.0,2.753196837179672e-10,1.0
0.0,1.0,2.742682747580716e-10,1.0
0.0,1.0,5.071810749157635e-10,1.0
0.0,1.0,2.706637691751723e-10,1.0
0.0,1.0,2.8000651797199794e-10,1.0
0.0,1.0,2.7026758608883483e-10,1.0
0.0,1.0,2.680088928563862e-10,1.0
0.0,1.0,5.968500433467527e-14,1.0
0.0,1.0,2.815188082649911e-10,1.0
0.0,1.0,3.9499450932289903e-10,1.0
0.0,1.0,1.7265717764762195e-17,1.0
0.0,1.0,2.929041731380977e-10,1.0
0.0,1.0,7.239444044238041e-10,1.0
0.0,1.0,2.2911675186247403e-34,1.0
0.0,1.0,2.492815398547066e-10,1.0
0.0,1.0,4.272584836219752e-19,1.0
0.0,1.0,2.548204980357127e-10,1.0
0.0,1.0,2.525222808635874e-10,1.0
0.0,1.0,2.520420538942858e-10,1.0
0.0,1.0,2.5427479566353384e-10,1.0
0.0,1.0,2.52913689990919e-10,1.0
0.0,1.0,2.55123977499494e-10,1.0
0.0,1.0,2.547393407326126e-10,1.0
0.0,1.0,9.012404582199625e-28,1.0
0.0,1.0,2.5588323127045953e-10,1.0
0.0,1.0,2.527294762355581e-10,1.0
0.0,1.0,2.6881369352693696e-10,1.0
0.0,1.0,2.4791121933098736e-10,1.0
0.0,1.0,6.149774331713199e-35,1.0
0.0,1.0,2.477136551437553e-10,1.0
0.0,1.0,2.527796028051199e-10,1.0
0.0,1.0,7.209000688936293e-38,1.0
0.0,1.0,2.8829599818536167e-10,1.0
0.0,1.0,2.5452612240073336e-10,1.0
0.0,1.0,2.5501109557346524e-10,1.0
0.0,1.0,2.4167080194051567e-34,1.0
0.0,1.0,6.729105357873314e-35,1.0
0.0,1.0,0.0,1.0
0.0,1.0,8.52181052153592e-28,1.0
0.0,1.0,0.0,1.0
0.0,1.0,3.555331640003856e-37,1.0
0.0,1.0,2.6609430075865773e-36,1.0
0.0,1.0,0.0,1.0
0.0,1.0,2.538788623773769e-10,1.0
0.0,1.0,0.0,1.0
0.0,1.0,2.5539026449195035e-10,1.0
0.0,1.0,2.5015648357650282e-37,1.0
0.0,1.0,4.20127183042851e-10,1.0
0.0,1.0,0.0,1.0
0.0,1.0,2.5946653159358846e-10,1.0
0.0,1.0,2.2304975173330729e-35,1.0
0.0,1.0,0.0,1.0
0.0,1.0,2.697569810348927e-31,1.0
0.0,1.0,1.5862277464311267e-35,1.0
0.0,1.0,1.6875404247244452e-33,1.0
0.0,1.0,2.4898882955426416e-10,1.0
0.0,1.0,1.7027680816021344e-34,1.0
0.0,1.0,2.9969418243657453e-36,1.0
0.0,1.0,1.0947183954018072e-36,1.0
0.0,1.0,7.502831134154064e-10,1.0
0.0,1.0,2.516903907512358e-10,1.0
0.0,1.0,2.50394704970347e-10,1.0
0.0,1.0,3.903001699052415e-34,1.0
0.0,1.0,2.99008664247478e-31,1.0
0.0,1.0,2.9274694689996976e-31,1.0
0.0,1.0,7.663323396965421e-30,1.0
0.0,1.0,2.5202956388525877e-10,1.0
0.0,1.0,2.506699570137272e-10,1.0
0.0,1.0,2.5729957053854946e-10,1.0
0.0,1.0,2.496003126406521e-10,1.0
0.0,1.0,2.503837137624032e-10,1.0
0.0,1.0,1.3623935299593293e-21,1.0
0.0,1.0,2.555203826304364e-10,1.0
0.0,1.0,2.5924243307606787e-10,1.0
0.0,1.0,2.499724038873552e-10,1.0
0.0,1.0,1.8880896426184648e-25,1.0
0.0,1.0,2.511192920273686e-10,1.0
0.0,1.0,4.204903369942059e-10,1.0
0.0,1.0,2.4863242020778387e-10,1.0
0.0,1.0,2.754047545572291e-10,1.0
0.0,1.0,1.866988013997231e-27,1.0
0.0,1.0,2.5101154488282873e-10,1.0
0.0,1.0,2.4734822523519995e-10,1.0
0.0,1.0,2.495479378694654e-10,1.0
0.0,1.0,2.5040808315779373e-10,1.0
0.0,1.0,2.5115473589742976e-10,1.0
0.0,1.0,2.5149654581113623e-10,1.0
0.0,1.0,1.3042414050861758e-22,1.0
0.0,1.0,2.6163723965133556e-10,1.0
0.0,1.0,3.132495065505489e-24,1.0
0.0,1.0,2.635510143456088e-10,1.0
0.0,1.0,2.523393161091292e-10,1.0
0.0,1.0,2.5332791420140666e-10,1.0
0.0,1.0,2.5000909675831906e-10,1.0
0.0,1.0,2.507469232249093e-10,1.0
0.0,1.0,2.519680297741189e-10,1.0
0.0,1.0,2.5728338903796555e-10,1.0
0.0,1.0,2.546115818180539e-10,1.0
0.0,1.0,2.4889859617793775e-10,1.0
0.0,1.0,3.5772056889982196e-06,0.9999967217445374
0.0,1.0,2.534951415444908e-10,1.0
0.0,1.0,2.5111976387215407e-10,1.0
0.0,1.0,2.5150709292987017e-10,1.0
0.0,1.0,2.4627630490492436e-10,1.0
0.0,1.0,2.555949618621156e-10,1.0
0.0,1.0,2.5665061742508044e-10,1.0
0.0,1.0,2.5256660651784557e-10,1.0
0.0,1.0,2.658907816144307e-10,1.0
0.0,1.0,7.529988188537118e-09,1.0
0.0,1.0,4.057303798488121e-11,1.0
0.0,1.0,2.5244137336066785e-10,1.0
0.0,1.0,2.494808248876268e-10,1.0
0.0,1.0,2.4825852484866573e-10,1.0
0.0,1.0,2.4589236202743336e-10,1.0
0.0,1.0,2.48246229128668e-10,1.0
0.0,1.0,2.572244917065092e-10,1.0
0.0,1.0,2.493709405637645e-10,1.0
0.0,1.0,1.6560919391395146e-07,0.9999998807907104
0.0,1.0,2.4854659996798034e-10,1.0
0.0,1.0,2.4673660337093395e-10,1.0
0.0,1.0,2.527222320303224e-10,1.0
0.0,1.0,2.4968269118907926e-10,1.0
0.0,1.0,2.496998163792341e-10,1.0
0.0,1.0,2.4925539410247666e-10,1.0
0.0,1.0,2.4943086485151866e-10,1.0
0.0,1.0,2.605819171552781e-10,1.0
0.0,1.0,2.498455886623674e-10,1.0
0.0,1.0,6.70969668714605e-10,1.0
0.0,1.0,2.502338058985032e-10,1.0
0.0,1.0,2.5099672340545e-10,1.0
0.0,1.0,2.6119698071092046e-10,1.0
0.0,1.0,2.560199274803665e-10,1.0
0.0,1.0,2.5807417314283043e-10,1.0
0.0,1.0,2.6185142942836137e-10,1.0
0.0,1.0,2.575328006404476e-10,1.0
0.0,1.0,2.809413291137802e-20,1.0
0.0,1.0,8.598918105340303e-11,1.0
0.0,1.0,2.8533589380153046e-10,1.0
0.0,1.0,2.4938520692963095e-10,1.0
0.0,1.0,2.5535035197421507e-10,1.0
0.0,1.0,1.4558516342843644e-31,1.0
0.0,1.0,7.51756026369227e-32,1.0
0.0,1.0,2.533636633827996e-10,1.0
0.0,1.0,2.5076368759258116e-10,1.0
0.0,1.0,2.489527195503882e-10,1.0
0.0,1.0,2.5413998683276873e-10,1.0
0.0,1.0,2.5843130413427673e-10,1.0
0.0,1.0,2.5868526765115973e-10,1.0
0.0,1.0,8.518312721861321e-10,1.0
0.0,1.0,2.5396168501501393e-10,1.0
0.0,1.0,2.4639329465614423e-10,1.0
0.0,1.0,2.4998192404979136e-10,1.0
0.0,1.0,2.5131047243220905e-10,1.0
0.0,1.0,2.472416160692603e-10,1.0
0.0,1.0,2.6190735691322686e-10,1.0
0.0,1.0,8.365687587108539e-10,1.0
0.0,1.0,2.516951924658173e-10,1.0
0.0,1.0,2.523325715042546e-10,1.0
0.0,1.0,2.5280949556005794e-10,1.0
0.0,1.0,2.584120695203751e-10,1.0
0.0,1.0,2.4604013271201097e-10,1.0
0.0,1.0,2.546018673665884e-10,1.0
0.0,1.0,2.6684185416847583e-10,1.0
0.0,1.0,2.507627161474346e-10,1.0
0.0,1.0,2.470153803724173e-10,1.0
0.0,1.0,2.4856081082269554e-10,1.0
0.0,1.0,2.5012311666294806e-10,1.0
0.0,1.0,2.5406438064479175e-10,1.0
0.0,1.0,2.493224238175884e-10,1.0
0.0,1.0,2.552106026509904e-10,1.0
0.0,1.0,2.4678789567467163e-10,1.0
0.0,1.0,2.7025004456504576e-10,1.0
0.0,1.0,2.51986292942874e-10,1.0
0.0,1.0,2.52266180167382e-10,1.0
0.0,1.0,2.5239804690713186e-10,1.0
0.0,1.0,2.495117723544382e-10,1.0
0.0,1.0,2.58862958846251e-10,1.0
0.0,1.0,1.6807015780734118e-14,1.0
0.0,1.0,2.5285676330533136e-10,1.0
0.0,1.0,2.487932360129008e-10,1.0
0.0,1.0,7.816335911847716e-10,1.0
0.0,1.0,3.463160069827609e-08,0.9999999403953552
0.0,1.0,5.226554865983557e-13,1.0
0.0,1.0,2.293197715053097e-10,1.0
0.0,1.0,3.811908015904919e-07,0.9999997019767761
0.0,1.0,2.3502494395089e-10,1.0
0.0,1.0,2.2933727139573534e-10,1.0
0.0,1.0,3.438009599232572e-10,1.0
0.0,1.0,2.2934514010142237e-10,1.0
0.0,1.0,2.292952772098289e-10,1.0
0.0,1.0,2.292961515104608e-10,1.0
0.0,1.0,1.3920298158609512e-07,0.9999998211860657
0.0,1.0,2.297181472821208e-10,1.0
0.0,1.0,2.2932589160973293e-10,1.0
0.0,1.0,3.543273123796098e-06,0.999997079372406
0.0,1.0,0.0,1.0
0.0,1.0,2.3014924688258276e-10,1.0
0.0,1.0,3.7594953816721954e-09,1.0
0.0,1.0,8.113413962923443e-20,1.0
0.0,1.0,2.2970061963611954e-10,1.0
0.0,1.0,9.925289756740341e-11,1.0
0.0,1.0,3.164137422727407e-26,1.0
0.0,1.0,2.2931540000215023e-10,1.0
0.0,1.0,2.293114587104128e-10,1.0
0.0,1.0,7.951200253764057e-10,1.0
0.0,1.0,1.3358549821873567e-08,1.0
0.0,1.0,2.2932501730910104e-10,1.0
0.0,1.0,0.0,1.0
0.0,1.0,2.293057688174116e-10,1.0
0.0,1.0,2.2939414257017177e-10,1.0
0.0,1.0,2.2926641141118864e-10,1.0
0.0,1.0,1.8365014966548188e-06,0.9999984502792358
0.0,1.0,2.2927777731940324e-10,1.0
0.0,1.0,2.2929090570666943e-10,1.0
0.0,1.0,2.2925504550297404e-10,1.0
0.0,1.0,6.408978974797505e-16,1.0
0.0,1.0,2.2931365140088644e-10,1.0
0.0,1.0,2.2929133591809148e-10,1.0
0.0,1.0,1.3504518392437603e-06,0.9999988675117493
0.0,1.0,2.3020324535494296e-10,1.0
0.0,1.0,0.0,1.0
0.0,1.0,5.988753741803521e-07,0.9999993443489075
0.0,1.0,0.00015145902580115944,0.999854326248169
0.0,1.0,2.2931540000215023e-10,1.0
0.0,1.0,2.2930052301362025e-10,1.0
0.0,1.0,2.2938188848353747e-10,1.0
0.0,1.0,2.2933639709510345e-10,1.0
0.0,1.0,2.2931277710025455e-10,1.0
0.0,1.0,2.293048945167797e-10,1.0
0.0,1.0,2.2927035270292606e-10,1.0
0.0,1.0,2.2928565990287808e-10,1.0
0.0,1.0,0.0,1.0
0.0,1.0,6.1633111947401176e-09,1.0
0.0,1.0,2.2929003140603754e-10,1.0
0.0,1.0,6.866677781935948e-10,1.0
0.0,1.0,2.2929790011172457e-10,1.0
0.0,1.0,2.2929790011172457e-10,1.0
0.0,1.0,2.293048945167797e-10,1.0
0.0,1.0,2.2933333010399792e-10,1.0
0.0,1.0,2.293521345064775e-10,1.0
0.0,1.0,2.2931190279962266e-10,1.0
0.0,1.0,2.29294402909197e-10,1.0
0.0,1.0,2.2930139731425214e-10,1.0
0.0,1.0,2.2985226222349553e-10,1.0
0.0,1.0,2.3126474346657488e-10,1.0
0.0,1.0,2.3014354311179375e-10,1.0
0.0,1.0,2.29317148603414e-10,1.0
0.0,1.0,1.0341580924944083e-09,1.0
0.0,1.0,2.710637272684835e-05,0.9999761581420898
0.0,1.0,2.2933288601478807e-10,1.0
0.0,1.0,2.2932764021099672e-10,1.0
0.0,1.0,3.673775407167824e-23,1.0
0.0,1.0,7.76592301576784e-08,0.9999999403953552
0.0,1.0,2.2926335829787092e-10,1.0
0.0,1.0,2.2927428011687567e-10,1.0
0.0,1.0,2.2936263999184803e-10,1.0
0.0,1.0,1.6456203866255237e-06,0.9999988079071045
0.0,1.0,2.2927952592066703e-10,1.0
0.0,1.0,2.29377516980378e-10,1.0
0.0,1.0,2.292878387155639e-10,1.0
0.0,1.0,2.2938625998669693e-10,1.0
0.0,1.0,2.2952324763014786e-10,1.0
0.0,1.0,2.2927690301877135e-10,1.0
0.0,1.0,0.00013450733968056738,0.9998776316642761
0.0,1.0,2.292821627003505e-10,1.0
0.0,1.0,2.2924018239223187e-10,1.0
0.0,1.0,4.3666486249204736e-29,1.0
0.0,1.0,1.0082460422111694e-09,1.0
0.0,1.0,2.681725119746403e-10,1.0
0.0,1.0,5.03059482959145e-10,1.0
0.0,1.0,1.049134112918182e-09,1.0
0.0,1.0,2.2929790011172457e-10,1.0
0.0,1.0,2.292821627003505e-10,1.0
0.0,1.0,2.294378992351298e-10,1.0
0.0,1.0,2.3054951003853574e-10,1.0
0.0,1.0,1.8179918015448493e-06,0.9999980330467224
0.0,1.0,2.2928828280477376e-10,1.0
0.0,1.0,2.2930139731425214e-10,1.0
0.0,1.0,1.1649128328627967e-09,1.0
0.0,1.0,2.0917770626738275e-08,1.0
0.0,1.0,3.746844223773138e-10,1.0
0.0,1.0,2.2927515441750757e-10,1.0
0.0,1.0,2.292594170061335e-10,1.0
0.0,1.0,2.292847856022462e-10,1.0
0.0,1.0,2.2929658172188283e-10,1.0
0.0,1.0,2.293057688174116e-10,1.0
0.0,1.0,2.2954819989262631e-10,1.0
0.0,1.0,2.292952772098289e-10,1.0
0.0,1.0,0.0,1.0
0.0,1.0,2.2929702581109268e-10,1.0
0.0,1.0,2.2927602871813946e-10,1.0
0.0,1.0,4.0743194928971604e-10,1.0
0.0,1.0,2.2932326870783726e-10,1.0
0.0,1.0,9.024441194327437e-10,1.0
0.0,1.0,1.7204069081344642e-05,0.9999842643737793
0.0,1.0,2.29294402909197e-10,1.0
0.0,1.0,0.0,1.0
0.0,1.0,2.314787805879348e-10,1.0
0.0,1.0,2.2927865162003513e-10,1.0
0.0,1.0,2.292594170061335e-10,1.0
0.0,1.0,2.01570991009703e-08,1.0
0.0,1.0,2.292537271131323e-10,1.0
0.0,1.0,0.00014805473620072007,0.9998480081558228
0.0,1.0,2.2936001708995235e-10,1.0
0.0,1.0,2.2930359000472578e-10,1.0
0.0,1.0,2.195708284521677e-19,1.0
0.0,1.0,2.4230051298701483e-10,1.0
0.0,1.0,2.292528528125004e-10,1.0
0.0,1.0,2.293416428988948e-10,1.0
0.0,1.0,2.2657599174635834e-07,0.9999997019767761
0.0,1.0,2.2926728571182053e-10,1.0
0.0,1.0,2.2928346721240445e-10,1.0
0.0,1.0,2.2933989429763102e-10,1.0
0.0,1.0,2.29294402909197e-10,1.0
0.0,1.0,6.60003802965732e-34,1.0
0.0,1.0,2.2964541379622005e-10,1.0
0.0,1.0,2.292821627003505e-10,1.0
0.0,1.0,3.0073568635380354e-10,1.0
0.0,1.0,2.340774241105237e-10,1.0
0.0,1.0,5.146786761527708e-34,1.0
0.0,1.0,4.5256982779506455e-18,1.0
0.0,1.0,2.30509486498498e-10,1.0
0.0,1.0,1.413575256847821e-09,1.0
0.0,1.0,3.1585617454865655e-10,1.0
0.0,1.0,2.2932808430020657e-10,1.0
0.0,1.0,2.3147657401967336e-10,1.0
0.0,1.0,2.3142668337250427e-10,1.0
0.0,1.0,2.3412208283168923e-10,1.0
0.0,1.0,2.3450327790719427e-10,1.0
0.0,1.0,2.31263869165943e-10,1.0
0.0,1.0,2.293840811740111e-10,1.0
0.0,1.0,2.322194936343891e-10,1.0
0.0,1.0,0.0,1.0
0.0,1.0,2.1013874668129873e-11,1.0
0.0,1.0,2.293293888122605e-10,1.0
0.0,1.0,2.3198663823276178e-10,1.0
0.0,1.0,2.721949954320735e-07,0.9999998211860657
0.0,1.0,4.272803198546171e-05,0.9999608993530273
0.0,1.0,2.2927865162003513e-10,1.0
0.0,1.0,4.943825904213384e-10,1.0
0.0,1.0,2.956195288561503e-10,1.0
0.0,1.0,2.2933727139573534e-10,1.0
0.0,1.0,1.2903637047756433e-09,1.0
0.0,1.0,0.0,1.0
0.0,1.0,2.2929790011172457e-10,1.0
0.0,1.0,1.477891808931986e-09,1.0
0.0,1.0,2.2933989429763102e-10,1.0
0.0,1.0,2.2930533860598956e-10,1.0
0.0,1.0,2.3118712499936578e-10,1.0
0.0,1.0,1.6504222344337904e-07,0.9999998807907104
0.0,1.0,0.0,1.0
0.0,1.0,2.292821627003505e-10,1.0
0.0,1.0,2.2934514010142237e-10,1.0
0.0,1.0,2.292952772098289e-10,1.0
0.0,1.0,2.29324587097679e-10,1.0
0.0,1.0,1.0227246093563735e-05,0.9999903440475464
0.0,1.0,4.940789999352546e-10,1.0
0.0,1.0,2.2986804126823301e-10,1.0
0.0,1.0,2.2927865162003513e-10,1.0
0.0,1.0,0.0002494595537427813,0.9998171925544739
0.0,1.0,2.2931452570151833e-10,1.0
0.0,1.0,2.293293888122605e-10,1.0
0.0,1.0,2.2926073539597525e-10,1.0
0.0,1.0,2.1405193173507087e-09,1.0
0.0,1.0,0.0,1.0
0.0,1.0,2.292935286085651e-10,1.0
0.0,1.0,2.3086985101450352e-10,1.0
0.0,1.0,2.293180229040459e-10,1.0
0.0,1.0,6.160935095422815e-10,1.0
0.0,1.0,2.3663074277813223e-10,1.0
0.0,1.0,2.2999829818459716e-10,1.0
0.0,1.0,2.2929702581109268e-10,1.0
0.0,1.0,2.2929308451935526e-10,1.0
0.0,1.0,2.2934688870268616e-10,1.0
0.0,1.0,2.292830370009824e-10,1.0
0.0,1.0,2.2928653420350997e-10,1.0
0.0,1.0,2.2930139731425214e-10,1.0
0.0,1.0,2.2925417120234215e-10,1.0
0.0,1.0,2.29317148603414e-10,1.0
0.0,1.0,1.204218058603601e-09,1.0
0.0,1.0,2.292961515104608e-10,1.0
0.0,1.0,2.2930926601993917e-10,1.0
0.0,1.0,2.2926203990802918e-10,1.0
0.0,1.0,4.353019611436082e-10,1.0
0.0,1.0,2.2929221021872337e-10,1.0
0.0,1.0,2.293302631128924e-10,1.0
0.0,1.0,2.3057897258205173e-10,1.0
0.0,1.0,2.2972251878528027e-10,1.0
0.0,1.0,2.2933639709510345e-10,1.0
0.0,1.0,1.7110276075982256e-06,0.9999985694885254
0.0,1.0,2.479065008831327e-10,1.0
0.0,1.0,2.2924455389539133e-10,1.0
0.0,1.0,2.2926335829787092e-10,1.0
0.0,1.0,1.2219485370223993e-06,0.9999990463256836
0.0,1.0,2.481922445340956e-10,1.0
0.0,1.0,2.3294169371190776e-10,1.0
0.0,1.0,2.293293888122605e-10,1.0
0.0,1.0,2.2931014032057107e-10,1.0
0.0,1.0,2.292699086137162e-10,1.0
0.0,1.0,2.2927210130418985e-10,1.0
0.0,1.0,1.1056542347867853e-15,1.0
0.0,1.0,0.0,1.0
0.0,1.0,2.2853294256997003e-10,1.0
0.0,1.0,2.2931670451420416e-10,1.0
0.0,1.0,5.364577682717194e-37,1.0
