1.0,0.0,1.0,4.0038761195404504e-10
1.0,0.0,1.0,5.082366194564258e-10
1.0,0.0,0.9999855160713196,1.104762213799404e-05
1.0,0.0,0.9999998807907104,6.922479656168434e-08
1.0,0.0,1.0,0.0
1.0,0.0,0.9999987483024597,1.0236709613309358e-06
1.0,0.0,1.0,2.538870780277591e-10
1.0,0.0,0.9999999403953552,2.7661588575256246e-08
1.0,0.0,0.9999990463256836,7.28260431515082e-07
1.0,0.0,1.0,1.9597951705918604e-08
1.0,0.0,0.9999996423721313,2.9779644705740793e-07
1.0,0.0,0.9999997615814209,1.7319996459264075e-07
1.0,0.0,0.9999989867210388,7.861404469622357e-07
1.0,0.0,1.0,4.3233776032396294e-19
1.0,0.0,1.0,1.657250725539683e-10
1.0,0.0,1.0,6.981555611407231e-11
1.0,0.0,0.9999999403953552,2.5527656433155244e-08
1.0,0.0,0.9999814629554749,1.4697996448376216e-05
1.0,0.0,1.0,3.3564127172036606e-11
1.0,0.0,0.999999463558197,4.0573641513219627e-07
1.0,0.0,0.9999999403953552,3.781417490245076e-08
1.0,0.0,1.0,2.6229993732584944e-09
1.0,0.0,0.9999999403953552,5.563494198668195e-08
1.0,0.0,0.9999938607215881,5.207238245930057e-06
1.0,0.0,0.9999288320541382,5.9269445046084e-05
1.0,0.0,0.9999999403953552,6.31076062518332e-08
1.0,0.0,1.0,1.8904064424951628e-10
1.0,0.0,0.9999955296516418,3.561734047252685e-06
1.0,0.0,1.0,1.140796879184336e-08
1.0,0.0,0.9999894499778748,1.0693949661799707e-05
1.0,0.0,0.9999992251396179,6.164667070152063e-07
1.0,0.0,1.0,1.1908656283310393e-08
1.0,0.0,0.9999999403953552,3.972396811491308e-08
1.0,0.0,0.9999998807907104,8.988923383412839e-08
1.0,0.0,1.0,3.840345402794654e-11
1.0,0.0,0.9999998807907104,8.071694423961162e-08
1.0,0.0,0.9998884201049805,0.00013557261263485998
1.0,0.0,1.0,1.0127857663633222e-08
1.0,0.0,0.9999949336051941,5.402666374720866e-06
1.0,0.0,1.0,4.052685463829192e-15
1.0,0.0,0.9999999403953552,2.13050466157938e-08
1.0,0.0,1.0,3.4807339233111634e-09
1.0,0.0,0.9999939203262329,5.491096544574248e-06
1.0,0.0,1.0,3.4279534506104214e-13
1.0,0.0,0.9999987483024597,1.0273992074871785e-06
1.0,0.0,0.9999993443489075,6.168795607663924e-07
1.0,0.0,0.9999982118606567,1.3757351098320214e-06
1.0,0.0,0.9999960660934448,3.037115448023542e-06
1.0,0.0,0.9999989867210388,7.445649998771842e-07
1.0,0.0,0.9999909400939941,8.18226453702664e-06
1.0,0.0,1.0,4.88012028791035e-13
1.0,0.0,0.9999989867210388,8.131027016133885e-07
1.0,0.0,0.9999995827674866,3.240556338823808e-07
1.0,0.0,0.9999999403953552,3.372338497342753e-08
1.0,0.0,0.9999998211860657,8.106022164611204e-08
1.0,0.0,1.0,8.172680310281066e-09
1.0,0.0,0.9999998807907104,7.57364944092842e-08
1.0,0.0,1.0,1.3058484960026817e-08
1.0,0.0,0.9999997019767761,2.2925161147213657e-07
1.0,0.0,0.9999998807907104,8.95908982556648e-08
1.0,0.0,0.9999998807907104,7.097029453007053e-08
1.0,0.0,0.9999999403953552,8.90094113970008e-08
1.0,0.0,1.0,7.34488359022123e-10
1.0,0.0,0.999998927116394,8.061198286668514e-07
1.0,0.0,0.9999999403953552,3.789793368014216e-08
1.0,0.0,0.9999999403953552,4.9686832426232286e-08
1.0,0.0,0.9999999403953552,3.140494797548854e-08
1.0,0.0,0.9999999403953552,2.3896454592886585e-08
1.0,0.0,0.9999958276748657,3.3085168524848996e-06
1.0,0.0,0.9999662041664124,3.046693564101588e-05
1.0,0.0,0.9999998807907104,1.0624417967619593e-07
1.0,0.0,0.9999999403953552,4.516046203661972e-08
1.0,0.0,0.9999999403953552,3.5836716705262006e-08
1.0,0.0,0.9995700716972351,0.00037038116715848446
1.0,0.0,0.999998152256012,1.4866094488752424e-06
1.0,0.0,0.9999999403953552,1.5010600762366266e-08
1.0,0.0,1.0,1.4369891943033508e-09
1.0,0.0,1.0,8.538010853875733e-10
1.0,0.0,0.9999998211860657,1.6146137227224244e-07
1.0,0.0,1.0,7.868574236624681e-09
1.0,0.0,0.9999998807907104,9.633135533704262e-08
1.0,0.0,0.9999944567680359,4.647498371923575e-06
1.0,0.0,1.0,2.738800455259951e-28
1.0,0.0,0.9999999403953552,3.160613459840533e-08
1.0,0.0,0.9999997019767761,2.3631442047644668e-07
1.0,0.0,0.9999999403953552,3.572315776523283e-08
1.0,0.0,0.9999999403953552,3.841486417854867e-08
1.0,0.0,1.0,4.294700445967026e-12
1.0,0.0,1.0,1.1557713119891844e-11
1.0,0.0,0.9999964237213135,2.8665551781159593e-06
1.0,0.0,1.0,3.982119523016081e-09
1.0,0.0,1.0,2.1773166380967268e-08
1.0,0.0,1.0,8.948676522013699e-11
1.0,0.0,1.0,2.421542788511033e-08
1.0,0.0,1.0,1.6418184867195151e-10
1.0,0.0,1.0,1.505113900179822e-08
1.0,0.0,0.9999995231628418,3.449238477060135e-07
1.0,0.0,0.9999995827674866,3.17166552576964e-07
1.0,0.0,1.0,1.972594709798159e-08
1.0,0.0,1.0,5.66129532142412e-10
1.0,0.0,0.9999998807907104,6.393204898813565e-08
1.0,0.0,1.0,1.2455072528894107e-09
1.0,0.0,0.9999984502792358,1.2261696156201651e-06
1.0,0.0,0.9999932646751404,6.089480848459061e-06
1.0,0.0,1.0,5.223393691775847e-18
1.0,0.0,1.0,1.3115539218985617e-17
1.0,0.0,0.9999998211860657,1.1746933381573399e-07
1.0,0.0,1.0,3.644422263970881e-11
1.0,0.0,1.0,2.6255722040957608e-09
1.0,0.0,1.0,9.400110689838925e-10
1.0,0.0,1.0,2.1777470937678345e-09
1.0,0.0,0.9999986886978149,1.0413157269795192e-06
1.0,0.0,1.0,1.8809636515015882e-08
1.0,0.0,1.0,1.7679489872080012e-08
1.0,0.0,0.9999998211860657,1.4087557076436497e-07
1.0,0.0,1.0,1.2613095041426495e-24
1.0,0.0,0.9999998807907104,6.809218433545539e-08
1.0,0.0,1.0,1.436310270719332e-08
1.0,0.0,0.9999967217445374,2.909895101765869e-06
1.0,0.0,1.0,4.92721374811822e-09
1.0,0.0,0.9998286962509155,0.00022580611403100193
1.0,0.0,1.0,3.138217463671822e-09
1.0,0.0,0.9999998807907104,9.425055225165124e-08
1.0,0.0,0.9999998807907104,9.497816932935166e-08
1.0,0.0,1.0,1.3400650589190377e-09
1.0,0.0,1.0,7.422117587196908e-09
1.0,0.0,0.9999995827674866,3.104114796315116e-07
1.0,0.0,0.9999922513961792,6.387149824149674e-06
1.0,0.0,0.9999999403953552,3.085114030909608e-08
1.0,0.0,0.9999983310699463,1.1939437172259204e-06
1.0,0.0,1.0,2.199831428129073e-09
1.0,0.0,1.0,1.893273626762948e-08
1.0,0.0,1.0,1.6094595878257678e-08
1.0,0.0,1.0,1.2226506227827725e-19
1.0,0.0,0.9999999403953552,3.342082877111352e-08
1.0,0.0,0.9999996423721313,2.704001929032529e-07
1.0,0.0,1.0,0.0
1.0,0.0,1.0,5.994822416255374e-10
1.0,0.0,0.9999807476997375,1.628043901291676e-05
1.0,0.0,0.9999993443489075,6.155901246529538e-07
1.0,0.0,0.9999917149543762,6.950686383788707e-06
1.0,0.0,0.9999999403953552,3.307357587800652e-08
1.0,0.0,0.9999987483024597,8.468504120173748e-07
1.0,0.0,1.0,7.249987277191394e-10
1.0,0.0,1.0,3.9164662624102675e-09
1.0,0.0,1.0,6.30711411916951e-12
1.0,0.0,0.9999997615814209,1.8671970281047834e-07
1.0,0.0,1.0,5.111758571985092e-09
1.0,0.0,0.9999980926513672,1.5467256844203803e-06
1.0,0.0,0.9999992251396179,5.937010882917093e-07
1.0,0.0,0.9999995231628418,3.9037266219565936e-07
1.0,0.0,1.0,1.8568597326407144e-08
1.0,0.0,0.9999997019767761,2.3547933380996255e-07
1.0,0.0,0.9999998211860657,1.1261375476578905e-07
1.0,0.0,1.0,1.483572198424099e-08
1.0,0.0,1.0,9.079625051811036e-09
1.0,0.0,0.9999998807907104,6.427047338775083e-08
1.0,0.0,0.9999995231628418,3.2659536941537226e-07
1.0,0.0,1.0,1.29489774458591e-09
1.0,0.0,1.0,4.5430220696474066e-10
1.0,0.0,1.0,1.645833336283431e-08
1.0,0.0,1.0,6.78950645705001e-12
1.0,0.0,0.9999999403953552,4.0355377706191575e-08
1.0,0.0,1.0,7.031661919398857e-10
1.0,0.0,1.0,6.327955381912886e-10
1.0,0.0,0.9999998211860657,1.1529948551469715e-07
1.0,0.0,0.999999463558197,4.2127146571147023e-07
1.0,0.0,1.0,2.6753419358344077e-12
1.0,0.0,0.9999977350234985,1.9381620859348914e-06
1.0,0.0,0.9999997019767761,2.065180950694412e-07
1.0,0.0,1.0,1.0447874565500115e-08
1.0,0.0,1.0,1.3465171200266468e-08
1.0,0.0,1.0,7.491091080780166e-10
1.0,0.0,1.0,3.400880910220394e-09
1.0,0.0,0.9999999403953552,4.471331394029221e-08
1.0,0.0,0.9999995231628418,3.561560788511997e-07
1.0,0.0,0.9999999403953552,2.4361542116935198e-08
1.0,0.0,1.0,7.589191497459069e-09
1.0,0.0,0.9999996423721313,2.6352421400588355e-07
1.0,0.0,1.0,7.111065070120048e-09
1.0,0.0,1.0,5.150112974972032e-12
1.0,0.0,0.9999960064888,3.332027972646756e-06
1.0,0.0,1.0,1.376410097009284e-08
1.0,0.0,0.9999998807907104,1.0698682473275767e-07
1.0,0.0,0.9999997019767761,2.3650629543681134e-07
1.0,0.0,1.0,0.0
1.0,0.0,0.9999753832817078,1.918361522257328e-05
1.0,0.0,1.0,2.5902213707240662e-09
1.0,0.0,1.0,1.6279749104342045e-08
1.0,0.0,0.9999963045120239,3.2994205412251176e-06
1.0,0.0,1.0,2.4599149384130214e-09
1.0,0.0,0.9999998211860657,1.4383887503299775e-07
1.0,0.0,0.9999991059303284,6.731062853759795e-07
1.0,0.0,0.9999904036521912,7.813182492100168e-06
1.0,0.0,0.9999996423721313,2.3417506156420131e-07
1.0,0.0,0.9999999403953552,5.910065326020231e-08
1.0,0.0,0.9999995827674866,3.0305454856716096e-07
1.0,0.0,0.9999443888664246,4.665406595449895e-05
1.0,0.0,0.9999998807907104,6.877338876165595e-08
1.0,0.0,0.9999985098838806,1.1825947012766846e-06
1.0,0.0,0.9999983310699463,1.4047835747987847e-06
1.0,0.0,1.0,1.8115109412519814e-09
1.0,0.0,0.9999998211860657,1.1269496980048643e-07
1.0,0.0,0.9999995231628418,3.530260528350482e-07
1.0,0.0,0.9999999403953552,6.355733006557784e-08
1.0,0.0,1.0,7.630674758729583e-09
1.0,0.0,1.0,1.0658066429414248e-08
1.0,0.0,1.0,1.7273166133102008e-13
1.0,0.0,1.0,1.0393712557288382e-08
1.0,0.0,0.9999994039535522,5.760629733231326e-07
1.0,0.0,1.0,3.6651992552094725e-09
1.0,0.0,0.999998927116394,8.166697398337419e-07
1.0,0.0,1.0,4.321836985510252e-11
1.0,0.0,0.9999990463256836,6.766970841454167e-07
1.0,0.0,0.9999996423721313,2.87355135242251e-07
1.0,0.0,0.9999998807907104,8.346330560016213e-08
1.0,0.0,0.9999956488609314,5.1419856390566565e-06
1.0,0.0,0.9999990463256836,7.599832656524086e-07
1.0,0.0,1.0,9.304486070504936e-09
1.0,0.0,1.0,1.1513258124651315e-09
1.0,0.0,1.0,1.4308892959391528e-10
1.0,0.0,0.9999988675117493,8.918390790313424e-07
1.0,0.0,0.9999757409095764,2.7605021386989392e-05
1.0,0.0,0.9999997019767761,2.0358154984023713e-07
1.0,0.0,1.0,5.444345418936791e-09
1.0,0.0,1.0,9.173835913145467e-09
1.0,0.0,0.9999998211860657,1.41254943741842e-07
1.0,0.0,0.9999988675117493,8.719093784748111e-07
1.0,0.0,0.999998927116394,8.268371516351181e-07
1.0,0.0,1.0,3.141302682418154e-16
1.0,0.0,1.0,9.400998209063705e-12
1.0,0.0,1.0,2.7155266923983845e-10
1.0,0.0,0.9999986886978149,1.0110139783137129e-06
1.0,0.0,0.9999974370002747,1.8562383274911554e-06
1.0,0.0,1.0,3.364770961855612e-11
1.0,0.0,0.9999489188194275,4.268632619641721e-05
1.0,0.0,1.567894113431861e-31,1.0
1.0,0.0,0.9999998807907104,7.380221944686127e-08
1.0,0.0,0.9999998807907104,6.69351933879625e-08
1.0,0.0,0.9999983906745911,1.3414539807854453e-06
1.0,0.0,1.0,2.808437704615585e-09
1.0,0.0,0.9999998807907104,9.44721065820886e-08
1.0,0.0,0.9999997019767761,2.0990073323901015e-07
1.0,0.0,1.0,6.1671494801696265e-15
1.0,0.0,1.0,1.4167690132182997e-08
1.0,0.0,0.9999999403953552,2.8685429143138208e-08
1.0,0.0,0.9999934434890747,5.355441771826008e-06
1.0,0.0,1.0,1.0402716910107301e-08
1.0,0.0,1.0,4.320241497879351e-09
1.0,0.0,0.9999998211860657,1.0817942808216685e-07
1.0,0.0,0.9999998807907104,9.837963688141826e-08
1.0,0.0,1.0,4.37620217841328e-11
1.0,0.0,0.9999997019767761,2.2634965546330932e-07
1.0,0.0,0.9999880194664001,9.915662303683348e-06
1.0,0.0,0.9999999403953552,6.502769878125036e-08
1.0,0.0,0.9999998211860657,1.1843582825576959e-07
1.0,0.0,0.9999992847442627,5.397467361945019e-07
1.0,0.0,1.0,9.144103252367586e-09
1.0,0.0,0.9999996423721313,2.6025344368463266e-07
1.0,0.0,1.0,3.3947723104832406e-11
1.0,0.0,0.9998284578323364,0.00014373534941114485
1.0,0.0,1.0,2.0294072309433132e-17
1.0,0.0,1.0,1.0373056191781416e-08
1.0,0.0,1.0,2.515192498719898e-09
1.0,0.0,0.9999999403953552,2.3317708652825786e-08
1.0,0.0,0.9999998807907104,6.580464173566725e-08
1.0,0.0,1.0,2.524803699444078e-10
1.0,0.0,0.9999995827674866,3.1060127980708785e-07
1.0,0.0,0.9999998807907104,9.72240172814054e-08
1.0,0.0,0.9999999403953552,5.980620443324369e-08
1.0,0.0,1.0,1.1154634549370712e-08
1.0,0.0,0.9999999403953552,3.733885378665036e-08
1.0,0.0,1.0,0.0
1.0,0.0,1.0,1.338263527772554e-10
1.0,0.0,0.9999998807907104,9.666191402857294e-08
1.0,0.0,1.0,7.848833583068426e-09
1.0,0.0,0.9999994039535522,4.697978397416591e-07
1.0,0.0,0.9999916553497314,6.44580813968787e-06
1.0,0.0,1.0,3.4758045330818277e-09
1.0,0.0,0.9999998807907104,8.467844025972227e-08
1.0,0.0,0.9999992847442627,5.271571694720478e-07
1.0,0.0,0.9999982714653015,1.357595351691998e-06
1.0,0.0,1.0,4.1102508810351103e-35
1.0,0.0,0.9999960064888,3.0779015105508734e-06
1.0,0.0,0.9999940395355225,4.530627393251052e-06
1.0,0.0,1.0,5.31522215130309e-10
1.0,0.0,0.9999998211860657,1.254515638038356e-07
1.0,0.0,0.9999933838844299,6.5681206251611e-06
1.0,0.0,0.999999463558197,4.232487071931246e-07
1.0,0.0,0.9999802112579346,1.4408436982193962e-05
1.0,0.0,1.0,6.391993045973265e-10
1.0,0.0,0.9999938607215881,5.076460638520075e-06
1.0,0.0,0.999999463558197,4.4328979242891364e-07
1.0,0.0,0.9999977350234985,1.5774742223584326e-06
1.0,0.0,0.9999999403953552,3.5076002546929885e-08
1.0,0.0,1.0,1.0259046945293449e-09
1.0,0.0,0.9999971985816956,2.1201731215114705e-06
1.0,0.0,0.9999988079071045,9.795309097171412e-07
1.0,0.0,0.9999995827674866,3.041817819848802e-07
1.0,0.0,1.0,4.536486741812951e-09
1.0,0.0,0.9999994039535522,4.1618531554377114e-07
1.0,0.0,0.9999984502792358,1.1809717079813709e-06
1.0,0.0,1.0,6.486986239362391e-20
1.0,0.0,0.9999936819076538,5.127568783791503e-06
1.0,0.0,0.9999988675117493,8.764153562879073e-07
1.0,0.0,0.9999990463256836,7.215546133920725e-07
1.0,0.0,1.0,7.833310000648908e-09
1.0,0.0,1.0,1.5728205142364476e-13
1.0,0.0,0.9999996423721313,2.6813503950506856e-07
1.0,0.0,0.9999997615814209,2.753678245426272e-07
1.0,0.0,1.0,4.89623230848224e-09
1.0,0.0,0.9999940395355225,4.775612069352064e-06
1.0,0.0,1.0,1.519019215967532e-10
1.0,0.0,1.0,1.4215580101950565e-11
1.0,0.0,1.0,3.1980083026184047e-09
1.0,0.0,1.0,5.2174327080933836e-09
1.0,0.0,1.0,3.771719825351738e-09
1.0,0.0,0.9999945759773254,4.10936900152592e-06
1.0,0.0,0.9999972581863403,2.071433073069784e-06
1.0,0.0,0.9999997019767761,2.2134361188363982e-07
1.0,0.0,0.9999998807907104,8.755743863275711e-08
1.0,0.0,0.9999968409538269,2.5781723707041238e-06
1.0,0.0,1.0,3.558559696914543e-11
1.0,0.0,0.9999999403953552,4.969422207068419e-08
1.0,0.0,0.9999999403953552,2.934244847097034e-08
1.0,0.0,1.0,9.770765307948182e-10
1.0,0.0,0.9999998211860657,1.0696519581188113e-07
1.0,0.0,0.9999997019767761,1.9228008341087843e-07
1.0,0.0,1.0,1.78069399225933e-08
1.0,0.0,0.9999985694885254,1.1632702126007644e-06
1.0,0.0,1.0,1.057865439690886e-08
1.0,0.0,1.0,2.3808865989849437e-09
1.0,0.0,1.0,1.5579125489662005e-10
1.0,0.0,0.9999955296516418,3.6640938105847454e-06
1.0,0.0,1.0,2.1013903506172937e-08
1.0,0.0,0.9999998807907104,1.0451685028556312e-07
1.0,0.0,0.9999966621398926,2.7968610538664507e-06
1.0,0.0,1.0,2.80453785195256e-11
1.0,0.0,1.0,1.6791526391557454e-08
1.0,0.0,0.9999998807907104,1.0658659732598608e-07
1.0,0.0,1.0,1.0460755817121026e-08
1.0,0.0,0.999989926815033,7.628430466866121e-06
1.0,0.0,0.9999943375587463,6.001216206641402e-06
1.0,0.0,1.0,3.52627899102842e-10
1.0,0.0,0.9999997019767761,2.1994263477154163e-07
1.0,0.0,0.9999998807907104,7.325876083541516e-08
1.0,0.0,1.0,8.116042948813629e-09
1.0,0.0,0.9999997615814209,1.945146976822798e-07
1.0,0.0,0.9999999403953552,3.567712525409661e-08
1.0,0.0,0.9999997615814209,1.7510059535652545e-07
1.0,0.0,0.9999988079071045,8.993018809633213e-07
1.0,0.0,1.0,8.963973563425043e-09
1.0,0.0,0.9999998807907104,8.631086956256695e-08
1.0,0.0,1.0,9.639191099181473e-18
1.0,0.0,0.9999995231628418,4.575855712118937e-07
1.0,0.0,1.0,4.716075530097896e-09
1.0,0.0,0.9999995827674866,3.3350755757055595e-07
1.0,0.0,0.9999988079071045,9.157046179097961e-07
1.0,0.0,0.9999999403953552,2.6168741840137955e-08
1.0,0.0,0.9999999403953552,4.682206977690839e-08
1.0,0.0,1.0,1.426393170245177e-10
1.0,0.0,1.0,3.873265597142961e-10
1.0,0.0,0.9999998211860657,1.3811968813115527e-07
1.0,0.0,0.9999998807907104,8.559950970266073e-08
1.0,0.0,1.0,1.1640543563784522e-11
1.0,0.0,0.9999983906745911,1.3735379980062135e-06
1.0,0.0,1.0,5.861934049278261e-09
1.0,0.0,0.9999998807907104,8.1023124209878e-08
1.0,0.0,0.9999999403953552,2.677296961905995e-08
1.0,0.0,1.0,1.0223015323163054e-08
1.0,0.0,0.9999989867210388,7.362759220086446e-07
1.0,0.0,0.9999997019767761,2.231164444310707e-07
1.0,0.0,0.9999997019767761,2.0191694716231723e-07
1.0,0.0,1.0,6.281863473844851e-09
1.0,0.0,1.0,5.287393092801018e-11
1.0,0.0,1.0,3.285218763693365e-09
1.0,0.0,0.9999998211860657,1.2469249099922308e-07
1.0,0.0,0.9999996423721313,2.8637001037168375e-07
1.0,0.0,0.9999999403953552,2.4901423145706758e-08
1.0,0.0,0.9999998807907104,9.14777018579116e-08
1.0,0.0,0.9999774694442749,2.7579841116676107e-05
1.0,0.0,0.9994239211082458,0.0005065849982202053
1.0,0.0,0.9999561309814453,3.683488830574788e-05
1.0,0.0,1.0,3.829311090441934e-09
1.0,0.0,0.9999728798866272,2.06508793780813e-05
1.0,0.0,0.9999990463256836,7.881251917751797e-07
1.0,0.0,1.0,6.198785517004535e-13
1.0,0.0,0.9999999403953552,6.436370370010991e-08
1.0,0.0,0.9999999403953552,5.5370495744000436e-08
1.0,0.0,0.9999993443489075,4.5682469362873235e-07
1.0,0.0,1.0,2.787410246454213e-21
1.0,0.0,0.999997079372406,2.435844407955301e-06
1.0,0.0,0.9999984502792358,1.2524038766059675e-06
1.0,0.0,0.9999998807907104,9.577806281413359e-08
1.0,0.0,1.0,5.1288591151887886e-09
1.0,0.0,0.9999999403953552,3.655963709547905e-08
1.0,0.0,0.9999995231628418,3.603312848099449e-07
1.0,0.0,1.0,1.5117930154738952e-29
1.0,0.0,1.0,1.8591844508364375e-08
1.0,0.0,0.9999977946281433,1.7123139741670457e-06
1.0,0.0,1.0,1.0249081291465532e-34
1.0,0.0,0.9999997615814209,1.670705103151704e-07
1.0,0.0,0.9999999403953552,3.8141735103636165e-08
1.0,0.0,1.0,6.825170206781195e-09
1.0,0.0,1.0,1.3378041729961154e-10
1.0,0.0,0.9999996423721313,2.3906241608528944e-07
1.0,0.0,0.9999999403953552,6.183248046909284e-08
1.0,0.0,1.0,2.1642304615099306e-10
1.0,0.0,0.9999997019767761,2.2629527052231424e-07
1.0,0.0,0.9999995827674866,3.1093472330212535e-07
0.0,1.0,7.589013306663617e-10,1.0
0.0,1.0,7.439887039772941e-10,1.0
0.0,1.0,7.416453007280666e-10,1.0
0.0,1.0,7.442654825773332e-10,1.0
0.0,1.0,6.061534186046244e-32,1.0
0.0,1.0,7.417316205682312e-10,1.0
0.0,1.0,7.428996862124393e-10,1.0
0.0,1.0,7.441249283424156e-10,1.0
0.0,1.0,7.440823512894212e-10,1.0
0.0,1.0,7.425794978921374e-10,1.0
0.0,1.0,7.446616101525194e-10,1.0
0.0,1.0,7.441590121892716e-10,1.0
0.0,1.0,7.434454163401938e-10,1.0
0.0,1.0,7.435886351103704e-10,1.0
0.0,1.0,7.440426053051397e-10,1.0
0.0,1.0,7.525676748443288e-10,1.0
0.0,1.0,7.435872473315897e-10,1.0
0.0,1.0,7.440383864576461e-10,1.0
0.0,1.0,7.44151906761914e-10,1.0
0.0,1.0,7.443776151028203e-10,1.0
0.0,1.0,7.433971771497738e-10,1.0
0.0,1.0,7.44203032532198e-10,1.0
0.0,1.0,7.431462667462085e-10,1.0
0.0,1.0,7.462953588444066e-10,1.0
0.0,1.0,4.6448528356890506e-10,1.0
0.0,1.0,7.450438044287466e-10,1.0
0.0,1.0,7.425398629301583e-10,1.0
0.0,1.0,7.425370318614455e-10,1.0
0.0,1.0,7.428897497163689e-10,1.0
0.0,1.0,7.429520887392016e-10,1.0
0.0,1.0,7.509173283182236e-10,1.0
0.0,1.0,3.2383211082777225e-18,1.0
0.0,1.0,7.438014093530398e-10,1.0
0.0,1.0,7.440894567167788e-10,1.0
0.0,1.0,7.507540700224524e-10,1.0
0.0,1.0,7.447241157088058e-10,1.0
0.0,1.0,7.465302820364172e-10,1.0
0.0,1.0,7.428089809913274e-10,1.0
0.0,1.0,7.471000484926549e-10,1.0
0.0,1.0,7.507254262684171e-10,1.0
0.0,1.0,7.426106951591294e-10,1.0
0.0,1.0,7.440369431677141e-10,1.0
0.0,1.0,7.433347826157899e-10,1.0
0.0,1.0,7.455740469453076e-10,1.0
0.0,1.0,7.434213245005594e-10,1.0
0.0,1.0,7.433177962035131e-10,1.0
0.0,1.0,7.561777315423512e-10,1.0
0.0,1.0,7.428373471896066e-10,1.0
0.0,1.0,7.561921644416714e-10,1.0
0.0,1.0,7.431292803339318e-10,1.0
0.0,1.0,7.418433645156597e-10,1.0
0.0,1.0,7.440780769307764e-10,1.0
0.0,1.0,7.43441141981549e-10,1.0
0.0,1.0,7.465089102431932e-10,1.0
0.0,1.0,7.430924209295142e-10,1.0
0.0,1.0,7.435999593852216e-10,1.0
0.0,1.0,9.970893337229319e-17,1.0
0.0,1.0,7.4293082796828e-10,1.0
0.0,1.0,7.432653381655996e-10,1.0
0.0,1.0,7.43123562685355e-10,1.0
0.0,1.0,7.970848980853873e-10,1.0
0.0,1.0,7.453010431035523e-10,1.0
0.0,1.0,7.432171544863309e-10,1.0
0.0,1.0,7.427665149606355e-10,1.0
0.0,1.0,7.420329906082657e-10,1.0
0.0,1.0,7.463210049962754e-10,1.0
0.0,1.0,7.437517823838391e-10,1.0
0.0,1.0,7.463138995689178e-10,1.0
0.0,1.0,7.433503812492859e-10,1.0
0.0,1.0,8.033518295036401e-10,1.0
0.0,1.0,7.443378691185387e-10,1.0
0.0,1.0,7.42685746235594e-10,1.0
0.0,1.0,7.937593360374251e-10,1.0
0.0,1.0,7.435247972864545e-10,1.0
0.0,1.0,7.430583925938095e-10,1.0
0.0,1.0,7.43458183904977e-10,1.0
0.0,1.0,4.38401913004842e-16,1.0
0.0,1.0,7.423968106934353e-10,1.0
0.0,1.0,8.634915005245603e-10,1.0
0.0,1.0,7.438539229021046e-10,1.0
0.0,1.0,1.652638698904519e-14,1.0
0.0,1.0,7.429960535709768e-10,1.0
0.0,1.0,7.435319027138121e-10,1.0
0.0,1.0,7.43625494514788e-10,1.0
0.0,1.0,7.429067361286457e-10,1.0
0.0,1.0,7.433745286000715e-10,1.0
0.0,1.0,7.427126691439412e-10,1.0
0.0,1.0,7.474734720069875e-10,1.0
0.0,1.0,7.42991779212332e-10,1.0
0.0,1.0,7.448718863933834e-10,1.0
0.0,1.0,7.415292824219932e-10,1.0
0.0,1.0,7.440667526559253e-10,1.0
0.0,1.0,7.437148674682703e-10,1.0
0.0,1.0,7.433730853101395e-10,1.0
0.0,1.0,7.450693950694642e-10,1.0
0.0,1.0,7.442271243718324e-10,1.0
0.0,1.0,7.466285367740966e-10,1.0
0.0,1.0,7.437446769564815e-10,1.0
0.0,1.0,7.459168283041606e-10,1.0
0.0,1.0,7.422070735785269e-10,1.0
0.0,1.0,7.427098380752284e-10,1.0
0.0,1.0,7.418405334469469e-10,1.0
0.0,1.0,7.434383109128362e-10,1.0
0.0,1.0,7.425327575028007e-10,1.0
0.0,1.0,7.431718018757749e-10,1.0
0.0,1.0,7.46288253417049e-10,1.0
0.0,1.0,7.454147854524251e-10,1.0
0.0,1.0,7.445991601073843e-10,1.0
0.0,1.0,7.434439730502618e-10,1.0
0.0,1.0,7.474920127314988e-10,1.0
0.0,1.0,7.429846737849743e-10,1.0
0.0,1.0,7.43628381094652e-10,1.0
0.0,1.0,7.427494730372075e-10,1.0
0.0,1.0,7.439035498713054e-10,1.0
0.0,1.0,7.428557213806641e-10,1.0
0.0,1.0,7.440965621441364e-10,1.0
0.0,1.0,7.434553528362642e-10,1.0
0.0,1.0,7.449400540870954e-10,1.0
0.0,1.0,7.44965644727813e-10,1.0
0.0,1.0,7.425653425485734e-10,1.0
0.0,1.0,7.452228834026187e-10,1.0
0.0,1.0,5.0302786438466897e-29,1.0
0.0,1.0,7.425511872050095e-10,1.0
0.0,1.0,1.5562126265114587e-19,1.0
0.0,1.0,7.438170079865358e-10,1.0
0.0,1.0,7.433886839436354e-10,1.0
0.0,1.0,7.439461269242997e-10,1.0
0.0,1.0,2.438887092282016e-09,1.0
0.0,1.0,7.435829729729448e-10,1.0
0.0,1.0,7.455242534426532e-10,1.0
0.0,1.0,7.451191330609674e-10,1.0
0.0,1.0,7.436397053695032e-10,1.0
0.0,1.0,7.431263937540677e-10,1.0
0.0,1.0,7.501743115589932e-10,1.0
0.0,1.0,7.429577508766272e-10,1.0
0.0,1.0,7.450338679326762e-10,1.0
0.0,1.0,7.437715998648287e-10,1.0
0.0,1.0,7.449713068652386e-10,1.0
0.0,1.0,7.452399253260467e-10,1.0
0.0,1.0,1.9898566342696136e-19,1.0
0.0,1.0,7.440312810302885e-10,1.0
0.0,1.0,7.44877548530809e-10,1.0
0.0,1.0,7.441646743266972e-10,1.0
0.0,1.0,7.581388850042003e-10,1.0
0.0,1.0,7.442413352265476e-10,1.0
0.0,1.0,7.441079419301388e-10,1.0
0.0,1.0,7.490233988605155e-10,1.0
0.0,1.0,7.440624782972804e-10,1.0
0.0,1.0,7.429181159146481e-10,1.0
0.0,1.0,7.438766269629582e-10,1.0
0.0,1.0,7.437702120860479e-10,1.0
0.0,1.0,7.434028392871994e-10,1.0
0.0,1.0,7.490976727808629e-10,1.0
0.0,1.0,7.44619033099525e-10,1.0
0.0,1.0,7.46328110423633e-10,1.0
0.0,1.0,7.440057459007221e-10,1.0
0.0,1.0,7.434539095463322e-10,1.0
0.0,1.0,7.426914083730196e-10,1.0
0.0,1.0,7.61550489336571e-10,1.0
0.0,1.0,7.425426939988711e-10,1.0
0.0,1.0,7.578511707073687e-10,1.0
0.0,1.0,7.441476324032692e-10,1.0
0.0,1.0,1.131922777730665e-09,1.0
0.0,1.0,7.423415770979602e-10,1.0
0.0,1.0,7.437943039256822e-10,1.0
0.0,1.0,7.459268203113822e-10,1.0
0.0,1.0,7.430243642581047e-10,1.0
0.0,1.0,7.431958937154093e-10,1.0
0.0,1.0,7.435205784389609e-10,1.0
0.0,1.0,7.447852334863114e-10,1.0
0.0,1.0,7.427211623500796e-10,1.0
0.0,1.0,2.351769612385368e-10,1.0
0.0,1.0,7.434014515084186e-10,1.0
0.0,1.0,7.438014093530398e-10,1.0
0.0,1.0,7.446815386558114e-10,1.0
0.0,1.0,7.429591941665592e-10,1.0
0.0,1.0,7.439517890617253e-10,1.0
0.0,1.0,7.473751062470058e-10,1.0
0.0,1.0,7.439348026494486e-10,1.0
0.0,1.0,7.395687950939589e-10,1.0
0.0,1.0,1.5312112617234848e-24,1.0
0.0,1.0,7.446162020308122e-10,1.0
0.0,1.0,7.359397535822154e-10,1.0
0.0,1.0,7.153969083795175e-10,1.0
0.0,1.0,1.0083641941024315e-34,1.0
0.0,1.0,5.255897010422627e-24,1.0
0.0,1.0,7.439517890617253e-10,1.0
0.0,1.0,7.495007392499531e-10,1.0
0.0,1.0,0.0,1.0
0.0,1.0,0.004634233191609383,0.9939846396446228
0.0,1.0,7.453209716068443e-10,1.0
0.0,1.0,7.428571646705961e-10,1.0
0.0,1.0,7.440412175263589e-10,1.0
0.0,1.0,7.442044203109788e-10,1.0
0.0,1.0,7.443293204012491e-10,1.0
0.0,1.0,4.555134880401823e-10,1.0
0.0,1.0,0.0,1.0
0.0,1.0,3.97300015109181e-09,1.0
0.0,1.0,7.445139504902443e-10,1.0
0.0,1.0,7.49763806595638e-10,1.0
0.0,1.0,7.516882671865233e-10,1.0
0.0,1.0,2.856494872757575e-22,1.0
0.0,1.0,7.499468823723987e-10,1.0
0.0,1.0,7.46128880901864e-10,1.0
0.0,1.0,7.757446907064036e-10,1.0
0.0,1.0,7.897875131668286e-10,1.0
0.0,1.0,7.449727501551706e-10,1.0
0.0,1.0,7.453394568202043e-10,1.0
0.0,1.0,7.502143906101821e-10,1.0
0.0,1.0,1.5780460271841434e-09,1.0
0.0,1.0,1.5286269672287744e-06,0.9999972581863403
0.0,1.0,7.511350430533525e-10,1.0
0.0,1.0,7.422566450365764e-10,1.0
0.0,1.0,7.426871340143748e-10,1.0
0.0,1.0,7.731242868125321e-10,1.0
0.0,1.0,7.427835013729123e-10,1.0
0.0,1.0,7.42375605433665e-10,1.0
0.0,1.0,2.5003176418181283e-08,0.9999999403953552
0.0,1.0,1.9888359403807954e-08,1.0
0.0,1.0,2.6171257654585258e-33,1.0
0.0,1.0,7.870086249361918e-10,1.0
0.0,1.0,7.425794978921374e-10,1.0
0.0,1.0,1.577502704514925e-19,1.0
0.0,1.0,1.8444901161984717e-09,1.0
0.0,1.0,7.420528080892552e-10,1.0
0.0,1.0,0.0,1.0
0.0,1.0,7.482351960241829e-10,1.0
0.0,1.0,1.1846411307986839e-18,1.0
0.0,1.0,7.542417801431611e-10,1.0
0.0,1.0,7.440909000067109e-10,1.0
0.0,1.0,7.445423166885234e-10,1.0
0.0,1.0,7.42685746235594e-10,1.0
0.0,1.0,7.45639439081458e-10,1.0
0.0,1.0,7.430512871664519e-10,1.0
0.0,1.0,7.430130399832535e-10,1.0
0.0,1.0,7.407716107188378e-10,1.0
0.0,1.0,7.410118629813667e-10,1.0
0.0,1.0,7.408252900020784e-10,1.0
0.0,1.0,7.419848624401482e-10,1.0
0.0,1.0,7.441476324032692e-10,1.0
0.0,1.0,2.762236533765358e-23,1.0
0.0,1.0,7.406077418004031e-10,1.0
0.0,1.0,7.416311453845026e-10,1.0
0.0,1.0,7.415675296051916e-10,1.0
0.0,1.0,7.419537206843074e-10,1.0
0.0,1.0,2.205334598900263e-21,1.0
0.0,1.0,7.415490999029828e-10,1.0
0.0,1.0,7.405639435020817e-10,1.0
0.0,1.0,7.422651382427148e-10,1.0
0.0,1.0,7.410259628137794e-10,1.0
0.0,1.0,7.399441059874334e-10,1.0
0.0,1.0,7.408563762467679e-10,1.0
0.0,1.0,7.410584923484009e-10,1.0
0.0,1.0,7.403280766205e-10,1.0
0.0,1.0,6.840308077350999e-22,1.0
0.0,1.0,7.40708050450678e-10,1.0
0.0,1.0,7.427919945790507e-10,1.0
0.0,1.0,7.428430093270322e-10,1.0
0.0,1.0,7.418829994776388e-10,1.0
0.0,1.0,7.410796976081713e-10,1.0
0.0,1.0,7.413525349164729e-10,1.0
0.0,1.0,7.406557589462182e-10,1.0
0.0,1.0,7.412662705874595e-10,1.0
0.0,1.0,7.411065650053672e-10,1.0
0.0,1.0,1.852197301352024e-20,1.0
0.0,1.0,7.401502188919551e-10,1.0
0.0,1.0,7.44721284640093e-10,1.0
0.0,1.0,7.404212798434173e-10,1.0
0.0,1.0,7.413850644510944e-10,1.0
0.0,1.0,5.937448835601939e-17,1.0
0.0,1.0,7.419042047374091e-10,1.0
0.0,1.0,7.413935576572328e-10,1.0
0.0,1.0,7.413384350840602e-10,1.0
0.0,1.0,7.413680780388177e-10,1.0
0.0,1.0,7.40390249109879e-10,1.0
0.0,1.0,7.427693460293483e-10,1.0
0.0,1.0,7.756677522507971e-10,1.0
0.0,1.0,7.415943970023875e-10,1.0
0.0,1.0,7.430654980211671e-10,1.0
0.0,1.0,7.407179314355972e-10,1.0
0.0,1.0,7.411956048919421e-10,1.0
0.0,1.0,7.408973989875278e-10,1.0
0.0,1.0,7.41987693508861e-10,1.0
0.0,1.0,7.775252108821462e-10,1.0
0.0,1.0,7.406925073283332e-10,1.0
0.0,1.0,7.416792735526201e-10,1.0
0.0,1.0,7.424350578766337e-10,1.0
0.0,1.0,7.407716107188378e-10,1.0
0.0,1.0,8.962608464788696e-24,1.0
0.0,1.0,7.405964175255519e-10,1.0
0.0,1.0,7.418688441340748e-10,1.0
0.0,1.0,7.412847002896683e-10,1.0
0.0,1.0,7.413426539315537e-10,1.0
0.0,1.0,7.415830727275363e-10,1.0
0.0,1.0,7.413624714125433e-10,1.0
0.0,1.0,7.425794978921374e-10,1.0
0.0,1.0,7.413454850002665e-10,1.0
0.0,1.0,7.502902743539153e-10,1.0
0.0,1.0,1.5784141993435696e-08,1.0
0.0,1.0,7.414671099326142e-10,1.0
0.0,1.0,8.231309522876984e-10,1.0
0.0,1.0,2.7738037644553515e-08,0.9999999403953552
0.0,1.0,1.4035514192569577e-28,1.0
0.0,1.0,7.400161039505804e-10,1.0
0.0,1.0,7.409977076378027e-10,1.0
0.0,1.0,7.410514424321946e-10,1.0
0.0,1.0,7.403732626976023e-10,1.0
0.0,1.0,7.407998658948145e-10,1.0
0.0,1.0,7.411701807846782e-10,1.0
0.0,1.0,1.1860989654907759e-15,1.0
0.0,1.0,7.420867809138088e-10,1.0
0.0,1.0,4.274198062148571e-08,0.9999998807907104
0.0,1.0,7.407772728562634e-10,1.0
0.0,1.0,7.415632552465468e-10,1.0
0.0,1.0,7.411277702651375e-10,1.0
0.0,1.0,7.427126691439412e-10,1.0
0.0,1.0,7.412790381522427e-10,1.0
0.0,1.0,7.405526192272305e-10,1.0
0.0,1.0,7.422566450365764e-10,1.0
0.0,1.0,7.403591628651895e-10,1.0
0.0,1.0,7.415575931091212e-10,1.0
0.0,1.0,7.406614210836437e-10,1.0
0.0,1.0,7.421717129751926e-10,1.0
0.0,1.0,1.7062373558474064e-07,0.9999997615814209
0.0,1.0,7.426885773043068e-10,1.0
0.0,1.0,7.411828928383102e-10,1.0
0.0,1.0,7.409948765690899e-10,1.0
0.0,1.0,7.4169054231632e-10,1.0
0.0,1.0,7.412733760148171e-10,1.0
0.0,1.0,7.411306013338503e-10,1.0
0.0,1.0,7.423019421359811e-10,1.0
0.0,1.0,4.302093243122147e-17,1.0
0.0,1.0,7.605489016349054e-10,1.0
0.0,1.0,7.449599825903874e-10,1.0
0.0,1.0,7.962309145348456e-10,1.0
0.0,1.0,7.413143432444258e-10,1.0
0.0,1.0,7.405343005473242e-10,1.0
0.0,1.0,7.407998658948145e-10,1.0
0.0,1.0,7.417018665911712e-10,1.0
0.0,1.0,7.39996341980742e-10,1.0
0.0,1.0,7.403238577730065e-10,1.0
0.0,1.0,3.124565276652058e-12,1.0
0.0,1.0,7.409581281869748e-10,1.0
0.0,1.0,7.405865365406328e-10,1.0
0.0,1.0,7.419650449591586e-10,1.0
0.0,1.0,7.419098668748347e-10,1.0
0.0,1.0,7.405144830663346e-10,1.0
0.0,1.0,7.404071800110046e-10,1.0
0.0,1.0,7.419792003027226e-10,1.0
0.0,1.0,7.413680780388177e-10,1.0
0.0,1.0,7.409722835305388e-10,1.0
0.0,1.0,7.412606084500339e-10,1.0
0.0,1.0,7.408733626590447e-10,1.0
0.0,1.0,7.545986058232756e-10,1.0
0.0,1.0,7.406515400987246e-10,1.0
0.0,1.0,7.40706607160746e-10,1.0
0.0,1.0,7.408422764143552e-10,1.0
0.0,1.0,7.441249283424156e-10,1.0
0.0,1.0,2.043126552011807e-23,1.0
0.0,1.0,7.409765023780324e-10,1.0
0.0,1.0,7.40474959126658e-10,1.0
0.0,1.0,2.1785476472324404e-18,1.0
0.0,1.0,7.423713310750202e-10,1.0
0.0,1.0,7.410712044020329e-10,1.0
0.0,1.0,7.416636749191241e-10,1.0
0.0,1.0,3.6631917238582555e-25,1.0
0.0,1.0,7.456451567300348e-10,1.0
0.0,1.0,7.408648694529063e-10,1.0
0.0,1.0,7.715792523128873e-17,1.0
0.0,1.0,1.5677259490587403e-09,1.0
0.0,1.0,8.180317534467463e-10,1.0
0.0,1.0,7.427070070065156e-10,1.0
0.0,1.0,7.42276462517566e-10,1.0
0.0,1.0,7.41404881932084e-10,1.0
0.0,1.0,7.410344560199178e-10,1.0
0.0,1.0,7.53632045658037e-10,1.0
0.0,1.0,7.409128865987213e-10,1.0
0.0,1.0,7.418292091720957e-10,1.0
0.0,1.0,7.407419677640803e-10,1.0
0.0,1.0,7.417754743777039e-10,1.0
0.0,1.0,7.428033188539018e-10,1.0
0.0,1.0,7.401205759371976e-10,1.0
0.0,1.0,7.40818240085872e-10,1.0
0.0,1.0,7.412040980980805e-10,1.0
0.0,1.0,7.47053030547562e-10,1.0
0.0,1.0,7.406204538540351e-10,1.0
0.0,1.0,8.042717047906933e-10,1.0
0.0,1.0,7.422113479371717e-10,1.0
0.0,1.0,7.412097602355061e-10,1.0
0.0,1.0,7.453181405381315e-10,1.0
0.0,1.0,7.486948838675289e-10,1.0
0.0,1.0,5.635773364295927e-21,1.0
0.0,1.0,7.409101110411598e-10,1.0
0.0,1.0,7.415066893834421e-10,1.0
0.0,1.0,7.414091007795776e-10,1.0
0.0,1.0,7.40768779650125e-10,1.0
0.0,1.0,7.406275037702414e-10,1.0
0.0,1.0,7.515305600058753e-10,1.0
0.0,1.0,7.415406066968444e-10,1.0
0.0,1.0,7.412266911366316e-10,1.0
0.0,1.0,1.96770602910797e-15,1.0
0.0,1.0,7.414769909175334e-10,1.0
0.0,1.0,7.415194014370741e-10,1.0
0.0,1.0,0.0,1.0
0.0,1.0,7.408295643607232e-10,1.0
0.0,1.0,7.412238600679188e-10,1.0
0.0,1.0,7.405879798305648e-10,1.0
0.0,1.0,1.6902630043438092e-21,1.0
0.0,1.0,7.408761937277575e-10,1.0
0.0,1.0,0.0,1.0
0.0,1.0,7.404184487747045e-10,1.0
0.0,1.0,7.413794023136688e-10,1.0
0.0,1.0,7.410514424321946e-10,1.0
0.0,1.0,7.419480585468818e-10,1.0
0.0,1.0,7.408380020557104e-10,1.0
0.0,1.0,7.420046799211377e-10,1.0
0.0,1.0,7.411475322349759e-10,1.0
0.0,1.0,7.400881019137273e-10,1.0
0.0,1.0,7.414671099326142e-10,1.0
0.0,1.0,7.410910218830224e-10,1.0
0.0,1.0,7.426786408082364e-10,1.0
0.0,1.0,7.418263781033829e-10,1.0
0.0,1.0,7.416325886744346e-10,1.0
0.0,1.0,1.8145863682515182e-19,1.0
0.0,1.0,7.425242642966623e-10,1.0
0.0,1.0,7.417499947592887e-10,1.0
0.0,1.0,7.40401517873579e-10,1.0
0.0,1.0,7.41481209765027e-10,1.0
0.0,1.0,7.638970567214187e-10,1.0
0.0,1.0,7.418546887905109e-10,1.0
0.0,1.0,7.436028459650856e-10,1.0
0.0,1.0,7.415151825895805e-10,1.0
0.0,1.0,7.412012670293677e-10,1.0
0.0,1.0,7.425370318614455e-10,1.0
0.0,1.0,7.415307257119252e-10,1.0
0.0,1.0,7.424067471895057e-10,1.0
0.0,1.0,7.407094382294588e-10,1.0
0.0,1.0,7.423359149605346e-10,1.0
0.0,1.0,7.426134707166909e-10,1.0
0.0,1.0,7.573093263602004e-10,1.0
0.0,1.0,7.409496349808364e-10,1.0
0.0,1.0,7.485663755524286e-10,1.0
0.0,1.0,7.417556568967143e-10,1.0
0.0,1.0,9.12852866213898e-12,1.0
0.0,1.0,7.406670832210693e-10,1.0
0.0,1.0,7.420259406920593e-10,1.0
0.0,1.0,7.411701807846782e-10,1.0
0.0,1.0,7.411984359606549e-10,1.0
0.0,1.0,7.418914926837772e-10,1.0
0.0,1.0,7.441220972737028e-10,1.0
0.0,1.0,7.364522880415336e-10,1.0
0.0,1.0,7.410853597455969e-10,1.0
0.0,1.0,7.412083169455741e-10,1.0
0.0,1.0,1.0648803794310879e-07,0.9999998211860657
0.0,1.0,7.403760937663151e-10,1.0
0.0,1.0,7.410853597455969e-10,1.0
0.0,1.0,7.414515112991182e-10,1.0
0.0,1.0,7.413652469701049e-10,1.0
0.0,1.0,7.40174199709287e-10,1.0
0.0,1.0,7.437546134525519e-10,1.0
0.0,1.0,7.408083591009529e-10,1.0
0.0,1.0,7.41031624951205e-10,1.0
0.0,1.0,7.427933823578314e-10,1.0
0.0,1.0,7.405879798305648e-10,1.0
0.0,1.0,7.411630753573206e-10,1.0
0.0,1.0,2.559663093461284e-13,1.0
0.0,1.0,7.452228834026187e-10,1.0
0.0,1.0,7.415307257119252e-10,1.0
0.0,1.0,7.416990355224584e-10,1.0
0.0,1.0,7.410669855545393e-10,1.0
0.0,1.0,7.408351709869976e-10,1.0
0.0,1.0,7.409242108735725e-10,1.0
0.0,1.0,7.405611124333689e-10,1.0
0.0,1.0,7.412974123433003e-10,1.0
0.0,1.0,7.848380279007472e-10,1.0
0.0,1.0,7.41031624951205e-10,1.0
0.0,1.0,7.408535451780551e-10,1.0
0.0,1.0,7.406105728691159e-10,1.0
0.0,1.0,5.280253485301779e-24,1.0
0.0,1.0,7.410966285092968e-10,1.0
0.0,1.0,7.692469439213312e-10,1.0
0.0,1.0,7.654241129806394e-10,1.0
0.0,1.0,7.406147917166095e-10,1.0
0.0,1.0,7.424095782582185e-10,1.0
0.0,1.0,7.417811365151294e-10,1.0
0.0,1.0,5.5629648159083445e-06,0.9999915957450867
0.0,1.0,7.402264357025956e-10,1.0
0.0,1.0,7.416934288961841e-10,1.0
0.0,1.0,7.420613012953936e-10,1.0
0.0,1.0,7.48363648828132e-10,1.0
0.0,1.0,7.412266911366316e-10,1.0
0.0,1.0,7.405964175255519e-10,1.0
0.0,1.0,7.400796087075889e-10,1.0
0.0,1.0,7.420981051886599e-10,1.0
0.0,1.0,7.399695300946973e-10,1.0
0.0,1.0,7.41625483247077e-10,1.0
0.0,1.0,7.410146940500795e-10,1.0
0.0,1.0,7.405356883261049e-10,1.0
0.0,1.0,7.408733626590447e-10,1.0
0.0,1.0,7.411390390288375e-10,1.0
0.0,1.0,7.420103420585633e-10,1.0
0.0,1.0,7.411192770589992e-10,1.0
0.0,1.0,7.407801039249762e-10,1.0
0.0,1.0,7.412181979304933e-10,1.0
0.0,1.0,7.410584923484009e-10,1.0
0.0,1.0,7.42137740150639e-10,1.0
0.0,1.0,7.413568092751177e-10,1.0
0.0,1.0,7.407716107188378e-10,1.0
0.0,1.0,7.415434377655572e-10,1.0
0.0,1.0,7.411616875785398e-10,1.0
0.0,1.0,7.419508896155946e-10,1.0
0.0,1.0,1.3169276371627348e-06,0.9999982714653015
0.0,1.0,7.525016165743637e-10,1.0
0.0,1.0,7.422538139678636e-10,1.0
0.0,1.0,7.408083591009529e-10,1.0
0.0,1.0,7.419126979435475e-10,1.0
0.0,1.0,7.404297730495557e-10,1.0
0.0,1.0,7.407151003668844e-10,1.0
0.0,1.0,7.415915659336747e-10,1.0
0.0,1.0,7.41798067416255e-10,1.0
0.0,1.0,7.407235935730228e-10,1.0
0.0,1.0,7.423954229146545e-10,1.0
0.0,1.0,7.404283297596237e-10,1.0
0.0,1.0,7.42055639157968e-10,1.0
0.0,1.0,7.412295222053444e-10,1.0
0.0,1.0,7.409751145992516e-10,1.0
0.0,1.0,7.651788647144997e-10,1.0
0.0,1.0,7.404382662556941e-10,1.0
0.0,1.0,7.408507141093423e-10,1.0
0.0,1.0,7.408069158110209e-10,1.0
0.0,1.0,7.59929730254072e-10,1.0
0.0,1.0,7.846134852940168e-10,1.0
0.0,1.0,7.824017544955097e-10,1.0
0.0,1.0,5.056318741480936e-07,0.9999993443489075
0.0,1.0,7.403548885065447e-10,1.0
0.0,1.0,7.411390390288375e-10,1.0
0.0,1.0,7.416976477436776e-10,1.0
0.0,1.0,7.354949427273993e-10,1.0
0.0,1.0,8.01374577807934e-10,1.0
0.0,1.0,7.410429492260562e-10,1.0
0.0,1.0,7.411899427545166e-10,1.0
0.0,1.0,7.41455785657763e-10,1.0
0.0,1.0,7.412804259310235e-10,1.0
0.0,1.0,7.408535451780551e-10,1.0
0.0,1.0,7.348106567661716e-10,1.0
0.0,1.0,2.7619182982330237e-13,1.0
0.0,1.0,7.41403438642152e-10,1.0
0.0,1.0,7.410598801271817e-10,1.0
0.0,1.0,7.415986158498811e-10,1.0
0.0,1.0,7.507855448452005e-10,1.0
0.0,1.0,7.426574355484661e-10,1.0
0.0,1.0,7.406161794953903e-10,1.0
0.0,1.0,7.411616875785398e-10,1.0
0.0,1.0,7.811313262884312e-10,1.0
0.0,1.0,7.416184333308706e-10,1.0
0.0,1.0,7.468863305604145e-10,1.0
0.0,1.0,7.463508699956378e-10,1.0
0.0,1.0,7.522849565511081e-10,1.0
0.0,1.0,7.42276462517566e-10,1.0
0.0,1.0,7.408083591009529e-10,1.0
0.0,1.0,7.808351946796133e-13,1.0
0.0,1.0,7.40893124628883e-10,1.0
0.0,1.0,7.40830952139504e-10,1.0
0.0,1.0,7.439887039772941e-10,1.0
0.0,1.0,7.619936348568501e-10,1.0
0.0,1.0,7.53200946057575e-10,1.0
0.0,1.0,1.1671145092636371e-28,1.0
0.0,1.0,7.40570993418288e-10,1.0
0.0,1.0,7.428061499226146e-10,1.0
0.0,1.0,7.408069158110209e-10,1.0
0.0,1.0,7.448718863933834e-10,1.0
0.0,1.0,7.406275037702414e-10,1.0
0.0,1.0,5.065904972872553e-36,1.0
0.0,1.0,7.416028902085259e-10,1.0
0.0,1.0,7.420075109898505e-10,1.0
0.0,1.0,7.416368075219282e-10,1.0
0.0,1.0,2.8395991761072964e-23,1.0
0.0,1.0,7.413313296567026e-10,1.0
0.0,1.0,7.406500968087926e-10,1.0
0.0,1.0,7.412705449461043e-10,1.0
0.0,1.0,7.45483602366345e-20,1.0
0.0,1.0,7.405935864568391e-10,1.0
0.0,1.0,7.415943970023875e-10,1.0
0.0,1.0,7.412521707550468e-10,1.0
0.0,1.0,7.411192770589992e-10,1.0
0.0,1.0,6.468985503521596e-12,1.0
0.0,1.0,7.408168523070913e-10,1.0
0.0,1.0,8.424597147281207e-14,1.0
0.0,1.0,2.129303157405449e-11,1.0
0.0,1.0,7.414586167264758e-10,1.0
0.0,1.0,7.399864609958229e-10,1.0
0.0,1.0,7.424209025330697e-10,1.0
0.0,1.0,7.406628088624245e-10,1.0
0.0,1.0,7.416806613314009e-10,1.0
0.0,1.0,6.421312700316539e-12,1.0
0.0,1.0,7.412181979304933e-10,1.0
0.0,1.0,7.419947989362186e-10,1.0
0.0,1.0,7.509187716081556e-10,1.0
0.0,1.0,1.647274868059987e-16,1.0
0.0,1.0,7.658125245058045e-10,1.0
0.0,1.0,7.477686803092354e-10,1.0
0.0,1.0,7.403111457193745e-10,1.0
0.0,1.0,7.429492576704888e-10,1.0
0.0,1.0,7.424194592431377e-10,1.0
0.0,1.0,7.407716107188378e-10,1.0
0.0,1.0,7.41325667519277e-10,1.0
0.0,1.0,7.411390390288375e-10,1.0
0.0,1.0,7.423699432962394e-10,1.0
0.0,1.0,7.818572456130823e-10,1.0
0.0,1.0,7.411390390288375e-10,1.0
0.0,1.0,7.462142570524577e-10,1.0
0.0,1.0,7.42602201952991e-10,1.0
0.0,1.0,7.407433555428611e-10,1.0
0.0,1.0,7.406303348389542e-10,1.0
0.0,1.0,7.407970348261017e-10,1.0
0.0,1.0,7.417641501028527e-10,1.0
0.0,1.0,7.421547265629158e-10,1.0
0.0,1.0,7.41798067416255e-10,1.0
0.0,1.0,7.411913860444486e-10,1.0
0.0,1.0,7.408196278646528e-10,1.0
0.0,1.0,7.431419923875637e-10,1.0
0.0,1.0,7.40390249109879e-10,1.0
0.0,1.0,7.423939796247225e-10,1.0
0.0,1.0,7.414218128332095e-10,1.0
0.0,1.0,7.422085168684589e-10,1.0
0.0,1.0,7.50182915787434e-10,1.0
0.0,1.0,7.406373847551606e-10,1.0
0.0,1.0,7.420400960356233e-10,1.0
0.0,1.0,7.423911485560097e-10,1.0
0.0,1.0,7.416495195755601e-10,1.0
0.0,1.0,7.413992197946584e-10,1.0
0.0,1.0,8.164688551914878e-07,0.9999977350234985
0.0,1.0,7.414077130007968e-10,1.0
0.0,1.0,7.434780013859665e-10,1.0
0.0,1.0,7.43442585271481e-10,1.0
0.0,1.0,7.508156318891679e-10,1.0
0.0,1.0,7.582083294543907e-10,1.0
0.0,1.0,7.403168078568001e-10,1.0
0.0,1.0,7.400782209288082e-10,1.0
0.0,1.0,7.402010115953317e-10,1.0
0.0,1.0,7.412154223729317e-10,1.0
0.0,1.0,7.412847002896683e-10,1.0
0.0,1.0,7.417613190341399e-10,1.0
0.0,1.0,7.423699432962394e-10,1.0
0.0,1.0,7.586017924943178e-10,1.0
0.0,1.0,7.523308642731763e-10,1.0
0.0,1.0,2.605033966318615e-10,1.0
0.0,1.0,7.424916792508895e-10,1.0
0.0,1.0,7.425058901056047e-10,1.0
0.0,1.0,7.399271750863079e-10,1.0
0.0,1.0,7.406500968087926e-10,1.0
0.0,1.0,7.407433555428611e-10,1.0
0.0,1.0,7.400951518299337e-10,1.0
0.0,1.0,7.397352730365014e-10,1.0
0.0,1.0,7.395067336268824e-10,1.0
0.0,1.0,7.561373194242549e-10,1.0
0.0,1.0,1.3209866779525147e-20,1.0
0.0,1.0,7.39915906322608e-10,1.0
0.0,1.0,7.397056300817439e-10,1.0
0.0,1.0,7.571908655634729e-10,1.0
0.0,1.0,7.41045780294769e-10,1.0
0.0,1.0,7.397493728689142e-10,1.0
0.0,1.0,7.395264955967207e-10,1.0
0.0,1.0,7.399102441851824e-10,1.0
0.0,1.0,7.39961036888559e-10,1.0
0.0,1.0,7.398340273745418e-10,1.0
0.0,1.0,7.75042197087572e-10,1.0
0.0,1.0,7.400866586237953e-10,1.0
0.0,1.0,7.3930644939324e-10,1.0
0.0,1.0,7.397634727013269e-10,1.0
0.0,1.0,7.403337387579256e-10,1.0
0.0,1.0,7.403492818802704e-10,1.0
0.0,1.0,7.399511559036398e-10,1.0
0.0,1.0,7.403097024294425e-10,1.0
0.0,1.0,7.396110945911971e-10,1.0
0.0,1.0,7.397606416326141e-10,1.0
0.0,1.0,7.517427236258811e-10,1.0
0.0,1.0,7.400457469053379e-10,1.0
0.0,1.0,7.404283297596237e-10,1.0
0.0,1.0,7.40830952139504e-10,1.0
0.0,1.0,7.3960265689621e-10,1.0
0.0,1.0,7.368259891116224e-10,1.0
0.0,1.0,7.399892920645357e-10,1.0
0.0,1.0,7.415802416588235e-10,1.0
0.0,1.0,7.411418700975503e-10,1.0
0.0,1.0,7.401897428316317e-10,1.0
0.0,1.0,7.40449535019394e-10,1.0
0.0,1.0,7.407179314355972e-10,1.0
0.0,1.0,7.41311512175713e-10,1.0
0.0,1.0,7.409892144316643e-10,1.0
0.0,1.0,7.398834322991377e-10,1.0
0.0,1.0,7.395349332917078e-10,1.0
0.0,1.0,7.400570156690378e-10,1.0
0.0,1.0,7.400344226304867e-10,1.0
0.0,1.0,7.414020508633712e-10,1.0
0.0,1.0,7.393487488904782e-10,1.0
0.0,1.0,7.39915906322608e-10,1.0
0.0,1.0,7.398170964734163e-10,1.0
0.0,1.0,7.398227586108419e-10,1.0
0.0,1.0,7.395476453453398e-10,1.0
0.0,1.0,7.926669876034964e-10,1.0
0.0,1.0,1.0620645696235442e-08,1.0
0.0,1.0,7.400908774712889e-10,1.0
0.0,1.0,7.393501921804102e-10,1.0
0.0,1.0,7.394122536474868e-10,1.0
0.0,1.0,7.413200053818514e-10,1.0
0.0,1.0,7.394446721598058e-10,1.0
0.0,1.0,6.180347611461912e-08,0.9999999403953552
0.0,1.0,7.401022017461401e-10,1.0
0.0,1.0,7.408620383841935e-10,1.0
0.0,1.0,7.400570156690378e-10,1.0
0.0,1.0,7.401219637159784e-10,1.0
0.0,1.0,7.410881908143097e-10,1.0
0.0,1.0,2.3558615959264737e-31,1.0
0.0,1.0,7.410627111958945e-10,1.0
0.0,1.0,7.401558255182294e-10,1.0
0.0,1.0,7.41107952784148e-10,1.0
0.0,1.0,7.401911306104125e-10,1.0
0.0,1.0,6.713594570907599e-27,1.0
0.0,1.0,7.390921763494873e-10,1.0
0.0,1.0,7.406557589462182e-10,1.0
0.0,1.0,7.400697277226698e-10,1.0
0.0,1.0,7.399454937662142e-10,1.0
0.0,1.0,7.40402961163511e-10,1.0
0.0,1.0,7.39856620413093e-10,1.0
0.0,1.0,7.399271750863079e-10,1.0
0.0,1.0,7.411333768914119e-10,1.0
0.0,1.0,7.396153134386907e-10,1.0
0.0,1.0,7.396830370431928e-10,1.0
0.0,1.0,7.414317493292799e-10,1.0
0.0,1.0,7.37007344042695e-10,1.0
0.0,1.0,7.397253920515823e-10,1.0
0.0,1.0,7.396703805007121e-10,1.0
0.0,1.0,1.696627070672642e-35,1.0
0.0,1.0,7.393459733329166e-10,1.0
0.0,1.0,7.403521129489832e-10,1.0
0.0,1.0,7.414077130007968e-10,1.0
0.0,1.0,7.398255896795547e-10,1.0
0.0,1.0,7.408592073154807e-10,1.0
0.0,1.0,7.395857259950844e-10,1.0
0.0,1.0,7.399666990259846e-10,1.0
0.0,1.0,7.404636348518068e-10,1.0
0.0,1.0,7.396661061420673e-10,1.0
0.0,1.0,7.405413504635305e-10,1.0
0.0,1.0,7.430144277620343e-10,1.0
0.0,1.0,7.404410418132557e-10,1.0
0.0,1.0,7.401502188919551e-10,1.0
0.0,1.0,7.402716217796979e-10,1.0
0.0,1.0,7.453152539582675e-10,1.0
0.0,1.0,7.404043489422918e-10,1.0
0.0,1.0,7.400372536991995e-10,1.0
0.0,1.0,7.404721280579452e-10,1.0
0.0,1.0,7.412253033578509e-10,1.0
0.0,1.0,7.403365698266384e-10,1.0
0.0,1.0,7.401078083724144e-10,1.0
0.0,1.0,7.400824397763017e-10,1.0
0.0,1.0,2.1844798246941527e-19,1.0
0.0,1.0,7.397437107314886e-10,1.0
0.0,1.0,7.401812496254934e-10,1.0
0.0,1.0,7.406261159914607e-10,1.0
0.0,1.0,6.894697035519926e-10,1.0
0.0,1.0,7.411645186472526e-10,1.0
0.0,1.0,7.409242108735725e-10,1.0
0.0,1.0,7.39996341980742e-10,1.0
0.0,1.0,7.580824856745494e-10,1.0
0.0,1.0,7.528978551718524e-10,1.0
0.0,1.0,7.401897428316317e-10,1.0
0.0,1.0,7.389089340392729e-10,1.0
0.0,1.0,7.409298730109981e-10,1.0
0.0,1.0,7.400217105768547e-10,1.0
0.0,1.0,7.395603018878205e-10,1.0
0.0,1.0,7.402970458869618e-10,1.0
0.0,1.0,7.401502188919551e-10,1.0
0.0,1.0,7.415307257119252e-10,1.0
0.0,1.0,7.397761847549589e-10,1.0
0.0,1.0,7.403619939339023e-10,1.0
0.0,1.0,7.403874180411663e-10,1.0
0.0,1.0,7.396703805007121e-10,1.0
0.0,1.0,7.400358659204187e-10,1.0
0.0,1.0,7.414189817644967e-10,1.0
0.0,1.0,7.400767776388761e-10,1.0
0.0,1.0,7.636508647657081e-10,1.0
0.0,1.0,7.397211732040887e-10,1.0
0.0,1.0,7.397310541890079e-10,1.0
0.0,1.0,7.397663037700397e-10,1.0
0.0,1.0,7.39856620413093e-10,1.0
0.0,1.0,7.389145406655473e-10,1.0
0.0,1.0,7.494521114814745e-10,1.0
0.0,1.0,7.408535451780551e-10,1.0
0.0,1.0,1.1321142665110528e-05,0.9999890923500061
0.0,1.0,0.0,1.0
0.0,1.0,7.402348733975828e-10,1.0
0.0,1.0,7.399186818801695e-10,1.0
0.0,1.0,7.610132524149549e-10,1.0
0.0,1.0,7.604430418695074e-10,1.0
0.0,1.0,7.401050328148528e-10,1.0
0.0,1.0,7.400824397763017e-10,1.0
0.0,1.0,7.420174474859209e-10,1.0
0.0,1.0,7.400005608282356e-10,1.0
0.0,1.0,7.403181956355809e-10,1.0
0.0,1.0,7.390061895762301e-10,1.0
0.0,1.0,7.396703805007121e-10,1.0
0.0,1.0,7.402885526808234e-10,1.0
0.0,1.0,7.40390249109879e-10,1.0
0.0,1.0,7.400796087075889e-10,1.0
0.0,1.0,7.396873114018376e-10,1.0
0.0,1.0,5.2977594001934725e-19,1.0
0.0,1.0,7.397352730365014e-10,1.0
0.0,1.0,1.2169570254627615e-05,0.9999833106994629
0.0,1.0,7.411051217154352e-10,1.0
0.0,1.0,7.398311963058291e-10,1.0
0.0,1.0,7.399102441851824e-10,1.0
0.0,1.0,2.814992162980534e-12,1.0
0.0,1.0,4.838121223094127e-12,1.0
0.0,1.0,7.399074131164696e-10,1.0
0.0,1.0,7.396110945911971e-10,1.0
0.0,1.0,7.409863833629515e-10,1.0
0.0,1.0,7.4022077356517e-10,1.0
0.0,1.0,7.396548373783673e-10,1.0
0.0,1.0,7.400344226304867e-10,1.0
0.0,1.0,7.588579209460988e-10,1.0
0.0,1.0,7.395659640252461e-10,1.0
0.0,1.0,7.398058277097164e-10,1.0
0.0,1.0,7.399892920645357e-10,1.0
0.0,1.0,5.933943043601175e-07,0.9999991059303284
0.0,1.0,7.401925739003445e-10,1.0
0.0,1.0,2.6134161998925265e-06,0.9999979138374329
0.0,1.0,7.40510264218841e-10,1.0
0.0,1.0,7.396224188660483e-10,1.0
0.0,1.0,7.394164724949803e-10,1.0
0.0,1.0,3.866863375860544e-15,1.0
0.0,1.0,7.401544377394487e-10,1.0
0.0,1.0,7.399229562388143e-10,1.0
0.0,1.0,7.396463996833802e-10,1.0
0.0,1.0,7.41812222759819e-10,1.0
0.0,1.0,7.42330252823109e-10,1.0
0.0,1.0,7.397168988454439e-10,1.0
0.0,1.0,7.399666990259846e-10,1.0
0.0,1.0,7.438085147803974e-10,1.0
0.0,1.0,7.408224589333656e-10,1.0
0.0,1.0,2.0474934410690676e-14,1.0
0.0,1.0,7.399271750863079e-10,1.0
0.0,1.0,7.398763823829313e-10,1.0
0.0,1.0,7.395800638576588e-10,1.0
0.0,1.0,7.414189817644967e-10,1.0
0.0,1.0,7.40342231964064e-10,1.0
0.0,1.0,7.414162062069352e-10,1.0
0.0,1.0,7.398792134516441e-10,1.0
0.0,1.0,7.404467039506812e-10,1.0
0.0,1.0,7.407292001992971e-10,1.0
0.0,1.0,1.118799340878833e-21,1.0
0.0,1.0,7.398340273745418e-10,1.0
0.0,1.0,7.414317493292799e-10,1.0
0.0,1.0,7.422906178611299e-10,1.0
0.0,1.0,7.40706607160746e-10,1.0
0.0,1.0,7.39750760647695e-10,1.0
0.0,1.0,7.413384350840602e-10,1.0
0.0,1.0,7.440114080381477e-10,1.0
0.0,1.0,7.453664352397027e-10,1.0
0.0,1.0,7.453380135302723e-10,1.0
0.0,1.0,7.443037852716827e-10,1.0
0.0,1.0,7.459950990273967e-10,1.0
0.0,1.0,7.427452541897139e-10,1.0
0.0,1.0,7.430357440441071e-10,1.0
0.0,1.0,7.433021975700171e-10,1.0
0.0,1.0,7.423245906856835e-10,1.0
0.0,1.0,7.45143280411753e-10,1.0
0.0,1.0,7.722989470160257e-10,1.0
0.0,1.0,7.443392568973195e-10,1.0
0.0,1.0,7.432823245778764e-10,1.0
0.0,1.0,7.440341120990013e-10,1.0
0.0,1.0,7.454489248104323e-10,1.0
0.0,1.0,7.432483517533228e-10,1.0
0.0,1.0,7.441107729988516e-10,1.0
0.0,1.0,7.435446702785953e-10,1.0
0.0,1.0,7.44136308128418e-10,1.0
0.0,1.0,7.460178585994015e-10,1.0
0.0,1.0,7.441136040675644e-10,1.0
0.0,1.0,1.66378993071703e-06,0.9999973177909851
0.0,1.0,7.436368743007904e-10,1.0
0.0,1.0,7.430839277233758e-10,1.0
0.0,1.0,7.432511828220356e-10,1.0
0.0,1.0,7.421434022880646e-10,1.0
0.0,1.0,7.452427563947595e-10,1.0
0.0,1.0,7.42800487785189e-10,1.0
0.0,1.0,7.448036631885202e-10,1.0
0.0,1.0,7.435630999808041e-10,1.0
0.0,1.0,7.45510042587938e-10,1.0
0.0,1.0,7.433986204397058e-10,1.0
0.0,1.0,7.479469821269902e-10,1.0
0.0,1.0,5.799629276877951e-29,1.0
0.0,1.0,7.446786520759474e-10,1.0
0.0,1.0,7.459054485181582e-10,1.0
0.0,1.0,7.434766136071858e-10,1.0
0.0,1.0,7.434780013859665e-10,1.0
0.0,1.0,7.424067471895057e-10,1.0
0.0,1.0,7.43064054731235e-10,1.0
0.0,1.0,7.440114080381477e-10,1.0
0.0,1.0,7.480696617712113e-10,1.0
0.0,1.0,7.435120852328225e-10,1.0
0.0,1.0,3.682323779230501e-07,0.999999463558197
0.0,1.0,3.8195313578626156e-08,0.9999999403953552
0.0,1.0,1.6945534753176617e-07,0.9999997615814209
0.0,1.0,1.6583867079589254e-07,0.9999997615814209
0.0,1.0,1.5292185295834315e-08,1.0
0.0,1.0,1.2058485765464866e-07,0.9999998211860657
0.0,1.0,7.937199786312021e-10,1.0
0.0,1.0,2.0087475149921374e-06,0.9999970197677612
0.0,1.0,4.380588904950855e-07,0.9999994039535522
0.0,1.0,6.136837328085676e-06,0.9999909400939941
0.0,1.0,7.297892921087623e-07,0.9999989867210388
0.0,1.0,9.983589279727312e-07,0.9999986886978149
0.0,1.0,0.00020292385306674987,0.9997178316116333
0.0,1.0,1.5143247082960443e-06,0.9999979734420776
0.0,1.0,2.083117033180315e-05,0.9999697804450989
0.0,1.0,7.432880422264532e-10,1.0
0.0,1.0,7.974772509022898e-10,1.0
0.0,1.0,5.649081685987767e-06,0.9999940395355225
0.0,1.0,7.430427939603135e-10,1.0
0.0,1.0,7.451901873345435e-10,1.0
0.0,1.0,7.429421522431312e-10,1.0
0.0,1.0,7.508685895274425e-10,1.0
0.0,1.0,7.426248505026933e-10,1.0
0.0,1.0,7.459382000973847e-10,1.0
0.0,1.0,7.432171544863309e-10,1.0
0.0,1.0,7.629608056447523e-10,1.0
0.0,1.0,7.444230232245275e-10,1.0
0.0,1.0,7.439063809400182e-10,1.0
0.0,1.0,7.44584949252669e-10,1.0
0.0,1.0,7.43426986637985e-10,1.0
0.0,1.0,7.451674277625386e-10,1.0
0.0,1.0,7.439546201304381e-10,1.0
0.0,1.0,7.44201589242266e-10,1.0
0.0,1.0,7.466954832224815e-10,1.0
0.0,1.0,7.436765647739207e-10,1.0
0.0,1.0,7.444429517278195e-10,1.0
0.0,1.0,7.437858107195439e-10,1.0
0.0,1.0,7.434340365541914e-10,1.0
0.0,1.0,7.432483517533228e-10,1.0
0.0,1.0,7.453664352397027e-10,1.0
0.0,1.0,7.433135218448683e-10,1.0
0.0,1.0,7.56319062933386e-10,1.0
0.0,1.0,7.44654560236313e-10,1.0
0.0,1.0,7.417443326218631e-10,1.0
0.0,1.0,7.462057083351681e-10,1.0
0.0,1.0,7.432653381655996e-10,1.0
0.0,1.0,7.427919945790507e-10,1.0
0.0,1.0,7.468834994917017e-10,1.0
0.0,1.0,7.44268313646046e-10,1.0
0.0,1.0,7.43829775551319e-10,1.0
0.0,1.0,7.432143234176181e-10,1.0
0.0,1.0,7.45889794373511e-10,1.0
0.0,1.0,7.432922610739467e-10,1.0
0.0,1.0,7.43273831371738e-10,1.0
0.0,1.0,7.440653093659932e-10,1.0
0.0,1.0,7.44894590454237e-10,1.0
0.0,1.0,7.443052285616147e-10,1.0
0.0,1.0,7.439205917947334e-10,1.0
0.0,1.0,7.47583273064123e-10,1.0
0.0,1.0,7.437702120860479e-10,1.0
0.0,1.0,7.446133154509482e-10,1.0
0.0,1.0,7.4653311310513e-10,1.0
0.0,1.0,7.443264893325363e-10,1.0
0.0,1.0,7.45087824771673e-10,1.0
0.0,1.0,7.426559922585341e-10,1.0
0.0,1.0,7.432199855550436e-10,1.0
0.0,1.0,7.480382979707656e-10,1.0
0.0,1.0,7.464320272987379e-10,1.0
0.0,1.0,7.444571070713835e-10,1.0
0.0,1.0,7.437049309721999e-10,1.0
0.0,1.0,7.426758097395236e-10,1.0
0.0,1.0,8.804522444449958e-09,1.0
0.0,1.0,8.250359839756527e-10,1.0
0.0,1.0,7.438666904668878e-10,1.0
0.0,1.0,1.9016917818248658e-08,0.9999999403953552
0.0,1.0,7.431533721735661e-10,1.0
0.0,1.0,7.424775239073256e-10,1.0
0.0,1.0,7.432511828220356e-10,1.0
0.0,1.0,7.421405712193518e-10,1.0
0.0,1.0,7.452783390426987e-10,1.0
0.0,1.0,1.0884961199053578e-07,0.9999998211860657
0.0,1.0,7.532052759273711e-10,1.0
0.0,1.0,7.461943285491657e-10,1.0
0.0,1.0,8.718007427077623e-10,1.0
0.0,1.0,7.45109196564897e-10,1.0
0.0,1.0,7.45510042587938e-10,1.0
0.0,1.0,7.42932271258212e-10,1.0
0.0,1.0,7.430017157084023e-10,1.0
0.0,1.0,7.439546201304381e-10,1.0
0.0,1.0,7.443889948888227e-10,1.0
0.0,1.0,7.432199855550436e-10,1.0
0.0,1.0,7.429138415560033e-10,1.0
0.0,1.0,7.437673810173351e-10,1.0
0.0,1.0,4.982244306006578e-08,0.9999999403953552
0.0,1.0,7.429832860061936e-10,1.0
0.0,1.0,7.436226634460752e-10,1.0
0.0,1.0,7.439234228634461e-10,1.0
0.0,1.0,7.439517890617253e-10,1.0
0.0,1.0,7.623934261680176e-10,1.0
0.0,1.0,7.453465622475619e-10,1.0
0.0,1.0,7.426673165333852e-10,1.0
0.0,1.0,7.47302442150044e-10,1.0
0.0,1.0,7.444457827965323e-10,1.0
0.0,1.0,7.601645979349314e-10,1.0
0.0,1.0,7.545640778872098e-10,1.0
0.0,1.0,7.449557082317426e-10,1.0
0.0,1.0,7.458755835187958e-10,1.0
0.0,1.0,7.439603377790149e-10,1.0
0.0,1.0,7.442526595013987e-10,1.0
0.0,1.0,3.79819287132932e-09,1.0
0.0,1.0,7.437191418269151e-10,1.0
0.0,1.0,7.432001125629029e-10,1.0
0.0,1.0,8.397773032520206e-10,1.0
0.0,1.0,7.459453055247423e-10,1.0
0.0,1.0,7.426220194339805e-10,1.0
0.0,1.0,7.601761997655387e-10,1.0
0.0,1.0,7.430583925938095e-10,1.0
0.0,1.0,7.444628247199603e-10,1.0
0.0,1.0,8.135644380402596e-10,1.0
0.0,1.0,7.445565275432386e-10,1.0
0.0,1.0,7.428345161208938e-10,1.0
0.0,1.0,7.453181405381315e-10,1.0
0.0,1.0,7.440000282521453e-10,1.0
0.0,1.0,7.492563236510819e-10,1.0
0.0,1.0,7.436340432320776e-10,1.0
0.0,1.0,7.451163019922546e-10,1.0
0.0,1.0,7.42372718853801e-10,1.0
0.0,1.0,7.434184934318466e-10,1.0
0.0,1.0,7.435007054468201e-10,1.0
0.0,1.0,7.444272975831723e-10,1.0
0.0,1.0,7.42845840395745e-10,1.0
0.0,1.0,7.439063809400182e-10,1.0
0.0,1.0,7.436637972091376e-10,1.0
0.0,1.0,7.437020999034871e-10,1.0
0.0,1.0,7.433730853101395e-10,1.0
0.0,1.0,7.451759764798283e-10,1.0
0.0,1.0,9.655372501526926e-09,1.0
0.0,1.0,7.435091986529585e-10,1.0
0.0,1.0,7.457646167274845e-10,1.0
0.0,1.0,7.428118120600402e-10,1.0
0.0,1.0,8.771397497220335e-10,1.0
0.0,1.0,8.873708434720129e-10,1.0
0.0,1.0,8.559485342729545e-10,1.0
0.0,1.0,8.33180135995093e-10,1.0
0.0,1.0,8.838556553314447e-10,1.0
0.0,1.0,5.45656271902506e-12,1.0
0.0,1.0,8.769055481749888e-10,1.0
0.0,1.0,8.63519533655932e-10,1.0
0.0,1.0,1.3436175505532333e-09,1.0
0.0,1.0,8.77506178831311e-10,1.0
0.0,1.0,8.738517687234548e-10,1.0
0.0,1.0,9.689349322883345e-10,1.0
0.0,1.0,9.037911530285214e-10,1.0
0.0,1.0,8.86672124611465e-10,1.0
0.0,1.0,1.1714412773145e-09,1.0
0.0,1.0,1.0444501929995909e-09,1.0
0.0,1.0,9.578364768003667e-10,1.0
0.0,1.0,9.299903624970796e-10,1.0
0.0,1.0,8.870780776604192e-10,1.0
0.0,1.0,9.249981336445501e-10,1.0
0.0,1.0,6.048899987669276e-13,1.0
0.0,1.0,9.022066427277764e-10,1.0
0.0,1.0,8.827235609132345e-10,1.0
0.0,1.0,8.969955889170933e-10,1.0
0.0,1.0,8.858809796841172e-10,1.0
0.0,1.0,8.635722137384505e-10,1.0
0.0,1.0,9.184897287184413e-10,1.0
0.0,1.0,8.672614293381287e-10,1.0
0.0,1.0,8.642989102192189e-10,1.0
0.0,1.0,8.532036743780225e-10,1.0
0.0,1.0,8.798961559364216e-10,1.0
0.0,1.0,8.525643524492921e-10,1.0
0.0,1.0,1.95999216856535e-09,1.0
0.0,1.0,8.532801687444191e-10,1.0
0.0,1.0,9.245324505968711e-10,1.0
0.0,1.0,1.891948403498489e-12,1.0
0.0,1.0,8.92943163854909e-10,1.0
0.0,1.0,4.17730577886889e-19,1.0
0.0,1.0,8.828986430842178e-10,1.0
0.0,1.0,8.80987727214233e-10,1.0
0.0,1.0,8.640302362472596e-10,1.0
0.0,1.0,8.95200968908938e-10,1.0
0.0,1.0,8.845606469520817e-10,1.0
0.0,1.0,8.483355129484949e-10,1.0
0.0,1.0,8.855329802770484e-10,1.0
0.0,1.0,1.1778961139796706e-09,1.0
0.0,1.0,2.918419728104027e-09,1.0
0.0,1.0,8.675029583571359e-10,1.0
0.0,1.0,8.519011607255322e-10,1.0
0.0,1.0,8.862257594444145e-10,1.0
0.0,1.0,8.888361158199132e-10,1.0
0.0,1.0,8.510274152051522e-10,1.0
0.0,1.0,8.742418455831569e-10,1.0
0.0,1.0,1.1093562735098317e-09,1.0
0.0,1.0,9.31460242270532e-10,1.0
0.0,1.0,8.662314754381839e-10,1.0
0.0,1.0,8.974764820202097e-10,1.0
0.0,1.0,8.893346614691211e-10,1.0
0.0,1.0,9.038808035377599e-10,1.0
0.0,1.0,8.741017909486004e-10,1.0
0.0,1.0,9.008825907486084e-10,1.0
0.0,1.0,8.858607181139178e-10,1.0
0.0,1.0,9.097302910987537e-10,1.0
0.0,1.0,8.804031392806166e-10,1.0
0.0,1.0,8.854417754555755e-10,1.0
0.0,1.0,7.744191949663533e-16,1.0
0.0,1.0,8.639247650599202e-10,1.0
0.0,1.0,8.850568056217867e-10,1.0
0.0,1.0,8.732052858562156e-10,1.0
0.0,1.0,9.204855211386587e-10,1.0
0.0,1.0,8.677396023948347e-10,1.0
0.0,1.0,9.001319689616594e-10,1.0
0.0,1.0,8.788964556138978e-10,1.0
0.0,1.0,8.966893894069017e-10,1.0
0.0,1.0,1.6989069706596638e-08,1.0
0.0,1.0,4.7285794835261186e-08,0.9999999403953552
0.0,1.0,9.255911037620024e-10,1.0
0.0,1.0,8.92359131032805e-10,1.0
0.0,1.0,8.961046904509828e-10,1.0
0.0,1.0,8.871119394626703e-10,1.0
0.0,1.0,9.557670210824654e-10,1.0
0.0,1.0,8.783769267495245e-10,1.0
0.0,1.0,8.732918832521364e-10,1.0
0.0,1.0,9.292350222622758e-10,1.0
0.0,1.0,9.378602339182862e-10,1.0
0.0,1.0,9.017558921797786e-10,1.0
0.0,1.0,8.748823887572144e-10,1.0
0.0,1.0,9.88944814928061e-10,1.0
0.0,1.0,8.714416410704473e-10,1.0
0.0,1.0,2.533233356416531e-08,0.9999999403953552
0.0,1.0,9.04789854150323e-10,1.0
0.0,1.0,8.903597858989087e-10,1.0
0.0,1.0,8.509982163396046e-10,1.0
0.0,1.0,9.597860284316084e-10,1.0
0.0,1.0,9.325286098871288e-10,1.0
0.0,1.0,9.791248215852699e-14,1.0
0.0,1.0,1.5159265842612513e-08,1.0
0.0,1.0,8.836972265058307e-10,1.0
0.0,1.0,8.749891922121833e-10,1.0
0.0,1.0,8.81616391001927e-10,1.0
0.0,1.0,8.96815954831709e-10,1.0
0.0,1.0,8.420339980830249e-10,1.0
0.0,1.0,8.681104168850595e-10,1.0
0.0,1.0,9.319809368690812e-10,1.0
0.0,1.0,9.002126821755496e-10,1.0
0.0,1.0,8.836702480863323e-10,1.0
0.0,1.0,8.854873501107363e-10,1.0
0.0,1.0,9.026920322341425e-10,1.0
0.0,1.0,9.310623938496576e-10,1.0
0.0,1.0,9.174059290018022e-10,1.0
0.0,1.0,2.4301158204533143e-16,1.0
0.0,1.0,8.801848694339753e-10,1.0
0.0,1.0,8.930844952459438e-10,1.0
0.0,1.0,8.912025006857505e-10,1.0
0.0,1.0,9.219227603551872e-10,1.0
0.0,1.0,9.466881722985931e-10,1.0
0.0,1.0,8.779582061357871e-10,1.0
0.0,1.0,8.329354428404656e-10,1.0
0.0,1.0,8.708534449120009e-10,1.0
0.0,1.0,5.125498854822389e-15,1.0
0.0,1.0,9.093555908279427e-10,1.0
0.0,1.0,9.334023554075088e-10,1.0
0.0,1.0,9.338190221086506e-10,1.0
0.0,1.0,9.112028909186165e-10,1.0
0.0,1.0,9.36040911447833e-10,1.0
0.0,1.0,8.942555584923184e-10,1.0
0.0,1.0,8.771414150565704e-10,1.0
0.0,1.0,8.608160295686673e-10,1.0
0.0,1.0,8.574829180041377e-10,1.0
0.0,1.0,8.816802843369942e-10,1.0
0.0,1.0,1.5903985906007279e-09,1.0
0.0,1.0,9.023030100863139e-10,1.0
0.0,1.0,8.992482314340577e-10,1.0
0.0,1.0,8.973720655447437e-10,1.0
0.0,1.0,8.461749079202718e-10,1.0
0.0,1.0,8.999500034079233e-10,1.0
0.0,1.0,8.551342411955432e-10,1.0
0.0,1.0,4.1709252281561435e-17,1.0
0.0,1.0,8.661356631911588e-10,1.0
0.0,1.0,1.177684949560387e-09,1.0
0.0,1.0,8.800707385070439e-10,1.0
0.0,1.0,9.377350007611085e-10,1.0
0.0,1.0,8.830653985825165e-10,1.0
0.0,1.0,8.725160594025283e-10,1.0
0.0,1.0,8.718805677432329e-10,1.0
0.0,1.0,9.36862587508358e-10,1.0
0.0,1.0,8.846955945607249e-10,1.0
0.0,1.0,8.590430033983409e-10,1.0
0.0,1.0,8.704582055152343e-10,1.0
0.0,1.0,9.525402688836948e-10,1.0
0.0,1.0,8.463670320146832e-10,1.0
0.0,1.0,8.71361871546128e-10,1.0
0.0,1.0,8.68768001982545e-10,1.0
0.0,1.0,9.000736267417153e-10,1.0
0.0,1.0,8.90764073613326e-10,1.0
0.0,1.0,9.169738302006181e-10,1.0
0.0,1.0,9.125978306379068e-10,1.0
0.0,1.0,9.842272552518239e-10,1.0
0.0,1.0,8.554066899257862e-10,1.0
0.0,1.0,8.772819692914879e-10,1.0
0.0,1.0,9.585565674541385e-10,1.0
0.0,1.0,8.76088035450806e-10,1.0
0.0,1.0,7.909436497144271e-18,1.0
0.0,1.0,8.791479766401267e-10,1.0
0.0,1.0,9.499331321549676e-10,1.0
0.0,1.0,8.694161501843212e-10,1.0
0.0,1.0,1.2010388239502845e-09,1.0
0.0,1.0,9.058068739520309e-10,1.0
0.0,1.0,8.686255048573344e-10,1.0
0.0,1.0,8.870442713693194e-10,1.0
0.0,1.0,8.648876614891776e-10,1.0
0.0,1.0,8.994712197285537e-10,1.0
0.0,1.0,3.5297496638225134e-22,1.0
0.0,1.0,9.172081982811164e-10,1.0
0.0,1.0,8.691608543998086e-10,1.0
0.0,1.0,1.0194427317243199e-16,1.0
0.0,1.0,9.578127180276397e-10,1.0
0.0,1.0,8.765058678861237e-10,1.0
0.0,1.0,8.735251411096101e-10,1.0
0.0,1.0,9.21991372138109e-10,1.0
0.0,1.0,8.848998200861047e-10,1.0
0.0,1.0,8.593887823593604e-10,1.0
0.0,1.0,8.736000811637723e-10,1.0
0.0,1.0,8.907487525355862e-10,1.0
0.0,1.0,8.998590761422065e-10,1.0
0.0,1.0,8.84147366431165e-10,1.0
0.0,1.0,1.085151413171559e-09,1.0
0.0,1.0,9.227390518340428e-10,1.0
0.0,1.0,0.0,1.0
0.0,1.0,8.597855760683615e-10,1.0
0.0,1.0,3.757402389226172e-09,1.0
0.0,1.0,8.94881724278207e-10,1.0
0.0,1.0,8.763521019972131e-10,1.0
0.0,1.0,8.750459246087416e-10,1.0
0.0,1.0,3.1085064848709474e-18,1.0
0.0,1.0,9.185913141251945e-10,1.0
0.0,1.0,8.91275608871922e-10,1.0
0.0,1.0,8.873861090386015e-10,1.0
0.0,1.0,1.2540720684128814e-09,1.0
0.0,1.0,9.642447951208055e-10,1.0
0.0,1.0,1.5024513855266264e-09,1.0
0.0,1.0,9.259266131600441e-10,1.0
0.0,1.0,9.401921463592089e-10,1.0
0.0,1.0,9.242327458913735e-10,1.0
0.0,1.0,9.176754356410299e-10,1.0
0.0,1.0,9.104141884819228e-10,1.0
0.0,1.0,8.954246788483999e-10,1.0
0.0,1.0,9.298449232808537e-10,1.0
0.0,1.0,1.3898850959037645e-09,1.0
0.0,1.0,8.781307347938139e-10,1.0
0.0,1.0,9.012915969108803e-10,1.0
0.0,1.0,8.614828850284084e-10,1.0
0.0,1.0,8.813541008123593e-10,1.0
0.0,1.0,8.629712500152209e-10,1.0
0.0,1.0,8.996891565082876e-10,1.0
0.0,1.0,8.940082563135832e-10,1.0
0.0,1.0,8.94567753206843e-10,1.0
0.0,1.0,9.197624328827203e-10,1.0
0.0,1.0,9.657797894746523e-10,1.0
0.0,1.0,9.055201033447702e-10,1.0
0.0,1.0,8.758206937464763e-10,1.0
0.0,1.0,8.712754406836609e-10,1.0
0.0,1.0,8.673127216418663e-10,1.0
0.0,1.0,8.605632317859602e-10,1.0
0.0,1.0,9.107372633820887e-10,1.0
0.0,1.0,9.295824665578323e-10,1.0
0.0,1.0,8.776819271361092e-10,1.0
0.0,1.0,9.115331822684425e-10,1.0
0.0,1.0,1.2718995066960791e-14,1.0
0.0,1.0,1.9552128804889435e-09,1.0
0.0,1.0,9.10384712060619e-10,1.0
0.0,1.0,1.096045143533786e-09,1.0
0.0,1.0,8.850314925368252e-10,1.0
0.0,1.0,8.746821600347232e-10,1.0
0.0,1.0,9.659953947860345e-10,1.0
0.0,1.0,1.6067749353254612e-09,1.0
0.0,1.0,8.860921996145521e-10,1.0
0.0,1.0,8.886038571631616e-10,1.0
0.0,1.0,1.1968448454524605e-09,1.0
0.0,1.0,8.97069196703626e-10,1.0
0.0,1.0,8.628313064029669e-10,1.0
0.0,1.0,9.37931732281072e-10,1.0
0.0,1.0,9.785816601493025e-10,1.0
0.0,1.0,8.655774430543772e-10,1.0
0.0,1.0,8.967509512736171e-10,1.0
0.0,1.0,1.167493102194328e-09,1.0
0.0,1.0,9.54246015538729e-10,1.0
0.0,1.0,9.48264022859746e-10,1.0
0.0,1.0,8.789199368308687e-10,1.0
0.0,1.0,8.923421446205282e-10,1.0
0.0,1.0,1.5802659181218814e-09,1.0
0.0,1.0,8.944943674649153e-10,1.0
0.0,1.0,8.624397307421816e-10,1.0
0.0,1.0,9.506073705978224e-10,1.0
0.0,1.0,8.763403891443033e-10,1.0
0.0,1.0,8.799666550984853e-10,1.0
0.0,1.0,8.673524121149967e-10,1.0
0.0,1.0,1.105060820627557e-09,1.0
0.0,1.0,8.779063032093859e-10,1.0
0.0,1.0,9.462766126233646e-10,1.0
0.0,1.0,8.883683233484874e-10,1.0
0.0,1.0,8.939366469284948e-10,1.0
0.0,1.0,8.907759529996895e-10,1.0
0.0,1.0,8.379916760503647e-10,1.0
0.0,1.0,9.213954044184902e-10,1.0
0.0,1.0,8.944534002353066e-10,1.0
0.0,1.0,1.1482468309509386e-09,1.0
0.0,1.0,9.201028272620704e-10,1.0
0.0,1.0,9.141326584582998e-10,1.0
0.0,1.0,9.063322314872835e-10,1.0
0.0,1.0,9.103829357037796e-10,1.0
0.0,1.0,8.702175091634956e-10,1.0
0.0,1.0,5.856309881480115e-10,1.0
0.0,1.0,8.778744953197304e-10,1.0
0.0,1.0,8.621667269004263e-10,1.0
0.0,1.0,9.563942970913786e-10,1.0
0.0,1.0,9.066884465447345e-10,1.0
0.0,1.0,1.160371354558265e-09,1.0
0.0,1.0,8.954349484113777e-10,1.0
0.0,1.0,8.662512929191735e-10,1.0
0.0,1.0,8.89436413409328e-10,1.0
0.0,1.0,9.198765082985005e-10,1.0
0.0,1.0,9.156158609080478e-10,1.0
0.0,1.0,8.883632163225741e-10,1.0
0.0,1.0,9.408074319594562e-10,1.0
0.0,1.0,8.642840887418402e-10,1.0
0.0,1.0,8.759376557421206e-10,1.0
0.0,1.0,9.035033277093873e-10,1.0
0.0,1.0,8.766730674736323e-10,1.0
0.0,1.0,9.459463212735386e-10,1.0
0.0,1.0,8.932207751222165e-10,1.0
0.0,1.0,8.954998409471671e-10,1.0
0.0,1.0,8.613021407199994e-10,1.0
0.0,1.0,8.600118950319313e-10,1.0
0.0,1.0,1.4417578242387208e-09,1.0
0.0,1.0,9.052092964090264e-10,1.0
0.0,1.0,8.64587457183319e-10,1.0
0.0,1.0,9.208894202750173e-10,1.0
0.0,1.0,8.846551269314773e-10,1.0
0.0,1.0,1.0009935103028056e-09,1.0
0.0,1.0,9.260626154805607e-10,1.0
0.0,1.0,9.138415024700919e-10,1.0
0.0,1.0,8.710610566176058e-10,1.0
0.0,1.0,9.311866833172644e-10,1.0
0.0,1.0,8.849116439613169e-10,1.0
0.0,1.0,1.7789348305541353e-07,0.9999997615814209
0.0,1.0,8.930197692436082e-10,1.0
0.0,1.0,2.503097960016021e-07,0.9999997019767761
0.0,1.0,9.451510685209996e-10,1.0
0.0,1.0,9.002126821755496e-10,1.0
0.0,1.0,8.63783100601978e-10,1.0
0.0,1.0,8.722032540653402e-10,1.0
0.0,1.0,8.745420498890155e-10,1.0
0.0,1.0,8.980484134113453e-10,1.0
0.0,1.0,8.858522804189306e-10,1.0
0.0,1.0,4.569588251627371e-14,1.0
0.0,1.0,8.570479881342408e-10,1.0
0.0,1.0,8.670381634878765e-10,1.0
0.0,1.0,8.778142102094932e-10,1.0
0.0,1.0,2.9334815606225353e-17,1.0
0.0,1.0,8.928631167748335e-10,1.0
0.0,1.0,8.502161752410586e-10,1.0
0.0,1.0,0.00013955938629806042,0.9996128082275391
0.0,1.0,8.744736601506986e-10,1.0
0.0,1.0,8.720701383246876e-10,1.0
0.0,1.0,9.107129494978494e-10,1.0
0.0,1.0,8.564466358329526e-10,1.0
0.0,1.0,9.243155685290105e-10,1.0
0.0,1.0,9.566606395949862e-10,1.0
0.0,1.0,8.790791983237511e-10,1.0
0.0,1.0,1.946495212377979e-16,1.0
0.0,1.0,8.701162568236498e-10,1.0
0.0,1.0,8.861615330424399e-10,1.0
0.0,1.0,8.660332451171371e-10,1.0
0.0,1.0,8.51566483994759e-10,1.0
0.0,1.0,8.883107027735093e-10,1.0
0.0,1.0,8.607700663354478e-10,1.0
0.0,1.0,8.569466247720925e-10,1.0
0.0,1.0,8.637353055007679e-10,1.0
0.0,1.0,9.048622962026798e-10,1.0
0.0,1.0,8.996050571141723e-10,1.0
0.0,1.0,8.732585765613976e-10,1.0
0.0,1.0,2.5854556278700038e-15,1.0
0.0,1.0,3.154406613248284e-06,0.9999964237213135
0.0,1.0,8.743952784051601e-10,1.0
0.0,1.0,9.330890504699596e-10,1.0
0.0,1.0,9.533928091443045e-10,1.0
0.0,1.0,8.956091424039414e-10,1.0
0.0,1.0,5.7894227606380966e-12,1.0
0.0,1.0,9.472914674901745e-10,1.0
0.0,1.0,8.987646737956823e-10,1.0
0.0,1.0,8.795270067807337e-10,1.0
0.0,1.0,8.976339671562528e-10,1.0
0.0,1.0,8.652225602645558e-10,1.0
0.0,1.0,1.2487112455161764e-09,1.0
0.0,1.0,8.893804581688869e-10,1.0
0.0,1.0,9.165156966695065e-10,1.0
0.0,1.0,1.0174415754349297e-09,1.0
0.0,1.0,8.430110498558463e-10,1.0
0.0,1.0,9.430675129706856e-10,1.0
0.0,1.0,9.052973370948791e-10,1.0
0.0,1.0,8.736484313764947e-10,1.0
0.0,1.0,8.791815053754704e-10,1.0
0.0,1.0,8.94168572518339e-10,1.0
0.0,1.0,9.022066427277764e-10,1.0
0.0,1.0,8.657508043796724e-10,1.0
0.0,1.0,8.87535045457355e-10,1.0
0.0,1.0,9.118392152451804e-10,1.0
0.0,1.0,1.2241764046905246e-08,1.0
0.0,1.0,8.983310761934149e-10,1.0
0.0,1.0,9.549725454860436e-10,1.0
0.0,1.0,9.007966594865024e-10,1.0
0.0,1.0,3.292950484975999e-15,1.0
0.0,1.0,1.0225036373157081e-09,1.0
0.0,1.0,1.0840591757599327e-09,1.0
0.0,1.0,9.063201300563151e-10,1.0
0.0,1.0,8.513764693240944e-10,1.0
0.0,1.0,9.47331213474456e-10,1.0
0.0,1.0,1.6918929759413004e-05,0.9999816417694092
0.0,1.0,4.27719322581776e-22,1.0
0.0,1.0,1.0134266759109778e-09,1.0
0.0,1.0,9.1547619485155e-10,1.0
0.0,1.0,8.977110166341618e-10,1.0
0.0,1.0,8.783032634518406e-10,1.0
0.0,1.0,8.986686950152034e-10,1.0
0.0,1.0,9.782979981665108e-10,1.0
0.0,1.0,8.794330819128504e-10,1.0
0.0,1.0,8.482918256724759e-10,1.0
0.0,1.0,9.290365698966241e-10,1.0
0.0,1.0,9.014927693229424e-10,1.0
0.0,1.0,9.991126814767881e-10,1.0
0.0,1.0,8.568338816239418e-10,1.0
0.0,1.0,8.864201594960264e-10,1.0
0.0,1.0,1.1816628675987567e-13,1.0
0.0,1.0,9.87612103209301e-10,1.0
0.0,1.0,8.647160765207218e-10,1.0
0.0,1.0,8.904565973466561e-10,1.0
0.0,1.0,9.231544972898575e-10,1.0
0.0,1.0,8.857508615456311e-10,1.0
0.0,1.0,8.747522706187283e-10,1.0
0.0,1.0,8.872337864396229e-10,1.0
0.0,1.0,9.052265603770593e-10,1.0
0.0,1.0,8.98627561252141e-10,1.0
0.0,1.0,2.4109854754604575e-15,1.0
0.0,1.0,5.930473469650463e-18,1.0
0.0,1.0,8.846348653612779e-10,1.0
0.0,1.0,9.081491669782338e-10,1.0
0.0,1.0,1.0139138417741833e-09,1.0
0.0,1.0,8.63387750182909e-10,1.0
0.0,1.0,9.311920123877826e-10,1.0
0.0,1.0,9.315952453903265e-10,1.0
0.0,1.0,8.990527211594213e-10,1.0
0.0,1.0,9.364659048216595e-10,1.0
0.0,1.0,9.007709023123311e-10,1.0
0.0,1.0,9.281421187168348e-10,1.0
0.0,1.0,8.009803376118896e-10,1.0
0.0,1.0,8.224577130455657e-10,1.0
0.0,1.0,8.243533078378107e-10,1.0
0.0,1.0,8.239995907821651e-10,1.0
0.0,1.0,8.200251033763095e-10,1.0
0.0,1.0,8.185436772834009e-10,1.0
0.0,1.0,9.925767985308198e-10,1.0
0.0,1.0,7.573527555835574e-21,1.0
0.0,1.0,8.462911482709501e-10,1.0
0.0,1.0,8.094456771523539e-10,1.0
0.0,1.0,8.200234935529238e-10,1.0
0.0,1.0,2.732543507965644e-17,1.0
0.0,1.0,8.170555898523446e-10,1.0
0.0,1.0,8.515648741713733e-10,1.0
0.0,1.0,8.606912405006995e-10,1.0
0.0,1.0,8.316717869938373e-10,1.0
0.0,1.0,8.40006397773152e-10,1.0
0.0,1.0,8.073733348545886e-10,1.0
0.0,1.0,8.067114753984583e-10,1.0
0.0,1.0,8.227134529192881e-10,1.0
0.0,1.0,1.6207325074954417e-18,1.0
0.0,1.0,9.764561381686576e-10,1.0
0.0,1.0,8.238189019849074e-10,1.0
0.0,1.0,8.275055640716289e-10,1.0
0.0,1.0,8.089302006020205e-10,1.0
0.0,1.0,8.130757733759708e-10,1.0
0.0,1.0,8.652984995194402e-10,1.0
0.0,1.0,8.279776309016995e-10,1.0
0.0,1.0,1.5531274044633392e-09,1.0
0.0,1.0,8.049070854276863e-10,1.0
0.0,1.0,1.616317250030181e-19,1.0
0.0,1.0,8.459489775347606e-10,1.0
0.0,1.0,9.894884703358557e-17,1.0
0.0,1.0,4.38770211985684e-06,0.9999952912330627
0.0,1.0,4.390988124214346e-06,0.9999964237213135
0.0,1.0,1.215265341824191e-21,1.0
0.0,1.0,5.183100896957777e-18,1.0
0.0,1.0,1.9491160762462104e-18,1.0
0.0,1.0,5.197415671048313e-18,1.0
0.0,1.0,8.249022576123366e-10,1.0
0.0,1.0,8.186498701157063e-10,1.0
0.0,1.0,1.207367452543684e-11,1.0
0.0,1.0,8.287233677073402e-10,1.0
0.0,1.0,8.497363368498156e-10,1.0
0.0,1.0,8.164776077457248e-10,1.0
0.0,1.0,3.1121251932557138e-18,1.0
0.0,1.0,8.101485038380929e-10,1.0
0.0,1.0,7.280286955741925e-19,1.0
0.0,1.0,3.224725567729801e-17,1.0
0.0,1.0,2.699535295755634e-16,1.0
0.0,1.0,8.240530480208008e-10,1.0
0.0,1.0,1.38125613077922e-17,1.0
0.0,1.0,8.737774302287036e-16,1.0
0.0,1.0,1.3164918261960337e-16,1.0
0.0,1.0,3.8505774502226284e-18,1.0
0.0,1.0,8.301313525471699e-10,1.0
0.0,1.0,5.963738753051243e-16,1.0
0.0,1.0,9.48219039912156e-17,1.0
0.0,1.0,1.6485501852514517e-09,1.0
0.0,1.0,1.8004122637194087e-07,0.9999997615814209
0.0,1.0,4.260285218858002e-17,1.0
0.0,1.0,1.2365079608246882e-16,1.0
0.0,1.0,7.459913928279597e-16,1.0
0.0,1.0,6.454386094994093e-18,1.0
0.0,1.0,2.1873588578354165e-17,1.0
0.0,1.0,7.320128947441162e-10,1.0
0.0,1.0,8.200626289145418e-10,1.0
0.0,1.0,8.426188080612462e-10,1.0
0.0,1.0,8.110034310782055e-10,1.0
0.0,1.0,8.326273004399809e-10,1.0
0.0,1.0,8.610016033472334e-10,1.0
0.0,1.0,8.245309990329019e-10,1.0
0.0,1.0,8.311199506394473e-10,1.0
0.0,1.0,2.0514776544189317e-09,1.0
0.0,1.0,8.132401974059178e-10,1.0
0.0,1.0,8.120621952656393e-10,1.0
0.0,1.0,8.229708026163962e-10,1.0
0.0,1.0,8.000184403833543e-10,1.0
0.0,1.0,8.297704190418642e-10,1.0
0.0,1.0,9.670590994659278e-10,1.0
0.0,1.0,3.5916124810570285e-14,1.0
0.0,1.0,9.308670501084748e-10,1.0
0.0,1.0,8.174998455956484e-10,1.0
0.0,1.0,8.092450043406529e-10,1.0
0.0,1.0,2.4468490555879965e-17,1.0
0.0,1.0,8.122201800020434e-10,1.0
0.0,1.0,1.7914432505795682e-18,1.0
0.0,1.0,8.24425638867865e-10,1.0
0.0,1.0,8.343728485904478e-10,1.0
0.0,1.0,0.001351425889879465,0.9987459778785706
0.0,1.0,3.271051983371956e-16,1.0
0.0,1.0,8.263287819582206e-18,1.0
0.0,1.0,8.087018832370063e-10,1.0
0.0,1.0,8.377951110638548e-10,1.0
0.0,1.0,8.69864014152455e-10,1.0
0.0,1.0,8.175154442291444e-10,1.0
0.0,1.0,8.47777459345167e-10,1.0
0.0,1.0,2.588540545024961e-18,1.0
0.0,1.0,8.621995895019552e-10,1.0
0.0,1.0,8.163312803510792e-10,1.0
0.0,1.0,8.247905136649081e-10,1.0
0.0,1.0,8.395691364349034e-10,1.0
0.0,1.0,8.246332505734699e-10,1.0
0.0,1.0,8.493069025838906e-10,1.0
0.0,1.0,2.774972579433694e-16,1.0
0.0,1.0,1.803513006856799e-16,1.0
0.0,1.0,8.594723821531147e-10,1.0
0.0,1.0,1.0764352191723614e-14,1.0
0.0,1.0,8.278892016377881e-10,1.0
0.0,1.0,8.113066884973819e-10,1.0
0.0,1.0,2.091787854041627e-09,1.0
0.0,1.0,4.976041356741234e-09,1.0
0.0,1.0,2.3876917804033226e-11,1.0
0.0,1.0,8.542409002387785e-10,1.0
0.0,1.0,9.897996866570224e-10,1.0
0.0,1.0,8.228452363923111e-10,1.0
0.0,1.0,8.298954856655882e-10,1.0
0.0,1.0,8.337842083427915e-10,1.0
0.0,1.0,1.3338478765945183e-07,0.9999998807907104
0.0,1.0,8.298922660188168e-10,1.0
0.0,1.0,8.238314475050856e-10,1.0
0.0,1.0,8.128090978054558e-10,1.0
0.0,1.0,8.54307735664861e-10,1.0
0.0,1.0,8.153509534203351e-10,1.0
0.0,1.0,8.177774568629559e-10,1.0
0.0,1.0,7.929940259998602e-09,1.0
0.0,1.0,1.8120999357084874e-15,1.0
0.0,1.0,8.936025253092339e-10,1.0
0.0,1.0,8.148922647777113e-10,1.0
0.0,1.0,8.396683903733049e-10,1.0
0.0,1.0,3.169355409227137e-07,0.9999996423721313
0.0,1.0,8.111457616699624e-10,1.0
0.0,1.0,8.11538836131831e-10,1.0
0.0,1.0,8.317352362396946e-10,1.0
0.0,1.0,8.203098200709746e-10,1.0
0.0,1.0,8.209233293143825e-10,1.0
0.0,1.0,8.250957694855288e-10,1.0
0.0,1.0,8.111658567067082e-10,1.0
0.0,1.0,8.022095765447546e-10,1.0
0.0,1.0,4.825102918109114e-18,1.0
0.0,1.0,1.6464255851814666e-17,1.0
0.0,1.0,8.018048818818281e-16,1.0
0.0,1.0,8.191559097703305e-10,1.0
0.0,1.0,8.277186713812057e-10,1.0
0.0,1.0,2.405053933784984e-09,1.0
0.0,1.0,2.55631182888294e-09,1.0
0.0,1.0,8.042839727551154e-10,1.0
0.0,1.0,1.5263637107099061e-18,1.0
0.0,1.0,8.128122064299248e-10,1.0
0.0,1.0,8.096665005119519e-10,1.0
0.0,1.0,8.155950914634502e-10,1.0
0.0,1.0,8.170493726034067e-10,1.0
0.0,1.0,1.2970573226578352e-10,1.0
0.0,1.0,1.0012015660976203e-09,1.0
0.0,1.0,2.5557156391187164e-10,1.0
0.0,1.0,1.0358296165247083e-10,1.0
0.0,1.0,8.333613243927118e-10,1.0
0.0,1.0,8.073194335267431e-10,1.0
0.0,1.0,8.623130542950719e-10,1.0
0.0,1.0,8.101376791636028e-10,1.0
0.0,1.0,8.05874866838252e-10,1.0
0.0,1.0,8.125424777460921e-10,1.0
0.0,1.0,8.740634327430996e-10,1.0
0.0,1.0,1.609871560705352e-15,1.0
0.0,1.0,8.240577664686555e-10,1.0
0.0,1.0,9.403302581034723e-10,1.0
0.0,1.0,8.263746353875945e-10,1.0
0.0,1.0,1.6353386627088184e-06,0.9999972581863403
0.0,1.0,8.249793070902456e-10,1.0
0.0,1.0,8.401361828447307e-10,1.0
0.0,1.0,8.249856353614859e-10,1.0
0.0,1.0,9.687981528117007e-10,1.0
0.0,1.0,8.559926101270321e-10,1.0
0.0,1.0,7.535199131325498e-10,1.0
0.0,1.0,8.183422828267339e-10,1.0
0.0,1.0,8.129082962327061e-10,1.0
0.0,1.0,8.044512278537752e-10,1.0
0.0,1.0,7.999665374569531e-10,1.0
0.0,1.0,3.8034193572400454e-09,1.0
0.0,1.0,8.36109348423264e-10,1.0
0.0,1.0,7.917361766196507e-10,1.0
0.0,1.0,4.5350831423540683e-10,1.0
0.0,1.0,8.082300384515406e-10,1.0
0.0,1.0,8.300616860523746e-10,1.0
0.0,1.0,8.285526709173041e-10,1.0
0.0,1.0,8.336522583363148e-10,1.0
0.0,1.0,8.154831254714168e-10,1.0
0.0,1.0,8.272799112418738e-10,1.0
0.0,1.0,8.195028544655258e-10,1.0
0.0,1.0,8.286142882951708e-10,1.0
0.0,1.0,8.12568845542927e-10,1.0
0.0,1.0,8.095692449749947e-10,1.0
0.0,1.0,1.9747444493831796e-15,1.0
0.0,1.0,8.606009793687974e-10,1.0
0.0,1.0,8.071963097933121e-10,1.0
0.0,1.0,8.146964769473186e-10,1.0
0.0,1.0,3.0801281525327795e-08,0.9999999403953552
0.0,1.0,8.091277092781013e-10,1.0
0.0,1.0,8.16987033580574e-10,1.0
0.0,1.0,8.139913187932279e-10,1.0
0.0,1.0,7.376078081655635e-10,1.0
0.0,1.0,7.670024615435977e-10,1.0
0.0,1.0,7.380201449969093e-10,1.0
0.0,1.0,9.065186635758353e-22,1.0
0.0,1.0,9.285710866890895e-09,1.0
0.0,1.0,7.381299460540447e-10,1.0
0.0,1.0,7.378160860049832e-10,1.0
0.0,1.0,7.375107746732112e-10,1.0
0.0,1.0,7.383650912906603e-10,1.0
0.0,1.0,7.37806205020064e-10,1.0
0.0,1.0,7.381961153463124e-10,1.0
0.0,1.0,0.0,1.0
0.0,1.0,2.131848919617596e-09,1.0
0.0,1.0,7.376387833879505e-10,1.0
0.0,1.0,7.378272992575319e-10,1.0
0.0,1.0,2.7285927899356466e-06,0.9999979138374329
0.0,1.0,4.542157477231578e-28,1.0
0.0,1.0,7.540214286283486e-11,1.0
0.0,1.0,7.377316535439604e-10,1.0
0.0,1.0,7.375796640118892e-10,1.0
0.0,1.0,7.377541355602091e-10,1.0
0.0,1.0,4.069168613174412e-11,1.0
0.0,1.0,1.7054449585884868e-07,0.9999997615814209
0.0,1.0,2.6650702693586936e-06,0.999997079372406
0.0,1.0,7.377105593064925e-10,1.0
0.0,1.0,7.827271608640274e-10,1.0
0.0,1.0,7.37652827709212e-10,1.0
0.0,1.0,7.379863942169607e-10,1.0
0.0,1.0,2.62511274939925e-08,0.9999999403953552
0.0,1.0,7.433645921040011e-10,1.0
0.0,1.0,7.376598776254184e-10,1.0
0.0,1.0,7.916887057035638e-08,0.9999998807907104
0.0,1.0,7.436836702012783e-10,1.0
0.0,1.0,2.761397555062217e-09,1.0
0.0,1.0,0.0,1.0
0.0,1.0,2.9351501229513133e-09,1.0
0.0,1.0,7.456920636528253e-10,1.0
0.0,1.0,8.943288887230949e-10,1.0
0.0,1.0,7.378245236999703e-10,1.0
0.0,1.0,4.178497554473831e-13,1.0
0.0,1.0,7.395998258274972e-10,1.0
0.0,1.0,4.284747673311516e-14,1.0
0.0,1.0,7.376697586103376e-10,1.0
0.0,1.0,7.36946763603346e-37,1.0
0.0,1.0,7.377569666289219e-10,1.0
0.0,1.0,1.3915673946485185e-08,1.0
0.0,1.0,7.377879418513089e-10,1.0
0.0,1.0,1.9526711358963666e-09,1.0
0.0,1.0,7.376106392342763e-10,1.0
0.0,1.0,7.376246835555378e-10,1.0
0.0,1.0,7.381398270389639e-10,1.0
0.0,1.0,1.242941743839765e-05,0.9999822378158569
0.0,1.0,7.377062849478477e-10,1.0
0.0,1.0,1.2633752932700304e-09,1.0
0.0,1.0,7.376584898466376e-10,1.0
0.0,1.0,2.686238929072715e-07,0.9999996423721313
0.0,1.0,0.0,1.0
0.0,1.0,1.7818703110239476e-11,1.0
0.0,1.0,7.390245082561364e-10,1.0
0.0,1.0,7.377400912389476e-10,1.0
0.0,1.0,7.378864186335932e-10,1.0
0.0,1.0,1.5903332470368348e-11,1.0
0.0,1.0,1.2572094476581697e-09,1.0
0.0,1.0,7.381201205802768e-10,1.0
0.0,1.0,1.1786113418565947e-08,1.0
0.0,1.0,7.378695432436189e-10,1.0
0.0,1.0,3.3689325634744804e-11,1.0
0.0,1.0,1.5585088704028749e-06,0.9999980330467224
0.0,1.0,7.37889249702306e-10,1.0
0.0,1.0,7.375459132319406e-10,1.0
0.0,1.0,0.0,1.0
0.0,1.0,0.0003607817634474486,0.9995152354240417
0.0,1.0,3.1601534722369706e-09,1.0
0.0,1.0,7.378048172412832e-10,1.0
0.0,1.0,7.377175537115477e-10,1.0
0.0,1.0,7.377780608663898e-10,1.0
0.0,1.0,7.37837180242451e-10,1.0
0.0,1.0,7.377077282377797e-10,1.0
0.0,1.0,7.381426025965254e-10,1.0
0.0,1.0,1.014430317525239e-09,1.0
0.0,1.0,5.6934084113891004e-08,0.9999999403953552
0.0,1.0,7.376908528478054e-10,1.0
0.0,1.0,7.37664096472912e-10,1.0
0.0,1.0,7.377316535439604e-10,1.0
0.0,1.0,3.6318191121154086e-08,0.9999999403953552
0.0,1.0,7.579942784552429e-10,1.0
0.0,1.0,7.38148264733951e-10,1.0
0.0,1.0,7.377288224752476e-10,1.0
0.0,1.0,7.378132549362704e-10,1.0
0.0,1.0,7.383088029833118e-10,1.0
0.0,1.0,1.9017487584704895e-09,1.0
0.0,1.0,7.77175409893971e-06,0.9999881982803345
0.0,1.0,7.412691016561723e-10,1.0
0.0,1.0,7.375374755369535e-10,1.0
0.0,1.0,6.62990995436985e-09,1.0
0.0,1.0,0.0,1.0
0.0,1.0,3.070032228436048e-09,1.0
0.0,1.0,7.378203048524767e-10,1.0
0.0,1.0,7.376556587779248e-10,1.0
0.0,1.0,7.473052732187568e-10,1.0
0.0,1.0,7.377091160165605e-10,1.0
0.0,1.0,1.4447060214806129e-09,1.0
0.0,1.0,7.40281502764617e-10,1.0
0.0,1.0,7.524671996606003e-10,1.0
0.0,1.0,7.377175537115477e-10,1.0
0.0,1.0,7.375909327755892e-10,1.0
0.0,1.0,0.0,1.0
0.0,1.0,7.944075397503525e-10,1.0
0.0,1.0,7.376190769292634e-10,1.0
0.0,1.0,7.39915906322608e-10,1.0
0.0,1.0,7.376753652366119e-10,1.0
0.0,1.0,7.375008936882921e-10,1.0
0.0,1.0,7.387708222950096e-10,1.0
0.0,1.0,7.377175537115477e-10,1.0
0.0,1.0,7.374221233646949e-10,1.0
0.0,1.0,7.380117073019221e-10,1.0
0.0,1.0,7.376219079979762e-10,1.0
0.0,1.0,4.570366751721622e-09,1.0
0.0,1.0,7.446048222448098e-10,1.0
0.0,1.0,7.424916792508895e-10,1.0
0.0,1.0,7.152468617377394e-10,1.0
0.0,1.0,1.7793217921280302e-07,0.9999997615814209
0.0,1.0,7.375614008431342e-10,1.0
0.0,1.0,5.440006134449504e-05,0.9999272227287292
0.0,1.0,7.375895449968084e-10,1.0
0.0,1.0,7.37704897169067e-10,1.0
0.0,1.0,7.797826828692678e-10,1.0
0.0,1.0,7.545727376268019e-10,1.0
0.0,1.0,7.395123957643079e-10,1.0
0.0,1.0,7.377808919351025e-10,1.0
0.0,1.0,8.081808231823102e-21,1.0
0.0,1.0,7.37582495080602e-10,1.0
0.0,1.0,7.376922406265862e-10,1.0
0.0,1.0,7.544362812424155e-13,1.0
0.0,1.0,7.383312849995605e-10,1.0
0.0,1.0,7.892348441451702e-10,1.0
0.0,1.0,2.0090362435370431e-22,1.0
0.0,1.0,7.377541355602091e-10,1.0
0.0,1.0,7.380159261494157e-10,1.0
0.0,1.0,7.464779905319574e-09,1.0
0.0,1.0,2.169380897143469e-09,1.0
0.0,1.0,4.83450492083648e-07,0.9999996423721313
0.0,1.0,7.431434356774957e-10,1.0
0.0,1.0,7.37695071695299e-10,1.0
0.0,1.0,7.387397915614713e-10,1.0
0.0,1.0,7.377386479490156e-10,1.0
0.0,1.0,3.9961815944298483e-20,1.0
0.0,1.0,7.37765404323909e-10,1.0
0.0,1.0,7.376078081655635e-10,1.0
0.0,1.0,7.37877980938606e-10,1.0
0.0,1.0,7.629534781727898e-10,1.0
0.0,1.0,5.161171543477394e-07,0.999999463558197
0.0,1.0,7.417386704844375e-10,1.0
0.0,1.0,7.375487443006534e-10,1.0
0.0,1.0,7.377752853088282e-10,1.0
0.0,1.0,2.0776165232661015e-09,1.0
0.0,1.0,7.377949917675153e-10,1.0
0.0,1.0,7.378554989223574e-10,1.0
0.0,1.0,7.481638641948507e-10,1.0
0.0,1.0,7.765322274089215e-10,1.0
0.0,1.0,7.376654842516928e-10,1.0
0.0,1.0,7.376894095578734e-10,1.0
0.0,1.0,7.401529944495167e-10,1.0
0.0,1.0,7.377611854764154e-10,1.0
0.0,1.0,7.520195022259202e-10,1.0
0.0,1.0,7.378442301586574e-10,1.0
0.0,1.0,7.378934685497995e-10,1.0
0.0,1.0,3.311985178916105e-23,1.0
0.0,1.0,7.443776151028203e-10,1.0
0.0,1.0,2.8343703299261747e-24,1.0
0.0,1.0,7.378427868687254e-10,1.0
0.0,1.0,7.377414790177284e-10,1.0
0.0,1.0,7.376443900142249e-10,1.0
0.0,1.0,7.3803280153939e-10,1.0
0.0,1.0,2.0185028486521194e-27,1.0
0.0,1.0,7.375627886219149e-10,1.0
0.0,1.0,7.376359523192377e-10,1.0
0.0,1.0,7.380834832204641e-10,1.0
0.0,1.0,7.376711463891183e-10,1.0
0.0,1.0,7.37664096472912e-10,1.0
0.0,1.0,7.376669275416248e-10,1.0
0.0,1.0,2.211044499232647e-37,1.0
0.0,1.0,4.093821814876719e-08,0.9999999403953552
0.0,1.0,7.379230559934058e-10,1.0
0.0,1.0,1.3464790319460035e-30,1.0
0.0,1.0,7.377386479490156e-10,1.0
0.0,1.0,7.349171826653844e-10,1.0
0.0,1.0,7.377569666289219e-10,1.0
0.0,1.0,4.937177422448258e-08,0.9999999403953552
0.0,1.0,7.376978472528606e-10,1.0
0.0,1.0,4.5221744926493557e-07,0.9999995231628418
0.0,1.0,7.376022015392891e-10,1.0
0.0,1.0,7.376246835555378e-10,1.0
0.0,1.0,7.703124298369737e-15,1.0
0.0,1.0,7.717864680678588e-10,1.0
0.0,1.0,7.438695215356006e-10,1.0
0.0,1.0,7.376303456929634e-10,1.0
0.0,1.0,5.75058490409619e-12,1.0
0.0,1.0,7.77063124957067e-09,1.0
0.0,1.0,8.194762646240861e-10,1.0
0.0,1.0,7.384143851929537e-10,1.0
0.0,1.0,7.662691814402933e-08,0.9999998807907104
0.0,1.0,7.376627086941312e-10,1.0
0.0,1.0,7.375796640118892e-10,1.0
0.0,1.0,7.376050326080019e-10,1.0
