1.0,0.0,1.0,1.552933942463447e-14
1.0,0.0,1.0,8.904811783783106e-12
1.0,0.0,1.0,2.277401184302974e-10
1.0,0.0,1.0,1.3546688557963382e-14
1.0,0.0,1.0,1.813844741072046e-09
1.0,0.0,1.0,5.729455104797054e-12
1.0,0.0,1.0,7.726675744536282e-13
1.0,0.0,1.0,3.4526506653698164e-10
1.0,0.0,1.0,9.107388373183825e-14
1.0,0.0,1.0,2.787530796466431e-11
1.0,0.0,1.0,2.5523005930949694e-10
1.0,0.0,1.0,5.263080510620774e-16
1.0,0.0,1.0,3.7244962156221994e-27
1.0,0.0,1.0,9.608505397579181e-13
1.0,0.0,1.0,5.0524471759128e-12
1.0,0.0,1.0,3.6518357782178157e-13
1.0,0.0,1.0,4.376500030434105e-12
1.0,0.0,1.0,1.7462663115863967e-15
1.0,0.0,1.0,1.5245387087418753e-15
1.0,0.0,1.0,8.302049152308921e-12
1.0,0.0,1.0,1.5534257297926228e-14
1.0,0.0,1.0,3.02166791588121e-10
1.0,0.0,1.0,9.741675650123216e-30
1.0,0.0,1.0,6.567141307752683e-14
1.0,0.0,1.0,2.151778014658693e-19
1.0,0.0,1.0,1.0128159297568065e-13
1.0,0.0,1.0,4.9794703950445385e-12
1.0,0.0,1.0,7.995310143116274e-12
1.0,0.0,1.0,2.8849980130557507e-12
1.0,0.0,1.0,2.2796272248354343e-13
1.0,0.0,1.0,1.606312061445611e-13
1.0,0.0,1.0,4.251534833823317e-13
1.0,0.0,1.0,1.252502013215917e-08
1.0,0.0,1.0,2.613809776258469e-13
1.0,0.0,1.0,4.3972034347028455e-11
1.0,0.0,1.0,2.7576983665372756e-12
1.0,0.0,1.0,5.3992105925049216e-11
1.0,0.0,0.9995031952857971,0.0004551850724965334
1.0,0.0,1.0,8.71480578673589e-12
1.0,0.0,1.0,5.536969771569034e-10
1.0,0.0,1.0,6.183031309170417e-10
1.0,0.0,1.0,3.053776329031699e-11
1.0,0.0,1.0,1.5820567078606018e-10
1.0,0.0,1.0,3.5618177244428617e-12
1.0,0.0,1.0,6.32902237562849e-12
1.0,0.0,1.0,1.019614514347067e-11
1.0,0.0,1.0,1.3935340381632244e-10
1.0,0.0,1.0,2.315331899729184e-13
1.0,0.0,1.0,7.477155700152949e-11
1.0,0.0,1.0,2.940879831325738e-11
1.0,0.0,1.0,7.279733760245932e-11
1.0,0.0,1.0,1.4259314840003867e-09
1.0,0.0,1.0,1.9849351051703934e-09
1.0,0.0,1.0,4.0165794301660895e-11
1.0,0.0,1.0,4.887993121371892e-09
1.0,0.0,1.0,1.502214845572336e-11
1.0,0.0,1.0,5.37345707751595e-14
1.0,0.0,1.0,7.189750184100063e-11
1.0,0.0,1.0,2.2946761203961226e-14
1.0,0.0,1.0,1.0910075739969244e-14
1.0,0.0,1.0,5.094483428863539e-12
1.0,0.0,1.0,8.577204724247167e-09
1.0,0.0,1.0,2.032616493196672e-15
1.0,0.0,1.0,1.401327665018215e-10
1.0,0.0,1.0,6.288829049530542e-13
1.0,0.0,1.0,3.3665015219952465e-09
1.0,0.0,1.0,1.8610302535138068e-11
1.0,0.0,1.0,1.2787147209147864e-11
1.0,0.0,1.0,8.749519155254546e-15
1.0,0.0,1.0,4.5814879667815944e-12
1.0,0.0,1.0,5.443062320309444e-11
1.0,0.0,1.0,5.631882737944238e-10
1.0,0.0,1.0,2.067931329646777e-12
1.0,0.0,1.0,1.2337467714118588e-09
1.0,0.0,1.0,1.054281445131422e-13
1.0,0.0,1.0,3.5705854505713175e-12
1.0,0.0,1.0,9.239951468884011e-13
1.0,0.0,1.0,6.117257055819531e-18
1.0,0.0,1.0,1.5494856916639654e-12
1.0,0.0,1.0,4.486954363613904e-09
1.0,0.0,1.0,2.2483200023959427e-10
1.0,0.0,1.0,2.5706875864117684e-12
1.0,0.0,1.0,6.134796040309712e-14
1.0,0.0,1.0,2.999428030709024e-14
1.0,0.0,1.0,4.0710763753171175e-12
1.0,0.0,1.0,3.146545524135291e-11
1.0,0.0,1.0,5.367292981589555e-13
1.0,0.0,1.0,1.2811187657599254e-12
1.0,0.0,1.0,3.858770636355757e-09
1.0,0.0,1.0,4.7616684900608774e-12
1.0,0.0,1.0,1.7512774563854805e-10
1.0,0.0,1.0,3.4588522638493574e-14
1.0,0.0,1.0,1.0202320759045147e-13
1.0,0.0,1.0,1.9138241338922946e-11
1.0,0.0,1.0,9.090948818930335e-15
1.0,0.0,1.0,2.192080861402111e-30
1.0,0.0,1.0,2.9731422879208935e-10
1.0,0.0,1.0,1.3918632912890416e-10
1.0,0.0,1.0,4.1573716691445384e-11
1.0,0.0,1.0,3.911856602534236e-11
1.0,0.0,1.0,1.0579810465205508e-11
1.0,0.0,1.0,1.4380108838722358e-14
1.0,0.0,1.0,1.5339593744528868e-12
1.0,0.0,1.0,5.2903788988478695e-11
1.0,0.0,1.0,2.7546990364235753e-14
1.0,0.0,1.0,3.0221593456947193e-13
1.0,0.0,1.0,3.7953010179059277e-10
1.0,0.0,1.0,3.1956802655497274e-12
1.0,0.0,1.0,3.919029101240312e-09
1.0,0.0,1.0,7.89861340395881e-14
1.0,0.0,1.0,1.0067360356816324e-12
1.0,0.0,1.0,3.9966124854018403e-10
1.0,0.0,0.9999966621398926,2.8007659693685127e-06
1.0,0.0,1.0,4.2114854220112394e-14
1.0,0.0,1.0,7.565554432931165e-11
1.0,0.0,1.0,3.1601125796004714e-12
1.0,0.0,1.0,2.514841633549647e-13
1.0,0.0,1.0,7.606169750705793e-18
1.0,0.0,1.0,4.782555102812724e-13
1.0,0.0,1.0,2.7626407828051924e-09
1.0,0.0,1.0,3.6925857879212265e-13
1.0,0.0,1.0,2.1704809309444975e-14
1.0,0.0,1.0,7.798621991239596e-12
1.0,0.0,1.0,2.8199245161175668e-09
1.0,0.0,1.0,9.956336970151636e-13
1.0,0.0,1.0,1.6687434040933008e-13
1.0,0.0,1.0,1.7614602484949948e-11
1.0,0.0,1.0,5.822903964558535e-11
1.0,0.0,1.0,2.0620305463125987e-09
1.0,0.0,1.0,3.4452753421444077e-14
1.0,0.0,1.0,2.818746115701183e-32
1.0,0.0,1.0,9.363716399479749e-13
1.0,0.0,1.0,5.7749038884225e-10
1.0,0.0,1.0,2.9269655817988627e-13
1.0,0.0,1.0,2.857834802139081e-11
1.0,0.0,1.0,1.5110024342845918e-11
1.0,0.0,1.0,2.5392399771381746e-13
1.0,0.0,1.0,2.991662473306178e-11
1.0,0.0,1.0,2.0265812139541595e-08
1.0,0.0,1.0,2.844853172478956e-11
1.0,0.0,1.0,6.494428259062879e-12
1.0,0.0,1.0,6.122145845832705e-11
1.0,0.0,1.0,1.8354417985477767e-10
1.0,0.0,1.0,2.990612618658517e-11
1.0,0.0,1.0,7.169575263338279e-12
1.0,0.0,1.0,4.661814900931248e-17
1.0,0.0,1.0,5.977449438199223e-12
1.0,0.0,1.0,5.6343809826109315e-12
1.0,0.0,1.0,2.8671492263709908e-11
1.0,0.0,1.0,1.2669892912597902e-10
1.0,0.0,1.0,2.741836434543704e-13
1.0,0.0,1.0,1.1493078624219555e-12
1.0,0.0,1.0,3.900771095022293e-10
1.0,0.0,1.0,4.5289303991086216e-13
1.0,0.0,1.0,7.625701285707276e-12
1.0,0.0,1.0,0.0
1.0,0.0,1.0,4.206515691329571e-10
1.0,0.0,1.0,2.4635993245425425e-10
1.0,0.0,0.9999980330467224,1.5423714785356424e-06
1.0,0.0,1.0,2.2998071071774102e-14
1.0,0.0,1.0,3.4607115784179854e-11
1.0,0.0,1.0,7.952830234636554e-12
1.0,0.0,1.0,4.742950823755088e-12
1.0,0.0,1.0,5.180439757723754e-11
1.0,0.0,1.0,2.7401652995251435e-12
1.0,0.0,1.0,1.904716488698721e-11
1.0,0.0,0.9999946355819702,4.174049990979256e-06
1.0,0.0,1.0,5.440809955348236e-11
1.0,0.0,1.0,1.0404321718407439e-12
1.0,0.0,1.0,7.623607474471772e-12
1.0,0.0,1.0,1.1744965622891707e-14
1.0,0.0,1.0,1.0583952464449098e-10
1.0,0.0,1.0,1.449140964561793e-13
1.0,0.0,1.0,3.8005093516702004e-10
1.0,0.0,1.0,1.6697443288070981e-19
1.0,0.0,1.0,1.144538294434866e-13
1.0,0.0,1.0,8.50419649675219e-16
1.0,0.0,1.0,4.143409384040411e-14
1.0,0.0,1.0,9.247290433389566e-12
1.0,0.0,1.0,1.6239523831576563e-12
1.0,0.0,1.0,8.267750928325768e-10
1.0,0.0,1.0,8.724418756878016e-12
1.0,0.0,1.0,1.868778840442148e-13
1.0,0.0,1.0,9.852296760273337e-15
1.0,0.0,1.0,1.1131121580021386e-09
1.0,0.0,1.0,3.8488174580332993e-17
1.0,0.0,1.0,3.836085615827045e-10
1.0,0.0,1.0,1.3444979504728671e-11
1.0,0.0,1.0,1.4306866455426892e-11
1.0,0.0,1.0,2.3073624174502205e-12
1.0,0.0,1.0,2.3110696299386e-13
1.0,0.0,1.0,1.4581602592045328e-09
1.0,0.0,1.0,1.5318118206709454e-14
1.0,0.0,1.0,6.459571511583176e-14
1.0,0.0,1.0,2.6918053896984873e-10
1.0,0.0,1.0,3.535567616452795e-09
1.0,0.0,1.0,7.363556379230696e-13
1.0,0.0,1.0,1.7013657843678587e-11
1.0,0.0,1.0,8.831684716881227e-09
1.0,0.0,0.9999991655349731,8.990934929897776e-07
1.0,0.0,1.0,8.760162040211128e-10
1.0,0.0,1.0,1.0804693999309084e-13
1.0,0.0,1.0,1.9642838042428258e-14
1.0,0.0,1.0,9.416833903364702e-14
1.0,0.0,0.9999997615814209,2.0940707656791346e-07
1.0,0.0,1.0,6.300090115395063e-13
1.0,0.0,1.0,5.809743311435689e-12
1.0,0.0,1.0,1.840305468778225e-12
1.0,0.0,1.0,1.165302750127939e-11
1.0,0.0,1.0,1.6450573813320962e-13
1.0,0.0,1.0,4.060216052259591e-10
1.0,0.0,1.0,6.150841978352613e-16
1.0,0.0,1.0,1.6618657838751716e-10
1.0,0.0,1.0,7.65791336593269e-12
1.0,0.0,1.0,8.323871684831962e-26
1.0,0.0,1.0,1.1417082557141356e-13
1.0,0.0,1.0,0.0
1.0,0.0,1.0,5.169214882527751e-12
1.0,0.0,1.0,4.6200838293986024e-11
1.0,0.0,1.0,8.468886147916521e-10
1.0,0.0,1.0,1.7149026990126437e-11
1.0,0.0,1.0,1.3011755561898042e-10
1.0,0.0,1.0,3.542157019087444e-12
1.0,0.0,1.0,7.751962591805162e-13
1.0,0.0,1.0,1.298348754896761e-11
1.0,0.0,0.9999997615814209,2.763248687642772e-07
1.0,0.0,1.0,3.914110355274225e-11
1.0,0.0,1.0,1.1258143306491775e-09
1.0,0.0,1.0,7.280274993970437e-11
1.0,0.0,1.0,1.209078115405049e-10
1.0,0.0,0.9035399556159973,0.08474059402942657
1.0,0.0,1.0,1.6291226700992922e-10
1.0,0.0,1.0,8.05849165175232e-09
1.0,0.0,1.0,4.5443482310503214e-10
1.0,0.0,1.0,1.2300601648362885e-09
1.0,0.0,1.0,1.8091929186335107e-14
1.0,0.0,1.0,3.929363501242733e-10
1.0,0.0,1.0,2.2035691049637762e-09
1.0,0.0,1.0,1.1275511774266889e-12
1.0,0.0,1.0,3.176669810447258e-13
1.0,0.0,1.0,8.864780112229076e-13
1.0,0.0,1.0,1.8255751077500548e-10
1.0,0.0,1.0,4.5659384606544506e-10
1.0,0.0,1.0,1.496023574118488e-12
1.0,0.0,1.0,3.51033924150812e-11
1.0,0.0,1.0,1.123825967182246e-12
1.0,0.0,1.0,3.734433335483844e-12
1.0,0.0,1.0,3.776114490539051e-11
1.0,0.0,1.0,4.422197522652197e-31
1.0,0.0,1.0,0.0
1.0,0.0,1.0,2.483734138497562e-12
1.0,0.0,1.0,1.3093543718874223e-13
1.0,0.0,1.0,7.960987554941901e-14
1.0,0.0,1.0,5.270833682707865e-13
1.0,0.0,1.0,1.5449240844955803e-11
1.0,0.0,1.0,7.036175461716532e-12
1.0,0.0,1.0,2.4963895967761163e-13
1.0,0.0,1.0,6.9294444043476594e-15
1.0,0.0,1.0,2.5872293196727014e-09
1.0,0.0,1.0,3.655424758459286e-13
1.0,0.0,1.0,1.5300934347664552e-12
1.0,0.0,1.0,7.64229346472689e-10
1.0,0.0,1.0,2.1208319822552113e-11
1.0,0.0,1.0,2.335464937761045e-12
1.0,0.0,1.0,4.563376412858311e-11
1.0,0.0,1.0,2.2354864487317272e-11
1.0,0.0,1.0,5.5616518324865444e-18
1.0,0.0,1.0,7.734163309791597e-10
1.0,0.0,1.0,1.4402764536569634e-09
1.0,0.0,1.0,8.97810688640921e-13
1.0,0.0,1.0,2.2192332693737882e-10
1.0,0.0,1.0,3.1346988893510286e-10
1.0,0.0,1.0,5.608890630594277e-13
1.0,0.0,1.0,1.1009374523140991e-09
1.0,0.0,1.0,5.794581828255652e-12
1.0,0.0,1.0,2.519066227314737e-13
1.0,0.0,1.0,8.41313238693353e-14
1.0,0.0,1.0,1.5935984476467269e-10
1.0,0.0,1.0,1.7783528122317094e-11
1.0,0.0,1.0,4.029505173974712e-09
1.0,0.0,1.0,2.3451545067866564e-13
1.0,0.0,1.0,3.2022504647954975e-09
1.0,0.0,1.0,1.2185749631576925e-10
1.0,0.0,1.0,2.9636532117294223e-10
1.0,0.0,1.0,2.3365922911799952e-12
1.0,0.0,1.0,5.017009485804025e-13
1.0,0.0,1.0,8.225133248107586e-12
1.0,0.0,1.0,1.0196650815363917e-11
1.0,0.0,1.0,6.465140228728572e-11
1.0,0.0,1.0,3.929237848716155e-13
1.0,0.0,1.0,1.0945467449063884e-10
1.0,0.0,1.0,2.728047128475186e-11
1.0,0.0,1.0,4.663235875462628e-14
1.0,0.0,1.0,5.098410409132281e-12
1.0,0.0,1.0,1.1065541816179802e-09
1.0,0.0,1.0,5.785771861610556e-11
1.0,0.0,1.0,1.0780172587931958e-10
1.0,0.0,1.0,9.975554453658941e-13
1.0,0.0,1.0,1.8278423913331565e-11
1.0,0.0,1.0,2.2747027446866873e-16
1.0,0.0,1.0,9.61867807625083e-10
1.0,0.0,1.0,1.3224837891456787e-09
1.0,0.0,1.0,9.248353471935644e-11
1.0,0.0,1.0,8.834637015009417e-12
1.0,0.0,1.0,2.1290328983299134e-13
1.0,0.0,1.0,7.116661426831428e-11
1.0,0.0,1.0,1.3201645332472367e-10
1.0,0.0,1.0,1.1233475629736367e-13
1.0,0.0,1.0,1.917115945160308e-11
1.0,0.0,1.0,1.804236794689107e-11
1.0,0.0,1.0,3.0153202957994697e-16
1.0,0.0,1.0,1.6856763380979078e-12
1.0,0.0,1.0,3.35201949530628e-10
1.0,0.0,1.0,4.0461536898739325e-10
1.0,0.0,1.0,5.176760170706729e-13
1.0,0.0,1.0,9.650211740819259e-10
1.0,0.0,0.9997296333312988,0.00021438019757624716
1.0,0.0,1.0,8.818413360645039e-11
1.0,0.0,1.0,6.771743721323276e-10
1.0,0.0,1.0,2.571358111245342e-13
1.0,0.0,1.0,7.300691717837537e-10
1.0,0.0,1.0,2.942525034938838e-14
1.0,0.0,1.0,3.306691604017774e-14
1.0,0.0,1.0,1.988371911565423e-09
1.0,0.0,1.0,1.7128116980291708e-10
1.0,0.0,1.0,2.009971182548309e-11
1.0,0.0,1.0,8.52411236823029e-22
1.0,0.0,1.0,1.111681059706715e-11
1.0,0.0,1.0,2.051225335419904e-11
1.0,0.0,1.0,1.7381309065644945e-12
1.0,0.0,1.0,3.464150841181457e-12
1.0,0.0,1.0,1.1833438959621412e-12
1.0,0.0,1.0,6.681213915449291e-11
1.0,0.0,1.0,5.423054227904345e-10
1.0,0.0,1.0,8.332459722204533e-12
1.0,0.0,1.0,4.917945391202938e-13
1.0,0.0,1.0,1.1767749275026773e-10
1.0,0.0,1.0,3.5490820352035435e-12
1.0,0.0,1.0,7.749187576344685e-12
1.0,0.0,1.0,5.751177312163236e-12
1.0,0.0,1.0,1.9165018530498124e-11
1.0,0.0,1.0,5.002016023603062e-10
1.0,0.0,1.0,7.255018807938995e-11
1.0,0.0,1.0,3.3156139102709717e-15
1.0,0.0,1.0,4.720386304057911e-09
1.0,0.0,1.0,3.4527075642998284e-11
1.0,0.0,1.0,1.502789004348415e-10
1.0,0.0,1.0,9.791510935386327e-10
1.0,0.0,1.0,3.340071478403171e-14
1.0,0.0,1.0,6.056808158315385e-13
1.0,0.0,1.0,9.53432777173191e-10
1.0,0.0,1.0,7.689968453683527e-12
1.0,0.0,1.0,6.749476977319091e-09
1.0,0.0,1.0,5.110565859389737e-10
1.0,0.0,1.0,6.346163178294617e-12
1.0,0.0,1.0,3.7264805824444025e-11
1.0,0.0,1.0,1.9738173769046075e-12
1.0,0.0,1.0,1.7918357769763915e-11
1.0,0.0,1.0,2.5223044139432993e-11
1.0,0.0,1.0,4.254588472301464e-15
1.0,0.0,1.0,1.9437222664731024e-10
1.0,0.0,1.0,7.866736428940868e-11
1.0,0.0,1.0,8.922914851439145e-09
1.0,0.0,1.0,2.181892222452575e-09
1.0,0.0,1.0,1.1556963719350222e-11
1.0,0.0,0.9999963641166687,3.5038274290855043e-06
1.0,0.0,1.0,5.156118153964995e-12
1.0,0.0,1.0,8.347699218813078e-16
1.0,0.0,1.0,3.828127593565045e-13
1.0,0.0,1.0,3.5333326542374976e-11
1.0,0.0,1.0,4.967292158516599e-15
1.0,0.0,1.0,5.821077127265983e-13
1.0,0.0,1.0,1.1735074988573208e-13
1.0,0.0,1.0,1.4995031041506457e-12
1.0,0.0,1.0,2.011987364908263e-12
1.0,0.0,1.0,4.269528307287995e-12
1.0,0.0,1.0,1.5735143223116754e-12
1.0,0.0,1.0,4.303805575811559e-11
1.0,0.0,1.0,1.2757645634353665e-11
1.0,0.0,1.0,1.5103290840201566e-10
1.0,0.0,1.0,4.0805897614897e-13
1.0,0.0,1.0,7.915652855405853e-11
1.0,0.0,1.0,1.4457076816815225e-15
1.0,0.0,1.0,2.2329968984990956e-08
1.0,0.0,1.0,1.773245052110275e-15
1.0,0.0,1.0,5.8113978906870756e-11
1.0,0.0,1.0,5.618355715560075e-13
1.0,0.0,1.0,6.46032652287104e-13
1.0,0.0,1.0,1.941265737561651e-33
1.0,0.0,1.0,8.577957138003467e-13
1.0,0.0,0.9999449849128723,2.156489972549025e-05
1.0,0.0,1.0,4.943227251141824e-12
1.0,0.0,1.0,7.493206494743956e-14
1.0,0.0,1.0,2.4349031363217477e-13
1.0,0.0,1.0,4.0271783303957864e-12
1.0,0.0,1.0,5.692468718621058e-10
1.0,0.0,1.0,1.462093987547597e-11
1.0,0.0,1.0,3.257552105666306e-13
1.0,0.0,1.0,0.0
1.0,0.0,1.0,3.2321168311200132e-12
1.0,0.0,1.0,2.903074669546868e-09
1.0,0.0,1.0,0.0
1.0,0.0,1.0,6.950875985900495e-11
1.0,0.0,1.0,8.019553077165398e-11
1.0,0.0,1.0,3.9985022237676304e-11
1.0,0.0,1.0,2.7503008009042984e-13
1.0,0.0,1.0,5.870476327274332e-11
1.0,0.0,1.0,6.78937678647018e-12
1.0,0.0,1.0,5.071334062460792e-15
1.0,0.0,1.0,7.67816255020648e-10
0.0,1.0,8.193469902550987e-09,1.0
0.0,1.0,1.4219348779844956e-26,1.0
0.0,1.0,8.190875533387043e-09,1.0
0.0,1.0,8.1912974181364e-09,1.0
0.0,1.0,8.19950418673443e-09,1.0
0.0,1.0,9.34215016457074e-09,1.0
0.0,1.0,8.167443610318514e-09,1.0
0.0,1.0,8.200692569459989e-09,1.0
0.0,1.0,8.203055124056391e-09,1.0
0.0,1.0,8.188814071274919e-09,1.0
0.0,1.0,8.179463328872316e-09,1.0
0.0,1.0,8.184379396425356e-09,1.0
0.0,1.0,3.3058146458065936e-22,1.0
0.0,1.0,8.175580212821387e-09,1.0
0.0,1.0,8.194251499560323e-09,1.0
0.0,1.0,3.59911131283224e-20,1.0
0.0,1.0,8.204792401045324e-09,1.0
0.0,1.0,8.200646384182164e-09,1.0
0.0,1.0,8.196845868724267e-09,1.0
0.0,1.0,8.19275047803103e-09,1.0
0.0,1.0,8.193063116834765e-09,1.0
0.0,1.0,7.440652252774635e-37,1.0
0.0,1.0,8.174986909637028e-09,1.0
0.0,1.0,8.19497003590186e-09,1.0
0.0,1.0,0.0,1.0
0.0,1.0,8.199300793876318e-09,1.0
0.0,1.0,8.19672063556709e-09,1.0
0.0,1.0,8.203899781733526e-09,1.0
0.0,1.0,8.205199186761547e-09,1.0
0.0,1.0,8.199160461686006e-09,1.0
0.0,1.0,1.6684760240082142e-09,1.0
0.0,1.0,8.189845246420191e-09,1.0
0.0,1.0,8.188439259981806e-09,1.0
0.0,1.0,8.189188882568033e-09,1.0
0.0,1.0,8.199410039821942e-09,1.0
0.0,1.0,1.673451625344741e-31,1.0
0.0,1.0,8.200317758166875e-09,1.0
0.0,1.0,8.198065337694516e-09,1.0
0.0,1.0,8.194501077696259e-09,1.0
0.0,1.0,8.189282141302101e-09,1.0
0.0,1.0,8.185300437446585e-09,1.0
0.0,1.0,0.0,1.0
0.0,1.0,8.230669479303288e-09,1.0
0.0,1.0,8.193735467898478e-09,1.0
0.0,1.0,8.196908929392066e-09,1.0
0.0,1.0,8.196002099225552e-09,1.0
0.0,1.0,0.0,1.0
0.0,1.0,8.192313494248538e-09,1.0
0.0,1.0,8.202539092394545e-09,1.0
0.0,1.0,8.195548240053085e-09,1.0
0.0,1.0,8.194095180158456e-09,1.0
0.0,1.0,1.517200906664447e-21,1.0
0.0,1.0,8.194782630255304e-09,1.0
0.0,1.0,8.199488199522875e-09,1.0
0.0,1.0,8.973023213343367e-09,1.0
0.0,1.0,8.168441034683838e-09,1.0
0.0,1.0,8.192126088601981e-09,1.0
0.0,1.0,8.26706081369366e-09,1.0
0.0,1.0,8.181679334029468e-09,1.0
0.0,1.0,8.927544925541042e-09,1.0
0.0,1.0,8.20285173119828e-09,1.0
0.0,1.0,8.198628442812605e-09,1.0
0.0,1.0,8.16920486812478e-09,1.0
0.0,1.0,8.194188438892525e-09,1.0
0.0,1.0,8.191938682955424e-09,1.0
0.0,1.0,8.190251143957994e-09,1.0
0.0,1.0,8.169110721212292e-09,1.0
0.0,1.0,8.23545942552073e-09,1.0
0.0,1.0,8.194375844539081e-09,1.0
0.0,1.0,3.76922663006648e-23,1.0
0.0,1.0,8.2011935020887e-09,1.0
0.0,1.0,0.0,1.0
0.0,1.0,8.21075651913361e-09,1.0
0.0,1.0,8.19672063556709e-09,1.0
0.0,1.0,8.19271939178634e-09,1.0
0.0,1.0,8.189438460703968e-09,1.0
0.0,1.0,8.20063039697061e-09,1.0
0.0,1.0,8.198096423939205e-09,1.0
0.0,1.0,8.182943211920701e-09,1.0
0.0,1.0,8.206153978562725e-09,1.0
0.0,1.0,8.179198651703246e-09,1.0
0.0,1.0,8.200489176601877e-09,1.0
0.0,1.0,8.201068268931522e-09,1.0
0.0,1.0,0.0,1.0
0.0,1.0,1.1550433759824238e-16,1.0
0.0,1.0,8.193719480686923e-09,1.0
0.0,1.0,8.19665846307771e-09,1.0
0.0,1.0,8.197002188126135e-09,1.0
0.0,1.0,2.2939821880543786e-20,1.0
0.0,1.0,8.206372470453971e-09,1.0
0.0,1.0,8.191204159402332e-09,1.0
0.0,1.0,8.20258616585079e-09,1.0
0.0,1.0,8.199660506136297e-09,1.0
0.0,1.0,8.195376821618083e-09,1.0
0.0,1.0,8.195376821618083e-09,1.0
0.0,1.0,8.302742493526694e-09,1.0
0.0,1.0,8.189720013263013e-09,1.0
0.0,1.0,8.200755630127787e-09,1.0
0.0,1.0,8.19440693078377e-09,1.0
0.0,1.0,8.19046963584924e-09,1.0
0.0,1.0,8.197471146331736e-09,1.0
0.0,1.0,8.189516620404902e-09,1.0
0.0,1.0,8.197752698890781e-09,1.0
0.0,1.0,8.20616907759586e-09,1.0
0.0,1.0,8.301539011768e-09,1.0
0.0,1.0,8.201740619995235e-09,1.0
0.0,1.0,8.188688838117741e-09,1.0
0.0,1.0,0.0,1.0
0.0,1.0,8.2011935020887e-09,1.0
0.0,1.0,8.193938860756589e-09,1.0
0.0,1.0,8.196892942180511e-09,1.0
0.0,1.0,8.195486067563706e-09,1.0
0.0,1.0,8.192860612155073e-09,1.0
0.0,1.0,8.207515556080125e-09,1.0
0.0,1.0,8.194344758294392e-09,1.0
0.0,1.0,8.188001388020894e-09,1.0
0.0,1.0,8.313232768841772e-09,1.0
0.0,1.0,8.200817802617166e-09,1.0
0.0,1.0,8.20009837809721e-09,1.0
0.0,1.0,8.199128487262897e-09,1.0
0.0,1.0,8.20610690510648e-09,1.0
0.0,1.0,8.192813538698829e-09,1.0
0.0,1.0,8.19446999145157e-09,1.0
0.0,1.0,0.0,1.0
0.0,1.0,8.384253291637833e-09,1.0
0.0,1.0,8.196940015636756e-09,1.0
0.0,1.0,8.379066190888906e-11,1.0
0.0,1.0,8.199410039821942e-09,1.0
0.0,1.0,8.208767887651902e-09,1.0
0.0,1.0,8.203571155718237e-09,1.0
0.0,1.0,8.194938949657171e-09,1.0
0.0,1.0,8.197127421283312e-09,1.0
0.0,1.0,8.200161438765008e-09,1.0
0.0,1.0,8.207985402464146e-09,1.0
0.0,1.0,0.0,1.0
0.0,1.0,8.190376377115172e-09,1.0
0.0,1.0,8.212902358195606e-09,1.0
0.0,1.0,8.198096423939205e-09,1.0
0.0,1.0,8.203759449543213e-09,1.0
0.0,1.0,8.300304443764617e-09,1.0
0.0,1.0,8.199004142284139e-09,1.0
0.0,1.0,8.196518130887398e-09,1.0
0.0,1.0,8.201522128103989e-09,1.0
0.0,1.0,8.194579237397193e-09,1.0
0.0,1.0,8.195657485998709e-09,1.0
0.0,1.0,2.463260984075788e-10,1.0
0.0,1.0,8.30562552067704e-09,1.0
0.0,1.0,8.26952195609465e-09,1.0
0.0,1.0,1.0395715399624805e-08,1.0
0.0,1.0,8.191125999701399e-09,1.0
0.0,1.0,8.975864496107988e-09,1.0
0.0,1.0,8.198065337694516e-09,1.0
0.0,1.0,8.389531735986111e-09,1.0
0.0,1.0,8.198519196866982e-09,1.0
0.0,1.0,8.197877932047959e-09,1.0
0.0,1.0,8.195204515004662e-09,1.0
0.0,1.0,8.178980159812e-09,1.0
0.0,1.0,8.175564225609833e-09,1.0
0.0,1.0,8.1966895493224e-09,1.0
0.0,1.0,8.189126710078654e-09,1.0
0.0,1.0,8.29138002700347e-09,1.0
0.0,1.0,8.148771435401159e-09,1.0
0.0,1.0,8.162460041205577e-09,1.0
0.0,1.0,8.198034251449826e-09,1.0
0.0,1.0,8.299513076792664e-09,1.0
0.0,1.0,8.20009837809721e-09,1.0
0.0,1.0,8.197502232576426e-09,1.0
0.0,1.0,8.685555165412063e-26,1.0
0.0,1.0,8.217132752008638e-09,1.0
0.0,1.0,0.0,1.0
0.0,1.0,0.0,1.0
0.0,1.0,0.0,1.0
0.0,1.0,0.0,1.0
0.0,1.0,8.42667446931955e-09,1.0
0.0,1.0,0.0,1.0
0.0,1.0,2.2271524972983078e-23,1.0
0.0,1.0,8.192282408003848e-09,1.0
0.0,1.0,8.217226898921126e-09,1.0
0.0,1.0,8.187408084836534e-09,1.0
0.0,1.0,7.944625401989924e-09,1.0
0.0,1.0,8.19218826109136e-09,1.0
0.0,1.0,8.153964614621145e-09,1.0
0.0,1.0,2.1838446646903985e-21,1.0
0.0,1.0,1.924085113458318e-09,1.0
0.0,1.0,8.24677659494455e-09,1.0
0.0,1.0,8.152611030709522e-09,1.0
0.0,1.0,8.198878909126961e-09,1.0
0.0,1.0,8.191313405347955e-09,1.0
0.0,1.0,1.318692170571012e-06,0.9999989867210388
0.0,1.0,8.198784762214473e-09,1.0
0.0,1.0,8.195126355303728e-09,1.0
0.0,1.0,8.180446542382924e-09,1.0
0.0,1.0,8.502101245255744e-09,1.0
0.0,1.0,8.831670965157397e-24,1.0
0.0,1.0,8.208830948319701e-09,1.0
0.0,1.0,0.0,1.0
0.0,1.0,0.0,1.0
0.0,1.0,0.0,1.0
0.0,1.0,8.17006107212137e-09,1.0
0.0,1.0,8.193126177502563e-09,1.0
0.0,1.0,8.19497003590186e-09,1.0
0.0,1.0,2.432578938282859e-08,1.0
0.0,1.0,8.194313672049702e-09,1.0
0.0,1.0,4.0855136114459345e-12,1.0
0.0,1.0,7.337213519045815e-13,1.0
0.0,1.0,8.20670109646926e-09,1.0
0.0,1.0,1.5760686330031625e-37,1.0
0.0,1.0,5.517213224969131e-33,1.0
0.0,1.0,8.198753675969783e-09,1.0
0.0,1.0,0.0,1.0
0.0,1.0,8.18247514189352e-09,1.0
0.0,1.0,8.166353815397542e-09,1.0
0.0,1.0,8.596350298262223e-09,1.0
0.0,1.0,8.180196964246989e-09,1.0
0.0,1.0,0.0,1.0
0.0,1.0,8.175673471555456e-09,1.0
0.0,1.0,8.182194477512894e-09,1.0
0.0,1.0,8.184535715827224e-09,1.0
0.0,1.0,8.175267574017653e-09,1.0
0.0,1.0,8.178449917295438e-09,1.0
0.0,1.0,8.178807853198578e-09,1.0
0.0,1.0,8.181726407485712e-09,1.0
0.0,1.0,8.185815580930011e-09,1.0
0.0,1.0,8.181133104301352e-09,1.0
0.0,1.0,1.6291242133092965e-08,1.0
0.0,1.0,8.174691146223267e-09,1.0
0.0,1.0,8.177575949730453e-09,1.0
0.0,1.0,8.183942412642864e-09,1.0
0.0,1.0,8.149517505273707e-09,1.0
0.0,1.0,8.179916299866363e-09,1.0
0.0,1.0,8.17690537502358e-09,1.0
0.0,1.0,8.177669208464522e-09,1.0
0.0,1.0,0.0,1.0
0.0,1.0,8.183739019784753e-09,1.0
0.0,1.0,8.177685195676077e-09,1.0
0.0,1.0,8.238727033926807e-09,1.0
0.0,1.0,8.078204771777564e-09,1.0
0.0,1.0,8.181366695225734e-09,1.0
0.0,1.0,8.180259136736368e-09,1.0
0.0,1.0,8.18188183870916e-09,1.0
0.0,1.0,8.649474025901327e-09,1.0
0.0,1.0,8.177778454410145e-09,1.0
0.0,1.0,8.19050072209393e-09,1.0
0.0,1.0,8.190720102163596e-09,1.0
0.0,1.0,8.181164190546042e-09,1.0
0.0,1.0,8.175267574017653e-09,1.0
0.0,1.0,2.021539077209446e-27,1.0
0.0,1.0,8.186159305978435e-09,1.0
0.0,1.0,8.180087718301365e-09,1.0
0.0,1.0,8.17575163125639e-09,1.0
0.0,1.0,8.18099277211104e-09,1.0
0.0,1.0,8.160685460723016e-09,1.0
0.0,1.0,8.18762657672778e-09,1.0
0.0,1.0,8.172274412743263e-09,1.0
0.0,1.0,8.166166409750986e-09,1.0
0.0,1.0,8.18043055517137e-09,1.0
0.0,1.0,8.20779710863917e-09,1.0
0.0,1.0,7.469255081105075e-08,0.9999999403953552
0.0,1.0,8.185502942126277e-09,1.0
0.0,1.0,8.181803679008226e-09,1.0
0.0,1.0,8.185409683392209e-09,1.0
0.0,1.0,8.179947386111053e-09,1.0
0.0,1.0,8.214406044260159e-09,1.0
0.0,1.0,8.179853239198565e-09,1.0
0.0,1.0,8.176172627827327e-09,1.0
0.0,1.0,8.1841919907788e-09,1.0
0.0,1.0,1.5538088291577878e-06,0.9999988079071045
0.0,1.0,8.179385169171383e-09,1.0
0.0,1.0,8.148010266495476e-09,1.0
0.0,1.0,8.180524702083858e-09,1.0
0.0,1.0,8.180446542382924e-09,1.0
0.0,1.0,8.185378597147519e-09,1.0
0.0,1.0,8.208110635621324e-09,1.0
0.0,1.0,8.18386425294193e-09,1.0
0.0,1.0,8.178012933512946e-09,1.0
0.0,1.0,8.850538080196202e-09,1.0
0.0,1.0,8.176141541582638e-09,1.0
0.0,1.0,8.178309585105126e-09,1.0
0.0,1.0,8.17977596767605e-09,1.0
0.0,1.0,8.181570088083845e-09,1.0
0.0,1.0,8.392849082383691e-08,0.9999999403953552
0.0,1.0,9.318347952403666e-26,1.0
0.0,1.0,8.176546550942021e-09,1.0
0.0,1.0,8.179120492002312e-09,1.0
0.0,1.0,8.109203086803518e-09,1.0
0.0,1.0,8.177029720002338e-09,1.0
0.0,1.0,8.182022170899472e-09,1.0
0.0,1.0,2.738148970197793e-38,1.0
0.0,1.0,8.181180177757597e-09,1.0
0.0,1.0,8.17957257481794e-09,1.0
0.0,1.0,8.180602861784791e-09,1.0
0.0,1.0,8.117575056587611e-09,1.0
0.0,1.0,1.9897296930648597e-17,1.0
0.0,1.0,8.14459166775805e-09,1.0
0.0,1.0,8.178574262274196e-09,1.0
0.0,1.0,8.180337296437301e-09,1.0
0.0,1.0,8.912470761401892e-09,1.0
0.0,1.0,3.1147961594536475e-19,1.0
0.0,1.0,8.178605348518886e-09,1.0
0.0,1.0,8.17598522218077e-09,1.0
0.0,1.0,8.17894907356731e-09,1.0
0.0,1.0,8.178574262274196e-09,1.0
0.0,1.0,8.179603661062629e-09,1.0
0.0,1.0,8.176125554371083e-09,1.0
0.0,1.0,8.177482690996385e-09,1.0
0.0,1.0,5.42139488857174e-08,0.9999999403953552
0.0,1.0,8.190156997045506e-09,1.0
0.0,1.0,8.177544863485764e-09,1.0
0.0,1.0,8.184035671376932e-09,1.0
0.0,1.0,8.181944899376958e-09,1.0
0.0,1.0,8.17951040232856e-09,1.0
0.0,1.0,8.182131416845095e-09,1.0
0.0,1.0,8.182990285376945e-09,1.0
0.0,1.0,8.178699495431374e-09,1.0
0.0,1.0,8.178886012899511e-09,1.0
0.0,1.0,8.174644072767023e-09,1.0
0.0,1.0,8.178293597893571e-09,1.0
0.0,1.0,8.180477628627614e-09,1.0
0.0,1.0,8.18072720676355e-09,1.0
0.0,1.0,8.73090211884517e-18,1.0
0.0,1.0,8.181070931811973e-09,1.0
0.0,1.0,8.174581900277644e-09,1.0
0.0,1.0,8.180586874573237e-09,1.0
0.0,1.0,8.17835577038295e-09,1.0
0.0,1.0,1.2304995554131113e-23,1.0
0.0,1.0,8.177981847268256e-09,1.0
0.0,1.0,8.186924027597797e-09,1.0
0.0,1.0,8.188033362444003e-09,1.0
0.0,1.0,8.170684573372e-09,1.0
0.0,1.0,8.18093059962166e-09,1.0
0.0,1.0,8.177950761023567e-09,1.0
0.0,1.0,8.180914612410106e-09,1.0
0.0,1.0,8.178262511648882e-09,1.0
0.0,1.0,8.182318822491652e-09,1.0
0.0,1.0,8.179104504790757e-09,1.0
0.0,1.0,8.180290222981057e-09,1.0
0.0,1.0,8.179011246056689e-09,1.0
0.0,1.0,8.177388544083897e-09,1.0
0.0,1.0,8.181601174328534e-09,1.0
0.0,1.0,8.175860877202012e-09,1.0
0.0,1.0,8.12033196240236e-09,1.0
0.0,1.0,8.176546550942021e-09,1.0
0.0,1.0,8.177544863485764e-09,1.0
0.0,1.0,8.179198651703246e-09,1.0
0.0,1.0,8.111895155593629e-09,1.0
0.0,1.0,8.178792754165443e-09,1.0
0.0,1.0,8.178667521008265e-09,1.0
0.0,1.0,8.182428068437275e-09,1.0
0.0,1.0,9.061909445051697e-09,1.0
0.0,1.0,8.183099531322569e-09,1.0
0.0,1.0,3.971392128919758e-29,1.0
0.0,1.0,8.185471855881588e-09,1.0
0.0,1.0,8.178465016328573e-09,1.0
0.0,1.0,8.177029720002338e-09,1.0
0.0,1.0,8.179603661062629e-09,1.0
0.0,1.0,8.17717005219265e-09,1.0
0.0,1.0,8.182225563757584e-09,1.0
0.0,1.0,8.183957511675999e-09,1.0
0.0,1.0,8.178854926654822e-09,1.0
0.0,1.0,8.180180977035434e-09,1.0
0.0,1.0,8.174550814032955e-09,1.0
0.0,1.0,8.176328059050775e-09,1.0
0.0,1.0,8.280743202249141e-09,1.0
0.0,1.0,8.176796129077957e-09,1.0
0.0,1.0,8.176671784099199e-09,1.0
0.0,1.0,8.177918786600458e-09,1.0
0.0,1.0,8.175221388739828e-09,1.0
0.0,1.0,8.206858304049547e-09,1.0
0.0,1.0,8.178340671349815e-09,1.0
0.0,1.0,8.181444854926667e-09,1.0
0.0,1.0,8.19046963584924e-09,1.0
0.0,1.0,8.193719480686923e-09,1.0
0.0,1.0,8.176250787528261e-09,1.0
0.0,1.0,8.176484378452642e-09,1.0
0.0,1.0,8.181382682437288e-09,1.0
0.0,1.0,8.183161703811948e-09,1.0
0.0,1.0,8.178761667920753e-09,1.0
0.0,1.0,8.177856614111079e-09,1.0
0.0,1.0,8.18472312147378e-09,1.0
0.0,1.0,8.178153265703259e-09,1.0
0.0,1.0,8.17216516679764e-09,1.0
0.0,1.0,8.179416255416072e-09,1.0
0.0,1.0,8.184691147050671e-09,1.0
0.0,1.0,8.185753408440632e-09,1.0
0.0,1.0,8.731457334931747e-09,1.0
0.0,1.0,8.173583587733901e-09,1.0
0.0,1.0,8.178371757594505e-09,1.0
0.0,1.0,8.175923049691391e-09,1.0
0.0,1.0,8.231188175500392e-09,1.0
0.0,1.0,8.179354082926693e-09,1.0
0.0,1.0,8.175470966875764e-09,1.0
0.0,1.0,8.18475420771847e-09,1.0
0.0,1.0,8.180337296437301e-09,1.0
0.0,1.0,8.177326371594518e-09,1.0
0.0,1.0,8.175797816534214e-09,1.0
0.0,1.0,8.539481122227244e-09,1.0
0.0,1.0,8.174909638114514e-09,1.0
0.0,1.0,8.181912924953849e-09,1.0
0.0,1.0,1.454556125308131e-26,1.0
0.0,1.0,2.2532594456947663e-08,1.0
0.0,1.0,8.180118804546055e-09,1.0
0.0,1.0,8.17604739467015e-09,1.0
0.0,1.0,8.179603661062629e-09,1.0
0.0,1.0,8.189235956024277e-09,1.0
0.0,1.0,1.3543819090930026e-22,1.0
0.0,1.0,8.179151578247001e-09,1.0
0.0,1.0,8.128932194040317e-09,1.0
0.0,1.0,8.180212063280123e-09,1.0
0.0,1.0,8.21537771145131e-09,1.0
0.0,1.0,8.179869226410119e-09,1.0
0.0,1.0,8.182038158111027e-09,1.0
0.0,1.0,8.175361720930141e-09,1.0
0.0,1.0,8.178512089784817e-09,1.0
0.0,1.0,8.180570887361682e-09,1.0
0.0,1.0,8.182069244355716e-09,1.0
0.0,1.0,8.180477628627614e-09,1.0
0.0,1.0,8.181195276790731e-09,1.0
0.0,1.0,8.240990112540203e-09,1.0
0.0,1.0,8.179822152953875e-09,1.0
0.0,1.0,1.0658822446885097e-07,0.9999998807907104
0.0,1.0,8.185471855881588e-09,1.0
0.0,1.0,8.181944899376958e-09,1.0
0.0,1.0,8.181944899376958e-09,1.0
0.0,1.0,8.17957257481794e-09,1.0
0.0,1.0,8.178870913866376e-09,1.0
0.0,1.0,8.174129817462017e-09,1.0
0.0,1.0,8.178153265703259e-09,1.0
0.0,1.0,8.181007871144175e-09,1.0
0.0,1.0,8.180244037703233e-09,1.0
0.0,1.0,8.184472655159425e-09,1.0
0.0,1.0,8.341473289874557e-09,1.0
0.0,1.0,8.17009304654448e-09,1.0
0.0,1.0,8.178636434763575e-09,1.0
0.0,1.0,7.566033967303931e-25,1.0
0.0,1.0,8.174986909637028e-09,1.0
0.0,1.0,8.170607301849486e-09,1.0
0.0,1.0,8.185722322195943e-09,1.0
0.0,1.0,8.178667521008265e-09,1.0
0.0,1.0,8.17862133573044e-09,1.0
0.0,1.0,8.178512089784817e-09,1.0
0.0,1.0,8.178231425404192e-09,1.0
0.0,1.0,8.17832468413826e-09,1.0
0.0,1.0,8.179697807975117e-09,1.0
0.0,1.0,8.180789379252928e-09,1.0
0.0,1.0,8.174425580875777e-09,1.0
0.0,1.0,8.1777944416217e-09,1.0
0.0,1.0,8.176983534724513e-09,1.0
0.0,1.0,8.311552335271699e-09,1.0
0.0,1.0,8.189891431698015e-09,1.0
0.0,1.0,8.180852439920727e-09,1.0
0.0,1.0,8.178761667920753e-09,1.0
0.0,1.0,8.178012933512946e-09,1.0
0.0,1.0,8.187502231749022e-09,1.0
0.0,1.0,8.17657763718671e-09,1.0
0.0,1.0,8.183505428860371e-09,1.0
0.0,1.0,8.258188799459276e-09,1.0
0.0,1.0,1.2176337804703508e-05,0.9999853372573853
0.0,1.0,8.252960981280921e-09,1.0
0.0,1.0,8.178496102573263e-09,1.0
0.0,1.0,8.177716281920766e-09,1.0
0.0,1.0,8.175891963446702e-09,1.0
0.0,1.0,4.287292540539056e-05,0.9999415278434753
0.0,1.0,8.175875976235147e-09,1.0
0.0,1.0,8.174940724359203e-09,1.0
0.0,1.0,8.187955202743069e-09,1.0
0.0,1.0,8.174519727788265e-09,1.0
0.0,1.0,8.187970301776204e-09,1.0
0.0,1.0,8.171557652758565e-09,1.0
0.0,1.0,8.13630052221015e-09,1.0
0.0,1.0,8.124623640526352e-09,1.0
0.0,1.0,1.2635176744879573e-06,0.9999989867210388
0.0,1.0,8.18247514189352e-09,1.0
0.0,1.0,8.071597612513415e-09,1.0
0.0,1.0,8.179634747307318e-09,1.0
0.0,1.0,8.169843468408544e-09,1.0
0.0,1.0,8.194532163940949e-09,1.0
0.0,1.0,1.845413066803303e-08,0.9999999403953552
0.0,1.0,8.181351596192599e-09,1.0
0.0,1.0,8.484540181541433e-09,1.0
0.0,1.0,8.184286137691288e-09,1.0
0.0,1.0,8.534530415715835e-09,1.0
0.0,1.0,0.0,1.0
0.0,1.0,8.183880240153485e-09,1.0
0.0,1.0,8.184847466452538e-09,1.0
0.0,1.0,8.1841919907788e-09,1.0
0.0,1.0,8.180633948029481e-09,1.0
0.0,1.0,8.174332322141709e-09,1.0
0.0,1.0,8.185393696180654e-09,1.0
0.0,1.0,2.679542118654208e-29,1.0
0.0,1.0,8.183536515105061e-09,1.0
0.0,1.0,5.152983632473935e-38,1.0
0.0,1.0,8.181491928382911e-09,1.0
0.0,1.0,8.158071551633839e-09,1.0
0.0,1.0,8.176265886561396e-09,1.0
0.0,1.0,8.207546642324814e-09,1.0
0.0,1.0,8.203508983228858e-09,1.0
0.0,1.0,8.179260824192625e-09,1.0
0.0,1.0,8.180898625198552e-09,1.0
0.0,1.0,8.174815491202025e-09,1.0
0.0,1.0,8.185113031800029e-09,1.0
0.0,1.0,8.180461641416059e-09,1.0
0.0,1.0,8.18389533918662e-09,1.0
0.0,1.0,8.180415456138235e-09,1.0
0.0,1.0,8.274601448476915e-09,1.0
0.0,1.0,8.179916299866363e-09,1.0
0.0,1.0,8.1766087234314e-09,1.0
0.0,1.0,8.17752887627421e-09,1.0
0.0,1.0,8.179042332301378e-09,1.0
0.0,1.0,8.178371757594505e-09,1.0
0.0,1.0,8.184082744833177e-09,1.0
0.0,1.0,8.185471855881588e-09,1.0
0.0,1.0,2.6125382060354343e-25,1.0
0.0,1.0,8.180259136736368e-09,1.0
0.0,1.0,8.184910527120337e-09,1.0
0.0,1.0,8.188126621178071e-09,1.0
0.0,1.0,8.180883526165417e-09,1.0
0.0,1.0,8.188876243764298e-09,1.0
0.0,1.0,8.180009558600432e-09,1.0
0.0,1.0,8.173225651830762e-09,1.0
0.0,1.0,7.891299169671129e-09,1.0
0.0,1.0,8.061489253918808e-09,1.0
0.0,1.0,8.181679334029468e-09,1.0
0.0,1.0,8.186050060032812e-09,1.0
0.0,1.0,8.183770994207862e-09,1.0
0.0,1.0,8.183474342615682e-09,1.0
0.0,1.0,8.177357457839207e-09,1.0
0.0,1.0,8.171214815888561e-09,1.0
0.0,1.0,8.180539801116993e-09,1.0
0.0,1.0,8.178636434763575e-09,1.0
0.0,1.0,8.18181966621978e-09,1.0
0.0,1.0,8.178792754165443e-09,1.0
0.0,1.0,8.186065159065947e-09,1.0
0.0,1.0,2.283678843313074e-36,1.0
0.0,1.0,8.180461641416059e-09,1.0
0.0,1.0,8.18013479175761e-09,1.0
0.0,1.0,3.982836105365095e-08,0.9999999403953552
0.0,1.0,8.186845867896864e-09,1.0
0.0,1.0,8.176624710642955e-09,1.0
0.0,1.0,8.180087718301365e-09,1.0
0.0,1.0,8.172960086483272e-09,1.0
0.0,1.0,8.104502846606465e-09,1.0
0.0,1.0,8.179634747307318e-09,1.0
0.0,1.0,8.177092780670137e-09,1.0
0.0,1.0,1.503380190115422e-06,0.9999986290931702
0.0,1.0,8.179697807975117e-09,1.0
0.0,1.0,0.0,1.0
0.0,1.0,8.764962089458095e-09,1.0
0.0,1.0,8.179853239198565e-09,1.0
0.0,1.0,8.182240662790718e-09,1.0
0.0,1.0,8.1841919907788e-09,1.0
0.0,1.0,8.178730581676064e-09,1.0
0.0,1.0,8.158911768418875e-09,1.0
0.0,1.0,8.182459154681965e-09,1.0
0.0,1.0,8.172368559655752e-09,1.0
0.0,1.0,8.181133104301352e-09,1.0
0.0,1.0,8.164142251132489e-09,1.0
0.0,1.0,8.179073418546068e-09,1.0
0.0,1.0,8.179994459567297e-09,1.0
0.0,1.0,8.175860877202012e-09,1.0
0.0,1.0,8.174955823392338e-09,1.0
0.0,1.0,8.175236487772963e-09,1.0
0.0,1.0,8.181070931811973e-09,1.0
0.0,1.0,8.18362977383913e-09,1.0
0.0,1.0,8.180633948029481e-09,1.0
0.0,1.0,8.181772592763537e-09,1.0
0.0,1.0,8.17832468413826e-09,1.0
0.0,1.0,8.686242836120073e-09,1.0
0.0,1.0,8.707508492022953e-09,1.0
0.0,1.0,8.180040644845121e-09,1.0
0.0,1.0,8.180477628627614e-09,1.0
0.0,1.0,8.179291910437314e-09,1.0
0.0,1.0,8.182724720029455e-09,1.0
0.0,1.0,8.177045707213892e-09,1.0
0.0,1.0,8.180976784899485e-09,1.0
0.0,1.0,8.178481003540128e-09,1.0
0.0,1.0,8.163425491147791e-09,1.0
0.0,1.0,8.179743993252941e-09,1.0
0.0,1.0,8.189594780105836e-09,1.0
0.0,1.0,8.171121557154493e-09,1.0
0.0,1.0,8.181975985621648e-09,1.0
0.0,1.0,6.00134534880109e-32,1.0
0.0,1.0,8.181195276790731e-09,1.0
0.0,1.0,8.794065919914829e-09,1.0
0.0,1.0,2.8070991638487797e-35,1.0
0.0,1.0,8.17947931608387e-09,1.0
0.0,1.0,8.18706435978811e-09,1.0
0.0,1.0,8.175517152153589e-09,1.0
0.0,1.0,8.178200339159503e-09,1.0
0.0,1.0,8.182833965975078e-09,1.0
0.0,1.0,8.178481003540128e-09,1.0
0.0,1.0,8.179011246056689e-09,1.0
0.0,1.0,0.00027107729692943394,0.9996718764305115
0.0,1.0,8.172118981519816e-09,1.0
0.0,1.0,8.278485452706263e-09,1.0
0.0,1.0,8.185799593718457e-09,1.0
0.0,1.0,8.247138971739787e-09,1.0
0.0,1.0,8.183411281947883e-09,1.0
0.0,1.0,3.211074408254226e-33,1.0
0.0,1.0,8.182194477512894e-09,1.0
0.0,1.0,8.191235245647022e-09,1.0
0.0,1.0,8.176889387812025e-09,1.0
0.0,1.0,8.178417942872329e-09,1.0
0.0,1.0,8.186814781652174e-09,1.0
0.0,1.0,8.17983814016543e-09,1.0
0.0,1.0,8.180212063280123e-09,1.0
0.0,1.0,8.175267574017653e-09,1.0
0.0,1.0,8.170217391523238e-09,1.0
0.0,1.0,8.185971900331879e-09,1.0
0.0,1.0,8.268874474026688e-09,1.0
0.0,1.0,8.177357457839207e-09,1.0
0.0,1.0,8.18066503427417e-09,1.0
0.0,1.0,8.181133104301352e-09,1.0
0.0,1.0,8.186252564712504e-09,1.0
0.0,1.0,8.143007157457305e-09,1.0
0.0,1.0,8.188345113069317e-09,1.0
0.0,1.0,8.177575949730453e-09,1.0
0.0,1.0,8.180602861784791e-09,1.0
0.0,1.0,8.192563072384473e-09,1.0
0.0,1.0,8.183318023213815e-09,1.0
0.0,1.0,5.898356109090841e-11,1.0
0.0,1.0,8.173521415244522e-09,1.0
0.0,1.0,8.188610678416808e-09,1.0
0.0,1.0,8.184878552697228e-09,1.0
0.0,1.0,4.872485526163928e-09,1.0
0.0,1.0,8.179354082926693e-09,1.0
0.0,1.0,8.182131416845095e-09,1.0
0.0,1.0,8.171916476840124e-09,1.0
0.0,1.0,8.1697963949523e-09,1.0
0.0,1.0,7.513086529797874e-06,0.9999925494194031
0.0,1.0,1.8147683605428816e-13,1.0
0.0,1.0,8.178823840410132e-09,1.0
0.0,1.0,8.17216516679764e-09,1.0
0.0,1.0,8.169282139647294e-09,1.0
0.0,1.0,8.166883169735684e-09,1.0
0.0,1.0,8.17776335537701e-09,1.0
0.0,1.0,8.171183729643872e-09,1.0
0.0,1.0,8.172960086483272e-09,1.0
0.0,1.0,8.173147492129829e-09,1.0
0.0,1.0,6.962794460526336e-18,1.0
0.0,1.0,8.171681997737323e-09,1.0
0.0,1.0,8.160125020140185e-09,1.0
0.0,1.0,8.170186305278548e-09,1.0
0.0,1.0,1.308216095131584e-13,1.0
0.0,1.0,8.171557652758565e-09,1.0
0.0,1.0,8.177264199105139e-09,1.0
0.0,1.0,8.171776144649812e-09,1.0
0.0,1.0,8.172040821818882e-09,1.0
0.0,1.0,8.176733956588578e-09,1.0
0.0,1.0,8.177918786600458e-09,1.0
0.0,1.0,5.918227805144167e-17,1.0
0.0,1.0,8.171433307779807e-09,1.0
0.0,1.0,8.171136656187628e-09,1.0
0.0,1.0,8.17542389341952e-09,1.0
0.0,1.0,8.14557044037656e-09,1.0
0.0,1.0,8.280269803151441e-09,1.0
0.0,1.0,8.168488108140082e-09,1.0
0.0,1.0,8.17480039216889e-09,1.0
0.0,1.0,8.173865140292946e-09,1.0
0.0,1.0,8.169407372804471e-09,1.0
0.0,1.0,8.185471855881588e-09,1.0
0.0,1.0,8.169998899631992e-09,1.0
0.0,1.0,8.179307897648869e-09,1.0
0.0,1.0,2.376694882306097e-31,1.0
0.0,1.0,8.171760157438257e-09,1.0
0.0,1.0,8.176921362235134e-09,1.0
0.0,1.0,3.7071431053407843e-29,1.0
0.0,1.0,8.179885213621674e-09,1.0
0.0,1.0,8.172024834607328e-09,1.0
0.0,1.0,8.176952448479824e-09,1.0
0.0,1.0,0.0,1.0
0.0,1.0,8.170762733072934e-09,1.0
0.0,1.0,8.436387588517391e-09,1.0
0.0,1.0,7.650139275670525e-33,1.0
0.0,1.0,8.173209664619208e-09,1.0
0.0,1.0,8.172555077123889e-09,1.0
0.0,1.0,8.172571064335443e-09,1.0
0.0,1.0,8.175766730289524e-09,1.0
0.0,1.0,8.158693276527629e-09,1.0
0.0,1.0,8.15394862740959e-09,1.0
0.0,1.0,8.170326637468861e-09,1.0
0.0,1.0,8.171635812459499e-09,1.0
0.0,1.0,8.181757493730402e-09,1.0
0.0,1.0,8.176375132507019e-09,1.0
0.0,1.0,8.174924737147649e-09,1.0
0.0,1.0,8.171526566513876e-09,1.0
0.0,1.0,8.176889387812025e-09,1.0
0.0,1.0,8.172664323069512e-09,1.0
0.0,1.0,8.170903065263246e-09,1.0
0.0,1.0,8.174753318712646e-09,1.0
0.0,1.0,8.172617249613268e-09,1.0
0.0,1.0,8.17190048962857e-09,1.0
0.0,1.0,8.168814957798531e-09,1.0
0.0,1.0,8.172523990879199e-09,1.0
0.0,1.0,8.17127698837794e-09,1.0
0.0,1.0,8.187704736428714e-09,1.0
0.0,1.0,8.174488641543576e-09,1.0
0.0,1.0,8.177138965947961e-09,1.0
0.0,1.0,8.17400458430484e-09,1.0
0.0,1.0,8.174254162440775e-09,1.0
0.0,1.0,8.172305498987953e-09,1.0
0.0,1.0,8.175081056549516e-09,1.0
0.0,1.0,8.180867538953862e-09,1.0
0.0,1.0,8.170840892773867e-09,1.0
0.0,1.0,8.1715727517917e-09,1.0
0.0,1.0,8.174113830250462e-09,1.0
0.0,1.0,8.169438459049161e-09,1.0
0.0,1.0,8.17038880995824e-09,1.0
0.0,1.0,8.171713083982013e-09,1.0
0.0,1.0,4.843746473905755e-26,1.0
0.0,1.0,8.169360299348227e-09,1.0
0.0,1.0,8.16591771979347e-09,1.0
0.0,1.0,8.17302314715107e-09,1.0
0.0,1.0,8.175517152153589e-09,1.0
0.0,1.0,8.17305423339576e-09,1.0
0.0,1.0,8.17071565961669e-09,1.0
0.0,1.0,4.211937021381118e-09,1.0
0.0,1.0,8.175267574017653e-09,1.0
0.0,1.0,8.17302314715107e-09,1.0
0.0,1.0,2.4389879014589966e-29,1.0
0.0,1.0,8.177420518507006e-09,1.0
0.0,1.0,8.210834678834544e-09,1.0
0.0,1.0,8.173271837108587e-09,1.0
0.0,1.0,5.262539843897684e-07,0.9999995231628418
0.0,1.0,8.174644072767023e-09,1.0
0.0,1.0,8.1697963949523e-09,1.0
0.0,1.0,8.173428156510454e-09,1.0
0.0,1.0,8.176172627827327e-09,1.0
0.0,1.0,8.170560228393242e-09,1.0
0.0,1.0,8.169998899631992e-09,1.0
0.0,1.0,8.174176890918261e-09,1.0
0.0,1.0,1.8296106478270756e-15,1.0
0.0,1.0,8.166711751300681e-09,1.0
0.0,1.0,8.172336585232642e-09,1.0
0.0,1.0,8.17427014965233e-09,1.0
0.0,1.0,8.170450982447619e-09,1.0
0.0,1.0,8.173303811531696e-09,1.0
0.0,1.0,8.174706245256402e-09,1.0
0.0,1.0,2.2900836782469014e-08,1.0
0.0,1.0,2.403430329582781e-28,1.0
0.0,1.0,8.17598522218077e-09,1.0
0.0,1.0,8.147838848060474e-09,1.0
0.0,1.0,3.335602606360493e-33,1.0
0.0,1.0,8.173444143722008e-09,1.0
0.0,1.0,8.213716817806471e-09,1.0
0.0,1.0,8.17361556215701e-09,1.0
0.0,1.0,8.212103885796296e-09,1.0
0.0,1.0,8.176406218751708e-09,1.0
0.0,1.0,8.174472654332021e-09,1.0
0.0,1.0,8.179011246056689e-09,1.0
0.0,1.0,8.170684573372e-09,1.0
0.0,1.0,8.170341736501996e-09,1.0
0.0,1.0,8.174144916495152e-09,1.0
0.0,1.0,8.172960086483272e-09,1.0
0.0,1.0,8.172695409314201e-09,1.0
0.0,1.0,8.17012413278917e-09,1.0
0.0,1.0,8.171355148078874e-09,1.0
0.0,1.0,8.155986108704383e-09,1.0
0.0,1.0,8.171121557154493e-09,1.0
0.0,1.0,8.170622400882621e-09,1.0
0.0,1.0,8.175438992452655e-09,1.0
0.0,1.0,8.173865140292946e-09,1.0
0.0,1.0,8.170778720284488e-09,1.0
0.0,1.0,8.160903952614262e-09,1.0
0.0,1.0,8.17071565961669e-09,1.0
0.0,1.0,8.174363408386398e-09,1.0
0.0,1.0,8.171588739003255e-09,1.0
0.0,1.0,8.170403908991375e-09,1.0
0.0,1.0,8.17186940338388e-09,1.0
0.0,1.0,8.244827043313308e-09,1.0
0.0,1.0,8.17427014965233e-09,1.0
0.0,1.0,8.170029985876681e-09,1.0
0.0,1.0,8.169781295919165e-09,1.0
0.0,1.0,8.173583587733901e-09,1.0
0.0,1.0,8.173178578374518e-09,1.0
0.0,1.0,8.175299548440762e-09,1.0
0.0,1.0,7.849682682288181e-14,1.0
0.0,1.0,8.175112142794205e-09,1.0
0.0,1.0,8.17367773464639e-09,1.0
0.0,1.0,8.17071565961669e-09,1.0
0.0,1.0,8.171697984948878e-09,1.0
0.0,1.0,8.173521415244522e-09,1.0
0.0,1.0,8.123569372742168e-09,1.0
0.0,1.0,8.172804655259824e-09,1.0
0.0,1.0,8.174191989951396e-09,1.0
0.0,1.0,8.173802079625148e-09,1.0
0.0,1.0,8.111276095235098e-09,1.0
0.0,1.0,8.464480671932506e-09,1.0
0.0,1.0,1.8019550296344278e-09,1.0
0.0,1.0,8.171370247112009e-09,1.0
0.0,1.0,8.172742482770445e-09,1.0
0.0,1.0,8.30470625601265e-09,1.0
0.0,1.0,8.173397070265764e-09,1.0
0.0,1.0,8.173833165869837e-09,1.0
0.0,1.0,8.171464394024497e-09,1.0
0.0,1.0,8.172571064335443e-09,1.0
0.0,1.0,8.178075106002325e-09,1.0
0.0,1.0,8.172274412743263e-09,1.0
0.0,1.0,8.176296972806085e-09,1.0
0.0,1.0,8.1736466484017e-09,1.0
0.0,1.0,8.169967813387302e-09,1.0
0.0,1.0,8.170575327426377e-09,1.0
0.0,1.0,8.174909638114514e-09,1.0
0.0,1.0,8.172399645900441e-09,1.0
0.0,1.0,8.17246181838982e-09,1.0
0.0,1.0,8.177669208464522e-09,1.0
0.0,1.0,8.173989485271704e-09,1.0
0.0,1.0,8.176391119718573e-09,1.0
0.0,1.0,8.171807230894501e-09,1.0
0.0,1.0,8.181601174328534e-09,1.0
0.0,1.0,8.172866827749203e-09,1.0
0.0,1.0,8.120563776969902e-09,1.0
0.0,1.0,8.172274412743263e-09,1.0
0.0,1.0,1.0694580658076588e-19,1.0
0.0,1.0,8.173178578374518e-09,1.0
0.0,1.0,8.172009735574193e-09,1.0
0.0,1.0,8.175580212821387e-09,1.0
0.0,1.0,8.171339160867319e-09,1.0
0.0,1.0,8.173958399027015e-09,1.0
0.0,1.0,8.172274412743263e-09,1.0
0.0,1.0,8.186845867896864e-09,1.0
0.0,1.0,8.172897913993893e-09,1.0
0.0,1.0,8.171433307779807e-09,1.0
0.0,1.0,8.175891963446702e-09,1.0
0.0,1.0,8.176796129077957e-09,1.0
0.0,1.0,8.175283561229207e-09,1.0
0.0,1.0,8.17743561754014e-09,1.0
0.0,1.0,8.16713274787162e-09,1.0
0.0,1.0,8.171433307779807e-09,1.0
0.0,1.0,8.382814442597919e-09,1.0
0.0,1.0,8.170684573372e-09,1.0
0.0,1.0,8.177264199105139e-09,1.0
0.0,1.0,8.174332322141709e-09,1.0
0.0,1.0,8.176141541582638e-09,1.0
0.0,1.0,8.174410481842642e-09,1.0
0.0,1.0,8.17423906340764e-09,1.0
0.0,1.0,8.17604739467015e-09,1.0
0.0,1.0,8.170372822746685e-09,1.0
0.0,1.0,8.513411309252206e-09,1.0
0.0,1.0,8.169781295919165e-09,1.0
0.0,1.0,8.173334897776385e-09,1.0
0.0,1.0,8.173475229966698e-09,1.0
0.0,1.0,8.174191989951396e-09,1.0
0.0,1.0,8.174581900277644e-09,1.0
0.0,1.0,8.173537402456077e-09,1.0
0.0,1.0,8.17249290463451e-09,1.0
0.0,1.0,8.180306210192612e-09,1.0
0.0,1.0,8.172305498987953e-09,1.0
0.0,1.0,8.17249290463451e-09,1.0
0.0,1.0,8.172882814960758e-09,1.0
0.0,1.0,2.2433732734008064e-28,1.0
0.0,1.0,1.0565250704530627e-05,0.9999851584434509
0.0,1.0,8.174753318712646e-09,1.0
0.0,1.0,8.167833520644763e-09,1.0
0.0,1.0,8.165932818826604e-09,1.0
0.0,1.0,8.170731646828244e-09,1.0
0.0,1.0,8.172897913993893e-09,1.0
0.0,1.0,8.207359236678258e-09,1.0
0.0,1.0,8.142867713445412e-09,1.0
0.0,1.0,8.174144916495152e-09,1.0
0.0,1.0,8.198628442812605e-09,1.0
0.0,1.0,8.175174315283584e-09,1.0
0.0,1.0,8.198534295900117e-09,1.0
0.0,1.0,8.200848888861856e-09,1.0
0.0,1.0,8.207421409167637e-09,1.0
0.0,1.0,8.19672063556709e-09,1.0
0.0,1.0,8.2105531262755e-09,1.0
0.0,1.0,8.197690526401402e-09,1.0
0.0,1.0,8.202648338340168e-09,1.0
0.0,1.0,8.198753675969783e-09,1.0
0.0,1.0,8.198878909126961e-09,1.0
0.0,1.0,8.195876866068375e-09,1.0
0.0,1.0,8.187486244537467e-09,1.0
0.0,1.0,8.203728363298524e-09,1.0
0.0,1.0,8.198722589725094e-09,1.0
0.0,1.0,8.20667001022457e-09,1.0
0.0,1.0,8.193626221952854e-09,1.0
0.0,1.0,2.9390154754338482e-09,1.0
0.0,1.0,9.467482797731464e-09,1.0
0.0,1.0,1.016026640598966e-08,1.0
0.0,1.0,8.19890999537165e-09,1.0
0.0,1.0,8.205981671949303e-09,1.0
0.0,1.0,8.181475941171357e-09,1.0
0.0,1.0,8.22577295167548e-09,1.0
0.0,1.0,8.206482604578014e-09,1.0
0.0,1.0,8.202132306678322e-09,1.0
0.0,1.0,8.203196344425123e-09,1.0
0.0,1.0,7.580874239465629e-07,0.999999463558197
0.0,1.0,8.197471146331736e-09,1.0
0.0,1.0,3.954231431180233e-07,0.9999997615814209
0.0,1.0,5.800005737910396e-07,0.9999995827674866
0.0,1.0,8.355358183109729e-09,1.0
0.0,1.0,8.20939405343779e-09,1.0
0.0,1.0,8.204604107220348e-09,1.0
0.0,1.0,8.204384727150682e-09,1.0
0.0,1.0,8.209331880948412e-09,1.0
0.0,1.0,8.197440060087047e-09,1.0
0.0,1.0,8.196533229920533e-09,1.0
0.0,1.0,8.215518931820043e-09,1.0
0.0,1.0,8.23472134925396e-09,1.0
0.0,1.0,8.856786415378792e-09,1.0
0.0,1.0,8.204916746024082e-09,1.0
0.0,1.0,8.201912926608657e-09,1.0
0.0,1.0,8.193000944345386e-09,1.0
0.0,1.0,8.312756705208812e-09,1.0
0.0,1.0,8.19728374068518e-09,1.0
0.0,1.0,4.2655949883396715e-09,1.0
0.0,1.0,6.4104557218058744e-09,1.0
0.0,1.0,1.8492683295789902e-07,0.9999998211860657
0.0,1.0,3.114166418072273e-07,0.9999997615814209
0.0,1.0,7.679891167455821e-10,1.0
0.0,1.0,3.6594853813909367e-09,1.0
0.0,1.0,2.268637757651959e-07,0.9999998211860657
0.0,1.0,1.3946821297849965e-07,0.9999998807907104
0.0,1.0,1.3534228848754992e-08,1.0
0.0,1.0,6.037889632715121e-10,1.0
0.0,1.0,8.215252478294133e-09,1.0
0.0,1.0,8.193469902550987e-09,1.0
0.0,1.0,8.20391576894508e-09,1.0
0.0,1.0,8.199958045906897e-09,1.0
0.0,1.0,8.202194479167702e-09,1.0
0.0,1.0,8.210052193646789e-09,1.0
0.0,1.0,8.200020218396276e-09,1.0
0.0,1.0,8.20563705872246e-09,1.0
0.0,1.0,8.194219525137214e-09,1.0
0.0,1.0,8.206263224508348e-09,1.0
0.0,1.0,8.200786716372477e-09,1.0
0.0,1.0,8.295935494118112e-09,1.0
0.0,1.0,8.309586796428903e-09,1.0
0.0,1.0,8.19221934733605e-09,1.0
0.0,1.0,8.20282064495359e-09,1.0
0.0,1.0,8.194875888989372e-09,1.0
0.0,1.0,8.197502232576426e-09,1.0
0.0,1.0,8.19784684580327e-09,1.0
0.0,1.0,8.205121027060613e-09,1.0
0.0,1.0,8.19980172650503e-09,1.0
0.0,1.0,8.18676770819593e-09,1.0
0.0,1.0,8.189985578610504e-09,1.0
0.0,1.0,8.19917556071914e-09,1.0
0.0,1.0,8.19192269574387e-09,1.0
0.0,1.0,8.200192525009697e-09,1.0
0.0,1.0,8.193438816306298e-09,1.0
0.0,1.0,8.191688216641069e-09,1.0
0.0,1.0,8.20228862608019e-09,1.0
0.0,1.0,8.27147772497483e-09,1.0
0.0,1.0,8.199613432680053e-09,1.0
0.0,1.0,1.411096661740885e-07,0.9999998807907104
0.0,1.0,8.204056101135393e-09,1.0
0.0,1.0,1.974281879347835e-26,1.0
0.0,1.0,8.189469546948658e-09,1.0
0.0,1.0,8.195064182814349e-09,1.0
0.0,1.0,8.205199186761547e-09,1.0
0.0,1.0,8.212244217986608e-09,1.0
0.0,1.0,8.191251232858576e-09,1.0
0.0,1.0,8.193688394442233e-09,1.0
0.0,1.0,8.200192525009697e-09,1.0
0.0,1.0,8.20086487607341e-09,1.0
0.0,1.0,8.199958045906897e-09,1.0
0.0,1.0,8.704518883462242e-09,1.0
0.0,1.0,8.204400714362237e-09,1.0
0.0,1.0,8.19728374068518e-09,1.0
0.0,1.0,8.230497172689866e-09,1.0
0.0,1.0,8.198315804008871e-09,1.0
0.0,1.0,8.197002188126135e-09,1.0
0.0,1.0,8.19778378513547e-09,1.0
0.0,1.0,8.1972215681958e-09,1.0
0.0,1.0,8.193563161285056e-09,1.0
0.0,1.0,8.20036483162312e-09,1.0
0.0,1.0,6.227053344265345e-15,1.0
0.0,1.0,8.189438460703968e-09,1.0
0.0,1.0,8.314485100413549e-09,1.0
0.0,1.0,9.107446352629722e-09,1.0
0.0,1.0,8.218386859937254e-09,1.0
0.0,1.0,8.201897827575522e-09,1.0
0.0,1.0,8.192063027934182e-09,1.0
0.0,1.0,8.202210466379256e-09,1.0
0.0,1.0,8.194907863412482e-09,1.0
0.0,1.0,8.181382682437288e-09,1.0
0.0,1.0,8.196329837062422e-09,1.0
0.0,1.0,8.197424072875492e-09,1.0
0.0,1.0,8.193750566931612e-09,1.0
0.0,1.0,8.206419543910215e-09,1.0
0.0,1.0,8.205731205634947e-09,1.0
0.0,1.0,8.198534295900117e-09,1.0
0.0,1.0,8.193032030590075e-09,1.0
0.0,1.0,8.18528445023503e-09,1.0
0.0,1.0,8.199989132151586e-09,1.0
0.0,1.0,8.194782630255304e-09,1.0
0.0,1.0,8.199567247402229e-09,1.0
0.0,1.0,8.188048461477138e-09,1.0
0.0,1.0,2.376389085512187e-10,1.0
0.0,1.0,8.196940015636756e-09,1.0
0.0,1.0,8.195313760950285e-09,1.0
0.0,1.0,8.190751188408285e-09,1.0
0.0,1.0,8.200817802617166e-09,1.0
0.0,1.0,8.182568400627588e-09,1.0
0.0,1.0,8.200223611254387e-09,1.0
0.0,1.0,8.213184798933071e-09,1.0
0.0,1.0,4.169265466202887e-08,0.9999999403953552
0.0,1.0,8.195376821618083e-09,1.0
0.0,1.0,8.185440769636898e-09,1.0
0.0,1.0,8.189672939806769e-09,1.0
0.0,1.0,8.204056101135393e-09,1.0
0.0,1.0,8.190720102163596e-09,1.0
0.0,1.0,8.19947310048974e-09,1.0
0.0,1.0,6.262172558280099e-09,1.0
0.0,1.0,8.201099355176211e-09,1.0
0.0,1.0,8.212996505108094e-09,1.0
0.0,1.0,8.20474532758908e-09,1.0
0.0,1.0,8.402407658536504e-09,1.0
0.0,1.0,8.198190570851693e-09,1.0
0.0,1.0,8.202882817442969e-09,1.0
0.0,1.0,8.203712376086969e-09,1.0
0.0,1.0,8.199707579592541e-09,1.0
0.0,1.0,8.19046963584924e-09,1.0
0.0,1.0,8.253905114941062e-09,1.0
0.0,1.0,8.204885659779393e-09,1.0
0.0,1.0,8.197502232576426e-09,1.0
0.0,1.0,8.195767620122751e-09,1.0
0.0,1.0,8.205136126093748e-09,1.0
0.0,1.0,8.197909018292648e-09,1.0
0.0,1.0,8.194297684838148e-09,1.0
0.0,1.0,8.192282408003848e-09,1.0
0.0,1.0,8.203289603159192e-09,1.0
0.0,1.0,8.204916746024082e-09,1.0
0.0,1.0,8.200817802617166e-09,1.0
0.0,1.0,8.20231971232488e-09,1.0
0.0,1.0,8.195501166596841e-09,1.0
0.0,1.0,8.196783696234888e-09,1.0
0.0,1.0,8.192969858100696e-09,1.0
0.0,1.0,9.457100658138984e-10,1.0
0.0,1.0,8.19387580008879e-09,1.0
0.0,1.0,8.190188083290195e-09,1.0
0.0,1.0,8.190891520598598e-09,1.0
0.0,1.0,8.19781575955858e-09,1.0
0.0,1.0,8.173802079625148e-09,1.0
0.0,1.0,8.212087898584741e-09,1.0
0.0,1.0,8.197002188126135e-09,1.0
0.0,1.0,8.198284717764182e-09,1.0
0.0,1.0,8.193219436236632e-09,1.0
0.0,1.0,8.300490295098939e-10,1.0
0.0,1.0,8.196611389621467e-09,1.0
0.0,1.0,1.0894600326050163e-11,1.0
0.0,1.0,1.9627962449808578e-11,1.0
0.0,1.0,8.184410482670046e-09,1.0
0.0,1.0,8.202101220433633e-09,1.0
0.0,1.0,8.197065248793933e-09,1.0
0.0,1.0,2.263416298831089e-08,1.0
0.0,1.0,3.965704564734551e-08,0.9999999403953552
0.0,1.0,8.192516887106649e-09,1.0
0.0,1.0,8.199942058695342e-09,1.0
0.0,1.0,8.194063205735347e-09,1.0
0.0,1.0,8.198488110622293e-09,1.0
0.0,1.0,8.187408084836534e-09,1.0
0.0,1.0,8.19586087885682e-09,1.0
0.0,1.0,8.202444945482057e-09,1.0
0.0,1.0,8.192126088601981e-09,1.0
0.0,1.0,8.191344491592645e-09,1.0
0.0,1.0,8.196533229920533e-09,1.0
0.0,1.0,8.196251677361488e-09,1.0
0.0,1.0,8.197158507528002e-09,1.0
0.0,1.0,8.204573020975658e-09,1.0
0.0,1.0,8.2411162338758e-09,1.0
0.0,1.0,8.194751544010614e-09,1.0
0.0,1.0,8.1972215681958e-09,1.0
0.0,1.0,8.193079104046319e-09,1.0
0.0,1.0,8.199754653048785e-09,1.0
0.0,1.0,7.450463163083398e-11,1.0
0.0,1.0,8.19897216786103e-09,1.0
0.0,1.0,8.193595135708165e-09,1.0
0.0,1.0,8.184472655159425e-09,1.0
0.0,1.0,9.194121020072998e-09,1.0
0.0,1.0,9.12546038733808e-09,1.0
0.0,1.0,9.035743708807331e-09,1.0
0.0,1.0,9.177406390392662e-09,1.0
0.0,1.0,9.241767351397812e-09,1.0
0.0,1.0,9.279779611404138e-09,1.0
0.0,1.0,9.219724539377694e-09,1.0
0.0,1.0,9.09276209881682e-09,1.0
0.0,1.0,9.126835287531776e-09,1.0
0.0,1.0,8.986382304954077e-09,1.0
0.0,1.0,9.010634016703989e-09,1.0
0.0,1.0,9.28608301364875e-09,1.0
0.0,1.0,8.92986129485962e-09,1.0
0.0,1.0,9.003263912177317e-09,1.0
0.0,1.0,9.11850062124131e-09,1.0
0.0,1.0,8.943224827362428e-09,1.0
0.0,1.0,8.858543232292959e-09,1.0
0.0,1.0,8.969531783975526e-09,1.0
0.0,1.0,9.426670111167823e-09,1.0
0.0,1.0,9.053771954370404e-09,1.0
0.0,1.0,9.160879166358882e-09,1.0
0.0,1.0,9.143509949183226e-09,1.0
0.0,1.0,9.15078590679741e-09,1.0
0.0,1.0,1.0686951767979735e-08,1.0
0.0,1.0,9.234684128500703e-09,1.0
0.0,1.0,9.130474154517287e-09,1.0
0.0,1.0,9.168623194000247e-09,1.0
0.0,1.0,9.075470153163678e-09,1.0
0.0,1.0,8.965512776626383e-09,1.0
0.0,1.0,9.020900471057303e-09,1.0
0.0,1.0,9.162469893908565e-09,1.0
0.0,1.0,9.008657819720156e-09,1.0
0.0,1.0,9.124938138427297e-09,1.0
0.0,1.0,9.168623194000247e-09,1.0
0.0,1.0,9.06329233885117e-09,1.0
0.0,1.0,9.06474451056738e-09,1.0
0.0,1.0,1.2590961162572967e-08,1.0
0.0,1.0,8.98314311825743e-09,1.0
0.0,1.0,9.012249613249423e-09,1.0
0.0,1.0,9.067164796761062e-09,1.0
0.0,1.0,9.058608085865671e-09,1.0
0.0,1.0,9.123998445659254e-09,1.0
0.0,1.0,9.270315182163813e-09,1.0
0.0,1.0,8.511754856499465e-09,1.0
0.0,1.0,6.399170256188302e-12,1.0
0.0,1.0,9.065210804237722e-09,1.0
0.0,1.0,9.056518202044117e-09,1.0
0.0,1.0,9.106559950566862e-09,1.0
0.0,1.0,8.978844334706082e-09,1.0
0.0,1.0,9.245187726492077e-09,1.0
0.0,1.0,9.197471229072107e-09,1.0
0.0,1.0,9.03092001180994e-09,1.0
0.0,1.0,9.079279550405772e-09,1.0
0.0,1.0,9.065954209575011e-09,1.0
0.0,1.0,9.203472650654021e-09,1.0
0.0,1.0,2.3567867657448005e-09,1.0
0.0,1.0,9.038277681838736e-09,1.0
0.0,1.0,9.205561646297156e-09,1.0
0.0,1.0,9.143754198248644e-09,1.0
0.0,1.0,9.167923309405523e-09,1.0
0.0,1.0,9.085931118590906e-09,1.0
0.0,1.0,9.054342164915852e-09,1.0
0.0,1.0,9.037933068611892e-09,1.0
0.0,1.0,9.017665725252755e-09,1.0
0.0,1.0,9.14930264883651e-09,1.0
0.0,1.0,9.286933000396402e-09,1.0
0.0,1.0,9.302037362601823e-09,1.0
0.0,1.0,9.02881858166893e-09,1.0
0.0,1.0,6.918480011108841e-08,0.9999999403953552
0.0,1.0,1.360356804980256e-07,0.9999998807907104
0.0,1.0,1.099068427413974e-12,1.0
0.0,1.0,9.278930512834904e-09,1.0
0.0,1.0,9.37016686464176e-09,1.0
0.0,1.0,9.257857591649099e-09,1.0
0.0,1.0,9.018199520482995e-09,1.0
0.0,1.0,9.078465090794907e-09,1.0
0.0,1.0,9.231690079047894e-09,1.0
0.0,1.0,9.00429419914417e-09,1.0
0.0,1.0,9.304875980831184e-09,1.0
0.0,1.0,9.21875731307864e-09,1.0
0.0,1.0,9.273657397557145e-09,1.0
0.0,1.0,9.306580395218589e-09,1.0
0.0,1.0,9.260683775380585e-09,1.0
0.0,1.0,9.242261178599165e-09,1.0
0.0,1.0,9.251856170067185e-09,1.0
0.0,1.0,9.204894624303961e-09,1.0
0.0,1.0,9.39626154661255e-09,1.0
0.0,1.0,9.092241626262876e-09,1.0
0.0,1.0,9.129847988731399e-09,1.0
0.0,1.0,9.097758102427633e-09,1.0
0.0,1.0,9.02203556307768e-09,1.0
0.0,1.0,9.496365471761692e-09,1.0
0.0,1.0,9.17474629602566e-09,1.0
0.0,1.0,9.142986812094023e-09,1.0
0.0,1.0,9.224649488714931e-09,1.0
0.0,1.0,9.193033889687285e-09,1.0
0.0,1.0,9.317574267697637e-09,1.0
0.0,1.0,9.107428589061328e-09,1.0
0.0,1.0,9.284914170848424e-09,1.0
0.0,1.0,9.125808553278603e-09,1.0
0.0,1.0,8.992760314185944e-09,1.0
0.0,1.0,9.19163056778416e-09,1.0
0.0,1.0,9.070330264648874e-09,1.0
0.0,1.0,2.5973200623320142e-21,1.0
0.0,1.0,8.964298636726653e-09,1.0
0.0,1.0,8.748460622598486e-09,1.0
0.0,1.0,9.060768135782382e-09,1.0
0.0,1.0,9.162190117706359e-09,1.0
0.0,1.0,9.269024658919989e-09,1.0
0.0,1.0,9.196138073264137e-09,1.0
0.0,1.0,9.233732889413204e-09,1.0
0.0,1.0,9.205175288684586e-09,1.0
0.0,1.0,1.0051131482669007e-08,1.0
0.0,1.0,9.143265700117809e-09,1.0
0.0,1.0,9.031729142350287e-09,1.0
0.0,1.0,9.353882113316558e-09,1.0
0.0,1.0,9.058211070112065e-09,1.0
0.0,1.0,1.001368410413761e-08,1.0
0.0,1.0,1.2675408953780748e-13,1.0
0.0,1.0,8.968300768685822e-09,1.0
0.0,1.0,9.17415121648446e-09,1.0
0.0,1.0,9.160564751198308e-09,1.0
0.0,1.0,9.074258677799207e-09,1.0
0.0,1.0,9.25856369349276e-09,1.0
0.0,1.0,9.101177589343479e-09,1.0
0.0,1.0,9.462085337474946e-09,1.0
0.0,1.0,9.211498230854431e-09,1.0
0.0,1.0,9.363306574527996e-09,1.0
0.0,1.0,9.091895236679193e-09,1.0
0.0,1.0,9.414954149633559e-09,1.0
0.0,1.0,9.228133812655415e-09,1.0
0.0,1.0,9.168238612744517e-09,1.0
0.0,1.0,9.093508168689368e-09,1.0
0.0,1.0,1.0018650797860573e-08,1.0
0.0,1.0,9.204578432786548e-09,1.0
0.0,1.0,9.930717581596582e-09,1.0
0.0,1.0,5.645353695626909e-08,0.9999999403953552
0.0,1.0,9.069742290535032e-09,1.0
0.0,1.0,9.645065190966307e-09,1.0
0.0,1.0,9.185006533130036e-09,1.0
0.0,1.0,8.89979823170961e-09,1.0
0.0,1.0,9.771498277189039e-09,1.0
0.0,1.0,9.211428064759275e-09,1.0
0.0,1.0,9.223981578543317e-09,1.0
0.0,1.0,9.586759830426672e-09,1.0
0.0,1.0,9.190964433969384e-09,1.0
0.0,1.0,9.114049959180193e-09,1.0
0.0,1.0,9.111251308979718e-09,1.0
0.0,1.0,9.118378940797811e-09,1.0
0.0,1.0,9.116240207163173e-09,1.0
0.0,1.0,9.294481628785434e-09,1.0
0.0,1.0,9.372097764526188e-09,1.0
0.0,1.0,9.225142427737865e-09,1.0
0.0,1.0,9.314446991481873e-09,1.0
0.0,1.0,9.138837242517184e-09,1.0
0.0,1.0,8.94709728527232e-09,1.0
0.0,1.0,9.217685281726062e-09,1.0
0.0,1.0,1.777559202668878e-15,1.0
0.0,1.0,9.189737859571778e-09,1.0
0.0,1.0,9.19541864874418e-09,1.0
0.0,1.0,1.0495529778609125e-08,1.0
0.0,1.0,3.6752317536044743e-16,1.0
0.0,1.0,9.331286854319387e-09,1.0
0.0,1.0,9.156267744003799e-09,1.0
0.0,1.0,9.14675446495039e-09,1.0
0.0,1.0,9.203156459136608e-09,1.0
0.0,1.0,9.255033184274453e-09,1.0
0.0,1.0,9.35734423279655e-09,1.0
0.0,1.0,9.118013899467314e-09,1.0
0.0,1.0,4.680412502011677e-08,0.9999999403953552
0.0,1.0,8.684221342036835e-09,1.0
0.0,1.0,9.127375300010954e-09,1.0
0.0,1.0,1.4715266831918467e-20,1.0
0.0,1.0,8.962965480918683e-09,1.0
0.0,1.0,9.035261427925434e-09,1.0
0.0,1.0,8.95850416071653e-09,1.0
0.0,1.0,1.0711624476300585e-08,1.0
0.0,1.0,9.342541851253827e-09,1.0
0.0,1.0,9.510938703272132e-09,1.0
0.0,1.0,4.908550790814493e-34,1.0
0.0,1.0,1.1163328441963582e-25,1.0
0.0,1.0,9.022947722314711e-09,1.0
0.0,1.0,9.134933698362602e-09,1.0
0.0,1.0,8.959238684269621e-09,1.0
0.0,1.0,9.163832359604385e-09,1.0
0.0,1.0,9.292355329648672e-09,1.0
0.0,1.0,9.080629581603716e-09,1.0
0.0,1.0,9.10306940937744e-09,1.0
0.0,1.0,8.944827989409987e-09,1.0
0.0,1.0,4.46827974252543e-19,1.0
0.0,1.0,9.300936909539814e-09,1.0
0.0,1.0,1.3196572723472855e-08,1.0
0.0,1.0,0.00034950656117871404,0.9997555017471313
0.0,1.0,9.221624353017432e-09,1.0
0.0,1.0,9.09661324044464e-09,1.0
0.0,1.0,9.17859654947506e-09,1.0
0.0,1.0,9.130927125511334e-09,1.0
0.0,1.0,9.455950689130077e-09,1.0
0.0,1.0,9.184761395886198e-09,1.0
0.0,1.0,9.528333677621958e-09,1.0
0.0,1.0,6.877273222016811e-07,0.9999993443489075
0.0,1.0,9.029679226557619e-09,1.0
0.0,1.0,9.153578339748947e-09,1.0
0.0,1.0,9.788566401880416e-09,1.0
0.0,1.0,9.044641480215887e-09,1.0
0.0,1.0,9.226180708310494e-09,1.0
0.0,1.0,2.2146743586083943e-22,1.0
0.0,1.0,9.132181233439951e-09,1.0
0.0,1.0,9.115283639005156e-09,1.0
0.0,1.0,9.261071909349994e-09,1.0
0.0,1.0,9.236287290548262e-09,1.0
0.0,1.0,9.030781455976467e-09,1.0
0.0,1.0,9.354149455020888e-09,1.0
0.0,1.0,9.240938680932231e-09,1.0
0.0,1.0,9.1145011538174e-09,1.0
0.0,1.0,6.683060107197306e-27,1.0
0.0,1.0,9.304982562241548e-09,1.0
0.0,1.0,8.77258887754806e-09,1.0
0.0,1.0,9.296857506058132e-09,1.0
0.0,1.0,9.217509422398962e-09,1.0
0.0,1.0,9.185602500849654e-09,1.0
0.0,1.0,9.208195983489986e-09,1.0
0.0,1.0,1.217225134960448e-33,1.0
0.0,1.0,9.094028641243312e-09,1.0
0.0,1.0,9.410430656942026e-09,1.0
0.0,1.0,9.34398514118584e-09,1.0
0.0,1.0,9.249967902746903e-09,1.0
0.0,1.0,9.208371842817087e-09,1.0
0.0,1.0,9.005170831244413e-09,1.0
0.0,1.0,1.9643383808443104e-08,1.0
0.0,1.0,1.0511116421696443e-08,1.0
0.0,1.0,3.5212547544460904e-08,0.9999999403953552
0.0,1.0,1.37869076155539e-08,1.0
0.0,1.0,1.0045132725622352e-08,1.0
0.0,1.0,9.212306473216358e-09,1.0
0.0,1.0,9.238313225523598e-09,1.0
0.0,1.0,9.283072088805966e-09,1.0
0.0,1.0,3.460802451331292e-16,1.0
0.0,1.0,9.06536623546117e-09,1.0
0.0,1.0,9.210409324111879e-09,1.0
0.0,1.0,1.8451874303367773e-20,1.0
0.0,1.0,1.1565118640533001e-08,1.0
0.0,1.0,9.460479510892128e-09,1.0
0.0,1.0,9.099979436655303e-09,1.0
0.0,1.0,9.38873689904085e-09,1.0
0.0,1.0,9.14832476439642e-09,1.0
0.0,1.0,9.059490047036434e-09,1.0
0.0,1.0,8.92769858040765e-09,1.0
0.0,1.0,2.322578318875816e-23,1.0
0.0,1.0,8.867570677750791e-09,1.0
0.0,1.0,8.96149465745566e-09,1.0
0.0,1.0,9.019024638234896e-09,1.0
0.0,1.0,9.335381356834205e-09,1.0
0.0,1.0,9.382829624371425e-09,1.0
0.0,1.0,9.244976340028188e-09,1.0
0.0,1.0,9.193104055782442e-09,1.0
0.0,1.0,9.348744889337013e-09,1.0
0.0,1.0,9.024066827123534e-09,1.0
0.0,1.0,9.49104173031401e-09,1.0
0.0,1.0,9.139952794612327e-09,1.0
0.0,1.0,9.337981055068667e-09,1.0
0.0,1.0,9.25812226881817e-09,1.0
0.0,1.0,9.22260934288488e-09,1.0
0.0,1.0,9.357629338069273e-09,1.0
0.0,1.0,9.119039745542068e-09,1.0
0.0,1.0,3.110906376946332e-08,1.0
0.0,1.0,9.649537169309497e-09,1.0
0.0,1.0,9.170721959605999e-09,1.0
0.0,1.0,9.208722673292868e-09,1.0
0.0,1.0,9.087213648228953e-09,1.0
0.0,1.0,9.30601196102998e-09,1.0
0.0,1.0,9.280611834583397e-09,1.0
0.0,1.0,9.28264753952135e-09,1.0
0.0,1.0,9.204280004837528e-09,1.0
0.0,1.0,9.229877306893286e-09,1.0
0.0,1.0,9.717301630018937e-09,1.0
0.0,1.0,9.179979443274533e-09,1.0
0.0,1.0,4.4032609025634883e-07,0.9999995827674866
0.0,1.0,8.962862452221998e-09,1.0
0.0,1.0,8.982132371215812e-09,1.0
0.0,1.0,9.186863714205629e-09,1.0
0.0,1.0,9.12525166540945e-09,1.0
0.0,1.0,9.068600093087298e-09,1.0
0.0,1.0,1.7834741925582323e-16,1.0
0.0,1.0,9.600172212742564e-09,1.0
0.0,1.0,9.159534464231456e-09,1.0
0.0,1.0,9.028990888282351e-09,1.0
0.0,1.0,9.243318999097028e-09,1.0
0.0,1.0,9.197067107891144e-09,1.0
0.0,1.0,9.245805010493768e-09,1.0
0.0,1.0,9.225741059992743e-09,1.0
0.0,1.0,9.17838693936801e-09,1.0
0.0,1.0,9.35698718507183e-09,1.0
0.0,1.0,9.316099891520935e-09,1.0
0.0,1.0,9.127166578082324e-09,1.0
0.0,1.0,9.041881909865879e-09,1.0
0.0,1.0,9.10126374265019e-09,1.0
0.0,1.0,9.114953236633028e-09,1.0
0.0,1.0,9.38136235362208e-09,1.0
0.0,1.0,9.366129205545803e-09,1.0
0.0,1.0,9.096335240599274e-09,1.0
0.0,1.0,9.321396099437607e-09,1.0
0.0,1.0,9.01904240180329e-09,1.0
0.0,1.0,9.087352204062427e-09,1.0
0.0,1.0,9.243565912697704e-09,1.0
0.0,1.0,9.077755436237567e-09,1.0
0.0,1.0,9.217948182538294e-09,1.0
0.0,1.0,9.391459165897231e-09,1.0
0.0,1.0,9.311871274064742e-09,1.0
0.0,1.0,9.042743442932988e-09,1.0
0.0,1.0,1.2766768975325249e-08,1.0
0.0,1.0,9.2197067758093e-09,1.0
0.0,1.0,9.276559076454305e-09,1.0
0.0,1.0,9.63039603618654e-09,1.0
0.0,1.0,9.216559959668302e-09,1.0
0.0,1.0,9.245399112955965e-09,1.0
0.0,1.0,1.6687376813706578e-08,1.0
0.0,1.0,9.145359136653042e-09,1.0
0.0,1.0,2.6889857451806165e-08,1.0
0.0,1.0,2.4743574300600812e-08,1.0
0.0,1.0,8.911145599199699e-09,1.0
0.0,1.0,9.275249901463667e-09,1.0
0.0,1.0,8.951023033887395e-09,1.0
0.0,1.0,9.204964790399117e-09,1.0
0.0,1.0,3.12246235270506e-31,1.0
0.0,1.0,9.210303630879935e-09,1.0
0.0,1.0,9.157577807172856e-09,1.0
0.0,1.0,9.272065781829042e-09,1.0
0.0,1.0,9.710001691587422e-09,1.0
0.0,1.0,9.656662136592331e-09,1.0
0.0,1.0,9.35088539932849e-09,1.0
0.0,1.0,1.2510288804890024e-08,1.0
0.0,1.0,9.14450470901329e-09,1.0
0.0,1.0,1.460831556949995e-22,1.0
0.0,1.0,9.372258524820154e-09,1.0
0.0,1.0,9.041398740805562e-09,1.0
0.0,1.0,9.930793076762257e-09,1.0
0.0,1.0,2.105743668323612e-08,1.0
0.0,1.0,9.114658361397687e-09,1.0
0.0,1.0,8.990943101139237e-09,1.0
0.0,1.0,9.051302818363638e-09,1.0
0.0,1.0,9.003607637225741e-09,1.0
0.0,1.0,9.132878453499416e-09,1.0
0.0,1.0,6.371877549338714e-23,1.0
0.0,1.0,9.902194619826332e-09,1.0
0.0,1.0,1.0545495143787775e-08,1.0
0.0,1.0,1.2383940095617163e-08,1.0
0.0,1.0,9.13221587239832e-09,1.0
0.0,1.0,9.044123672197202e-09,1.0
0.0,1.0,9.128489075749258e-09,1.0
0.0,1.0,1.058533202886041e-24,1.0
0.0,1.0,9.240868514837075e-09,1.0
0.0,1.0,9.273127155040584e-09,1.0
0.0,1.0,9.201173156725417e-09,1.0
0.0,1.0,9.225476382823672e-09,1.0
0.0,1.0,6.241119597731104e-19,1.0
0.0,1.0,9.306420523103043e-09,1.0
0.0,1.0,9.083470864368337e-09,1.0
0.0,1.0,9.336983630703344e-09,1.0
0.0,1.0,9.18549680761771e-09,1.0
0.0,1.0,9.45342648606129e-09,1.0
0.0,1.0,9.118743982128308e-09,1.0
0.0,1.0,9.490374708320815e-08,0.9999999403953552
0.0,1.0,8.943923823778732e-09,1.0
0.0,1.0,9.078205742696355e-09,1.0
0.0,1.0,9.137861134433933e-09,1.0
0.0,1.0,5.60740689992123e-12,1.0
0.0,1.0,9.299518488603553e-09,1.0
0.0,1.0,9.431634140355527e-09,1.0
0.0,1.0,9.270297418595419e-09,1.0
0.0,1.0,9.302747017159163e-09,1.0
0.0,1.0,9.275072265779727e-09,1.0
0.0,1.0,9.204104145510428e-09,1.0
0.0,1.0,9.305940906756405e-09,1.0
0.0,1.0,9.090109109877176e-09,1.0
0.0,1.0,9.321396099437607e-09,1.0
0.0,1.0,9.04196806317259e-09,1.0
0.0,1.0,9.127531619412821e-09,1.0
0.0,1.0,8.845542964763808e-09,1.0
0.0,1.0,9.05831498698717e-09,1.0
0.0,1.0,1.041421171521506e-08,1.0
0.0,1.0,9.45688860554128e-09,1.0
0.0,1.0,9.170057602148063e-09,1.0
0.0,1.0,9.286401869701422e-09,1.0
0.0,1.0,9.234296882709714e-09,1.0
0.0,1.0,9.128802602731412e-09,1.0
0.0,1.0,9.135038503416126e-09,1.0
0.0,1.0,9.356665664483899e-09,1.0
0.0,1.0,9.289378155585837e-09,1.0
0.0,1.0,9.06906727493606e-09,1.0
0.0,1.0,9.124381250558145e-09,1.0
0.0,1.0,9.174326187633142e-09,1.0
0.0,1.0,9.446072368746172e-09,1.0
0.0,1.0,9.252985044838624e-09,1.0
0.0,1.0,9.44744193986935e-09,1.0
0.0,1.0,9.256162947224311e-09,1.0
0.0,1.0,9.531896161263376e-09,1.0
0.0,1.0,9.27666476968625e-09,1.0
0.0,1.0,7.294285314651816e-11,1.0
0.0,1.0,9.14951137076514e-09,1.0
0.0,1.0,9.17059939098408e-09,1.0
0.0,1.0,9.148429569449945e-09,1.0
0.0,1.0,8.858915379050813e-09,1.0
0.0,1.0,9.08253682988601e-20,1.0
0.0,1.0,9.302356218654495e-09,1.0
0.0,1.0,9.004363477060906e-09,1.0
0.0,1.0,8.999487377536752e-09,1.0
0.0,1.0,9.159359493082775e-09,1.0
0.0,1.0,9.194892847119718e-09,1.0
0.0,1.0,9.141714052418592e-09,1.0
0.0,1.0,9.120240562765503e-09,1.0
0.0,1.0,9.161630565301948e-09,1.0
0.0,1.0,3.5287566202413245e-09,1.0
0.0,1.0,9.067511186344746e-09,1.0
0.0,1.0,9.203525053180783e-09,1.0
0.0,1.0,9.018526370141444e-09,1.0
0.0,1.0,9.316810434256695e-09,1.0
0.0,1.0,9.218599217319934e-09,1.0
0.0,1.0,8.739421630821198e-09,1.0
0.0,1.0,8.674884810488948e-09,1.0
0.0,1.0,1.9390856120428166e-22,1.0
0.0,1.0,8.765229431162425e-09,1.0
0.0,1.0,8.689954533736e-09,1.0
0.0,1.0,8.73843752913217e-09,1.0
0.0,1.0,8.723583633241105e-09,1.0
0.0,1.0,8.75650751908097e-09,1.0
0.0,1.0,8.776404492039092e-09,1.0
0.0,1.0,8.771752213476702e-09,1.0
0.0,1.0,8.72549676955714e-09,1.0
0.0,1.0,8.72200267565404e-09,1.0
0.0,1.0,8.749495350457437e-09,1.0
0.0,1.0,8.893858982617076e-09,1.0
0.0,1.0,9.35473831731315e-09,1.0
0.0,1.0,1.4558714823057137e-19,1.0
0.0,1.0,8.722219391188446e-09,1.0
0.0,1.0,7.766520366810422e-18,1.0
0.0,1.0,8.78538219950542e-09,1.0
0.0,1.0,2.166515393735996e-13,1.0
0.0,1.0,8.745824509048816e-09,1.0
0.0,1.0,8.686921404432724e-09,1.0
0.0,1.0,8.837313103526867e-09,1.0
0.0,1.0,6.271888916842362e-25,1.0
0.0,1.0,2.5917240124435648e-24,1.0
0.0,1.0,8.971551501701924e-09,1.0
0.0,1.0,8.920328475880979e-09,1.0
0.0,1.0,8.704518883462242e-09,1.0
0.0,1.0,8.662153661020966e-09,1.0
0.0,1.0,5.530011798810637e-30,1.0
0.0,1.0,8.730490996811113e-09,1.0
0.0,1.0,8.235846102760759e-18,1.0
0.0,1.0,1.9846198059299002e-33,1.0
0.0,1.0,3.6181042060117506e-37,1.0
0.0,1.0,3.954494786739815e-06,0.9999963641166687
0.0,1.0,7.491976098225118e-37,1.0
0.0,1.0,8.938517481738018e-09,1.0
0.0,1.0,6.293984188232571e-05,0.9999616146087646
0.0,1.0,8.661360517692174e-09,1.0
0.0,1.0,8.606981793946034e-09,1.0
0.0,1.0,8.665954176478863e-09,1.0
0.0,1.0,8.650942184829091e-09,1.0
0.0,1.0,2.9560470092865835e-26,1.0
0.0,1.0,4.977546707242496e-33,1.0
0.0,1.0,5.323831686609992e-08,0.9999999403953552
0.0,1.0,8.698560982622894e-09,1.0
0.0,1.0,1.1753137708158769e-27,1.0
0.0,1.0,2.878093298991148e-32,1.0
0.0,1.0,7.799604381547777e-31,1.0
0.0,1.0,1.6171744145292615e-34,1.0
0.0,1.0,1.8694503722826994e-08,1.0
0.0,1.0,4.73529578047275e-34,1.0
0.0,1.0,8.725563382938617e-09,1.0
0.0,1.0,6.806183761317575e-30,1.0
0.0,1.0,2.795133559465888e-26,1.0
0.0,1.0,9.015804089292712e-29,1.0
0.0,1.0,3.7092485379745195e-30,1.0
0.0,1.0,8.740587809086264e-09,1.0
0.0,1.0,1.646044882052581e-37,1.0
0.0,1.0,8.734121870190847e-09,1.0
0.0,1.0,9.394111266658456e-09,1.0
0.0,1.0,8.733689327300453e-09,1.0
0.0,1.0,8.695890230114856e-09,1.0
0.0,1.0,8.733588963139027e-09,1.0
0.0,1.0,8.814049046179662e-09,1.0
0.0,1.0,8.696122044682397e-09,1.0
0.0,1.0,8.73977157311856e-09,1.0
0.0,1.0,8.702726539411287e-09,1.0
0.0,1.0,8.777643500934573e-09,1.0
0.0,1.0,8.774295956470723e-09,1.0
0.0,1.0,8.924923022846087e-09,1.0
0.0,1.0,8.682631502665572e-09,1.0
0.0,1.0,8.753468172528756e-09,1.0
0.0,1.0,8.708837206938824e-09,1.0
0.0,1.0,8.697400133428346e-09,1.0
0.0,1.0,8.747993440749724e-09,1.0
0.0,1.0,8.2581228400911525e-25,1.0
0.0,1.0,1.108820411683578e-18,1.0
0.0,1.0,8.65947757944241e-09,1.0
0.0,1.0,3.5320641810637765e-12,1.0
0.0,1.0,2.2054795323356302e-08,1.0
0.0,1.0,8.733755940681931e-09,1.0
0.0,1.0,8.762454761779281e-09,1.0
0.0,1.0,1.5522616718248138e-22,1.0
0.0,1.0,8.70609628833563e-09,1.0
0.0,1.0,1.2362311174740626e-10,1.0
0.0,1.0,6.892304739513375e-21,1.0
0.0,1.0,8.702726539411287e-09,1.0
0.0,1.0,2.0574771087219327e-17,1.0
0.0,1.0,8.739754697728586e-09,1.0
0.0,1.0,1.590305309662199e-08,1.0
0.0,1.0,9.96843413928484e-22,1.0
0.0,1.0,9.069534456784822e-09,1.0
0.0,1.0,9.892306591929856e-12,1.0
0.0,1.0,8.693767483691772e-09,1.0
0.0,1.0,8.656686034669292e-09,1.0
0.0,1.0,3.2309767306060166e-08,0.9999999403953552
0.0,1.0,2.3656146368011832e-05,0.999983012676239
0.0,1.0,8.87992612774724e-09,1.0
0.0,1.0,2.1851283005247524e-09,1.0
0.0,1.0,8.713073818000794e-09,1.0
0.0,1.0,8.769343473602476e-09,1.0
0.0,1.0,8.722135902416994e-09,1.0
0.0,1.0,3.364962353202827e-08,0.9999999403953552
0.0,1.0,8.741555035385318e-09,1.0
0.0,1.0,8.518528105128098e-09,1.0
0.0,1.0,8.749795554763296e-09,1.0
0.0,1.0,9.087144370312217e-09,1.0
0.0,1.0,9.007180779008195e-09,1.0
0.0,1.0,8.883534796666481e-09,1.0
0.0,1.0,8.186424086363553e-13,1.0
0.0,1.0,8.780624227711087e-09,1.0
0.0,1.0,8.779385218815605e-09,1.0
0.0,1.0,9.095450614893252e-09,1.0
0.0,1.0,3.982706786587187e-08,1.0
0.0,1.0,8.7222353784e-09,1.0
0.0,1.0,8.736554590882406e-09,1.0
0.0,1.0,8.74148842200384e-09,1.0
0.0,1.0,1.7566799252223542e-14,1.0
0.0,1.0,8.858644484632805e-09,1.0
0.0,1.0,8.850200572396716e-09,1.0
0.0,1.0,8.683658236918745e-09,1.0
0.0,1.0,8.774295956470723e-09,1.0
0.0,1.0,8.699656106614384e-09,1.0
0.0,1.0,8.680826724116741e-09,1.0
0.0,1.0,1.5571769134553604e-12,1.0
0.0,1.0,5.371234874473885e-05,0.9999300837516785
0.0,1.0,8.65138805039578e-09,1.0
0.0,1.0,8.745691282285861e-09,1.0
0.0,1.0,2.607705162915863e-09,1.0
0.0,1.0,8.679303498126956e-09,1.0
0.0,1.0,8.683575636325713e-09,1.0
0.0,1.0,8.640734350251478e-09,1.0
0.0,1.0,8.68717009439024e-09,1.0
0.0,1.0,8.70935235042225e-09,1.0
0.0,1.0,4.38160315321956e-12,1.0
0.0,1.0,0.0019364007748663425,0.9978452324867249
0.0,1.0,8.771467996382398e-09,1.0
0.0,1.0,8.687501384940788e-09,1.0
0.0,1.0,8.74862760014139e-09,1.0
0.0,1.0,8.610889778992714e-09,1.0
0.0,1.0,8.784594385247146e-09,1.0
0.0,1.0,8.683558760935739e-09,1.0
0.0,1.0,8.729542422258874e-09,1.0
0.0,1.0,8.623710634481085e-09,1.0
0.0,1.0,8.76820571704684e-09,1.0
0.0,1.0,5.0927638994835434e-08,0.9999999403953552
0.0,1.0,8.723899824758519e-09,1.0
0.0,1.0,8.753819003004537e-09,1.0
0.0,1.0,8.777543136773147e-09,1.0
0.0,1.0,3.319602370766006e-10,1.0
0.0,1.0,8.743122670296088e-09,1.0
0.0,1.0,8.806890328116879e-09,1.0
0.0,1.0,3.321119024235486e-08,1.0
0.0,1.0,8.737237600087155e-09,1.0
0.0,1.0,4.115520084724267e-07,0.9999997019767761
0.0,1.0,2.5681345050543314e-08,0.9999999403953552
0.0,1.0,8.693402442361275e-09,1.0
0.0,1.0,8.709667653761244e-09,1.0
0.0,1.0,8.60251780920862e-09,1.0
0.0,1.0,8.657000449829866e-09,1.0
0.0,1.0,8.67369287504971e-09,1.0
0.0,1.0,3.0301498310026428e-15,1.0
0.0,1.0,5.2740854218635835e-12,1.0
0.0,1.0,1.79039716385887e-06,0.9999985694885254
0.0,1.0,8.735588252761772e-09,1.0
0.0,1.0,9.237308695730917e-09,1.0
0.0,1.0,1.0863574040342883e-08,1.0
0.0,1.0,8.608689761047117e-09,1.0
0.0,1.0,8.640306248253182e-09,1.0
0.0,1.0,8.626803271738481e-09,1.0
0.0,1.0,8.699025499936397e-09,1.0
0.0,1.0,8.897337977487041e-09,1.0
0.0,1.0,9.507796772112442e-10,1.0
0.0,1.0,8.645960392072993e-09,1.0
0.0,1.0,8.715185018104421e-09,1.0
0.0,1.0,8.158553832515736e-09,1.0
0.0,1.0,8.157075903625355e-09,1.0
0.0,1.0,8.1558155784478e-09,1.0
0.0,1.0,8.15551981503404e-09,1.0
0.0,1.0,6.39310863619747e-23,1.0
0.0,1.0,8.156749053966905e-09,1.0
0.0,1.0,5.363837018990125e-08,0.9999999403953552
0.0,1.0,8.154835029472451e-09,1.0
0.0,1.0,8.239921633901304e-09,1.0
0.0,1.0,8.155955022459693e-09,1.0
0.0,1.0,0.0,1.0
0.0,1.0,2.3347527530859224e-05,0.9999792575836182
0.0,1.0,1.6790040785819073e-21,1.0
0.0,1.0,0.0,1.0
0.0,1.0,8.157401865105385e-09,1.0
0.0,1.0,8.156826325489419e-09,1.0
0.0,1.0,8.158787423440117e-09,1.0
0.0,1.0,8.236182402754366e-09,1.0
0.0,1.0,8.155923936215004e-09,1.0
0.0,1.0,8.156608721776593e-09,1.0
0.0,1.0,8.158787423440117e-09,1.0
0.0,1.0,8.119944716611371e-09,1.0
0.0,1.0,8.263550199671954e-08,0.9999999403953552
0.0,1.0,8.157277520126627e-09,1.0
0.0,1.0,8.156297859329698e-09,1.0
0.0,1.0,8.156360031819077e-09,1.0
0.0,1.0,8.157324593582871e-09,1.0
0.0,1.0,8.166976428469752e-09,1.0
0.0,1.0,8.156561648320348e-09,1.0
0.0,1.0,8.159472209001706e-09,1.0
0.0,1.0,8.155939923426558e-09,1.0
0.0,1.0,8.15646838958628e-09,1.0
0.0,1.0,8.15617351435094e-09,1.0
0.0,1.0,8.163675069283727e-09,1.0
0.0,1.0,1.7401687557594414e-07,0.9999998211860657
0.0,1.0,1.4529664364021366e-12,1.0
0.0,1.0,8.15860001779356e-09,1.0
0.0,1.0,0.0,1.0
0.0,1.0,8.15617351435094e-09,1.0
0.0,1.0,3.899271703455441e-16,1.0
0.0,1.0,2.8773872173815107e-08,1.0
0.0,1.0,0.0,1.0
0.0,1.0,8.157573283540387e-09,1.0
0.0,1.0,8.156017194949072e-09,1.0
0.0,1.0,8.15673306675535e-09,1.0
0.0,1.0,3.267237522197597e-11,1.0
0.0,1.0,0.00046880956506356597,0.9995173811912537
0.0,1.0,0.0,1.0
0.0,1.0,3.37837792151004e-23,1.0
0.0,1.0,8.155784492203111e-09,1.0
0.0,1.0,8.15558198752342e-09,1.0
0.0,1.0,8.160748521390815e-09,1.0
0.0,1.0,8.159658726469843e-09,1.0
0.0,1.0,8.155084607608387e-09,1.0
0.0,1.0,3.552855787347653e-06,0.999996542930603
0.0,1.0,8.113008931331933e-09,1.0
0.0,1.0,8.156048281193762e-09,1.0
0.0,1.0,8.156842312700974e-09,1.0
0.0,1.0,8.156484376797835e-09,1.0
0.0,1.0,0.0,1.0
0.0,1.0,0.0,1.0
0.0,1.0,0.0,1.0
0.0,1.0,8.155286224109659e-09,1.0
0.0,1.0,8.141873841793767e-09,1.0
0.0,1.0,8.157604369785076e-09,1.0
0.0,1.0,8.156453290553145e-09,1.0
0.0,1.0,5.633876298816176e-08,0.9999999403953552
0.0,1.0,8.156048281193762e-09,1.0
0.0,1.0,8.156686881477526e-09,1.0
0.0,1.0,8.15617351435094e-09,1.0
0.0,1.0,5.608850415228517e-07,0.9999994039535522
0.0,1.0,8.671480827615596e-06,0.9999922513961792
0.0,1.0,8.155535802245595e-09,1.0
0.0,1.0,8.157635456029766e-09,1.0
0.0,1.0,8.156811226456284e-09,1.0
0.0,1.0,8.156453290553145e-09,1.0
0.0,1.0,8.156888497978798e-09,1.0
0.0,1.0,1.1330967453204721e-07,0.9999998807907104
0.0,1.0,8.15646838958628e-09,1.0
0.0,1.0,8.161199716028023e-09,1.0
0.0,1.0,8.156328945574387e-09,1.0
0.0,1.0,4.560978873226207e-13,1.0
0.0,1.0,8.15617351435094e-09,1.0
0.0,1.0,2.6194231263994752e-18,1.0
0.0,1.0,0.0,1.0
0.0,1.0,8.156281872118143e-09,1.0
0.0,1.0,8.15495937445121e-09,1.0
0.0,1.0,8.157589270751942e-09,1.0
0.0,1.0,0.0,1.0
0.0,1.0,8.12003708716702e-09,1.0
0.0,1.0,1.054610265782685e-07,0.9999998807907104
0.0,1.0,3.19416955107954e-08,0.9999999403953552
0.0,1.0,8.958854030806027e-15,1.0
0.0,1.0,2.2605777871831378e-07,0.9999997615814209
0.0,1.0,8.156328945574387e-09,1.0
0.0,1.0,8.167490683774759e-09,1.0
0.0,1.0,8.156033182160627e-09,1.0
0.0,1.0,2.8244963345969154e-07,0.9999997019767761
0.0,1.0,9.915327022977372e-13,1.0
0.0,1.0,8.156453290553145e-09,1.0
0.0,1.0,8.16526313229815e-09,1.0
0.0,1.0,6.36754009519791e-07,0.9999993443489075
0.0,1.0,0.0,1.0
0.0,1.0,8.156048281193762e-09,1.0
0.0,1.0,8.158210995645732e-09,1.0
0.0,1.0,1.7071380753463927e-08,1.0
0.0,1.0,8.063119061318957e-09,1.0
0.0,1.0,8.15611134186156e-09,1.0
0.0,1.0,8.15709100265849e-09,1.0
0.0,1.0,8.156888497978798e-09,1.0
0.0,1.0,4.8723943990580665e-08,0.9999999403953552
0.0,1.0,8.165730314146913e-09,1.0
0.0,1.0,8.156780140211595e-09,1.0
0.0,1.0,8.155892849970314e-09,1.0
0.0,1.0,8.156297859329698e-09,1.0
0.0,1.0,0.0,1.0
0.0,1.0,0.0,1.0
0.0,1.0,1.3508799412420558e-08,1.0
0.0,1.0,8.156546549287214e-09,1.0
0.0,1.0,8.156842312700974e-09,1.0
0.0,1.0,8.140662366429297e-09,1.0
0.0,1.0,8.15558198752342e-09,1.0
0.0,1.0,8.156670894265972e-09,1.0
0.0,1.0,8.157821973497903e-09,1.0
0.0,1.0,8.155799591236246e-09,1.0
0.0,1.0,5.70387577170095e-08,0.9999999403953552
0.0,1.0,2.5057602215383667e-08,1.0
0.0,1.0,8.157215347637248e-09,1.0
0.0,1.0,8.155753405958421e-09,1.0
0.0,1.0,8.15614242810625e-09,1.0
0.0,1.0,8.155799591236246e-09,1.0
0.0,1.0,8.196908929392066e-09,1.0
0.0,1.0,8.155737418746867e-09,1.0
0.0,1.0,8.152906794123282e-09,1.0
0.0,1.0,0.0001577119983267039,0.9998491406440735
0.0,1.0,3.0256241956294616e-10,1.0
0.0,1.0,8.155923936215004e-09,1.0
0.0,1.0,8.155722319713732e-09,1.0
0.0,1.0,8.15919154462108e-09,1.0
0.0,1.0,8.15860001779356e-09,1.0
0.0,1.0,2.1525616844542128e-08,1.0
0.0,1.0,8.238869142473959e-09,1.0
0.0,1.0,8.157075903625355e-09,1.0
0.0,1.0,8.156888497978798e-09,1.0
0.0,1.0,8.125847550388698e-09,1.0
0.0,1.0,8.155441655333107e-09,1.0
0.0,1.0,5.656699103490011e-17,1.0
0.0,1.0,8.155644160012798e-09,1.0
0.0,1.0,8.156484376797835e-09,1.0
0.0,1.0,8.100237813835065e-09,1.0
0.0,1.0,8.156328945574387e-09,1.0
0.0,1.0,8.142929885934791e-09,1.0
0.0,1.0,0.0001165769062936306,0.99988853931427
0.0,1.0,8.156981756712867e-09,1.0
0.0,1.0,8.15558198752342e-09,1.0
0.0,1.0,8.156017194949072e-09,1.0
0.0,1.0,8.17272649555889e-09,1.0
0.0,1.0,8.11180189685956e-09,1.0
0.0,1.0,8.047778415898321e-11,1.0
0.0,1.0,8.156546549287214e-09,1.0
0.0,1.0,8.209268820280613e-09,1.0
0.0,1.0,8.156266773085008e-09,1.0
0.0,1.0,8.155955022459693e-09,1.0
0.0,1.0,8.156701980510661e-09,1.0
0.0,1.0,2.8765592219315295e-07,0.9999997019767761
0.0,1.0,8.156546549287214e-09,1.0
0.0,1.0,0.0,1.0
0.0,1.0,8.220675695724822e-09,1.0
0.0,1.0,0.0,1.0
0.0,1.0,8.123538286497478e-09,1.0
0.0,1.0,8.13493450380065e-09,1.0
0.0,1.0,8.156593622743458e-09,1.0
0.0,1.0,8.15617351435094e-09,1.0
0.0,1.0,8.155426556299972e-09,1.0
0.0,1.0,8.190813360897664e-09,1.0
0.0,1.0,8.15643730334159e-09,1.0
0.0,1.0,0.0,1.0
0.0,1.0,3.917891262972262e-06,0.9999966025352478
0.0,1.0,8.15617351435094e-09,1.0
0.0,1.0,0.0,1.0
0.0,1.0,0.0,1.0
0.0,1.0,0.0,1.0
0.0,1.0,1.183528041346633e-21,1.0
0.0,1.0,5.340734787750989e-08,0.9999999403953552
0.0,1.0,8.157277520126627e-09,1.0
0.0,1.0,3.0886194029293926e-22,1.0
0.0,1.0,2.211415425779073e-11,1.0
0.0,1.0,8.155830677480935e-09,1.0
0.0,1.0,8.136936457958655e-09,1.0
0.0,1.0,1.226428139489144e-06,0.9999987483024597
0.0,1.0,8.155503827822486e-09,1.0
0.0,1.0,3.061502340528932e-08,1.0
0.0,1.0,1.7093186954753037e-07,0.9999998211860657
0.0,1.0,1.8983601937566376e-32,1.0
0.0,1.0,8.159565467735774e-09,1.0
0.0,1.0,1.6522837243369837e-13,1.0
