1.0,0.0,0.9999845027923584,1.900572533486411e-05
1.0,0.0,0.9999992251396179,9.465388757234905e-07
1.0,0.0,1.0,5.3537241624609516e-21
1.0,0.0,1.0,3.841414686345246e-11
1.0,0.0,1.0,0.0
1.0,0.0,0.9999998211860657,2.0593809324509493e-07
1.0,0.0,1.0,1.0201569367040975e-08
1.0,0.0,0.9999985098838806,1.8716553995545837e-06
1.0,0.0,1.0,0.0
1.0,0.0,0.9999999403953552,6.674447661225713e-08
1.0,0.0,1.0,3.3508895658229676e-09
1.0,0.0,1.0,0.0
1.0,0.0,1.0,4.235415458023889e-15
1.0,0.0,0.9999999403953552,7.709045490855715e-08
1.0,0.0,1.0,8.976395626802969e-09
1.0,0.0,0.9999921917915344,9.458283784624655e-06
1.0,0.0,0.9999985694885254,1.716599399514962e-06
1.0,0.0,0.9999994039535522,8.788240961621341e-07
1.0,0.0,0.9999450445175171,5.638549555442296e-05
1.0,0.0,1.0,7.156043535516687e-10
1.0,0.0,0.9999999403953552,4.3157477591648785e-08
1.0,0.0,0.999987006187439,1.6139134459081106e-05
1.0,0.0,0.9999999403953552,3.976566276264748e-08
1.0,0.0,0.9999987483024597,1.5710201068941387e-06
1.0,0.0,1.0,1.8605547916853956e-26
1.0,0.0,0.9999933242797852,8.390506991418079e-06
1.0,0.0,1.0,1.3987768408829648e-11
1.0,0.0,0.9999999403953552,4.053991631280951e-08
1.0,0.0,0.9999998807907104,1.3924878317084222e-07
1.0,0.0,0.9999989867210388,1.2360094387986464e-06
1.0,0.0,0.9967594146728516,0.003909535240381956
1.0,0.0,0.9999998807907104,1.370272002532147e-07
1.0,0.0,0.9992067217826843,0.0009564351639710367
1.0,0.0,1.0,2.3273408089607983e-08
1.0,0.0,0.9999998807907104,1.5283924881259736e-07
1.0,0.0,0.999996542930603,4.2756391849252395e-06
1.0,0.0,1.0,1.016887702515179e-11
1.0,0.0,0.9999998211860657,1.8442506188875996e-07
1.0,0.0,0.9999626278877258,4.423396967467852e-05
1.0,0.0,0.9999992251396179,9.104633704737353e-07
1.0,0.0,0.9999999403953552,4.715717949466125e-08
1.0,0.0,0.9999987483024597,3.5803730042971438e-06
1.0,0.0,1.0,1.4213512094726766e-12
1.0,0.0,0.9999990463256836,1.1052943591494113e-06
1.0,0.0,0.9999999403953552,4.723720792298991e-08
1.0,0.0,0.9999999403953552,5.3994966719983495e-08
1.0,0.0,0.9999998807907104,1.5742614323244197e-07
1.0,0.0,1.0,8.879396241716353e-14
1.0,0.0,1.0,8.803934470336117e-09
1.0,0.0,0.9999297857284546,8.422149403486401e-05
1.0,0.0,1.0,3.107757251541443e-08
1.0,0.0,0.9999910593032837,1.1667906619550195e-05
1.0,0.0,1.0,2.7054380069557737e-08
1.0,0.0,1.0,2.0299908976006975e-10
1.0,0.0,1.0,2.352543582162525e-08
1.0,0.0,1.0,2.6391961532867825e-11
1.0,0.0,0.9999949932098389,6.526405286422232e-06
1.0,0.0,0.9999993443489075,6.901076403664774e-07
1.0,0.0,0.9999968409538269,3.824422947218409e-06
1.0,0.0,1.0,1.821715933658652e-08
1.0,0.0,0.9999975562095642,2.9886011816415703e-06
1.0,0.0,0.9999991059303284,1.1088174005635665e-06
1.0,0.0,1.0,4.032746012128108e-11
1.0,0.0,0.9999996423721313,4.698287625615194e-07
1.0,0.0,0.9999998807907104,1.1867405191878788e-07
1.0,0.0,0.9999993443489075,8.372437605430605e-07
1.0,0.0,1.0,3.0466658529348933e-08
1.0,0.0,1.0,3.790414737636638e-08
1.0,0.0,0.999999463558197,6.541202992593753e-07
1.0,0.0,1.0,2.4312329927056453e-09
1.0,0.0,0.9999983310699463,1.943516963365255e-06
1.0,0.0,0.9999999403953552,6.563779919588342e-08
1.0,0.0,0.9999097585678101,0.00011213696416234598
1.0,0.0,0.9999991655349731,1.0736956710388768e-06
1.0,0.0,0.9999997615814209,2.8070016355741245e-07
1.0,0.0,0.9999999403953552,5.344485032310331e-08
1.0,0.0,0.9999999403953552,1.0375018177910533e-07
1.0,0.0,1.0,2.773618668072686e-08
1.0,0.0,0.9999998211860657,2.555735818532412e-07
1.0,0.0,0.9998137950897217,0.0002192906104028225
1.0,0.0,1.0,1.1803424904144322e-10
1.0,0.0,1.0,1.494193035966873e-08
1.0,0.0,0.9999977946281433,2.6582140435493784e-06
1.0,0.0,0.999999463558197,6.476128078247712e-07
1.0,0.0,0.9998978972434998,0.00012055891420459375
1.0,0.0,1.0,1.010200545437101e-08
1.0,0.0,1.0,1.0021020457884333e-08
1.0,0.0,0.9998730421066284,0.00015605289081577212
1.0,0.0,0.9994927644729614,0.0005915679503232241
1.0,0.0,0.9999999403953552,7.986745487187363e-08
1.0,0.0,0.9999892711639404,1.3373419278650545e-05
1.0,0.0,1.0,5.570608210825334e-12
1.0,0.0,0.9999998807907104,1.1734247351569138e-07
1.0,0.0,1.0,1.3355441197404616e-08
1.0,0.0,0.999986469745636,1.7400239812559448e-05
1.0,0.0,0.9999995827674866,5.43803139407828e-07
1.0,0.0,1.0,5.25417513316806e-12
1.0,0.0,0.9999999403953552,5.166750938201403e-08
1.0,0.0,0.9999993443489075,8.385422347600979e-07
1.0,0.0,0.9999983906745911,2.0397521893755766e-06
1.0,0.0,0.9999986290931702,1.7110439785028575e-06
1.0,0.0,0.9999989867210388,1.166930246654374e-06
1.0,0.0,0.9999995827674866,5.375419505071477e-07
1.0,0.0,0.9999999403953552,9.504649511882235e-08
1.0,0.0,0.9999995231628418,6.226409823284484e-07
1.0,0.0,0.9979863166809082,0.0024099077563732862
1.0,0.0,0.9999986290931702,1.5511246829191805e-06
1.0,0.0,0.9999997019767761,3.799524677106092e-07
1.0,0.0,1.0,2.0888327146532243e-14
1.0,0.0,0.9999994039535522,6.870914148748852e-07
1.0,0.0,0.9999997615814209,3.2601127486486803e-07
1.0,0.0,1.0,1.4244301571597617e-10
1.0,0.0,1.0,5.613027403983395e-11
1.0,0.0,0.9999734163284302,3.1461353501072153e-05
1.0,0.0,0.9999994039535522,7.197457421170839e-07
1.0,0.0,0.9999998211860657,2.5434277972635755e-07
1.0,0.0,1.0,6.870099600320145e-09
1.0,0.0,1.0,4.011130039227595e-10
1.0,0.0,0.9999983310699463,2.056250195892062e-06
1.0,0.0,0.9999985694885254,1.8227833606943022e-06
1.0,0.0,0.9999996423721313,4.5977930085427943e-07
1.0,0.0,0.9999993443489075,8.234063102463551e-07
1.0,0.0,0.9999932050704956,8.276353582914453e-06
1.0,0.0,1.0,1.8162030039625687e-12
1.0,0.0,0.9999980926513672,2.3849318040447542e-06
1.0,0.0,0.999976396560669,2.9491267923731357e-05
1.0,0.0,0.9999997615814209,3.022458088253188e-07
1.0,0.0,0.9999995827674866,4.895296115137171e-07
1.0,0.0,1.0,5.414623860389156e-09
1.0,0.0,0.9999994039535522,7.111101467671688e-07
1.0,0.0,0.9999997615814209,3.0426332386923605e-07
1.0,0.0,1.0,6.664405138856466e-10
1.0,0.0,1.0,0.0
1.0,0.0,0.9999874830245972,1.531630550744012e-05
1.0,0.0,0.9999992251396179,9.305116464020102e-07
1.0,0.0,1.0,1.7636210714044864e-08
1.0,0.0,1.0,1.036873295556795e-10
1.0,0.0,0.9999999403953552,6.965205301412425e-08
1.0,0.0,1.0,3.0786314469954945e-11
1.0,0.0,0.9999993443489075,8.441805903203203e-07
1.0,0.0,0.9999998807907104,1.245164895635753e-07
1.0,0.0,0.9999998211860657,2.248176969033011e-07
1.0,0.0,1.0,4.752769011684421e-11
1.0,0.0,0.9995771050453186,0.000520051340572536
1.0,0.0,1.0,2.486076275398652e-11
1.0,0.0,0.9999994039535522,7.465123985639366e-07
1.0,0.0,1.0,2.2849439673677807e-08
1.0,0.0,1.0,2.0670076761319933e-09
1.0,0.0,1.0,3.0713049881114785e-08
1.0,0.0,1.0,5.1498854070075595e-09
1.0,0.0,0.9999999403953552,6.474206770690216e-08
1.0,0.0,1.0,1.99553351620807e-09
1.0,0.0,1.0,1.3669482212819162e-10
1.0,0.0,0.9999995827674866,5.565652827499434e-07
1.0,0.0,1.0,3.340113607919193e-08
1.0,0.0,0.9999998211860657,2.1024914076406276e-07
1.0,0.0,0.9999856352806091,1.8259241187479347e-05
1.0,0.0,1.0,4.1572546000559557e-29
1.0,0.0,0.9999998807907104,1.6808276370738895e-07
1.0,0.0,1.0,9.522182348176145e-11
1.0,0.0,0.999979555606842,2.3270418751053512e-05
1.0,0.0,1.0,1.2348971845099754e-10
1.0,0.0,0.9996138215065002,0.00046189839486032724
1.0,0.0,1.0,1.1731098759071301e-08
1.0,0.0,0.9999994039535522,7.553933869530738e-07
1.0,0.0,1.0,3.94092447564276e-09
1.0,0.0,0.9999820590019226,2.21818481804803e-05
1.0,0.0,0.9999994039535522,7.557500794064254e-07
1.0,0.0,0.9999975562095642,2.98754684990854e-06
1.0,0.0,1.0,2.3971503892994406e-08
1.0,0.0,0.9999998211860657,2.697601360068802e-07
1.0,0.0,0.9999937415122986,7.277109943970572e-06
1.0,0.0,0.9999999403953552,6.066650115599259e-08
1.0,0.0,1.0,8.54802006955424e-09
1.0,0.0,0.9999998807907104,1.747364422044484e-07
1.0,0.0,1.0,7.839572546686213e-09
1.0,0.0,0.9993603229522705,0.0008153958478942513
1.0,0.0,0.9999997615814209,3.1690865398559254e-07
1.0,0.0,0.999987006187439,1.4981896129029337e-05
1.0,0.0,1.0,1.1624497808782053e-08
1.0,0.0,0.9999571442604065,4.6707795263500884e-05
1.0,0.0,0.9999984502792358,1.958812390512321e-06
1.0,0.0,1.0,3.8183168432626147e-11
1.0,0.0,1.0,1.2196922583029846e-08
1.0,0.0,0.9999998807907104,1.4745130272331153e-07
1.0,0.0,1.0,2.244747081406875e-32
1.0,0.0,1.0,1.7802544161060752e-10
1.0,0.0,0.9999994039535522,7.65013112413726e-07
1.0,0.0,0.9999995231628418,4.790002776644542e-07
1.0,0.0,0.9998931288719177,0.00013118694187141955
1.0,0.0,0.999999463558197,6.954499554012727e-07
1.0,0.0,0.9999998807907104,1.7944778107903403e-07
1.0,0.0,0.9999997615814209,2.809594263908366e-07
1.0,0.0,0.9999995231628418,6.109632977313595e-07
1.0,0.0,1.0,1.40727278719055e-08
1.0,0.0,0.9999970197677612,3.811089982264093e-06
1.0,0.0,0.9999974966049194,3.2422451567981625e-06
1.0,0.0,0.9999924898147583,9.149877769232262e-06
1.0,0.0,0.9999999403953552,6.002687769068871e-08
1.0,0.0,1.0,1.4330797659667383e-10
1.0,0.0,0.999998927116394,1.3417316040431615e-06
1.0,0.0,0.9999999403953552,4.2905337949150635e-08
1.0,0.0,0.9999998807907104,1.7116921924298367e-07
1.0,0.0,0.9999998211860657,2.0900266406442825e-07
1.0,0.0,0.9999997019767761,3.532425978391984e-07
1.0,0.0,0.9999993443489075,8.82686208569794e-07
1.0,0.0,0.9999997019767761,3.6092350796934625e-07
1.0,0.0,0.9999995827674866,5.606363515653356e-07
1.0,0.0,0.9999996423721313,4.0757348074293986e-07
1.0,0.0,1.0,0.0
1.0,0.0,1.0,7.232146437274878e-09
1.0,0.0,0.9999863505363464,1.66659719980089e-05
1.0,0.0,0.9999861121177673,1.7142177966888994e-05
1.0,0.0,0.999911904335022,0.00011160317080793902
1.0,0.0,0.9999675154685974,4.070250361110084e-05
1.0,0.0,0.9999994039535522,7.17137368155818e-07
1.0,0.0,0.9999978542327881,2.6358457034802996e-06
1.0,0.0,0.9999999403953552,9.43115097129521e-08
1.0,0.0,1.0,1.7326396317685067e-08
1.0,0.0,0.9999892711639404,1.3096809198032133e-05
1.0,0.0,1.0,8.50189005568297e-13
1.0,0.0,1.0,2.519668385048135e-08
1.0,0.0,0.9999999403953552,6.865072066375433e-08
1.0,0.0,1.0,2.8871769419680504e-09
1.0,0.0,0.9999997615814209,3.1838453651289456e-07
1.0,0.0,0.999432384967804,0.000624642358161509
1.0,0.0,0.9999999403953552,1.0975062991747109e-07
1.0,0.0,1.0,0.0
1.0,0.0,1.0,0.0
1.0,0.0,1.0,1.2922434296049397e-27
1.0,0.0,0.9999959468841553,5.1121542128385045e-06
1.0,0.0,1.0,4.737442438340622e-09
1.0,0.0,0.9999629855155945,4.476360118133016e-05
1.0,0.0,0.9999991059303284,1.1295153399260016e-06
1.0,0.0,0.9999862313270569,1.782263643690385e-05
1.0,0.0,1.0,1.499611849628546e-12
1.0,0.0,0.9999999403953552,7.695486203829205e-08
1.0,0.0,1.0,6.5978203803163105e-12
1.0,0.0,1.0,1.0916394899140869e-08
1.0,0.0,0.9999842047691345,1.874822555691935e-05
1.0,0.0,1.0,5.9807203633965855e-09
1.0,0.0,0.9999999403953552,5.4015465877910174e-08
1.0,0.0,1.0,0.0
1.0,0.0,1.0,1.1809403233087323e-08
1.0,0.0,1.0,4.883181636827771e-10
1.0,0.0,1.0,2.319117467508569e-11
1.0,0.0,1.0,3.094978809538767e-28
1.0,0.0,1.0,1.1973905200690638e-09
1.0,0.0,0.9998809099197388,0.00015475320105906576
1.0,0.0,1.0,4.941437883876354e-11
1.0,0.0,1.0,1.6512849030855814e-13
1.0,0.0,1.0,1.5458629931686119e-09
1.0,0.0,1.0,3.644604556303152e-14
1.0,0.0,0.9999996423721313,4.278908534161019e-07
1.0,0.0,0.9984528422355652,0.0018534439150243998
1.0,0.0,0.9999398589134216,6.139580364106223e-05
1.0,0.0,0.9999942183494568,6.848084467492299e-06
1.0,0.0,0.9999892711639404,1.3632085938297678e-05
1.0,0.0,0.9999997615814209,3.139767841275898e-07
1.0,0.0,1.0,2.5848381213222638e-08
1.0,0.0,0.9999983310699463,2.0722629869851517e-06
1.0,0.0,1.0,5.698182481417291e-10
1.0,0.0,1.0,1.721811755672764e-11
1.0,0.0,1.0,1.2960297982381186e-12
1.0,0.0,0.9999860525131226,1.8123473637388088e-05
1.0,0.0,0.9999997615814209,2.620281236431765e-07
1.0,0.0,0.9999922513961792,9.559722457197495e-06
1.0,0.0,1.0,5.5468567516925305e-09
1.0,0.0,0.9999998211860657,1.9153775099312043e-07
1.0,0.0,0.9999917149543762,1.0165112144022714e-05
1.0,0.0,1.0,5.309398211882088e-13
1.0,0.0,1.0,7.746697172628103e-10
1.0,0.0,0.9999979734420776,2.5026949970197165e-06
1.0,0.0,1.0,2.6878833381260847e-08
1.0,0.0,0.9999914765357971,1.065853939508088e-05
1.0,0.0,0.9997207522392273,0.00033977668499574065
1.0,0.0,1.0,0.0
1.0,0.0,1.0,1.7036698718442267e-09
1.0,0.0,0.9999998211860657,2.1996109467181668e-07
1.0,0.0,0.9999938011169434,7.818824997229967e-06
1.0,0.0,0.9999998807907104,1.8422782943616767e-07
1.0,0.0,1.0,2.712836399965113e-09
1.0,0.0,1.0,3.358489597538039e-10
1.0,0.0,0.9999990463256836,1.1680091347443522e-06
1.0,0.0,1.0,1.0328092547862155e-10
1.0,0.0,0.9999997615814209,3.0644739013041544e-07
1.0,0.0,1.0,2.3565440709916174e-09
1.0,0.0,0.9999995827674866,5.709050014957029e-07
1.0,0.0,0.9999958276748657,5.127896656631492e-06
1.0,0.0,1.0,2.058303180674237e-11
1.0,0.0,1.0,9.838011516549727e-10
1.0,0.0,0.9999992847442627,5.125883717482793e-07
1.0,0.0,1.0,4.043177792567576e-09
1.0,0.0,1.0,7.998052886648566e-09
1.0,0.0,1.0,1.2454668407713143e-09
1.0,0.0,1.0,2.6178227585660352e-08
1.0,0.0,0.9999929070472717,8.941205123846885e-06
1.0,0.0,0.9999997019767761,3.32065752672861e-07
1.0,0.0,0.9999468922615051,6.633013254031539e-05
1.0,0.0,0.9999999403953552,4.02120043929699e-08
1.0,0.0,1.0,0.0
1.0,0.0,0.9999999403953552,3.799303271989629e-08
1.0,0.0,1.0,8.385235695628889e-15
1.0,0.0,0.9999998807907104,1.7678269159659976e-07
1.0,0.0,1.0,6.784493855604978e-09
1.0,0.0,1.0,1.9485277391595446e-08
1.0,0.0,0.9999998807907104,1.4356328392750584e-07
1.0,0.0,1.0,1.3295610834518357e-08
1.0,0.0,0.9999905824661255,1.1290876500424929e-05
1.0,0.0,0.9999994039535522,6.751526484549686e-07
1.0,0.0,1.0,2.4631857664658696e-10
1.0,0.0,0.999999463558197,6.570875825673284e-07
1.0,0.0,1.0,2.3714235020122487e-09
1.0,0.0,0.9999908208847046,1.1420973351050634e-05
1.0,0.0,0.9999430179595947,6.691123417112976e-05
1.0,0.0,0.9999983310699463,2.1288426523824455e-06
1.0,0.0,1.0,2.3743200738834958e-09
1.0,0.0,0.9999999403953552,5.339757080946583e-08
1.0,0.0,0.9999980926513672,2.236994532722747e-06
1.0,0.0,0.999993085861206,8.517364221916068e-06
1.0,0.0,0.9999991655349731,1.1251546538915136e-06
1.0,0.0,1.0,4.856982871448423e-12
1.0,0.0,1.0,5.555411686231082e-09
1.0,0.0,1.0,1.190425091834868e-08
1.0,0.0,0.9999992251396179,9.673207159721642e-07
1.0,0.0,0.9999460577964783,6.650410796282813e-05
1.0,0.0,0.9999860525131226,4.0582468500360847e-05
1.0,0.0,1.0,9.86103110278691e-09
1.0,0.0,0.9999999403953552,9.560850600109916e-08
1.0,0.0,0.9999986886978149,1.6137111060743337e-06
1.0,0.0,0.9999963045120239,4.600925421982538e-06
1.0,0.0,1.0,9.227711927906057e-09
1.0,0.0,0.9999999403953552,6.347276837459503e-08
1.0,0.0,1.0,3.288455011768443e-12
1.0,0.0,1.0,8.414615502734153e-31
1.0,0.0,0.9999999403953552,4.875369086221326e-08
1.0,0.0,1.0,7.742295693446977e-10
1.0,0.0,1.0,5.533623004261301e-10
1.0,0.0,0.9999997019767761,3.609606835652812e-07
1.0,0.0,0.9999757409095764,3.123016358586028e-05
1.0,0.0,1.0,2.0434070435726426e-08
1.0,0.0,0.9999997615814209,3.1483011753152823e-07
1.0,0.0,1.0,1.7488674397547754e-10
1.0,0.0,0.9999997615814209,2.587732126357878e-07
1.0,0.0,0.9999839067459106,1.9126382539980114e-05
1.0,0.0,1.0,2.7559326552079565e-15
1.0,0.0,0.9999953508377075,5.630698069580831e-06
1.0,0.0,1.0,0.0
1.0,0.0,0.9999997615814209,2.993670875639509e-07
1.0,0.0,0.9999999403953552,5.44779616973301e-08
1.0,0.0,0.9999997019767761,3.742602530110162e-07
1.0,0.0,0.9983993172645569,0.0047719646245241165
1.0,0.0,0.9999979138374329,2.5739370812516427e-06
1.0,0.0,1.0,7.795563500279101e-11
1.0,0.0,0.9999997019767761,3.368645593582187e-07
1.0,0.0,1.0,3.564945907919004e-11
1.0,0.0,0.9999998807907104,1.2170099239483534e-07
1.0,0.0,0.9999749660491943,2.9477349016815424e-05
1.0,0.0,0.9999557137489319,5.300815246300772e-05
1.0,0.0,0.9999999403953552,9.402144485193276e-08
1.0,0.0,0.9999998807907104,1.4276157855874771e-07
1.0,0.0,1.0,4.398481904220597e-13
1.0,0.0,0.9999997615814209,3.1587308058078634e-07
1.0,0.0,0.9999998807907104,1.3260982711926772e-07
1.0,0.0,0.9999989867210388,1.3102743423587526e-06
1.0,0.0,0.9999958872795105,4.884477220912231e-06
1.0,0.0,0.9999995231628418,6.053952574802679e-07
1.0,0.0,0.9999990463256836,1.1555093806236982e-06
1.0,0.0,0.9999997019767761,3.576823246476124e-07
1.0,0.0,1.0,2.11390349669216e-09
1.0,0.0,0.9984673857688904,0.001724311150610447
1.0,0.0,1.0,6.799687479741578e-10
1.0,0.0,0.999999463558197,6.914535788382636e-07
1.0,0.0,0.27219435572624207,0.6784845590591431
1.0,0.0,0.9997008442878723,0.00024256727192550898
1.0,0.0,0.9999997615814209,3.3766031037885114e-07
1.0,0.0,0.9999997019767761,3.642819308424805e-07
1.0,0.0,1.0,1.857508764857574e-11
1.0,0.0,1.0,1.4907364231930842e-09
1.0,0.0,0.9999991059303284,1.0952661568808253e-06
1.0,0.0,0.9999997019767761,3.49340695038336e-07
1.0,0.0,1.0,4.573907474991756e-09
1.0,0.0,0.9999998211860657,1.752170391000618e-07
1.0,0.0,1.0,3.507533463675827e-08
1.0,0.0,1.0,1.1619210454894002e-10
1.0,0.0,1.0,2.940578613941369e-10
1.0,0.0,0.9999979734420776,2.636270664879703e-06
1.0,0.0,0.9999904036521912,1.2111356227251235e-05
1.0,0.0,1.0,1.90243181208416e-08
1.0,0.0,1.0,1.699956508893763e-09
1.0,0.0,0.9999989867210388,1.1925735634576995e-06
1.0,0.0,0.9999982118606567,2.316551672265632e-06
1.0,0.0,1.0,9.513152932072444e-09
1.0,0.0,0.9999991059303284,6.464231319114333e-07
1.0,0.0,1.0,0.0
1.0,0.0,1.0,3.736762010930761e-09
1.0,0.0,0.9999968409538269,3.95642609873903e-06
1.0,0.0,1.0,3.963370742710026e-10
1.0,0.0,1.0,3.126532988062536e-08
1.0,0.0,0.999980628490448,2.3534052161267027e-05
1.0,0.0,0.9999901652336121,1.2578447240230162e-05
1.0,0.0,0.9995665550231934,0.0005362444208003581
1.0,0.0,1.0,3.344748122913188e-08
1.0,0.0,0.9999995827674866,5.014750286136405e-07
1.0,0.0,1.0,0.0
1.0,0.0,0.9999998211860657,1.899591381970822e-07
1.0,0.0,0.9999998211860657,2.2705144431256485e-07
1.0,0.0,1.0,0.0
1.0,0.0,0.9999999403953552,9.056712002575296e-08
1.0,0.0,1.0,1.2192368642471862e-11
0.0,1.0,1.6790389911758297e-10,1.0
0.0,1.0,1.6585567641502763e-10,1.0
0.0,1.0,0.0,1.0
0.0,1.0,9.789374424786907e-19,1.0
0.0,1.0,1.6532190894036347e-10,1.0
0.0,1.0,1.6526861823518146e-10,1.0
0.0,1.0,1.6514416223412098e-10,1.0
0.0,1.0,1.6486688403372085e-10,1.0
0.0,1.0,1.65163369092447e-10,1.0
0.0,1.0,1.6637338728919815e-10,1.0
0.0,1.0,1.6556868376316203e-10,1.0
0.0,1.0,1.6512967382364963e-10,1.0
0.0,1.0,1.649323039254469e-10,1.0
0.0,1.0,1.6541526481894664e-10,1.0
0.0,1.0,1.6545755043839705e-10,1.0
0.0,1.0,1.6494017263113392e-10,1.0
0.0,1.0,1.6511769729277148e-10,1.0
0.0,1.0,1.662997795026655e-10,1.0
0.0,1.0,1.6543894032494677e-10,1.0
0.0,1.0,5.235099434816815e-19,1.0
0.0,1.0,1.660481196985586e-10,1.0
0.0,1.0,1.6514699330283378e-10,1.0
0.0,1.0,1.680490469002649e-10,1.0
0.0,1.0,1.6516810141808946e-10,1.0
0.0,1.0,1.6530991853169752e-10,1.0
0.0,1.0,1.6541969183325733e-10,1.0
0.0,1.0,1.6588477813606062e-10,1.0
0.0,1.0,1.650163200528354e-10,1.0
0.0,1.0,1.6499177024620337e-10,1.0
0.0,1.0,1.6732620844450707e-10,1.0
0.0,1.0,1.6596073126873279e-10,1.0
0.0,1.0,1.6600758268037197e-10,1.0
0.0,1.0,1.6528849122732225e-10,1.0
0.0,1.0,0.0,1.0
0.0,1.0,8.999831693327778e-20,1.0
0.0,1.0,1.6666018565203444e-10,1.0
0.0,1.0,1.6515833145547276e-10,1.0
0.0,1.0,1.6802212399191774e-10,1.0
0.0,1.0,1.6586294837583893e-10,1.0
0.0,1.0,3.2603852950785495e-10,1.0
0.0,1.0,1.8400160561871104e-10,1.0
0.0,1.0,1.6518196532810947e-10,1.0
0.0,1.0,1.688020417889291e-10,1.0
0.0,1.0,3.784348802727108e-26,1.0
0.0,1.0,1.6508211464483225e-10,1.0
0.0,1.0,1.6593383611596124e-10,1.0
0.0,1.0,1.6500877053626795e-10,1.0
0.0,1.0,0.0,1.0
0.0,1.0,1.65163369092447e-10,1.0
0.0,1.0,1.6523080126340517e-10,1.0
0.0,1.0,1.6571970185008666e-10,1.0
0.0,1.0,1.6519487167077074e-10,1.0
0.0,1.0,1.6515865064459234e-10,1.0
0.0,1.0,1.6537110569814217e-10,1.0
0.0,1.0,1.6550015524696704e-10,1.0
0.0,1.0,1.6526137402994578e-10,1.0
0.0,1.0,1.6504275723860928e-10,1.0
0.0,1.0,2.1010615122718512e-12,1.0
0.0,1.0,1.6530929403124617e-10,1.0
0.0,1.0,1.670525939800882e-10,1.0
0.0,1.0,1.6526767454561053e-10,1.0
0.0,1.0,1.652512848782095e-10,1.0
0.0,1.0,1.6595946839004228e-10,1.0
0.0,1.0,1.8116724787020644e-10,1.0
0.0,1.0,1.6479614894926442e-10,1.0
0.0,1.0,0.0,1.0
0.0,1.0,1.6592655027736214e-10,1.0
0.0,1.0,1.6539412894811534e-10,1.0
0.0,1.0,1.6568429961338893e-10,1.0
0.0,1.0,1.6540770142459138e-10,1.0
0.0,1.0,1.6540202540937798e-10,1.0
0.0,1.0,1.6594553509108323e-10,1.0
0.0,1.0,1.6621289067320077e-10,1.0
0.0,1.0,1.6564859206535942e-10,1.0
0.0,1.0,1.8595584794223186e-10,1.0
0.0,1.0,1.6562552718202284e-10,1.0
0.0,1.0,1.6582751838356558e-10,1.0
0.0,1.0,1.649804459713522e-10,1.0
0.0,1.0,1.6527397506127528e-10,1.0
0.0,1.0,1.656659670556948e-10,1.0
0.0,1.0,1.6508494571354504e-10,1.0
0.0,1.0,2.1846933528066714e-22,1.0
0.0,1.0,0.0,1.0
0.0,1.0,1.6544082770408863e-10,1.0
0.0,1.0,1.6741176500634225e-10,1.0
0.0,1.0,1.6542663072716124e-10,1.0
0.0,1.0,1.6520496082250702e-10,1.0
0.0,1.0,1.6513597433931437e-10,1.0
0.0,1.0,0.0,1.0
0.0,1.0,9.084905050471548e-10,1.0
0.0,1.0,1.6534208724383603e-10,1.0
0.0,1.0,1.6532442081995669e-10,1.0
0.0,1.0,1.6513218570324284e-10,1.0
0.0,1.0,1.6511549072451004e-10,1.0
0.0,1.0,1.6535217639557231e-10,1.0
0.0,1.0,1.6494426657853722e-10,1.0
0.0,1.0,1.6490242504829666e-10,1.0
0.0,1.0,1.788487274945183e-10,1.0
0.0,1.0,1.6480934672546965e-10,1.0
0.0,1.0,1.6541400194025613e-10,1.0
0.0,1.0,1.6557120952054305e-10,1.0
0.0,1.0,1.6526641166692002e-10,1.0
0.0,1.0,1.6568998950639013e-10,1.0
0.0,1.0,1.654468229084216e-10,1.0
0.0,1.0,1.651646319711375e-10,1.0
0.0,1.0,1.6508369671264234e-10,1.0
0.0,1.0,1.6489455634260963e-10,1.0
0.0,1.0,1.651646319711375e-10,1.0
0.0,1.0,4.959569976925593e-10,1.0
0.0,1.0,1.667231352975307e-10,1.0
0.0,1.0,1.6515108725023708e-10,1.0
0.0,1.0,1.8149720615312503e-10,1.0
0.0,1.0,1.6542536784847073e-10,1.0
0.0,1.0,1.6532820945602822e-10,1.0
0.0,1.0,1.6529794200081938e-10,1.0
0.0,1.0,1.653228526299344e-10,1.0
0.0,1.0,1.6592022200612178e-10,1.0
0.0,1.0,1.6537551883466506e-10,1.0
0.0,1.0,1.6507360756090605e-10,1.0
0.0,1.0,1.818329514735595e-10,1.0
0.0,1.0,1.6578292905133907e-10,1.0
0.0,1.0,1.6534650038035892e-10,1.0
0.0,1.0,1.6570167460372431e-10,1.0
0.0,1.0,4.39828928833208e-09,1.0
0.0,1.0,1.6510667832925208e-10,1.0
0.0,1.0,1.654089643032819e-10,1.0
0.0,1.0,1.6491499832405054e-10,1.0
0.0,1.0,1.6517281986594412e-10,1.0
0.0,1.0,1.6523615808949899e-10,1.0
0.0,1.0,1.1079205180239762e-13,1.0
0.0,1.0,1.1519912797215722e-36,1.0
0.0,1.0,1.6534051905381375e-10,1.0
0.0,1.0,1.6600189278737076e-10,1.0
0.0,1.0,1.6579811135120082e-10,1.0
0.0,1.0,1.6512682887714902e-10,1.0
0.0,1.0,1.6512841094495911e-10,1.0
0.0,1.0,1.6504905775427403e-10,1.0
0.0,1.0,1.6518385270725133e-10,1.0
0.0,1.0,1.652317449529761e-10,1.0
0.0,1.0,1.653509135168818e-10,1.0
0.0,1.0,1.6517502643420556e-10,1.0
0.0,1.0,1.6537994584897575e-10,1.0
0.0,1.0,1.5112397444561054e-10,1.0
0.0,1.0,1.652163128529338e-10,1.0
0.0,1.0,1.6522418155862084e-10,1.0
0.0,1.0,1.6650164580411797e-10,1.0
0.0,1.0,1.657275983113493e-10,1.0
0.0,1.0,1.6608676933760336e-10,1.0
0.0,1.0,1.6565775140531258e-10,1.0
0.0,1.0,1.6512084755060386e-10,1.0
0.0,1.0,1.6518762746553506e-10,1.0
0.0,1.0,1.6500435739974506e-10,1.0
0.0,1.0,1.6567798521993637e-10,1.0
0.0,1.0,4.4605382755469325e-12,1.0
0.0,1.0,1.6517691381334743e-10,1.0
0.0,1.0,1.6641528433058994e-10,1.0
0.0,1.0,1.556982737183077e-10,1.0
0.0,1.0,1.6501947031066777e-10,1.0
0.0,1.0,2.227068762294948e-06,0.9999990463256836
0.0,1.0,6.273410570980263e-28,1.0
0.0,1.0,1.5538380304658261e-10,1.0
0.0,1.0,1.6633468213900215e-10,1.0
0.0,1.0,0.0,1.0
0.0,1.0,1.6542474334801938e-10,1.0
0.0,1.0,7.059891107524996e-23,1.0
0.0,1.0,1.7368867455402892e-10,1.0
0.0,1.0,1.6509313360835165e-10,1.0
0.0,1.0,1.6632389909787548e-10,1.0
0.0,1.0,1.6618657838751716e-10,1.0
0.0,1.0,1.742856831077333e-10,1.0
0.0,1.0,6.999156643323158e-22,1.0
0.0,1.0,1.663981452626473e-10,1.0
0.0,1.0,1.3728499491631805e-19,1.0
0.0,1.0,1.6503962085856472e-10,1.0
0.0,1.0,0.0,1.0
0.0,1.0,1.6586389206540986e-10,1.0
0.0,1.0,1.651010161918265e-10,1.0
0.0,1.0,1.1456052910627994e-30,1.0
0.0,1.0,5.290502480548298e-10,1.0
0.0,1.0,1.215033812951179e-28,1.0
0.0,1.0,1.652935288642965e-10,1.0
0.0,1.0,1.655734160888045e-10,1.0
0.0,1.0,1.6516180090242472e-10,1.0
0.0,1.0,0.0,1.0
0.0,1.0,0.0,1.0
0.0,1.0,3.2069680244717347e-10,1.0
0.0,1.0,3.6173009032580694e-12,1.0
0.0,1.0,1.639739559411435e-11,1.0
0.0,1.0,1.655718340209944e-10,1.0
0.0,1.0,1.0435754344007009e-10,1.0
0.0,1.0,1.6508243383395182e-10,1.0
0.0,1.0,0.0,1.0
0.0,1.0,1.6580758988027355e-10,1.0
0.0,1.0,1.3008090752549748e-28,1.0
0.0,1.0,1.6506856992393182e-10,1.0
0.0,1.0,1.6520212975379422e-10,1.0
0.0,1.0,1.6696499738344528e-10,1.0
0.0,1.0,0.0,1.0
0.0,1.0,1.6519047241203566e-10,1.0
0.0,1.0,1.652695758025402e-10,1.0
0.0,1.0,1.79300484846206e-15,1.0
0.0,1.0,1.651885850328938e-10,1.0
0.0,1.0,1.6494111632070485e-10,1.0
0.0,1.0,1.648250702590559e-10,1.0
0.0,1.0,1.6462806118333617e-10,1.0
0.0,1.0,1.649694270078328e-10,1.0
0.0,1.0,1.6485084131101502e-10,1.0
0.0,1.0,1.6472449793081267e-10,1.0
0.0,1.0,1.6472323505212216e-10,1.0
0.0,1.0,1.6468020003213013e-10,1.0
0.0,1.0,1.6490242504829666e-10,1.0
0.0,1.0,1.6469936525709272e-10,1.0
0.0,1.0,1.6478231279482003e-10,1.0
0.0,1.0,1.6477696984651402e-10,1.0
0.0,1.0,1.6479803632840628e-10,1.0
0.0,1.0,4.589171455254474e-33,1.0
0.0,1.0,1.64760941001596e-10,1.0
0.0,1.0,1.646494190987724e-10,1.0
0.0,1.0,1.646616731854067e-10,1.0
0.0,1.0,2.0397598887722523e-10,1.0
0.0,1.0,1.654752307400642e-10,1.0
0.0,1.0,1.6477540165649174e-10,1.0
0.0,1.0,1.647515179836745e-10,1.0
0.0,1.0,1.3428613845947137e-17,1.0
0.0,1.0,2.2975422008837714e-24,1.0
0.0,1.0,1.6469056673962257e-10,1.0
0.0,1.0,1.6589427054292116e-10,1.0
0.0,1.0,1.6469936525709272e-10,1.0
0.0,1.0,1.648344932769774e-10,1.0
0.0,1.0,6.772777948793029e-21,1.0
0.0,1.0,1.6483575615566792e-10,1.0
0.0,1.0,1.7730839019236555e-10,1.0
0.0,1.0,1.6469527130968942e-10,1.0
0.0,1.0,1.6499775157274854e-10,1.0
0.0,1.0,1.6559109639047165e-10,1.0
0.0,1.0,1.6486027820672433e-10,1.0
0.0,1.0,1.6461644547494103e-10,1.0
0.0,1.0,1.6470187713668594e-10,1.0
0.0,1.0,1.6478074460479775e-10,1.0
0.0,1.0,1.6476660313902158e-10,1.0
0.0,1.0,1.648854386360199e-10,1.0
0.0,1.0,1.6476031650114464e-10,1.0
0.0,1.0,1.8364267884152241e-09,1.0
0.0,1.0,1.647637720703088e-10,1.0
0.0,1.0,1.6496880250738144e-10,1.0
0.0,1.0,1.646236758023889e-10,1.0
0.0,1.0,1.6473014619045045e-10,1.0
0.0,1.0,0.0,1.0
0.0,1.0,1.6483638065611927e-10,1.0
0.0,1.0,1.648263192599586e-10,1.0
0.0,1.0,1.6466103480716754e-10,1.0
0.0,1.0,1.6498831467703923e-10,1.0
0.0,1.0,1.6638862510021113e-10,1.0
0.0,1.0,1.6473014619045045e-10,1.0
0.0,1.0,1.6508747147092606e-10,1.0
0.0,1.0,1.6478986231138748e-10,1.0
0.0,1.0,1.648936126530387e-10,1.0
0.0,1.0,1.6486845222374313e-10,1.0
0.0,1.0,1.6502009481111912e-10,1.0
0.0,1.0,0.0,1.0
0.0,1.0,1.6469998975754407e-10,1.0
0.0,1.0,1.6486027820672433e-10,1.0
0.0,1.0,1.6487915199814296e-10,1.0
0.0,1.0,1.6488228837818752e-10,1.0
0.0,1.0,1.64760941001596e-10,1.0
0.0,1.0,1.6553962367549246e-10,1.0
0.0,1.0,1.6482569475950726e-10,1.0
0.0,1.0,1.6479928532930899e-10,1.0
0.0,1.0,1.6468176822215241e-10,1.0
0.0,1.0,1.649335668041374e-10,1.0
0.0,1.0,2.1441387554332891e-10,1.0
0.0,1.0,1.6477100239775666e-10,1.0
0.0,1.0,1.6473424013785376e-10,1.0
0.0,1.0,1.6511769729277148e-10,1.0
0.0,1.0,0.0,1.0
0.0,1.0,1.6476471575987972e-10,1.0
0.0,1.0,1.7699651466696054e-10,1.0
0.0,1.0,1.6489989929091564e-10,1.0
0.0,1.0,1.6479866082885763e-10,1.0
0.0,1.0,1.6466637775547355e-10,1.0
0.0,1.0,1.6456935814090912e-10,1.0
0.0,1.0,0.0,1.0
0.0,1.0,1.6475340536281635e-10,1.0
0.0,1.0,1.6656770407408317e-10,1.0
0.0,1.0,1.647364328283274e-10,1.0
0.0,1.0,1.655320464033494e-10,1.0
0.0,1.0,1.660893089727722e-10,1.0
0.0,1.0,1.803628774110777e-10,1.0
0.0,1.0,1.6481940812163032e-10,1.0
0.0,1.0,1.65093758108803e-10,1.0
0.0,1.0,1.6495653454295933e-10,1.0
0.0,1.0,1.6493953425289476e-10,1.0
0.0,1.0,1.6506102040736437e-10,1.0
0.0,1.0,1.6488228837818752e-10,1.0
0.0,1.0,1.6476596476078242e-10,1.0
0.0,1.0,1.6659186530265657e-10,1.0
0.0,1.0,1.6461330909489647e-10,1.0
0.0,1.0,1.646616731854067e-10,1.0
0.0,1.0,1.6469370311966713e-10,1.0
0.0,1.0,1.8364537668347225e-10,1.0
0.0,1.0,1.6480085351933127e-10,1.0
0.0,1.0,1.6480934672546965e-10,1.0
0.0,1.0,1.826466755616707e-10,1.0
0.0,1.0,1.6520022849686455e-10,1.0
0.0,1.0,1.6471507491289117e-10,1.0
0.0,1.0,0.0,1.0
0.0,1.0,1.6480432296628322e-10,1.0
0.0,1.0,1.6489172527389684e-10,1.0
0.0,1.0,1.647200986720776e-10,1.0
0.0,1.0,1.6470469432761092e-10,1.0
0.0,1.0,1.649555769756006e-10,1.0
0.0,1.0,1.6526326140908765e-10,1.0
0.0,1.0,1.6500562027843557e-10,1.0
0.0,1.0,1.6487222698202686e-10,1.0
0.0,1.0,1.660816900672657e-10,1.0
0.0,1.0,1.6479174969052934e-10,1.0
0.0,1.0,1.6502135768980963e-10,1.0
0.0,1.0,1.6477634534606267e-10,1.0
0.0,1.0,1.6497099519785507e-10,1.0
0.0,1.0,1.6470187713668594e-10,1.0
0.0,1.0,1.648344932769774e-10,1.0
0.0,1.0,1.64771626898208e-10,1.0
0.0,1.0,1.9097350412583265e-16,1.0
0.0,1.0,1.6522103130078847e-10,1.0
0.0,1.0,0.0,1.0
0.0,1.0,1.6523679646773815e-10,1.0
0.0,1.0,1.6472449793081267e-10,1.0
0.0,1.0,1.649621828025971e-10,1.0
0.0,1.0,0.0,1.0
0.0,1.0,1.958784864555925e-32,1.0
0.0,1.0,1.6485901532803382e-10,1.0
0.0,1.0,1.648030600875927e-10,1.0
0.0,1.0,1.6481029041504058e-10,1.0
0.0,1.0,2.306828562993025e-36,1.0
0.0,1.0,1.6475529274195821e-10,1.0
0.0,1.0,1.6496974619695237e-10,1.0
0.0,1.0,1.8720602845689882e-10,1.0
0.0,1.0,1.6510447176099063e-10,1.0
0.0,1.0,1.649760328348293e-10,1.0
0.0,1.0,1.6492443521975986e-10,1.0
0.0,1.0,1.6516116252418556e-10,1.0
0.0,1.0,1.648319813973842e-10,1.0
0.0,1.0,1.6505566358127055e-10,1.0
0.0,1.0,1.646114217157546e-10,1.0
0.0,1.0,1.6490242504829666e-10,1.0
0.0,1.0,1.6656834245232233e-10,1.0
0.0,1.0,1.6470563801718185e-10,1.0
0.0,1.0,1.6474396846710704e-10,1.0
0.0,1.0,1.6535975366771538e-10,1.0
0.0,1.0,1.655689890744938e-10,1.0
0.0,1.0,1.6579304595865096e-10,1.0
0.0,1.0,1.6480934672546965e-10,1.0
0.0,1.0,0.0,1.0
0.0,1.0,1.6665892277334393e-10,1.0
0.0,1.0,1.7058505299004905e-18,1.0
0.0,1.0,0.0,1.0
0.0,1.0,1.6514037359804945e-10,1.0
0.0,1.0,1.6515674938766267e-10,1.0
0.0,1.0,1.6486154108541484e-10,1.0
0.0,1.0,1.646805053434619e-10,1.0
0.0,1.0,1.6493262311456647e-10,1.0
0.0,1.0,1.6464156427087318e-10,1.0
0.0,1.0,1.649017866700575e-10,1.0
0.0,1.0,1.6488040099904566e-10,1.0
0.0,1.0,1.657348702721606e-10,1.0
0.0,1.0,1.6530078694731998e-10,1.0
0.0,1.0,1.4849020982547669e-28,1.0
0.0,1.0,1.647348646383051e-10,1.0
0.0,1.0,1.6479426157012256e-10,1.0
0.0,1.0,1.6486720322284043e-10,1.0
0.0,1.0,1.647948860705739e-10,1.0
0.0,1.0,1.6509817124532589e-10,1.0
0.0,1.0,1.647295216899991e-10,1.0
0.0,1.0,6.225853462538555e-19,1.0
0.0,1.0,1.2863942118449655e-29,1.0
0.0,1.0,1.6476439657076014e-10,1.0
0.0,1.0,1.6476282838073786e-10,1.0
0.0,1.0,1.6565522564793156e-10,1.0
0.0,1.0,1.6486845222374313e-10,1.0
0.0,1.0,1.6506856992393182e-10,1.0
0.0,1.0,1.6460703633480733e-10,1.0
0.0,1.0,1.6477791353608495e-10,1.0
0.0,1.0,3.7035348746106145e-12,1.0
0.0,1.0,1.647025016371373e-10,1.0
0.0,1.0,1.6712461969881076e-10,1.0
0.0,1.0,2.9773941090383005e-09,1.0
0.0,1.0,1.6467957553167878e-10,1.0
0.0,1.0,1.6535217639557231e-10,1.0
0.0,1.0,1.7350655634462697e-10,1.0
0.0,1.0,1.6465287466793654e-10,1.0
0.0,1.0,1.6477068320863708e-10,1.0
0.0,1.0,1.6465727392667162e-10,1.0
0.0,1.0,1.6471161934372702e-10,1.0
0.0,1.0,1.6472763431085724e-10,1.0
0.0,1.0,2.224850945836687e-12,1.0
0.0,1.0,1.6499177024620337e-10,1.0
0.0,1.0,1.6474963060453263e-10,1.0
0.0,1.0,1.647568609319805e-10,1.0
0.0,1.0,2.8722079373189536e-29,1.0
0.0,1.0,4.784674392799282e-12,1.0
0.0,1.0,1.6475371067414812e-10,1.0
0.0,1.0,1.6515297462937895e-10,1.0
0.0,1.0,1.6478042541567817e-10,1.0
0.0,1.0,1.6484361098356715e-10,1.0
0.0,1.0,1.6552573200989684e-10,1.0
0.0,1.0,1.6482820663910047e-10,1.0
0.0,1.0,1.648074593463278e-10,1.0
0.0,1.0,1.6477477715604039e-10,1.0
0.0,1.0,1.6502355038028327e-10,1.0
0.0,1.0,1.6476817132904387e-10,1.0
0.0,1.0,1.6486405296500806e-10,1.0
0.0,1.0,2.462598736041599e-10,1.0
0.0,1.0,1.6474334396665569e-10,1.0
0.0,1.0,1.6480934672546965e-10,1.0
0.0,1.0,1.6473863939658884e-10,1.0
0.0,1.0,1.6479992370754815e-10,1.0
0.0,1.0,1.6491186194400598e-10,1.0
0.0,1.0,1.6484077991485435e-10,1.0
0.0,1.0,1.649128056335769e-10,1.0
0.0,1.0,1.6494960952684323e-10,1.0
0.0,1.0,1.651577069550214e-10,1.0
0.0,1.0,3.4621596433668973e-25,1.0
0.0,1.0,1.6517376355551505e-10,1.0
0.0,1.0,1.6492317234106935e-10,1.0
0.0,1.0,1.6477477715604039e-10,1.0
0.0,1.0,1.6727451368492297e-10,1.0
0.0,1.0,1.6481437048465608e-10,1.0
0.0,1.0,1.6497257726566517e-10,1.0
0.0,1.0,1.64864996654579e-10,1.0
0.0,1.0,1.6469872687885356e-10,1.0
0.0,1.0,1.6488228837818752e-10,1.0
0.0,1.0,1.6475087960543533e-10,1.0
0.0,1.0,1.6743219310999535e-10,1.0
0.0,1.0,1.648344932769774e-10,1.0
0.0,1.0,1.6700545113490506e-10,1.0
0.0,1.0,1.6496848331826186e-10,1.0
0.0,1.0,1.6471758679248438e-10,1.0
0.0,1.0,1.6484864862054138e-10,1.0
0.0,1.0,1.6495589616472017e-10,1.0
0.0,1.0,1.6504496380687073e-10,1.0
0.0,1.0,4.046766874049812e-16,1.0
0.0,1.0,3.0638267530663787e-12,1.0
0.0,1.0,1.6486027820672433e-10,1.0
0.0,1.0,1.64840155414403e-10,1.0
0.0,1.0,1.648087222250183e-10,1.0
0.0,1.0,1.647282588113086e-10,1.0
0.0,1.0,1.6474491215667797e-10,1.0
0.0,1.0,1.6459761331688583e-10,1.0
0.0,1.0,1.647650349489993e-10,1.0
0.0,1.0,1.6490933618662496e-10,1.0
0.0,1.0,1.6485776632713112e-10,1.0
0.0,1.0,1.6492820997804358e-10,1.0
0.0,1.0,1.6505598277039013e-10,1.0
0.0,1.0,1.6495527166426882e-10,1.0
0.0,1.0,1.6494206001027578e-10,1.0
0.0,1.0,1.6556141180235073e-10,1.0
0.0,1.0,1.6493545418327926e-10,1.0
0.0,1.0,1.651662001611598e-10,1.0
0.0,1.0,1.6465946661714526e-10,1.0
0.0,1.0,2.1992023757633206e-09,1.0
0.0,1.0,0.0,1.0
0.0,1.0,1.6540391278851985e-10,1.0
0.0,1.0,1.6476847664037564e-10,1.0
0.0,1.0,1.6549984993563527e-10,1.0
0.0,1.0,1.6496722043957135e-10,1.0
0.0,1.0,1.651466741137142e-10,1.0
0.0,1.0,1.6496282118083627e-10,1.0
0.0,1.0,1.6482726294952954e-10,1.0
0.0,1.0,1.6491091825443505e-10,1.0
0.0,1.0,1.6539949965199696e-10,1.0
0.0,1.0,1.6474334396665569e-10,1.0
0.0,1.0,1.6497667121306847e-10,1.0
0.0,1.0,4.308342571590629e-09,1.0
0.0,1.0,1.6470627639542101e-10,1.0
0.0,1.0,2.6762714355754724e-07,0.9999997615814209
0.0,1.0,1.6498925836661016e-10,1.0
0.0,1.0,1.6474649422448806e-10,1.0
0.0,1.0,1.6487632092943016e-10,1.0
0.0,1.0,1.6468647279221926e-10,1.0
0.0,1.0,1.6479299869143205e-10,1.0
0.0,1.0,1.6472229136255123e-10,1.0
0.0,1.0,1.3873674778452916e-11,1.0
0.0,1.0,1.6558131255006714e-10,1.0
0.0,1.0,1.647295216899991e-10,1.0
0.0,1.0,1.6484455467313808e-10,1.0
0.0,1.0,1.6486782772329178e-10,1.0
0.0,1.0,1.648936126530387e-10,1.0
0.0,1.0,1.6928504431579228e-10,1.0
0.0,1.0,1.646670022559249e-10,1.0
0.0,1.0,1.6547332948313453e-10,1.0
0.0,1.0,1.6520558532295837e-10,1.0
0.0,1.0,1.6479677344971577e-10,1.0
0.0,1.0,1.6485336706839604e-10,1.0
0.0,1.0,1.6483983622528342e-10,1.0
0.0,1.0,1.6485084131101502e-10,1.0
0.0,1.0,1.6486720322284043e-10,1.0
0.0,1.0,1.6485901532803382e-10,1.0
0.0,1.0,1.6482003262208167e-10,1.0
0.0,1.0,1.6488103937728482e-10,1.0
0.0,1.0,1.7666564045004662e-10,1.0
0.0,1.0,1.6471632391379387e-10,1.0
0.0,1.0,1.6403160774114411e-10,1.0
0.0,1.0,1.6735621222174757e-10,1.0
0.0,1.0,1.648646774654594e-10,1.0
0.0,1.0,1.6498107047180355e-10,1.0
0.0,1.0,1.647923741909807e-10,1.0
0.0,1.0,1.647050135167305e-10,1.0
0.0,1.0,6.682179076733519e-08,0.9999999403953552
0.0,1.0,1.6892927334755115e-10,1.0
0.0,1.0,1.64897706600442e-10,1.0
0.0,1.0,1.6532317181905398e-10,1.0
0.0,1.0,1.648552405697501e-10,1.0
0.0,1.0,1.6465664942622027e-10,1.0
0.0,1.0,1.647952052596935e-10,1.0
0.0,1.0,1.6501033872629023e-10,1.0
0.0,1.0,1.6483071851869369e-10,1.0
0.0,1.0,0.0,1.0
0.0,1.0,1.6506856992393182e-10,1.0
0.0,1.0,1.6463277963119083e-10,1.0
0.0,1.0,1.6472512243126403e-10,1.0
0.0,1.0,1.6507802069742894e-10,1.0
0.0,1.0,1.6534776325904943e-10,1.0
0.0,1.0,1.6476596476078242e-10,1.0
0.0,1.0,1.6501254529455167e-10,1.0
0.0,1.0,1.6484517917358943e-10,1.0
0.0,1.0,1.6496533306042949e-10,1.0
0.0,1.0,1.671427857230512e-10,1.0
0.0,1.0,1.6467611996251463e-10,1.0
0.0,1.0,1.6487505805073965e-10,1.0
0.0,1.0,1.6467611996251463e-10,1.0
0.0,1.0,1.6470690089587237e-10,1.0
0.0,1.0,1.651800640711798e-10,1.0
0.0,1.0,1.6472638530995454e-10,1.0
0.0,1.0,1.6489896947913252e-10,1.0
0.0,1.0,1.6474020758661112e-10,1.0
0.0,1.0,1.6482003262208167e-10,1.0
0.0,1.0,1.6482192000122353e-10,1.0
0.0,1.0,1.6487411436116872e-10,1.0
0.0,1.0,1.648115532937311e-10,1.0
0.0,1.0,1.649486658372723e-10,1.0
0.0,1.0,1.6466386587588033e-10,1.0
0.0,1.0,1.648719216706951e-10,1.0
0.0,1.0,1.6485839082758247e-10,1.0
0.0,1.0,1.6715555328783438e-10,1.0
0.0,1.0,1.6495653454295933e-10,1.0
0.0,1.0,1.6475654174286092e-10,1.0
0.0,1.0,1.6462022023322476e-10,1.0
0.0,1.0,1.6480243558714136e-10,1.0
0.0,1.0,1.650326819646608e-10,1.0
0.0,1.0,1.6486594034414992e-10,1.0
0.0,1.0,1.6466261687497763e-10,1.0
0.0,1.0,1.6484676124139952e-10,1.0
0.0,1.0,1.6494489107898858e-10,1.0
0.0,1.0,1.6468239272260377e-10,1.0
0.0,1.0,1.6494960952684323e-10,1.0
0.0,1.0,5.3464649681700394e-05,0.9999465346336365
0.0,1.0,1.6497289645478475e-10,1.0
0.0,1.0,1.6482569475950726e-10,1.0
0.0,1.0,1.650704711808615e-10,1.0
0.0,1.0,1.649514969059851e-10,1.0
0.0,1.0,1.7821262521255932e-10,1.0
0.0,1.0,1.6478735043179427e-10,1.0
0.0,1.0,1.6494897114860407e-10,1.0
0.0,1.0,1.6474083208706247e-10,1.0
0.0,1.0,1.0754941060023549e-31,1.0
0.0,1.0,1.6614253028901516e-10,1.0
0.0,1.0,1.6500310839884236e-10,1.0
0.0,1.0,1.6467172070377956e-10,1.0
0.0,1.0,1.6474020758661112e-10,1.0
0.0,1.0,1.646346670103327e-10,1.0
0.0,1.0,1.9871651546488067e-10,1.0
0.0,1.0,1.6479551057102526e-10,1.0
0.0,1.0,1.6484172360442528e-10,1.0
0.0,1.0,1.6492443521975986e-10,1.0
0.0,1.0,1.6494017263113392e-10,1.0
0.0,1.0,1.6491374932314784e-10,1.0
0.0,1.0,1.6484644205227994e-10,1.0
0.0,1.0,1.6492507359799902e-10,1.0
0.0,1.0,1.7258181550516838e-09,1.0
0.0,1.0,1.650647951656481e-10,1.0
0.0,1.0,1.6479048681183883e-10,1.0
0.0,1.0,1.649735209552361e-10,1.0
0.0,1.0,1.645737573996442e-10,1.0
0.0,1.0,1.649061998065804e-10,1.0
0.0,1.0,1.6481185860506287e-10,1.0
0.0,1.0,2.4203888919609205e-19,1.0
0.0,1.0,1.6501192079410032e-10,1.0
0.0,1.0,1.6549195347437262e-10,1.0
0.0,1.0,1.6514761780328513e-10,1.0
0.0,1.0,9.095940146919279e-12,1.0
0.0,1.0,1.648458175518286e-10,1.0
0.0,1.0,1.6504968225472538e-10,1.0
0.0,1.0,1.6488983789475498e-10,1.0
0.0,1.0,1.6501788824285768e-10,1.0
0.0,1.0,1.6470814989677507e-10,1.0
0.0,1.0,1.6490242504829666e-10,1.0
0.0,1.0,1.6479174969052934e-10,1.0
0.0,1.0,1.6486154108541484e-10,1.0
0.0,1.0,3.8685820702306107e-19,1.0
0.0,1.0,1.6810931813271424e-10,1.0
0.0,1.0,1.7313432632004577e-10,1.0
0.0,1.0,1.6500215083148362e-10,1.0
0.0,1.0,1.6504654587468082e-10,1.0
0.0,1.0,1.6475057429410356e-10,1.0
0.0,1.0,1.6483418796564564e-10,1.0
0.0,1.0,1.656590281617909e-10,1.0
0.0,1.0,1.6485053599968325e-10,1.0
0.0,1.0,1.6517470724508598e-10,1.0
0.0,1.0,1.4459922574548397e-18,1.0
0.0,1.0,1.6487945730947473e-10,1.0
0.0,1.0,1.649637648704072e-10,1.0
0.0,1.0,1.647486869149617e-10,1.0
0.0,1.0,1.6495087240553374e-10,1.0
0.0,1.0,2.6858724595513195e-06,0.9999971389770508
0.0,1.0,1.6507235856000335e-10,1.0
0.0,1.0,1.6487348986071737e-10,1.0
0.0,1.0,4.93463547698356e-31,1.0
0.0,1.0,1.6738302410779227e-10,1.0
0.0,1.0,1.6478293729527138e-10,1.0
0.0,1.0,1.647867120535551e-10,1.0
0.0,1.0,1.6474900610408127e-10,1.0
0.0,1.0,1.6461706997539238e-10,1.0
0.0,1.0,1.6490210585917708e-10,1.0
0.0,1.0,1.6488732601516176e-10,1.0
0.0,1.0,1.6505534439215097e-10,1.0
0.0,1.0,1.7372511762481224e-10,1.0
0.0,1.0,1.9530891660901606e-12,1.0
0.0,1.0,1.6465412366883925e-10,1.0
0.0,1.0,1.6478357567351054e-10,1.0
0.0,1.0,1.6499050736751286e-10,1.0
0.0,1.0,6.527567250830604e-14,1.0
0.0,1.0,0.0,1.0
0.0,1.0,1.6457689377968876e-10,1.0
0.0,1.0,1.647703778973053e-10,1.0
0.0,1.0,1.6479707876104754e-10,1.0
0.0,1.0,1.6471349284508108e-10,1.0
0.0,1.0,1.6474083208706247e-10,1.0
0.0,1.0,1.6475371067414812e-10,1.0
0.0,1.0,0.0,1.0
0.0,1.0,1.6469339780833536e-10,1.0
0.0,1.0,1.6450847628579623e-10,1.0
0.0,1.0,1.646629221863094e-10,1.0
0.0,1.0,1.6453358120394057e-10,1.0
0.0,1.0,1.6466386587588033e-10,1.0
0.0,1.0,1.6464471452870555e-10,1.0
0.0,1.0,1.64714436534652e-10,1.0
0.0,1.0,1.6466543406590262e-10,1.0
0.0,1.0,1.4463304626559912e-16,1.0
0.0,1.0,1.645128616667435e-10,1.0
0.0,1.0,1.6462713137155305e-10,1.0
0.0,1.0,1.6515674938766267e-10,1.0
0.0,1.0,1.6449655526606932e-10,1.0
0.0,1.0,1.6464973828789198e-10,1.0
0.0,1.0,1.6534429381209748e-10,1.0
0.0,1.0,1.6456998264136047e-10,1.0
0.0,1.0,1.6478293729527138e-10,1.0
0.0,1.0,1.6573170613654042e-10,1.0
0.0,1.0,1.7188268863765899e-10,1.0
0.0,1.0,1.6546891634661165e-10,1.0
0.0,1.0,1.6556710169535194e-10,1.0
0.0,1.0,1.645373420844365e-10,1.0
0.0,1.0,1.644645530873845e-10,1.0
0.0,1.0,1.646710962033282e-10,1.0
0.0,1.0,0.0,1.0
0.0,1.0,1.6452071649464273e-10,1.0
0.0,1.0,1.6456495888217404e-10,1.0
0.0,1.0,1.6484517917358943e-10,1.0
0.0,1.0,1.644968744551889e-10,1.0
0.0,1.0,4.878959327653725e-35,1.0
0.0,1.0,3.285556158516556e-05,0.9999674558639526
0.0,1.0,1.646465880300596e-10,1.0
0.0,1.0,1.646359160112354e-10,1.0
0.0,1.0,1.6611717557069028e-10,1.0
0.0,1.0,1.6469119124007392e-10,1.0
0.0,1.0,1.645819175388752e-10,1.0
0.0,1.0,1.6461582097448968e-10,1.0
0.0,1.0,1.645574232433944e-10,1.0
0.0,1.0,1.6479174969052934e-10,1.0
0.0,1.0,1.6467893715343962e-10,1.0
0.0,1.0,1.4616498476004733e-16,1.0
0.0,1.0,1.644952923873788e-10,1.0
0.0,1.0,1.6491626120274105e-10,1.0
0.0,1.0,1.648621655858662e-10,1.0
0.0,1.0,1.647364328283274e-10,1.0
0.0,1.0,1.646547620470784e-10,1.0
0.0,1.0,2.3807796452866587e-15,1.0
0.0,1.0,1.6457814278059146e-10,1.0
0.0,1.0,1.987294126593042e-06,0.9999979734420776
0.0,1.0,1.644579611381758e-10,1.0
0.0,1.0,0.0,1.0
0.0,1.0,1.6456527807129362e-10,1.0
0.0,1.0,1.6464973828789198e-10,1.0
0.0,1.0,1.6513029832410098e-10,1.0
0.0,1.0,1.647103564650365e-10,1.0
0.0,1.0,1.6462524399241119e-10,1.0
0.0,1.0,0.0,1.0
0.0,1.0,1.6458943929986702e-10,1.0
0.0,1.0,1.646089098361614e-10,1.0
0.0,1.0,7.811297307729143e-18,1.0
0.0,1.0,1.6482758213864912e-10,1.0
0.0,1.0,1.0522627580185287e-20,1.0
0.0,1.0,1.6457438190009555e-10,1.0
0.0,1.0,1.6482475106993633e-10,1.0
0.0,1.0,1.698986645815026e-10,1.0
0.0,1.0,1.6464973828789198e-10,1.0
0.0,1.0,1.0842312230686173e-16,1.0
0.0,1.0,1.6467140151465998e-10,1.0
0.0,1.0,1.6479331788055163e-10,1.0
0.0,1.0,1.645775182801401e-10,1.0
0.0,1.0,1.6451850992638128e-10,1.0
0.0,1.0,1.6472323505212216e-10,1.0
0.0,1.0,1.6459321405815075e-10,1.0
0.0,1.0,1.6460639795656817e-10,1.0
0.0,1.0,1.6476282838073786e-10,1.0
0.0,1.0,1.647772890356336e-10,1.0
0.0,1.0,1.6476785213992429e-10,1.0
0.0,1.0,1.6485744713801154e-10,1.0
0.0,1.0,1.6470375063804e-10,1.0
0.0,1.0,1.6484361098356715e-10,1.0
0.0,1.0,1.6465727392667162e-10,1.0
0.0,1.0,1.6459353324727033e-10,1.0
0.0,1.0,1.6455838081075314e-10,1.0
0.0,1.0,1.6447898598670463e-10,1.0
0.0,1.0,1.6475025510498398e-10,1.0
0.0,1.0,1.6458003015973333e-10,1.0
0.0,1.0,1.6455241336199578e-10,1.0
0.0,1.0,1.6462964325114626e-10,1.0
0.0,1.0,1.6459039686722576e-10,1.0
0.0,1.0,1.6462146923412746e-10,1.0
0.0,1.0,1.646032615765236e-10,1.0
0.0,1.0,1.6461770835363154e-10,1.0
0.0,1.0,1.6485336706839604e-10,1.0
0.0,1.0,1.6461079721530325e-10,1.0
0.0,1.0,1.6460639795656817e-10,1.0
0.0,1.0,1.6476973951906615e-10,1.0
0.0,1.0,1.6448777062638698e-10,1.0
0.0,1.0,1.6459007767810618e-10,1.0
0.0,1.0,1.6482569475950726e-10,1.0
0.0,1.0,1.3342193289859333e-13,1.0
0.0,1.0,1.6459572593774396e-10,1.0
0.0,1.0,1.645831665397779e-10,1.0
0.0,1.0,1.6458380491801705e-10,1.0
0.0,1.0,1.6480432296628322e-10,1.0
0.0,1.0,1.645856784193711e-10,1.0
0.0,1.0,1.646465880300596e-10,1.0
0.0,1.0,1.646183328540829e-10,1.0
0.0,1.0,1.6465287466793654e-10,1.0
0.0,1.0,1.6477665065739444e-10,1.0
0.0,1.0,1.6469747787795086e-10,1.0
0.0,1.0,1.647650349489993e-10,1.0
0.0,1.0,1.6582404893661362e-10,1.0
0.0,1.0,1.6586010342933832e-10,1.0
0.0,1.0,1.6474836772584212e-10,1.0
0.0,1.0,1.645009406470166e-10,1.0
0.0,1.0,6.583180947927758e-05,0.9999367594718933
0.0,1.0,1.6482695763819777e-10,1.0
0.0,1.0,1.6448807593771875e-10,1.0
0.0,1.0,1.6455428686334983e-10,1.0
0.0,1.0,1.6463215513073948e-10,1.0
0.0,1.0,6.854626824170298e-21,1.0
0.0,1.0,1.6462681218243347e-10,1.0
0.0,1.0,1.6450282802615845e-10,1.0
0.0,1.0,1.6449780426697203e-10,1.0
0.0,1.0,5.4719184524561794e-18,1.0
0.0,1.0,3.4392319842770782e-31,1.0
0.0,1.0,1.645844294184684e-10,1.0
0.0,1.0,1.6620908815934143e-10,1.0
0.0,1.0,1.649238107193085e-10,1.0
0.0,1.0,9.610780580260325e-07,0.9999988675117493
0.0,1.0,1.6456527807129362e-10,1.0
0.0,1.0,1.648266384490782e-10,1.0
0.0,1.0,1.649238107193085e-10,1.0
0.0,1.0,1.644620412077913e-10,1.0
0.0,1.0,1.6454895779283163e-10,1.0
0.0,1.0,1.6572128391789676e-10,1.0
0.0,1.0,1.6490274423741624e-10,1.0
0.0,1.0,3.820002924408479e-24,1.0
0.0,1.0,1.6455020679373433e-10,1.0
0.0,1.0,1.6500562027843557e-10,1.0
0.0,1.0,1.6471569941334252e-10,1.0
0.0,1.0,1.6450972528669894e-10,1.0
0.0,1.0,1.6459227036857982e-10,1.0
0.0,1.0,1.6476847664037564e-10,1.0
0.0,1.0,1.6462681218243347e-10,1.0
0.0,1.0,1.6467485708382412e-10,1.0
0.0,1.0,1.6477665065739444e-10,1.0
0.0,1.0,1.6454769491414112e-10,1.0
0.0,1.0,1.6501128241586116e-10,1.0
0.0,1.0,1.649140546344796e-10,1.0
0.0,1.0,1.6457124552005098e-10,1.0
0.0,1.0,1.664038629112241e-10,1.0
0.0,1.0,1.6567860972038773e-10,1.0
0.0,1.0,1.6455679874294304e-10,1.0
0.0,1.0,2.0132907840864078e-10,1.0
0.0,1.0,1.6460828533571004e-10,1.0
0.0,1.0,1.6486845222374313e-10,1.0
0.0,1.0,1.647254416203836e-10,1.0
0.0,1.0,1.6436482730419755e-10,1.0
0.0,1.0,1.6459164586812847e-10,1.0
0.0,1.0,1.645345110157237e-10,1.0
0.0,1.0,1.6461079721530325e-10,1.0
0.0,1.0,1.6489266896346777e-10,1.0
0.0,1.0,1.6461706997539238e-10,1.0
0.0,1.0,1.6457343821052461e-10,1.0
0.0,1.0,1.6466543406590262e-10,1.0
0.0,1.0,1.6495589616472017e-10,1.0
0.0,1.0,6.19851947547545e-11,1.0
0.0,1.0,1.6525948665080392e-10,1.0
0.0,1.0,1.645778374692597e-10,1.0
0.0,1.0,1.6458881479941567e-10,1.0
0.0,1.0,4.0113528143592703e-07,0.9999995231628418
0.0,1.0,1.6451788542592993e-10,1.0
0.0,1.0,1.645750064005469e-10,1.0
0.0,1.0,1.6492569809845037e-10,1.0
0.0,1.0,1.6460137419738174e-10,1.0
0.0,1.0,1.6446768946742907e-10,1.0
0.0,1.0,1.648058911563055e-10,1.0
0.0,1.0,1.6461079721530325e-10,1.0
0.0,1.0,1.6456119800167812e-10,1.0
0.0,1.0,1.6460514895566547e-10,1.0
0.0,1.0,1.6453671758398514e-10,1.0
0.0,1.0,1.6474083208706247e-10,1.0
0.0,1.0,1.64668584323735e-10,1.0
0.0,1.0,1.6472229136255123e-10,1.0
0.0,1.0,1.646101727148519e-10,1.0
0.0,1.0,1.6447082584747363e-10,1.0
0.0,1.0,1.645856784193711e-10,1.0
0.0,1.0,1.6468773567090977e-10,1.0
0.0,1.0,1.6465978580626484e-10,1.0
0.0,1.0,1.090415935323108e-08,1.0
0.0,1.0,1.6536605418338013e-10,1.0
0.0,1.0,1.65669131191315e-10,1.0
0.0,1.0,1.6533514834993213e-10,1.0
0.0,1.0,1.6520969314814948e-10,1.0
0.0,1.0,1.6563690696802524e-10,1.0
0.0,1.0,1.652471909308062e-10,1.0
0.0,1.0,1.649212988397153e-10,1.0
0.0,1.0,1.6522166967902763e-10,1.0
0.0,1.0,1.6597150043207165e-10,1.0
0.0,1.0,1.6529794200081938e-10,1.0
0.0,1.0,1.6552605119901642e-10,1.0
0.0,1.0,1.6541085168242375e-10,1.0
0.0,1.0,1.649363978728502e-10,1.0
0.0,1.0,1.65543412311564e-10,1.0
0.0,1.0,1.668341575999932e-10,1.0
0.0,1.0,1.6535407765250199e-10,1.0
0.0,1.0,1.6656166723638677e-10,1.0
0.0,1.0,1.1747481920565406e-07,0.9999998807907104
0.0,1.0,1.9282429819522662e-10,1.0
0.0,1.0,1.6568398042426935e-10,1.0
0.0,1.0,1.6502639532678387e-10,1.0
0.0,1.0,1.6530299351558142e-10,1.0
0.0,1.0,1.6643052214160292e-10,1.0
0.0,1.0,1.652052800116266e-10,1.0
0.0,1.0,4.799830094270874e-06,0.9999949932098389
0.0,1.0,1.6506826461260005e-10,1.0
0.0,1.0,1.6520496082250702e-10,1.0
0.0,1.0,1.6569504102115218e-10,1.0
0.0,1.0,0.0,1.0
0.0,1.0,1.4313036444946192e-05,0.9999803304672241
0.0,1.0,1.6552131887337396e-10,1.0
0.0,1.0,1.6541905345501817e-10,1.0
0.0,1.0,1.6491658039186063e-10,1.0
0.0,1.0,1.671380117640453e-10,1.0
0.0,1.0,1.6592496820955205e-10,1.0
0.0,1.0,1.6503173827508988e-10,1.0
0.0,1.0,1.6596705953997315e-10,1.0
0.0,1.0,1.6737217167772656e-10,1.0
0.0,1.0,1.6634038590979117e-10,1.0
0.0,1.0,1.652878528490831e-10,1.0
0.0,1.0,1.6525759927166206e-10,1.0
0.0,1.0,1.655547782197786e-10,1.0
0.0,1.0,1.0857222605409333e-06,0.9999990463256836
0.0,1.0,1.6599492613789124e-10,1.0
0.0,1.0,1.4978888884797925e-07,0.9999998807907104
0.0,1.0,5.626297934213653e-05,0.9999416470527649
0.0,1.0,2.201551069447305e-06,0.9999977946281433
0.0,1.0,2.0137670162512222e-06,0.9999979734420776
0.0,1.0,1.2246913944350986e-25,1.0
0.0,1.0,1.9052424704568693e-06,0.9999979138374329
0.0,1.0,1.9057975805480964e-05,0.9999818205833435
0.0,1.0,3.1525328267889563e-06,0.999996542930603
0.0,1.0,2.7593407594395103e-06,0.9999969601631165
0.0,1.0,2.028245489782421e-06,0.999997615814209
0.0,1.0,3.333022687002085e-05,0.9999668002128601
0.0,1.0,4.031205207866151e-06,0.9999953508377075
0.0,1.0,1.6515989964549505e-10,1.0
0.0,1.0,1.6506920830217098e-10,1.0
0.0,1.0,1.6507267774912293e-10,1.0
0.0,1.0,1.651120351553459e-10,1.0
0.0,1.0,1.653565895320952e-10,1.0
0.0,1.0,1.652765008186563e-10,1.0
0.0,1.0,1.6587813067570067e-10,1.0
0.0,1.0,1.6517660850201565e-10,1.0
0.0,1.0,1.6607980268812383e-10,1.0
0.0,1.0,1.6526641166692002e-10,1.0
0.0,1.0,3.3855972105811816e-06,0.9999958276748657
0.0,1.0,1.6549858705694476e-10,1.0
0.0,1.0,1.6518636458684455e-10,1.0
0.0,1.0,1.6548531989180049e-10,1.0
0.0,1.0,1.659097720319025e-10,1.0
0.0,1.0,1.9155010910765213e-10,1.0
0.0,1.0,1.656918907633198e-10,1.0
0.0,1.0,1.6558826532175885e-10,1.0
0.0,1.0,1.842917207728334e-10,1.0
0.0,1.0,1.652765008186563e-10,1.0
0.0,1.0,1.6517408274463463e-10,1.0
0.0,1.0,1.6541053249330417e-10,1.0
0.0,1.0,1.6539003500071203e-10,1.0
0.0,1.0,1.6507550881783573e-10,1.0
0.0,1.0,1.6508620859223555e-10,1.0
0.0,1.0,5.532482987291587e-07,0.9999994039535522
0.0,1.0,1.6554278781111265e-10,1.0
0.0,1.0,1.6582182849056437e-10,1.0
0.0,1.0,1.6597823560005054e-07,0.9999998211860657
0.0,1.0,1.6535407765250199e-10,1.0
0.0,1.0,1.6544050851496905e-10,1.0
0.0,1.0,1.6508526490266462e-10,1.0
0.0,1.0,1.6497729571351982e-10,1.0
0.0,1.0,1.6593984519808203e-10,1.0
0.0,1.0,1.6568682537076995e-10,1.0
0.0,1.0,1.6491311094490868e-10,1.0
0.0,1.0,1.6555730397715962e-10,1.0
0.0,1.0,1.6546733427880156e-10,1.0
0.0,1.0,1.6504905775427403e-10,1.0
0.0,1.0,1.831322454792783e-10,1.0
0.0,1.0,1.6522103130078847e-10,1.0
0.0,1.0,1.7014817998983744e-08,1.0
0.0,1.0,1.6549606129956373e-10,1.0
0.0,1.0,1.6526641166692002e-10,1.0
0.0,1.0,1.65308655653007e-10,1.0
0.0,1.0,1.650868330926869e-10,1.0
0.0,1.0,4.773740442942653e-07,0.9999995231628418
0.0,1.0,1.6554846382632604e-10,1.0
0.0,1.0,1.654809067552776e-10,1.0
0.0,1.0,1.652683129238497e-10,1.0
0.0,1.0,1.6514541123502369e-10,1.0
0.0,1.0,1.6613492526129647e-10,1.0
0.0,1.0,2.6172222078457708e-06,0.9999979734420776
0.0,1.0,1.6510824651927436e-10,1.0
0.0,1.0,1.6522291867993033e-10,1.0
0.0,1.0,1.6550963377603978e-10,1.0
0.0,1.0,1.6422381510228234e-10,1.0
0.0,1.0,1.6587528572920007e-10,1.0
0.0,1.0,1.652960546216775e-10,1.0
0.0,1.0,1.6543230674237464e-10,1.0
0.0,1.0,1.652011860642233e-10,1.0
0.0,1.0,1.6571433114620504e-10,1.0
0.0,1.0,1.6565396276924105e-10,1.0
0.0,1.0,1.6531938318298245e-10,1.0
0.0,1.0,1.652891157277736e-10,1.0
0.0,1.0,1.6545502468101603e-10,1.0
0.0,1.0,1.6543798275758803e-10,1.0
0.0,1.0,1.654922726634922e-10,1.0
0.0,1.0,1.6487065879200458e-10,1.0
0.0,1.0,1.6512652356581725e-10,1.0
0.0,1.0,1.6538309610680813e-10,1.0
0.0,1.0,1.6605920805101704e-10,1.0
0.0,1.0,1.6556836457404245e-10,1.0
0.0,1.0,1.6823473170113346e-10,1.0
0.0,1.0,1.293314617185036e-14,1.0
0.0,1.0,1.6558983351178114e-10,1.0
0.0,1.0,1.6517755219158659e-10,1.0
0.0,1.0,1.6533294178167068e-10,1.0
0.0,1.0,1.6521473078512372e-10,1.0
0.0,1.0,1.6560688931299694e-10,1.0
0.0,1.0,1.652708248034429e-10,1.0
0.0,1.0,1.66156477465762e-10,1.0
0.0,1.0,1.6521284340598186e-10,1.0
0.0,1.0,1.6538971581159245e-10,1.0
0.0,1.0,1.6555667947670827e-10,1.0
0.0,1.0,1.6555794235539878e-10,1.0
0.0,1.0,1.6521158052729135e-10,1.0
0.0,1.0,1.6523553358904763e-10,1.0
0.0,1.0,1.5194782281360841e-12,1.0
0.0,1.0,1.6510950939796487e-10,1.0
0.0,1.0,1.6492160415104706e-10,1.0
0.0,1.0,1.6533231728121933e-10,1.0
0.0,1.0,1.655506842723753e-10,1.0
0.0,1.0,1.6515738776590183e-10,1.0
0.0,1.0,1.6495023402729458e-10,1.0
0.0,1.0,1.6547775649744523e-10,1.0
0.0,1.0,1.6536133573552547e-10,1.0
0.0,1.0,1.650163200528354e-10,1.0
0.0,1.0,1.6591579499181108e-10,1.0
0.0,1.0,1.6520149137555507e-10,1.0
0.0,1.0,1.6499995814100998e-10,1.0
0.0,1.0,1.649140546344796e-10,1.0
0.0,1.0,1.6581960804451512e-10,1.0
0.0,1.0,1.6521820023207567e-10,1.0
0.0,1.0,1.6643306177677175e-10,1.0
0.0,1.0,1.653496506381913e-10,1.0
0.0,1.0,1.6531244428907854e-10,1.0
0.0,1.0,1.6564005722585762e-10,1.0
0.0,1.0,1.652374209681895e-10,1.0
0.0,1.0,1.6515865064459234e-10,1.0
0.0,1.0,1.6543609537844617e-10,1.0
0.0,1.0,5.5552973776684667e-08,0.9999999403953552
0.0,1.0,1.6552005599468345e-10,1.0
0.0,1.0,1.6545376180232552e-10,1.0
0.0,1.0,1.6521189971641093e-10,1.0
0.0,1.0,1.6547081760354132e-10,1.0
0.0,1.0,3.1501819382218077e-13,1.0
0.0,1.0,1.6550995296515936e-10,1.0
0.0,1.0,1.6512337330798488e-10,1.0
0.0,1.0,1.6525254775690001e-10,1.0
0.0,1.0,1.655093145869202e-10,1.0
0.0,1.0,1.6508998335051928e-10,1.0
0.0,1.0,1.9004893492269304e-10,1.0
0.0,1.0,1.651161291027492e-10,1.0
0.0,1.0,1.6539161706852212e-10,1.0
0.0,1.0,1.6550173731477713e-10,1.0
0.0,1.0,1.6503332034289997e-10,1.0
0.0,1.0,1.6523489521080847e-10,1.0
0.0,1.0,0.0,1.0
0.0,1.0,1.6503583222249318e-10,1.0
0.0,1.0,1.6512652356581725e-10,1.0
0.0,1.0,1.6518511558594184e-10,1.0
0.0,1.0,1.6539729308373552e-10,1.0
0.0,1.0,1.6497131438697465e-10,1.0
0.0,1.0,9.994622435851057e-16,1.0
0.0,1.0,7.535402801295277e-06,0.9999927878379822
0.0,1.0,1.6597688501374108e-10,1.0
0.0,1.0,1.6521724266471693e-10,1.0
0.0,1.0,1.6580790906939313e-10,1.0
0.0,1.0,1.6511265965579724e-10,1.0
0.0,1.0,1.6520873558079074e-10,1.0
0.0,1.0,1.6524907830994806e-10,1.0
0.0,1.0,1.6506573885521902e-10,1.0
0.0,1.0,1.6564638549709798e-10,1.0
0.0,1.0,1.6512084755060386e-10,1.0
0.0,1.0,1.658215093014448e-10,1.0
0.0,1.0,6.647856480412884e-06,0.9999942183494568
0.0,1.0,1.6504213273815793e-10,1.0
0.0,1.0,1.6578008410483847e-10,1.0
0.0,1.0,1.6558257542875765e-10,1.0
0.0,1.0,1.3990782576911442e-07,0.9999998807907104
0.0,1.0,1.653272657664573e-10,1.0
0.0,1.0,1.6499743238362896e-10,1.0
0.0,1.0,1.6527587631820495e-10,1.0
0.0,1.0,1.6540643854590087e-10,1.0
0.0,1.0,1.651996039964132e-10,1.0
0.0,1.0,1.6497037069740372e-10,1.0
0.0,1.0,2.226823031525882e-10,1.0
0.0,1.0,1.8896458009454165e-10,1.0
0.0,1.0,2.959585909678708e-10,1.0
0.0,1.0,1.8816793956322186e-10,1.0
0.0,1.0,1.8034464199789824e-10,1.0
0.0,1.0,0.0,1.0
0.0,1.0,2.0551346735508957e-10,1.0
0.0,1.0,1.9208573620588254e-10,1.0
0.0,1.0,3.05054120852688e-10,1.0
0.0,1.0,1.916370812038437e-10,1.0
0.0,1.0,1.953511935548491e-10,1.0
0.0,1.0,3.1371633069099403e-10,1.0
0.0,1.0,1.8484477837255042e-10,1.0
0.0,1.0,1.857328874033115e-10,1.0
0.0,1.0,1.8472071094954856e-10,1.0
0.0,1.0,1.9421508845596236e-10,1.0
0.0,1.0,1.9536758322225012e-10,1.0
0.0,1.0,1.2741804456201478e-28,1.0
0.0,1.0,1.938598032102945e-10,1.0
0.0,1.0,1.8735928086766052e-10,1.0
0.0,1.0,1.9429660658154546e-10,1.0
0.0,1.0,2.777236496331881e-10,1.0
0.0,1.0,1.8886404939966184e-10,1.0
0.0,1.0,1.9937368422873192e-10,1.0
0.0,1.0,1.9449014621031324e-10,1.0
0.0,1.0,1.473381758500119e-18,1.0
0.0,1.0,1.5536903985591266e-09,1.0
0.0,1.0,1.865451959570663e-10,1.0
0.0,1.0,1.6507807458765456e-06,0.9999992847442627
0.0,1.0,1.8821244562872153e-10,1.0
0.0,1.0,1.6723779547073332e-14,1.0
0.0,1.0,2.2866897264606223e-10,1.0
0.0,1.0,1.8434832826930148e-10,1.0
0.0,1.0,1.8096003862044796e-10,1.0
0.0,1.0,1.971636881537009e-10,1.0
0.0,1.0,1.8810908386512892e-10,1.0
0.0,1.0,1.8478836516511166e-10,1.0
0.0,1.0,1.8720995587084843e-10,1.0
0.0,1.0,1.8272228174964766e-10,1.0
0.0,1.0,1.868746130062604e-10,1.0
0.0,1.0,1.8864228235049296e-10,1.0
0.0,1.0,2.461096049177769e-10,1.0
0.0,1.0,1.9010441831834868e-10,1.0
0.0,1.0,2.1695208130001475e-10,1.0
0.0,1.0,1.961610457401619e-10,1.0
0.0,1.0,1.9038889909062107e-10,1.0
0.0,1.0,1.9499606096484712e-10,1.0
0.0,1.0,1.9572601872575035e-10,1.0
0.0,1.0,4.105668864167276e-23,1.0
0.0,1.0,1.834199458983221e-10,1.0
0.0,1.0,1.8467949391975935e-10,1.0
0.0,1.0,1.882583949841532e-10,1.0
0.0,1.0,1.8835896731239643e-10,1.0
0.0,1.0,1.9187262889630574e-10,1.0
0.0,1.0,1.9937368422873192e-10,1.0
0.0,1.0,1.2028315010681467e-09,1.0
0.0,1.0,1.8675559709802059e-10,1.0
0.0,1.0,1.9394708061781785e-10,1.0
0.0,1.0,1.0695222867068824e-36,1.0
0.0,1.0,1.8231254006462194e-10,1.0
0.0,1.0,1.8643706023446782e-10,1.0
0.0,1.0,2.0506238374018437e-10,1.0
0.0,1.0,1.2181248232323583e-09,1.0
0.0,1.0,1.9297109743465768e-10,1.0
0.0,1.0,1.8926613054581765e-10,1.0
0.0,1.0,1.8664235434950882e-10,1.0
0.0,1.0,1.8854372230148186e-10,1.0
0.0,1.0,1.872021010429492e-10,1.0
0.0,1.0,1.8543377944268968e-10,1.0
0.0,1.0,1.910815672356847e-10,1.0
0.0,1.0,1.9392007444274384e-10,1.0
0.0,1.0,1.7289547571408548e-09,1.0
0.0,1.0,1.8724995165531055e-10,1.0
0.0,1.0,1.2305554367878586e-16,1.0
0.0,1.0,1.868753207734386e-10,1.0
0.0,1.0,1.9392118466576846e-10,1.0
0.0,1.0,7.199997186572348e-20,1.0
0.0,1.0,1.9380656801626372e-10,1.0
0.0,1.0,9.465009220832599e-09,1.0
0.0,1.0,1.895750362246318e-10,1.0
0.0,1.0,1.7399379714788665e-09,1.0
0.0,1.0,1.90285065482243e-10,1.0
0.0,1.0,1.903021351612466e-10,1.0
0.0,1.0,1.8918493160935412e-10,1.0
0.0,1.0,3.413485046621645e-06,0.999998152256012
0.0,1.0,2.105018798159719e-10,1.0
0.0,1.0,1.863705856308684e-10,1.0
0.0,1.0,1.9127154027298587e-10,1.0
0.0,1.0,1.905033214510965e-10,1.0
0.0,1.0,4.264872650122324e-31,1.0
0.0,1.0,1.946252187190467e-10,1.0
0.0,1.0,1.9142080975864673e-10,1.0
0.0,1.0,6.156576914939649e-10,1.0
0.0,1.0,1.846094110913299e-10,1.0
0.0,1.0,1.9725396316339072e-10,1.0
0.0,1.0,1.9487707281218292e-10,1.0
0.0,1.0,1.867623694584708e-10,1.0
0.0,1.0,1.8748724794903637e-10,1.0
0.0,1.0,1.9575066567689703e-10,1.0
0.0,1.0,2.0605471495738215e-10,1.0
0.0,1.0,1.884617462089011e-10,1.0
0.0,1.0,1.9992851818528834e-10,1.0
0.0,1.0,9.389412580773637e-10,1.0
0.0,1.0,1.8266618773132848e-10,1.0
0.0,1.0,1.9452872646041897e-10,1.0
0.0,1.0,1.9184480393175107e-10,1.0
0.0,1.0,1.8569640269916476e-10,1.0
0.0,1.0,2.0392269817204323e-10,1.0
0.0,1.0,1.8599025097820743e-10,1.0
0.0,1.0,1.8920189026605527e-10,1.0
0.0,1.0,2.6406099529197036e-12,1.0
0.0,1.0,1.8811482926928136e-10,1.0
0.0,1.0,1.8155951742038212e-10,1.0
0.0,1.0,1.8955841063483803e-10,1.0
0.0,1.0,2.0115979715296106e-10,1.0
0.0,1.0,1.9832385733664637e-10,1.0
0.0,1.0,2.0761578567451977e-10,1.0
0.0,1.0,1.9122960159823066e-10,1.0
0.0,1.0,1.9180126931139796e-10,1.0
0.0,1.0,1.976373509293694e-10,1.0
0.0,1.0,1.9009498142263936e-10,1.0
0.0,1.0,6.893284302304397e-19,1.0
0.0,1.0,1.8835177861831198e-10,1.0
0.0,1.0,2.0060041128200368e-10,1.0
0.0,1.0,2.0453348736904076e-10,1.0
0.0,1.0,1.904165020105708e-10,1.0
0.0,1.0,1.926346165914694e-10,1.0
0.0,1.0,1.8713285088178822e-10,1.0
0.0,1.0,1.8405531265752728e-10,1.0
0.0,1.0,2.0011965695676537e-10,1.0
0.0,1.0,1.9071090540112579e-10,1.0
0.0,1.0,1.8520190936399672e-10,1.0
0.0,1.0,2.1029600283384298e-10,1.0
0.0,1.0,1.952215750167241e-10,1.0
0.0,1.0,1.8881074481669202e-10,1.0
0.0,1.0,2.020403566671547e-10,1.0
0.0,1.0,3.612409867151345e-36,1.0
0.0,1.0,2.015015654333041e-10,1.0
0.0,1.0,1.8763893216977579e-10,1.0
0.0,1.0,1.8902406029308594e-10,1.0
0.0,1.0,2.667139291556904e-38,1.0
0.0,1.0,1.8439053062202504e-10,1.0
0.0,1.0,1.8748082253328135e-10,1.0
0.0,1.0,1.8938854651207038e-10,1.0
0.0,1.0,1.8963000614213854e-10,1.0
0.0,1.0,2.3129077819650234e-10,1.0
0.0,1.0,1.927717152572228e-10,1.0
0.0,1.0,1.8395739098675534e-10,1.0
0.0,1.0,1.9673469797698573e-10,1.0
0.0,1.0,1.338007127316132e-08,1.0
0.0,1.0,1.873589200451775e-10,1.0
0.0,1.0,1.9345053337005425e-10,1.0
0.0,1.0,1.822430123477048e-10,1.0
0.0,1.0,1.9548612728570447e-10,1.0
0.0,1.0,1.9069090750889472e-10,1.0
0.0,1.0,9.479410410518892e-16,1.0
0.0,1.0,2.502739127052678e-10,1.0
0.0,1.0,2.0145737855692403e-10,1.0
0.0,1.0,1.885473166485241e-10,1.0
0.0,1.0,1.9783119586946896e-10,1.0
0.0,1.0,7.156104254781361e-35,1.0
0.0,1.0,1.880524069797218e-10,1.0
0.0,1.0,1.8273333068918873e-07,0.9999998211860657
0.0,1.0,1.8506278454122338e-10,1.0
0.0,1.0,2.6516631030771117e-27,1.0
0.0,1.0,1.8989929073676137e-10,1.0
0.0,1.0,1.9408437357260055e-10,1.0
0.0,1.0,3.4714120467072007e-09,1.0
0.0,1.0,1.937825316877806e-10,1.0
0.0,1.0,1.8765397569175946e-10,1.0
0.0,1.0,2.2765196672214216e-10,1.0
0.0,1.0,4.86616272610263e-07,0.9999995231628418
0.0,1.0,1.9392414063457153e-10,1.0
0.0,1.0,1.8428610026877124e-10,1.0
0.0,1.0,2.7610973507563585e-09,1.0
0.0,1.0,1.926871578961098e-10,1.0
0.0,1.0,1.8600054829676083e-10,1.0
0.0,1.0,1.956834694283316e-10,1.0
0.0,1.0,1.8501761234190894e-10,1.0
0.0,1.0,3.522379918905656e-29,1.0
0.0,1.0,1.899558010887148e-10,1.0
0.0,1.0,2.031392970502921e-10,1.0
0.0,1.0,1.8423548797663614e-10,1.0
0.0,1.0,1.9216561675250432e-10,1.0
0.0,1.0,1.9751562885250706e-10,1.0
0.0,1.0,1.83207365944682e-10,1.0
0.0,1.0,1.9433589459882938e-10,1.0
0.0,1.0,1.9885945667930116e-10,1.0
0.0,1.0,1.9502209569477458e-10,1.0
0.0,1.0,1.8746007524050867e-10,1.0
0.0,1.0,1.4576142954246114e-37,1.0
0.0,1.0,1.8419543668102278e-10,1.0
0.0,1.0,1.88781934529203e-10,1.0
0.0,1.0,1.845685687618115e-10,1.0
0.0,1.0,1.9015590491111567e-10,1.0
0.0,1.0,1.9511176008180087e-10,1.0
0.0,1.0,1.856772791075656e-10,1.0
0.0,1.0,1.9335019696420375e-10,1.0
0.0,1.0,1.954384015734334e-10,1.0
0.0,1.0,1.9416583618703243e-10,1.0
0.0,1.0,2.466413005948523e-35,1.0
0.0,1.0,1.8693664671776133e-10,1.0
0.0,1.0,1.9076912272097957e-10,1.0
0.0,1.0,1.8745006935549924e-10,1.0
0.0,1.0,1.8741860841053892e-10,1.0
0.0,1.0,4.0131656331432453e-10,1.0
0.0,1.0,1.8389775813254516e-10,1.0
0.0,1.0,1.854277703605689e-10,1.0
0.0,1.0,1.8999929407570448e-10,1.0
0.0,1.0,1.8475102003812083e-10,1.0
0.0,1.0,1.9058654654457996e-10,1.0
0.0,1.0,1.929825049762357e-10,1.0
0.0,1.0,2.0031823422250739e-10,1.0
0.0,1.0,2.064485110642167e-10,1.0
0.0,1.0,1.96993407697299e-10,1.0
0.0,1.0,1.9560061903511894e-10,1.0
0.0,1.0,1.8823183289828904e-10,1.0
0.0,1.0,1.9317990263001406e-10,1.0
0.0,1.0,1.9378142146475597e-10,1.0
0.0,1.0,1.9390565542121152e-10,1.0
0.0,1.0,1.8741574958625051e-10,1.0
0.0,1.0,1.9439780341024004e-10,1.0
0.0,1.0,1.9111728866150202e-10,1.0
0.0,1.0,1.9213117208316532e-10,1.0
0.0,1.0,1.8810980551009493e-10,1.0
0.0,1.0,1.831748641656361e-10,1.0
0.0,1.0,1.9927787198170677e-10,1.0
0.0,1.0,1.5742546155550485e-10,1.0
0.0,1.0,1.9020415797932344e-10,1.0
0.0,1.0,2.0523964472385359e-10,1.0
0.0,1.0,1.8525278533410017e-10,1.0
0.0,1.0,1.9072582402301919e-10,1.0
0.0,1.0,3.579665175390545e-10,1.0
0.0,1.0,2.0651427790063792e-10,1.0
0.0,1.0,1.9526924521784395e-10,1.0
0.0,1.0,1.8834171722215132e-10,1.0
0.0,1.0,1.9668817963225393e-10,1.0
0.0,1.0,1.87491897007952e-10,1.0
0.0,1.0,1.857481252143245e-10,1.0
0.0,1.0,2.010359101412007e-10,1.0
0.0,1.0,4.288271404639943e-10,1.0
0.0,1.0,1.875219424185559e-10,1.0
0.0,1.0,1.9165352638239597e-10,1.0
0.0,1.0,1.981786540428132e-10,1.0
0.0,1.0,1.97715048574801e-21,1.0
0.0,1.0,7.250457456642323e-10,1.0
0.0,1.0,1.3854300622614813e-25,1.0
0.0,1.0,6.100480676174413e-10,1.0
0.0,1.0,1.9180748656033586e-10,1.0
0.0,1.0,2.2233090368750652e-10,1.0
0.0,1.0,2.0031938607889543e-10,1.0
0.0,1.0,1.930333115574001e-10,1.0
0.0,1.0,2.0093815500388246e-10,1.0
0.0,1.0,1.9131131401284307e-10,1.0
0.0,1.0,1.894423784509769e-10,1.0
0.0,1.0,1.919066572320105e-10,1.0
0.0,1.0,1.8839238502543765e-10,1.0
0.0,1.0,1.9764299918900718e-10,1.0
0.0,1.0,1.909893770912774e-10,1.0
0.0,1.0,1.1426522839030895e-08,1.0
0.0,1.0,1.8355818254267575e-10,1.0
0.0,1.0,1.9335388845576063e-10,1.0
0.0,1.0,1.890428091844143e-10,1.0
0.0,1.0,1.9470616785532968e-10,1.0
0.0,1.0,2.9619077878090426e-17,1.0
0.0,1.0,1.9432180864420445e-10,1.0
0.0,1.0,2.0839417691487228e-10,1.0
0.0,1.0,1.9202858747568996e-10,1.0
0.0,1.0,1.8731675932581737e-10,1.0
0.0,1.0,1.905901825249856e-10,1.0
0.0,1.0,1.9639240234070598e-10,1.0
0.0,1.0,1.8678053548271123e-10,1.0
0.0,1.0,1.9396891037803954e-10,1.0
0.0,1.0,1.9153330310661687e-10,1.0
0.0,1.0,1.916180825123348e-10,1.0
0.0,1.0,2.1702242780641257e-10,1.0
0.0,1.0,1.883992128970391e-10,1.0
0.0,1.0,1.9041104803996234e-10,1.0
0.0,1.0,1.8558168890514537e-10,1.0
0.0,1.0,1.9916768234651272e-10,1.0
0.0,1.0,1.8861494310851157e-10,1.0
0.0,1.0,1.9078513768810978e-10,1.0
0.0,1.0,1.8823470560036526e-10,1.0
0.0,1.0,1.9803279849295308e-10,1.0
0.0,1.0,1.8682685953841371e-10,1.0
0.0,1.0,1.9453169630700984e-10,1.0
0.0,1.0,1.9821229380045935e-10,1.0
0.0,1.0,1.9013994545513668e-10,1.0
0.0,1.0,1.9184992483545216e-10,1.0
0.0,1.0,2.90497823717581e-29,1.0
0.0,1.0,1.9447309040909744e-10,1.0
0.0,1.0,1.8725566930388737e-10,1.0
0.0,1.0,5.959310822589714e-10,1.0
0.0,1.0,1.8689599867727225e-10,1.0
0.0,1.0,3.4787014935311333e-10,1.0
0.0,1.0,1.8864515505256918e-10,1.0
0.0,1.0,1.9806982443082433e-10,1.0
0.0,1.0,1.9235776860249132e-10,1.0
0.0,1.0,1.833650314919666e-10,1.0
0.0,1.0,1.8668330770132968e-10,1.0
0.0,1.0,1.9595611244760391e-10,1.0
0.0,1.0,0.0,1.0
0.0,1.0,1.9165864728609705e-10,1.0
0.0,1.0,1.9569962777257957e-28,1.0
0.0,1.0,1.9043792931494608e-10,1.0
0.0,1.0,1.8849877214677235e-10,1.0
0.0,1.0,1.8951755442753182e-10,1.0
0.0,1.0,1.987513903456417e-10,1.0
0.0,1.0,1.8903811849213525e-10,1.0
0.0,1.0,1.954082173849514e-10,1.0
0.0,1.0,2.0900835806969553e-05,0.999957799911499
0.0,1.0,1.8968208947978127e-10,1.0
0.0,1.0,1.9024914976739637e-10,1.0
0.0,1.0,5.666956348626684e-10,1.0
0.0,1.0,2.510165261174575e-24,1.0
0.0,1.0,1.899289892026701e-10,1.0
0.0,1.0,1.9435590636884825e-10,1.0
0.0,1.0,1.9521337324412968e-10,1.0
0.0,1.0,1.9019907870898578e-10,1.0
0.0,1.0,2.0932795774530888e-10,1.0
0.0,1.0,1.916685143932284e-10,1.0
0.0,1.0,1.457456795224757e-13,1.0
0.0,1.0,1.8566523318774841e-10,1.0
0.0,1.0,6.273690554824693e-15,1.0
0.0,1.0,2.1378172843089516e-10,1.0
0.0,1.0,1.9198025114075534e-10,1.0
0.0,1.0,1.8476793706145855e-10,1.0
0.0,1.0,1.9099885562035013e-10,1.0
0.0,1.0,1.9323960487316327e-10,1.0
0.0,1.0,1.8912395260972659e-10,1.0
0.0,1.0,1.9268900364188823e-10,1.0
0.0,1.0,1.8780543786789394e-10,1.0
0.0,1.0,1.9304213783044588e-10,1.0
0.0,1.0,2.1523335891338036e-10,1.0
0.0,1.0,1.93873847531556e-10,1.0
0.0,1.0,1.9142080975864673e-10,1.0
0.0,1.0,2.203164595204754e-10,1.0
0.0,1.0,1.8555477987458602e-10,1.0
0.0,1.0,1.947804556534649e-10,1.0
0.0,1.0,1.987290193516955e-10,1.0
0.0,1.0,1.960301365677708e-10,1.0
0.0,1.0,1.942165733792578e-10,1.0
0.0,1.0,1.9797766204199263e-10,1.0
0.0,1.0,1.8522947065058304e-10,1.0
0.0,1.0,1.8854227901154985e-10,1.0
0.0,1.0,1.835903928881777e-10,1.0
0.0,1.0,1.9383909755088524e-10,1.0
0.0,1.0,1.889346734618158e-10,1.0
0.0,1.0,1.8863580142358671e-10,1.0
0.0,1.0,1.8838051951686197e-10,1.0
0.0,1.0,1.9263241002320797e-10,1.0
0.0,1.0,1.8739000628986702e-10,1.0
0.0,1.0,2.0474581752250032e-10,1.0
0.0,1.0,1.9242603344071796e-10,1.0
0.0,1.0,2.1775550806957256e-10,1.0
0.0,1.0,1.9036565379604298e-10,1.0
0.0,1.0,1.922785403118965e-10,1.0
0.0,1.0,1.8736284745912712e-10,1.0
0.0,1.0,1.9016170582641934e-10,1.0
0.0,1.0,2.0262308497720483e-10,1.0
0.0,1.0,1.9293391884112054e-10,1.0
0.0,1.0,1.8599911888461662e-10,1.0
0.0,1.0,1.888337958222408e-10,1.0
0.0,1.0,2.0031441783086024e-10,1.0
0.0,1.0,1.8754089947670138e-10,1.0
0.0,1.0,1.9363659287119361e-10,1.0
0.0,1.0,1.895048978850511e-10,1.0
0.0,1.0,1.9333508405328104e-10,1.0
0.0,1.0,1.882605460412634e-10,1.0
0.0,1.0,4.984511137173797e-10,1.0
0.0,1.0,1.9807132323190757e-10,1.0
0.0,1.0,0.0,1.0
0.0,1.0,1.8557354264370218e-10,1.0
0.0,1.0,1.9348042612499228e-10,1.0
0.0,1.0,3.757744393428908e-10,1.0
0.0,1.0,1.8810154822634928e-10,1.0
0.0,1.0,1.824255885241044e-10,1.0
0.0,1.0,1.8780292598830073e-10,1.0
0.0,1.0,1.8334193885305439e-10,1.0
0.0,1.0,2.749486471831375e-10,1.0
0.0,1.0,1.9665553907532995e-10,1.0
0.0,1.0,1.8928707212761964e-10,1.0
0.0,1.0,1.8352037944868727e-10,1.0
0.0,1.0,2.1304170927383126e-10,1.0
0.0,1.0,2.8525318545980537e-29,1.0
0.0,1.0,1.882738409619833e-10,1.0
0.0,1.0,1.909973984526303e-10,1.0
0.0,1.0,1.983333081101435e-10,1.0
0.0,1.0,2.0290928659516538e-10,1.0
0.0,1.0,1.8890727870868318e-10,1.0
0.0,1.0,7.952415050476074e-21,1.0
0.0,1.0,1.8773846366393343e-10,1.0
0.0,1.0,2.0078529117117938e-10,1.0
0.0,1.0,1.9264342898672737e-10,1.0
0.0,1.0,1.8759313547001e-10,1.0
0.0,1.0,1.8823470560036526e-10,1.0
0.0,1.0,1.8886621433455986e-10,1.0
0.0,1.0,1.8450380112611242e-10,1.0
0.0,1.0,1.8884027674914705e-10,1.0
0.0,1.0,1.915599762147835e-10,1.0
0.0,1.0,2.0067618400343434e-10,1.0
0.0,1.0,1.8728746331575508e-10,1.0
0.0,1.0,1.9088777780673638e-10,1.0
0.0,1.0,1.938413179969345e-10,1.0
0.0,1.0,3.5212652238492126e-10,1.0
0.0,1.0,1.8848510252578166e-10,1.0
0.0,1.0,1.90285065482243e-10,1.0
0.0,1.0,1.91116567016536e-10,1.0
0.0,1.0,1.8710429039447973e-10,1.0
0.0,1.0,1.8780149657615652e-10,1.0
0.0,1.0,1.9451500132827704e-10,1.0
0.0,1.0,3.3428985801720046e-08,1.0
0.0,1.0,1.8565037007700624e-10,1.0
0.0,1.0,1.8921055000564735e-10,1.0
0.0,1.0,2.188030034933064e-10,1.0
0.0,1.0,1.8914235455635975e-10,1.0
0.0,1.0,1.9274706830607613e-10,1.0
0.0,1.0,3.4988775765576463e-10,1.0
0.0,1.0,3.593236819199319e-10,1.0
0.0,1.0,1.9584664445737587e-10,1.0
0.0,1.0,2.0786580789966536e-10,1.0
0.0,1.0,1.9037436904678628e-10,1.0
0.0,1.0,1.884628147985623e-10,1.0
0.0,1.0,3.089969669023418e-10,1.0
0.0,1.0,2.0855960014554142e-10,1.0
0.0,1.0,1.9353579849834546e-10,1.0
0.0,1.0,1.908965208130553e-10,1.0
0.0,1.0,1.921007519722906e-10,1.0
0.0,1.0,1.9491276648242462e-10,1.0
0.0,1.0,1.9041868082325664e-10,1.0
0.0,1.0,1.969734930717948e-10,1.0
0.0,1.0,1.9600994438651043e-10,1.0
0.0,1.0,2.0895378483043459e-10,1.0
0.0,1.0,1.873585592226945e-10,1.0
0.0,1.0,1.9167180342893886e-10,1.0
0.0,1.0,1.8762247311343572e-10,1.0
0.0,1.0,2.068651500097829e-10,1.0
0.0,1.0,1.8513833521804912e-10,1.0
0.0,1.0,1.8978522919876895e-10,1.0
0.0,1.0,1.8627320519382096e-10,1.0
0.0,1.0,1.821693351722331e-10,1.0
0.0,1.0,2.455278247365349e-21,1.0
0.0,1.0,1.749237699133488e-10,1.0
0.0,1.0,1.7881904290639739e-10,1.0
0.0,1.0,7.281000802272786e-10,1.0
0.0,1.0,1.8217176378509947e-10,1.0
0.0,1.0,1.8354698316791485e-10,1.0
0.0,1.0,7.98474824789257e-16,1.0
0.0,1.0,1.758614642799472e-10,1.0
0.0,1.0,7.060990458995775e-09,1.0
0.0,1.0,0.0,1.0
0.0,1.0,1.7698942311739074e-10,1.0
0.0,1.0,1.8000133328310852e-10,1.0
0.0,1.0,1.7783945149840719e-10,1.0
0.0,1.0,1.7625367831897165e-10,1.0
0.0,1.0,1.779602576412742e-10,1.0
0.0,1.0,1.7897258675070304e-10,1.0
0.0,1.0,1.7860429801785926e-10,1.0
0.0,1.0,2.0044359227977537e-10,1.0
0.0,1.0,1.7963058818182276e-10,1.0
0.0,1.0,1.7838402976977363e-10,1.0
0.0,1.0,1.9244585092170752e-10,1.0
0.0,1.0,4.075399238496671e-37,1.0
0.0,1.0,1.7561276044464336e-10,1.0
0.0,1.0,1.778014679931772e-10,1.0
0.0,1.0,1.7903131754870572e-10,1.0
0.0,1.0,0.0,1.0
0.0,1.0,1.0137662351072288e-37,1.0
0.0,1.0,7.909317412927608e-33,1.0
0.0,1.0,1.1572348093237895e-32,1.0
0.0,1.0,1.212606889566814e-06,0.9999993443489075
0.0,1.0,0.0,1.0
0.0,1.0,2.0031544131064907e-34,1.0
0.0,1.0,5.1074742815098755e-34,1.0
0.0,1.0,1.803515253806509e-10,1.0
0.0,1.0,0.0,1.0
0.0,1.0,4.030391661796224e-38,1.0
0.0,1.0,1.7778044314464836e-10,1.0
0.0,1.0,1.8197798823393896e-10,1.0
0.0,1.0,0.0,1.0
0.0,1.0,1.853446701671757e-10,1.0
0.0,1.0,1.7681599240315649e-10,1.0
0.0,1.0,2.790584993110173e-18,1.0
0.0,1.0,1.7844971333946802e-10,1.0
0.0,1.0,6.973090971428439e-38,1.0
0.0,1.0,0.0,1.0
0.0,1.0,1.7156182207992265e-35,1.0
0.0,1.0,0.0,1.0
0.0,1.0,2.545262359131387e-32,1.0
0.0,1.0,0.0,1.0
0.0,1.0,0.0,1.0
0.0,1.0,3.7674613428961834e-10,1.0
0.0,1.0,1.6028453794609152e-35,1.0
0.0,1.0,9.967510308249521e-32,1.0
0.0,1.0,0.0,1.0
0.0,1.0,1.0932956985494128e-35,1.0
0.0,1.0,2.758178951842489e-18,1.0
0.0,1.0,1.577381003592393e-09,1.0
0.0,1.0,2.4054930269912234e-10,1.0
0.0,1.0,1.7849463573860191e-10,1.0
0.0,1.0,3.748956681473884e-27,1.0
0.0,1.0,7.146583681748693e-27,1.0
0.0,1.0,1.7639897875731947e-10,1.0
0.0,1.0,1.7616966219158314e-10,1.0
0.0,1.0,6.122669918952925e-19,1.0
0.0,1.0,1.7963126819342534e-10,1.0
0.0,1.0,3.734151449140223e-37,1.0
0.0,1.0,1.8148819946883776e-10,1.0
0.0,1.0,1.7905658900030375e-10,1.0
0.0,1.0,1.7783335914955956e-10,1.0
0.0,1.0,1.793300091756933e-10,1.0
0.0,1.0,2.2057900380495418e-35,1.0
0.0,1.0,1.7780621419660747e-10,1.0
0.0,1.0,1.7833402810030208e-10,1.0
0.0,1.0,1.776712943435399e-10,1.0
0.0,1.0,1.7989322531608565e-10,1.0
0.0,1.0,1.5150778377649894e-14,1.0
0.0,1.0,1.8277979130232325e-10,1.0
0.0,1.0,1.7812054609045447e-10,1.0
0.0,1.0,1.7526206874673989e-10,1.0
0.0,1.0,1.79736142635889e-10,1.0
0.0,1.0,1.780723069000345e-10,1.0
0.0,1.0,1.8704505999611598e-10,1.0
0.0,1.0,1.8188879569169814e-10,1.0
0.0,1.0,1.8271496815547295e-10,1.0
0.0,1.0,1.8250528865948468e-10,1.0
0.0,1.0,1.773530350357433e-10,1.0
0.0,1.0,1.775835450912311e-10,1.0
0.0,1.0,1.759554169034061e-10,1.0
0.0,1.0,1.824175949183271e-10,1.0
0.0,1.0,2.0055831995158258e-10,1.0
0.0,1.0,1.3657672111607818e-26,1.0
0.0,1.0,1.7716370037668128e-10,1.0
0.0,1.0,1.3375153162957835e-15,1.0
0.0,1.0,1.2741854612849893e-20,1.0
0.0,1.0,1.7792495254909113e-10,1.0
0.0,1.0,1.74706041300432e-10,1.0
0.0,1.0,1.8325664596918756e-10,1.0
0.0,1.0,5.1642683018826574e-08,0.9999999403953552
0.0,1.0,1.7781910666148093e-10,1.0
0.0,1.0,1.834098012354346e-10,1.0
0.0,1.0,1.8262019674253338e-10,1.0
0.0,1.0,1.827742124316245e-10,1.0
0.0,1.0,1.7960728737609344e-10,1.0
0.0,1.0,1.759191681216521e-10,1.0
0.0,1.0,1.78614859014381e-10,1.0
0.0,1.0,1.8072617014031067e-10,1.0
0.0,1.0,2.0891394170163835e-10,1.0
0.0,1.0,1.243594810462767e-11,1.0
0.0,1.0,1.8050982930617465e-10,1.0
0.0,1.0,1.7636128668563344e-10,1.0
0.0,1.0,1.7768823912245324e-10,1.0
0.0,1.0,1.8054907569009515e-10,1.0
0.0,1.0,1.7666092200219197e-10,1.0
0.0,1.0,1.7795143136822844e-10,1.0
0.0,1.0,1.7531756602018334e-10,1.0
0.0,1.0,3.5827690027380627e-20,1.0
0.0,1.0,6.199530905998119e-13,1.0
0.0,1.0,1.7994297718537666e-10,1.0
0.0,1.0,1.8000992363376156e-10,1.0
0.0,1.0,1.7955385789303335e-10,1.0
0.0,1.0,1.757893691722856e-10,1.0
0.0,1.0,1.774024260825513e-10,1.0
0.0,1.0,1.8184197203563457e-10,1.0
0.0,1.0,1.8967195869468156e-10,1.0
0.0,1.0,1.7807841312666994e-10,1.0
0.0,1.0,3.7957511843854164e-36,1.0
0.0,1.0,1.8221242570337637e-10,1.0
0.0,1.0,3.239005271212162e-38,1.0
0.0,1.0,4.863362486437917e-15,1.0
0.0,1.0,1.9442598919727772e-10,1.0
0.0,1.0,1.7669395113717457e-10,1.0
0.0,1.0,1.7472336077961614e-10,1.0
0.0,1.0,1.769124707839964e-10,1.0
0.0,1.0,1.8030577031424855e-10,1.0
0.0,1.0,1.7693575771193792e-10,1.0
0.0,1.0,2.0037325965116537e-10,1.0
0.0,1.0,1.779378588917524e-10,1.0
0.0,1.0,1.8176256333379825e-10,1.0
0.0,1.0,6.25619519966476e-23,1.0
0.0,1.0,1.811755329095277e-10,1.0
0.0,1.0,1.8986308358837078e-10,1.0
0.0,1.0,1.842744984381639e-10,1.0
0.0,1.0,2.9192953832080093e-08,0.9999999403953552
0.0,1.0,1.7280112063478015e-10,1.0
0.0,1.0,1.7908356741980214e-10,1.0
0.0,1.0,1.7473203439699603e-10,1.0
0.0,1.0,1.767923862860954e-10,1.0
0.0,1.0,7.218013686749458e-11,1.0
0.0,1.0,1.7698199850091356e-10,1.0
0.0,1.0,1.0772223113519885e-09,1.0
0.0,1.0,1.791481407664719e-10,1.0
0.0,1.0,1.7523534012742203e-10,1.0
0.0,1.0,1.7761708770436258e-10,1.0
0.0,1.0,1.742437999441293e-10,1.0
0.0,1.0,1.7905932292450188e-10,1.0
0.0,1.0,1.3614179117382719e-08,1.0
0.0,1.0,1.7738280289059105e-10,1.0
0.0,1.0,1.820446432487799e-10,1.0
0.0,1.0,2.364346274319473e-09,1.0
0.0,1.0,2.6119442056067165e-22,1.0
0.0,1.0,3.185275272699073e-05,0.9999647736549377
0.0,1.0,1.7335274882235296e-10,1.0
0.0,1.0,1.7503490323811377e-10,1.0
0.0,1.0,1.765066703907081e-10,1.0
0.0,1.0,1.7832177401366778e-10,1.0
0.0,1.0,1.7797417706244545e-10,1.0
0.0,1.0,1.7765773574485166e-10,1.0
0.0,1.0,1.774816266175705e-10,1.0
0.0,1.0,1.836509833097466e-10,1.0
0.0,1.0,4.399995343572623e-27,1.0
0.0,1.0,1.79189149629444e-10,1.0
0.0,1.0,1.8056699191415504e-10,1.0
0.0,1.0,1.7570991883708587e-10,1.0
0.0,1.0,1.772083035866956e-10,1.0
0.0,1.0,1.7750972913788132e-10,1.0
0.0,1.0,1.8545853741613882e-10,1.0
0.0,1.0,1.7782147976319607e-10,1.0
0.0,1.0,1.7605544799792483e-10,1.0
0.0,1.0,1.7758862436156875e-10,1.0
0.0,1.0,1.6420001469619194e-10,1.0
0.0,1.0,1.6420377557668786e-10,1.0
0.0,1.0,1.5339252001922432e-07,0.9999998211860657
0.0,1.0,1.6794809987175086e-10,1.0
0.0,1.0,1.1865596085618484e-24,1.0
0.0,1.0,0.0,1.0
0.0,1.0,1.6420752257939597e-10,1.0
0.0,1.0,1.6418309767285422e-10,1.0
0.0,1.0,1.6418810755425284e-10,1.0
0.0,1.0,3.8879430230842615e-10,1.0
0.0,1.0,1.645480141032607e-10,1.0
0.0,1.0,1.6585693929371814e-10,1.0
0.0,1.0,1.1656174914165263e-09,1.0
0.0,1.0,4.583173785390063e-24,1.0
0.0,1.0,1.6427048610268002e-10,1.0
0.0,1.0,1.6417307791005697e-10,1.0
0.0,1.0,6.290043330636763e-08,0.9999999403953552
0.0,1.0,1.6421536352950739e-10,1.0
0.0,1.0,1.6420032000752371e-10,1.0
0.0,1.0,1.6435448835228073e-10,1.0
0.0,1.0,1.6420564907804192e-10,1.0
0.0,1.0,1.6419061943384605e-10,1.0
0.0,1.0,4.495313010721702e-10,1.0
0.0,1.0,1.732707727297722e-10,1.0
0.0,1.0,1.6647813683157153e-10,1.0
0.0,1.0,1.6420878545808648e-10,1.0
0.0,1.0,1.6430715121806827e-10,1.0
0.0,1.0,1.643281483110215e-10,1.0
0.0,1.0,1.6446943362780075e-08,1.0
0.0,1.0,1.6418748305380149e-10,1.0
0.0,1.0,1.6425294457889095e-10,1.0
0.0,1.0,1.6425827364940915e-10,1.0
0.0,1.0,1.643961772268554e-10,1.0
0.0,1.0,5.762584756623638e-20,1.0
0.0,1.0,1.5290279407054186e-06,0.9999983906745911
0.0,1.0,3.216094890401422e-10,1.0
0.0,1.0,1.684546807600995e-10,1.0
0.0,1.0,1.6432062655002966e-10,1.0
0.0,1.0,1.6831624982671656e-10,1.0
0.0,1.0,1.665327598043831e-10,1.0
0.0,1.0,1.2945437466947967e-14,1.0
0.0,1.0,2.4853893592080567e-06,0.9999974370002747
0.0,1.0,0.0,1.0
0.0,1.0,2.1240722514193067e-09,1.0
0.0,1.0,0.0,1.0
0.0,1.0,1.065697802005161e-06,0.9999971985816956
0.0,1.0,1.6517912038160887e-10,1.0
0.0,1.0,1.6844087236123073e-10,1.0
0.0,1.0,1.642322805528451e-10,1.0
0.0,1.0,1.6423007398458367e-10,1.0
0.0,1.0,1.6421880522088372e-10,1.0
0.0,1.0,6.5191335960493704e-21,1.0
0.0,1.0,1.6419750281659873e-10,1.0
0.0,1.0,1.641924929352001e-10,1.0
0.0,1.0,1.6716351913803607e-10,1.0
0.0,1.0,0.0,1.0
0.0,1.0,1.6416806802865835e-10,1.0
0.0,1.0,1.899473112132455e-08,1.0
0.0,1.0,1.1608295436005278e-09,1.0
0.0,1.0,1.714383912609918e-10,1.0
0.0,1.0,3.231241663126383e-12,1.0
0.0,1.0,1.6421347615036552e-10,1.0
0.0,1.0,1.6440872274703366e-10,1.0
0.0,1.0,1.6422944948413232e-10,1.0
0.0,1.0,2.6419511414133012e-06,0.9999972581863403
0.0,1.0,1.6419438031434197e-10,1.0
0.0,1.0,1.2052865372425003e-09,1.0
0.0,1.0,0.001106465351767838,0.9988360404968262
0.0,1.0,3.325864028624892e-10,1.0
0.0,1.0,1.644940433864761e-10,1.0
0.0,1.0,1.6549606129956373e-10,1.0
0.0,1.0,1.6419625381569602e-10,1.0
0.0,1.0,1.6421347615036552e-10,1.0
0.0,1.0,1.642482538866119e-10,1.0
0.0,1.0,1.6418748305380149e-10,1.0
0.0,1.0,1.6418497117420827e-10,1.0
0.0,1.0,1.6424103743695184e-10,1.0
0.0,1.0,1.64188745932492e-10,1.0
0.0,1.0,0.0,1.0
0.0,1.0,1.641912439342974e-10,1.0
0.0,1.0,1.6422067872223778e-10,1.0
0.0,1.0,1.6418184867195151e-10,1.0
0.0,1.0,1.6430246052578923e-10,1.0
0.0,1.0,4.267163240001537e-05,0.999953031539917
0.0,1.0,3.266477366370424e-11,1.0
0.0,1.0,1.6452479656425822e-10,1.0
0.0,1.0,1.6438803096541221e-10,1.0
0.0,1.0,0.0,1.0
0.0,1.0,1.6418122417150016e-10,1.0
0.0,1.0,1.6425263926755918e-10,1.0
0.0,1.0,1.6427832705279144e-10,1.0
0.0,1.0,1.6418967574427512e-10,1.0
0.0,1.0,4.675021259004097e-09,1.0
0.0,1.0,2.4447340209361474e-15,1.0
0.0,1.0,1.6425012738796596e-10,1.0
0.0,1.0,1.6417214809827385e-10,1.0
0.0,1.0,1.6427269267094147e-10,1.0
0.0,1.0,1.6419500481479332e-10,1.0
0.0,1.0,1.669092780653969e-10,1.0
0.0,1.0,1.6418810755425284e-10,1.0
0.0,1.0,1.6419061943384605e-10,1.0
0.0,1.0,2.535162764161214e-07,0.9999997615814209
0.0,1.0,1.641661945273043e-10,1.0
0.0,1.0,1.6420251269799735e-10,1.0
0.0,1.0,1.645345110157237e-10,1.0
0.0,1.0,1.643121749772547e-10,1.0
0.0,1.0,1.6418810755425284e-10,1.0
0.0,1.0,2.118562747455144e-08,1.0
0.0,1.0,0.0,1.0
0.0,1.0,1.643372382620356e-10,1.0
0.0,1.0,9.197957950846103e-10,1.0
0.0,1.0,1.6448180317762962e-10,1.0
0.0,1.0,1.6432188942872017e-10,1.0
0.0,1.0,0.0,1.0
0.0,1.0,5.644548370375979e-11,1.0
0.0,1.0,1.6417496528919884e-10,1.0
0.0,1.0,2.682978839096961e-10,1.0
0.0,1.0,1.6424260562697413e-10,1.0
0.0,1.0,1.6418122417150016e-10,1.0
0.0,1.0,3.047342933548691e-10,1.0
0.0,1.0,0.0,1.0
0.0,1.0,0.0005448256270028651,0.9994363784790039
0.0,1.0,1.641859148637792e-10,1.0
0.0,1.0,1.6587148321534073e-10,1.0
0.0,1.0,1.6419687831614738e-10,1.0
0.0,1.0,1.64223190601831e-10,1.0
0.0,1.0,1.6969430027824473e-10,1.0
0.0,1.0,1.6442754102730106e-10,1.0
0.0,1.0,2.120048164799826e-10,1.0
0.0,1.0,3.3152364187216676e-10,1.0
0.0,1.0,6.371864458287746e-08,0.9999999403953552
0.0,1.0,1.6710136052644486e-10,1.0
0.0,1.0,1.6680774816979493e-10,1.0
0.0,1.0,1.641477093139443e-10,1.0
0.0,1.0,1.6579178307996045e-10,1.0
0.0,1.0,7.735421192478498e-09,1.0
0.0,1.0,2.880432532492705e-07,0.9999997615814209
0.0,1.0,2.4152557287493437e-08,1.0
0.0,1.0,1.6420470538847098e-10,1.0
0.0,1.0,3.914399258064805e-06,0.9999943971633911
0.0,1.0,1.6419812731705008e-10,1.0
0.0,1.0,1.642125463385824e-10,1.0
0.0,1.0,1.6424761550837275e-10,1.0
0.0,1.0,1.6419218762386834e-10,1.0
0.0,1.0,1.6418623405289878e-10,1.0
0.0,1.0,1.642777025523401e-10,1.0
0.0,1.0,1.1337810690292827e-09,1.0
0.0,1.0,1.6421942972133508e-10,1.0
0.0,1.0,1.642044000771392e-10,1.0
0.0,1.0,1.6434602290171796e-10,1.0
0.0,1.0,1.642162933412905e-10,1.0
0.0,1.0,1.6451788542592993e-10,1.0
0.0,1.0,3.256725999989385e-09,1.0
0.0,1.0,1.6420502457759056e-10,1.0
0.0,1.0,1.660145493298515e-10,1.0
0.0,1.0,1.6434602290171796e-10,1.0
0.0,1.0,2.0574250636506974e-10,1.0
0.0,1.0,1.6423321036462823e-10,1.0
0.0,1.0,1.6629027321801715e-10,1.0
0.0,1.0,1.6439680172730675e-10,1.0
0.0,1.0,2.10289545066189e-06,0.9999975562095642
0.0,1.0,1.9679925744586768e-10,1.0
0.0,1.0,1.6419061943384605e-10,1.0
0.0,1.0,1.4228064559862474e-10,1.0
0.0,1.0,1.6423133686327418e-10,1.0
0.0,1.0,6.594108725721526e-08,0.9999998807907104
0.0,1.0,1.6417871229190695e-10,1.0
0.0,1.0,1.641846658628765e-10,1.0
0.0,1.0,1.3394424506676365e-19,1.0
0.0,1.0,1.6528722834863174e-10,1.0
0.0,1.0,3.874336962361724e-10,1.0
0.0,1.0,6.774508176654592e-10,1.0
0.0,1.0,1.6418372217330557e-10,1.0
0.0,1.0,1.6421192183813105e-10,1.0
0.0,1.0,1.6716543427275354e-10,1.0
0.0,1.0,1.6423572224422145e-10,1.0
0.0,1.0,1.6420502457759056e-10,1.0
0.0,1.0,1.642219416009283e-10,1.0
0.0,1.0,1.6446893846833177e-10,1.0
0.0,1.0,1.641649455264016e-10,1.0
0.0,1.0,1.6421942972133508e-10,1.0
0.0,1.0,1.7756642378685683e-08,1.0
0.0,1.0,1.6422725679365868e-10,1.0
0.0,1.0,0.0,1.0
0.0,1.0,1.6424668569658962e-10,1.0
0.0,1.0,1.64223190601831e-10,1.0
0.0,1.0,8.045380184285023e-08,0.9999998211860657
0.0,1.0,0.0029900555964559317,0.9969367384910583
0.0,1.0,7.19023297390646e-14,1.0
0.0,1.0,1.6419061943384605e-10,1.0
0.0,1.0,1.665959870056355e-10,1.0
0.0,1.0,1.6888448972629533e-10,1.0
0.0,1.0,1.6730099250406028e-10,1.0
0.0,1.0,1.641768387905529e-10,1.0
0.0,1.0,2.719410419069222e-24,1.0
0.0,1.0,1.6417245340960562e-10,1.0
0.0,1.0,1.6417370241050833e-10,1.0
