1.0,0.0,0.9999998211860657,2.0481522255977325e-07
1.0,0.0,0.9999954104423523,4.993236871086992e-06
1.0,0.0,0.9999996423721313,3.9379176541842753e-07
1.0,0.0,0.9999990463256836,1.037094762068591e-06
1.0,0.0,1.0,1.062024600206879e-11
1.0,0.0,0.999998927116394,1.161876525657135e-06
1.0,0.0,0.9999956488609314,4.704143520939397e-06
1.0,0.0,0.9999985098838806,1.6258372852462344e-06
1.0,0.0,0.9999982714653015,1.8690066099225078e-06
1.0,0.0,0.9999993443489075,7.403153290397313e-07
1.0,0.0,0.999997079372406,3.2491725505678914e-06
1.0,0.0,0.9999974370002747,2.7748233151214663e-06
1.0,0.0,0.9999969601631165,3.2885511700442294e-06
1.0,0.0,0.9999862313270569,1.4992014257586561e-05
1.0,0.0,0.9999998211860657,1.7773544414012576e-07
1.0,0.0,0.9999982714653015,1.8915933424068498e-06
1.0,0.0,0.9999998807907104,1.3579497704085952e-07
1.0,0.0,0.9999960660934448,4.358380010671681e-06
1.0,0.0,1.0,3.9370354018224365e-19
1.0,0.0,0.9999999403953552,4.493406180472448e-08
1.0,0.0,0.9999997615814209,2.786451318570471e-07
1.0,0.0,0.9999998211860657,1.992690101815242e-07
1.0,0.0,1.0,1.6134213964846822e-08
1.0,0.0,0.9999948740005493,5.464438345370581e-06
1.0,0.0,0.9999994039535522,6.530775067403738e-07
1.0,0.0,0.9999984502792358,1.5538163324890775e-06
1.0,0.0,0.9999861121177673,1.4965616173867602e-05
1.0,0.0,0.9999949932098389,5.46823366676108e-06
1.0,0.0,0.9999963045120239,4.106595497432863e-06
1.0,0.0,0.9999806880950928,2.1286974515533075e-05
1.0,0.0,0.9999997615814209,2.8863559009550954e-07
1.0,0.0,0.9999871253967285,1.3559968465415295e-05
1.0,0.0,0.9999990463256836,1.022431888486608e-06
1.0,0.0,0.9999998211860657,1.9742962820146204e-07
1.0,0.0,0.9999754428863525,2.6751698896987364e-05
1.0,0.0,0.9999988079071045,1.3011804185225628e-06
1.0,0.0,0.9999993443489075,7.221618147923436e-07
1.0,0.0,0.999997615814209,2.618141024868237e-06
1.0,0.0,0.999998152256012,1.9882495507772546e-06
1.0,0.0,0.9999997615814209,2.785048422992986e-07
1.0,0.0,0.9999979734420776,2.2195861220097868e-06
1.0,0.0,0.9999915361404419,9.049507752934005e-06
1.0,0.0,0.999996542930603,3.755480747713591e-06
1.0,0.0,0.9999994039535522,6.930287099748966e-07
1.0,0.0,0.9999992251396179,7.942633715174452e-07
1.0,0.0,0.9999971985816956,3.0983519536675885e-06
1.0,0.0,0.999986469745636,1.4473316696239635e-05
1.0,0.0,0.999937891960144,6.762306293239817e-05
1.0,0.0,0.9999983906745911,1.7525924249639502e-06
1.0,0.0,0.9999834895133972,1.6644053175696172e-05
1.0,0.0,0.9999967813491821,3.44168165611336e-06
1.0,0.0,0.999993622303009,6.666541139566107e-06
1.0,0.0,0.9999977350234985,2.3967677407199517e-06
1.0,0.0,0.999994695186615,5.793632226414047e-06
1.0,0.0,0.999998927116394,1.1884228570124833e-06
1.0,0.0,0.9999985098838806,1.6265553313132841e-06
1.0,0.0,0.9999969601631165,3.3146659461635863e-06
1.0,0.0,0.9999979138374329,2.260106384710525e-06
1.0,0.0,0.9999696612358093,3.10909999825526e-05
1.0,0.0,0.9999925494194031,8.222636097343639e-06
1.0,0.0,0.9999887347221375,1.2606560630956665e-05
1.0,0.0,0.9999997615814209,2.781451939881663e-07
1.0,0.0,0.9999997615814209,2.7907753974432126e-07
1.0,0.0,0.9999971985816956,2.8889469376736088e-06
1.0,0.0,0.9999910593032837,9.803143257158808e-06
1.0,0.0,0.9999945759773254,5.90481386097963e-06
1.0,0.0,1.0,1.862292542398336e-09
1.0,0.0,0.9999936819076538,6.56619158689864e-06
1.0,0.0,0.9999990463256836,1.0174992439715425e-06
1.0,0.0,0.9999946355819702,5.679293735738611e-06
1.0,0.0,0.9999889731407166,1.200575479742838e-05
1.0,0.0,0.9999523758888245,5.1930019253632054e-05
1.0,0.0,0.9999789595603943,2.157534981961362e-05
1.0,0.0,0.9999992251396179,8.255339594143152e-07
1.0,0.0,0.9999991655349731,8.493140057908022e-07
1.0,0.0,0.9999669790267944,3.43380706908647e-05
1.0,0.0,0.9998074173927307,0.00019691165653057396
1.0,0.0,0.9999986886978149,1.4257725524657872e-06
1.0,0.0,0.9999870657920837,1.3363041944103315e-05
1.0,0.0,0.9999994039535522,6.786029302929819e-07
1.0,0.0,0.999994695186615,5.891067758057034e-06
1.0,0.0,0.9999983906745911,1.7747470337781124e-06
1.0,0.0,0.9999930262565613,6.988472250668565e-06
1.0,0.0,0.9995086193084717,0.0007742709130980074
1.0,0.0,0.9999935030937195,6.57179862173507e-06
1.0,0.0,0.9999911189079285,9.293177754443604e-06
1.0,0.0,1.0,0.0
1.0,0.0,0.9999645352363586,3.865174585371278e-05
1.0,0.0,1.0,8.102609555526996e-11
1.0,0.0,0.9999973773956299,2.935229986178456e-06
1.0,0.0,0.999998927116394,1.1855000821014983e-06
1.0,0.0,0.9999995827674866,4.7073652353901707e-07
1.0,0.0,0.9999991655349731,8.644774993626925e-07
1.0,0.0,0.9999999403953552,6.523453777163013e-08
1.0,0.0,0.9999969601631165,3.299055379102356e-06
1.0,0.0,0.9999996423721313,4.1884064216901606e-07
1.0,0.0,0.9999996423721313,4.0228687225862814e-07
1.0,0.0,0.9999998211860657,2.0649012810736167e-07
1.0,0.0,1.0,4.980905281615621e-19
1.0,0.0,1.0,3.6371252553788966e-14
1.0,0.0,1.0,1.585515229254748e-33
1.0,0.0,0.9999998807907104,1.2116966274788865e-07
1.0,0.0,0.9999988079071045,1.3323176517587854e-06
1.0,0.0,1.0,0.0
1.0,0.0,0.9999998807907104,1.564679052989959e-07
1.0,0.0,0.9999977946281433,2.4726512037887005e-06
1.0,0.0,0.9999961853027344,4.1877065086737275e-06
1.0,0.0,0.9999995827674866,4.8969911858876e-07
1.0,0.0,1.0,1.36642315240465e-08
1.0,0.0,0.9999876022338867,1.3055395356786903e-05
1.0,0.0,1.0,0.0
1.0,0.0,0.9999985098838806,1.626049765945936e-06
1.0,0.0,0.9999997615814209,2.379120189743844e-07
1.0,0.0,0.9999992847442627,7.708183602517238e-07
1.0,0.0,0.9999481439590454,5.326485916157253e-05
1.0,0.0,0.999997079372406,3.1780430163053097e-06
1.0,0.0,0.9999866485595703,1.4805151295149699e-05
1.0,0.0,0.9999967813491821,3.451098109508166e-06
1.0,0.0,0.999995231628418,4.77681032862165e-06
1.0,0.0,0.9999929070472717,7.52281584937009e-06
1.0,0.0,0.9999973773956299,2.798371042445069e-06
1.0,0.0,0.9999992251396179,8.50017329412367e-07
1.0,0.0,0.9999999403953552,3.431153672295295e-08
1.0,0.0,0.9999881386756897,1.2846167010138743e-05
1.0,0.0,0.9999996423721313,3.808474389188632e-07
1.0,0.0,0.9999985694885254,1.5426716117872274e-06
1.0,0.0,0.9999982118606567,1.951179456227692e-06
1.0,0.0,0.9999984502792358,1.6510342675246648e-06
1.0,0.0,0.9999994039535522,6.134481509434409e-07
1.0,0.0,0.9999982714653015,1.895931518447469e-06
1.0,0.0,0.9998424649238586,0.00016207950829993933
1.0,0.0,0.9999966025352478,3.7680692912545055e-06
1.0,0.0,0.999998152256012,2.017294264078373e-06
1.0,0.0,0.9999879002571106,1.281771528738318e-05
1.0,0.0,0.9999998807907104,1.1281831291398703e-07
1.0,0.0,0.9999992847442627,8.009075145309907e-07
1.0,0.0,1.0,1.9716131803354173e-15
1.0,0.0,0.9999995231628418,5.259965973891667e-07
1.0,0.0,1.0,0.0
1.0,0.0,0.9999986886978149,1.3568873100666679e-06
1.0,0.0,0.9999997019767761,3.034837732229789e-07
1.0,0.0,0.9999937415122986,6.878617568872869e-06
1.0,0.0,0.9999996423721313,3.725786541508569e-07
1.0,0.0,0.9999982118606567,1.948535100382287e-06
1.0,0.0,0.9999983310699463,1.8293870880370378e-06
1.0,0.0,0.9999907612800598,1.0151975402550306e-05
1.0,0.0,0.9999997019767761,2.9641967103088973e-07
1.0,0.0,1.0,0.0
1.0,0.0,0.9999980926513672,2.077746103168465e-06
1.0,0.0,0.9999955892562866,4.799143425771035e-06
1.0,0.0,0.9999987483024597,1.4101485703577055e-06
1.0,0.0,0.9999986290931702,1.5216890005831374e-06
1.0,0.0,0.9999992251396179,8.556879151910834e-07
1.0,0.0,0.9999954104423523,5.0256753638677765e-06
1.0,0.0,0.9999951720237732,5.2372643040143885e-06
1.0,0.0,0.9999997615814209,2.805329017974145e-07
1.0,0.0,0.9999995231628418,4.875806780546554e-07
1.0,0.0,0.9999988675117493,1.240118308487581e-06
1.0,0.0,0.9999997615814209,2.811266597291251e-07
1.0,0.0,0.9979527592658997,0.0023705933708697557
1.0,0.0,0.9999984502792358,1.6601682091277326e-06
1.0,0.0,0.999999463558197,5.889179988116666e-07
1.0,0.0,0.9999932050704956,7.3872670327546075e-06
1.0,0.0,0.9999960064888,4.397818884172011e-06
1.0,0.0,0.9998738169670105,0.00013574800686910748
1.0,0.0,0.9999997615814209,1.8868624351853214e-07
1.0,0.0,0.999997079372406,3.1734516596770845e-06
1.0,0.0,0.9999926090240479,7.772999197186437e-06
1.0,0.0,1.0,0.0
1.0,0.0,0.9999759793281555,2.692897578526754e-05
1.0,0.0,0.9999972581863403,2.8750587262038607e-06
1.0,0.0,0.9999973773956299,2.889660663640825e-06
1.0,0.0,0.9999972581863403,2.99894804811629e-06
1.0,0.0,0.9999995827674866,4.2940416733472375e-07
1.0,0.0,0.9999966025352478,3.7208476442174288e-06
1.0,0.0,0.9999996423721313,3.240021726469422e-07
1.0,0.0,0.9999934434890747,7.1082245085563045e-06
1.0,0.0,0.9999400973320007,6.144723738543689e-05
1.0,0.0,1.0,2.6680326846093683e-17
1.0,0.0,0.9999987483024597,1.400085011482588e-06
1.0,0.0,0.9999867081642151,1.4019906302564777e-05
1.0,0.0,0.9988272190093994,0.0012212349101901054
1.0,0.0,0.9999887943267822,1.5208682270895224e-05
1.0,0.0,0.9999871253967285,1.3894429685024079e-05
1.0,0.0,0.9999998211860657,2.0692046120984742e-07
1.0,0.0,0.9999972581863403,2.985111677844543e-06
1.0,0.0,0.9999985694885254,1.4570748589903815e-06
1.0,0.0,0.9999752044677734,2.6151956262765452e-05
1.0,0.0,0.9999973773956299,2.8217659746587742e-06
1.0,0.0,1.0,2.3471142347712528e-17
1.0,0.0,1.0,2.0777401882281747e-16
1.0,0.0,0.9999972581863403,2.945886308225454e-06
1.0,0.0,0.9999997019767761,3.5354389638087014e-07
1.0,0.0,0.999999463558197,5.655289214701043e-07
1.0,0.0,0.9998746514320374,0.00013536075130105019
1.0,0.0,0.9999999403953552,7.172720728476634e-08
1.0,0.0,0.9999593496322632,3.9948212361196056e-05
1.0,0.0,0.9999461770057678,5.670963219017722e-05
1.0,0.0,0.999997079372406,3.178103725076653e-06
1.0,0.0,1.0,6.008600678506097e-19
1.0,0.0,0.9999991059303284,9.467402151130955e-07
1.0,0.0,1.0,0.0
1.0,0.0,0.9999856948852539,1.567671642987989e-05
1.0,0.0,0.9999949336051941,5.506703473656671e-06
1.0,0.0,0.999998152256012,2.0629402115446283e-06
1.0,0.0,0.9999991655349731,9.450893685425399e-07
1.0,0.0,0.9999916553497314,1.010648520605173e-05
1.0,0.0,0.9999988079071045,1.2966985423190636e-06
1.0,0.0,1.0,0.0
1.0,0.0,0.9999998211860657,2.1406658845535276e-07
1.0,0.0,4.527034502203441e-15,1.0
1.0,0.0,1.0,9.899173036842512e-09
1.0,0.0,0.9999993443489075,7.461786140083859e-07
1.0,0.0,0.9999917149543762,8.94091499503702e-06
1.0,0.0,0.9999970197677612,3.2835496313055046e-06
1.0,0.0,0.9999907612800598,9.229761417373084e-06
1.0,0.0,0.999993085861206,7.289654149644775e-06
1.0,0.0,0.9999900460243225,1.0519887837290298e-05
1.0,0.0,0.9999992251396179,8.514387559444003e-07
1.0,0.0,1.0,8.256358749891852e-25
1.0,0.0,0.9999527335166931,5.021123797632754e-05
1.0,0.0,0.9999955892562866,4.8401329877378885e-06
1.0,0.0,0.9999992251396179,7.738308340776712e-07
1.0,0.0,0.9999963045120239,4.030390300613362e-06
1.0,0.0,0.9999984502792358,1.6800469211375457e-06
1.0,0.0,0.9999997615814209,2.864024963855627e-07
1.0,0.0,0.9999687671661377,3.3597014407860115e-05
1.0,0.0,0.999994695186615,5.7126953834085725e-06
1.0,0.0,0.9999994039535522,6.449416218856641e-07
1.0,0.0,0.9999998211860657,2.063477921865342e-07
1.0,0.0,0.999994695186615,5.733556008635787e-06
1.0,0.0,0.9999993443489075,7.08785137248924e-07
1.0,0.0,0.9999997019767761,2.919783241850382e-07
1.0,0.0,0.9999980330467224,2.1805865344504127e-06
1.0,0.0,0.9999998211860657,2.1151554108200799e-07
1.0,0.0,0.9999973773956299,2.80085691883869e-06
1.0,0.0,1.0,5.256878932158315e-09
1.0,0.0,0.9999988079071045,1.2831006870328565e-06
1.0,0.0,0.9999762773513794,2.3600712665938772e-05
1.0,0.0,1.0,0.0
1.0,0.0,0.9999977350234985,2.442769755361951e-06
1.0,0.0,0.9999932646751404,7.42598876968259e-06
1.0,0.0,0.9999999403953552,6.723473688907688e-08
1.0,0.0,0.9999961256980896,4.194381290290039e-06
1.0,0.0,0.9999986290931702,1.4978076023908216e-06
1.0,0.0,0.9999953508377075,4.9778318498283625e-06
1.0,0.0,0.9999938011169434,6.722339549014578e-06
1.0,0.0,0.9999938607215881,6.6668462750385515e-06
1.0,0.0,0.9999997615814209,2.423726925826486e-07
1.0,0.0,0.9999975562095642,2.676598342077341e-06
1.0,0.0,0.9999974370002747,2.7421972390584415e-06
1.0,0.0,0.999991774559021,8.464954589726403e-06
1.0,0.0,0.9999997019767761,3.399161414563423e-07
1.0,0.0,0.999998927116394,1.120996785175521e-06
1.0,0.0,0.9999967217445374,3.555218199835508e-06
1.0,0.0,0.9999982714653015,1.8295127119927201e-06
1.0,0.0,0.9999967217445374,3.5734449284063885e-06
1.0,0.0,0.9999988675117493,1.2465782219805988e-06
1.0,0.0,0.9999268651008606,7.96497697592713e-05
1.0,0.0,0.9999918937683105,8.729437467991374e-06
1.0,0.0,0.9999985694885254,1.5889672795310616e-06
1.0,0.0,0.9999912977218628,9.593843060429208e-06
1.0,0.0,0.9999977350234985,2.4780026706139324e-06
1.0,0.0,1.0,1.6531378488338078e-09
1.0,0.0,0.9999992847442627,7.311142553589889e-07
1.0,0.0,0.9999963045120239,4.031466687592911e-06
1.0,0.0,0.9999983906745911,1.8109801658283686e-06
1.0,0.0,0.9999993443489075,7.071053573781683e-07
1.0,0.0,0.9999963641166687,3.9899859984871e-06
1.0,0.0,1.0,0.0
1.0,0.0,0.9999870657920837,1.4185045074555092e-05
1.0,0.0,0.9999960660934448,4.305311904317932e-06
1.0,0.0,1.0,1.8181085525981189e-09
1.0,0.0,0.9999998807907104,1.0555459795114075e-07
1.0,0.0,0.999998152256012,2.0023285287606996e-06
1.0,0.0,0.9999933838844299,7.105418717401335e-06
1.0,0.0,0.9999986290931702,1.4711239373355056e-06
1.0,0.0,0.9999997019767761,3.0664733685625833e-07
1.0,0.0,0.999989926815033,1.0696631761675235e-05
1.0,0.0,0.9999988675117493,1.2363394716885523e-06
1.0,0.0,1.0,0.0
1.0,0.0,0.999999463558197,5.488863052960369e-07
1.0,0.0,0.9999949932098389,5.496844551089453e-06
1.0,0.0,0.9999998807907104,1.1546332956413607e-07
1.0,0.0,1.0,0.0
1.0,0.0,0.9999931454658508,7.347534847212955e-06
1.0,0.0,0.9999992847442627,7.990490189513366e-07
1.0,0.0,0.9999998807907104,1.221314249733041e-07
1.0,0.0,0.9998042583465576,0.00034132710425183177
1.0,0.0,0.9999977946281433,2.4168862182705197e-06
1.0,0.0,1.0,2.4889171612585415e-08
1.0,0.0,0.9999996423721313,4.1890297097779694e-07
1.0,0.0,0.9999969601631165,3.310748525109375e-06
1.0,0.0,0.9999992251396179,8.12596510968433e-07
1.0,0.0,0.9999995827674866,4.4781890551348624e-07
1.0,0.0,0.9999698996543884,3.0984181648818776e-05
1.0,0.0,0.999999463558197,5.620362344416208e-07
1.0,0.0,0.9999984502792358,1.7184486296173418e-06
1.0,0.0,0.999972939491272,2.811180274875369e-05
1.0,0.0,0.9999343156814575,0.00011090648331446573
1.0,0.0,1.0,3.135658488417903e-08
1.0,0.0,0.999997615814209,2.579072315711528e-06
1.0,0.0,0.9999980330467224,2.1736020698881475e-06
1.0,0.0,0.9999998807907104,1.1323654547368278e-07
1.0,0.0,0.9999985694885254,1.5524506125075277e-06
1.0,0.0,1.0,2.1788869375427566e-08
1.0,0.0,0.9999948143959045,5.768877599621192e-06
1.0,0.0,0.9999967217445374,3.568145984900184e-06
1.0,0.0,0.9999991059303284,9.41893347317091e-07
1.0,0.0,0.9999817609786987,1.912758671096526e-05
1.0,0.0,0.9999997019767761,3.0859237654112803e-07
1.0,0.0,0.9999986290931702,1.5078959449965623e-06
1.0,0.0,1.0,1.1184602133340604e-09
1.0,0.0,0.9999971985816956,2.8787408155039884e-06
1.0,0.0,0.9999998807907104,1.1212102180024885e-07
1.0,0.0,0.9999998211860657,1.666504090280796e-07
1.0,0.0,0.9999998211860657,1.6386940160373342e-07
1.0,0.0,1.0,1.6187492096173787e-33
1.0,0.0,0.999997079372406,3.1863614822214004e-06
1.0,0.0,0.9999932646751404,7.402592018479481e-06
1.0,0.0,1.0,6.355499682086929e-09
1.0,0.0,0.9999964833259583,3.734128085852717e-06
1.0,0.0,0.9999142289161682,8.276200242107734e-05
1.0,0.0,0.9999989867210388,1.0718765679484932e-06
1.0,0.0,1.0,3.1655627151878645e-18
1.0,0.0,0.9999966621398926,3.6672051919595106e-06
1.0,0.0,0.9999967217445374,3.612117552620475e-06
1.0,0.0,0.9999980330467224,2.16336138691986e-06
1.0,0.0,0.9999945759773254,5.8991072364733554e-06
1.0,0.0,0.9999662041664124,3.522174301906489e-05
1.0,0.0,0.9999997019767761,3.0375247206393396e-07
1.0,0.0,0.9991930723190308,0.0007492700824514031
1.0,0.0,1.0,7.885945030968909e-16
1.0,0.0,0.9999991655349731,9.045547813002486e-07
1.0,0.0,0.9999945163726807,5.836505806655623e-06
1.0,0.0,0.9999977946281433,2.3815678105165716e-06
1.0,0.0,0.9999904632568359,1.0457411008246709e-05
1.0,0.0,0.9999970197677612,3.2905620628298493e-06
1.0,0.0,0.9999998211860657,2.0999684124944906e-07
1.0,0.0,0.9999997019767761,3.2495094615114795e-07
1.0,0.0,0.9999991059303284,9.779777201401885e-07
1.0,0.0,0.9999986886978149,1.4346765055961441e-06
1.0,0.0,1.0,1.159595353072973e-08
1.0,0.0,0.9997543096542358,0.000279805448371917
1.0,0.0,0.9998794198036194,0.00012165296357125044
1.0,0.0,0.999998152256012,1.999984988287906e-06
1.0,0.0,0.9999167919158936,8.38535197544843e-05
1.0,0.0,0.99998539686203,1.556853749207221e-05
1.0,0.0,0.9999995827674866,4.4475621052697534e-07
1.0,0.0,0.9999938607215881,6.523660886159632e-06
1.0,0.0,0.9999929070472717,7.854092473280616e-06
1.0,0.0,0.9999997615814209,2.652500938893354e-07
1.0,0.0,0.9999992847442627,7.708933367212012e-07
1.0,0.0,1.0,4.399398336694802e-16
1.0,0.0,0.9999774098396301,2.4959685106296092e-05
1.0,0.0,0.999998152256012,2.0226245851517888e-06
1.0,0.0,0.9999990463256836,1.0447604381624842e-06
1.0,0.0,0.9999984502792358,1.6739375041652238e-06
1.0,0.0,0.9999856948852539,1.5685434846091084e-05
1.0,0.0,0.9999894499778748,1.1725912372639868e-05
1.0,0.0,0.996698796749115,0.0034769494086503983
1.0,0.0,0.9999973773956299,2.8897377433168003e-06
1.0,0.0,1.0,2.6743267156348338e-08
1.0,0.0,0.9999971985816956,3.073692141697393e-06
1.0,0.0,0.9999958872795105,4.502951469476102e-06
1.0,0.0,0.9999938011169434,6.510012553917477e-06
1.0,0.0,0.9999831914901733,1.7460046365158632e-05
1.0,0.0,0.9999982118606567,1.9694889488164335e-06
1.0,0.0,0.9999831914901733,1.8372707927483134e-05
1.0,0.0,0.9999975562095642,2.6375732886663172e-06
1.0,0.0,0.9999940395355225,6.6234488258487545e-06
1.0,0.0,0.9999067187309265,9.388106991536915e-05
1.0,0.0,0.9999971985816956,3.1369468160846736e-06
1.0,0.0,0.9999969601631165,3.2244008707493776e-06
1.0,0.0,0.9999987483024597,1.3702632486456423e-06
1.0,0.0,0.9998812079429626,0.0001324317418038845
1.0,0.0,0.9999988079071045,1.211868152495299e-06
1.0,0.0,0.9999823570251465,1.8623310097609647e-05
1.0,0.0,0.9999814033508301,1.909940692712553e-05
1.0,0.0,1.0,3.745215468591197e-14
1.0,0.0,1.0,1.409286687348299e-09
1.0,0.0,0.9999725818634033,2.7032101570512168e-05
1.0,0.0,0.9999982118606567,1.90917489817366e-06
1.0,0.0,0.9999755024909973,2.610784758871887e-05
1.0,0.0,0.9999986886978149,1.4115452131591155e-06
1.0,0.0,0.9999998807907104,1.0131569183613465e-07
1.0,0.0,0.9999997615814209,2.3563299578199803e-07
1.0,0.0,0.9999915361404419,8.946629350248259e-06
1.0,0.0,0.9999988675117493,1.2411381931087817e-06
1.0,0.0,0.9999584555625916,4.1890925785992295e-05
1.0,0.0,0.9999954700469971,4.854042344959453e-06
1.0,0.0,0.9999842643737793,1.698393316473812e-05
1.0,0.0,0.999997079372406,3.2153084248420782e-06
1.0,0.0,0.999992311000824,8.34704223962035e-06
1.0,0.0,0.9999979734420776,2.2301780973066343e-06
1.0,0.0,0.9999966025352478,3.725577016666648e-06
1.0,0.0,0.9996721148490906,0.0004638156096916646
1.0,0.0,1.0,0.0
1.0,0.0,0.999999463558197,5.830552254337817e-07
1.0,0.0,0.999994695186615,5.645645615004469e-06
1.0,0.0,0.9999983906745911,1.732793748487893e-06
1.0,0.0,0.9999993443489075,6.946505664018332e-07
1.0,0.0,0.9999908804893494,9.729711564432364e-06
1.0,0.0,0.9999977350234985,2.539216438890435e-06
1.0,0.0,0.9999389052391052,6.340066465782002e-05
1.0,0.0,0.999997079372406,3.2617963370284997e-06
1.0,0.0,0.9999921917915344,8.390547009184957e-06
1.0,0.0,0.9999957084655762,4.330633146309992e-06
1.0,0.0,0.9999969005584717,3.3927210552064935e-06
1.0,0.0,0.9999871253967285,1.3946815670351498e-05
0.0,1.0,1.0074656664471604e-09,1.0
0.0,1.0,1.0094314273345617e-09,1.0
0.0,1.0,1.0078269330193734e-09,1.0
0.0,1.0,1.0109150183623683e-09,1.0
0.0,1.0,1.0074983070040844e-09,1.0
0.0,1.0,1.00729657948051e-09,1.0
0.0,1.0,1.007652072892995e-09,1.0
0.0,1.0,1.0088270219199558e-09,1.0
0.0,1.0,0.0,1.0
0.0,1.0,1.0100534852952592e-09,1.0
0.0,1.0,1.0099628910964498e-09,1.0
0.0,1.0,1.0085269286363996e-09,1.0
0.0,1.0,1.008861660878324e-09,1.0
0.0,1.0,1.0077385592666133e-09,1.0
0.0,1.0,1.0076213197152128e-09,1.0
0.0,1.0,1.0088270219199558e-09,1.0
0.0,1.0,0.0,1.0
0.0,1.0,1.008734651364307e-09,1.0
0.0,1.0,1.0069411970903275e-09,1.0
0.0,1.0,1.0077730872026791e-09,1.0
0.0,1.0,1.008276906411254e-09,1.0
0.0,1.0,1.0085307033946833e-09,1.0
0.0,1.0,1.0100515979161173e-09,1.0
0.0,1.0,1.0087000124059387e-09,1.0
0.0,1.0,1.0186455012828333e-09,1.0
0.0,1.0,1.0080768442222166e-09,1.0
0.0,1.0,1.1091003671026556e-09,1.0
0.0,1.0,1.1184219106397109e-09,1.0
0.0,1.0,1.0075540401999206e-09,1.0
0.0,1.0,1.0080499768250206e-09,1.0
0.0,1.0,7.162300425652859e-28,1.0
0.0,1.0,1.007953831511088e-09,1.0
0.0,1.0,1.010325156869385e-09,1.0
0.0,1.0,1.0123100135928098e-09,1.0
0.0,1.0,1.0086519397489724e-09,1.0
0.0,1.0,1.0810919937043195e-09,1.0
0.0,1.0,1.0081269152806271e-09,1.0
0.0,1.0,1.008438443861337e-09,1.0
0.0,1.0,1.0089694635340152e-09,1.0
0.0,1.0,1.0095989599889776e-09,1.0
0.0,1.0,1.0109728609819513e-09,1.0
0.0,1.0,1.0093409441580548e-09,1.0
0.0,1.0,1.0086846913281988e-09,1.0
0.0,1.0,1.0089385993339306e-09,1.0
0.0,1.0,1.0079961310083263e-09,1.0
0.0,1.0,1.0189019628015217e-09,1.0
0.0,1.0,0.0,1.0
0.0,1.0,1.0072427336638157e-09,1.0
0.0,1.0,1.1425120849395398e-09,1.0
0.0,1.0,1.0075001943832262e-09,1.0
0.0,1.0,1.0081884216361914e-09,1.0
0.0,1.0,1.008353733844558e-09,1.0
0.0,1.0,1.0193743626984997e-09,1.0
0.0,1.0,0.0,1.0
0.0,1.0,1.0078731182971978e-09,1.0
0.0,1.0,1.0066933953112311e-09,1.0
0.0,1.0,1.008128802659769e-09,1.0
0.0,1.0,1.0078807788360677e-09,1.0
0.0,1.0,1.0078231582610897e-09,1.0
0.0,1.0,1.0109921788625797e-09,1.0
0.0,1.0,1.0080730694639328e-09,1.0
0.0,1.0,1.008488403897445e-09,1.0
0.0,1.0,1.015557082872931e-09,1.0
0.0,1.0,1.0099185931977672e-09,1.0
0.0,1.0,1.007969152588828e-09,1.0
0.0,1.0,1.0078173851013617e-09,1.0
0.0,1.0,1.0086884660864825e-09,1.0
0.0,1.0,1.0075156264832685e-09,1.0
0.0,1.0,0.0,1.0
0.0,1.0,1.0085826618322358e-09,1.0
0.0,1.0,1.0074291401096502e-09,1.0
0.0,1.0,1.0078923251555238e-09,1.0
0.0,1.0,1.00794805835136e-09,1.0
0.0,1.0,1.1851820636010757e-09,1.0
0.0,1.0,1.0075040801638124e-09,1.0
0.0,1.0,1.0077078060888311e-09,1.0
0.0,1.0,1.0093081925788283e-09,1.0
0.0,1.0,1.0090251967298514e-09,1.0
0.0,1.0,1.0072696010610116e-09,1.0
0.0,1.0,1.0077846335221352e-09,1.0
0.0,1.0,1.0078000656221775e-09,1.0
0.0,1.0,1.0105699610463148e-09,1.0
0.0,1.0,1.008438443861337e-09,1.0
0.0,1.0,1.0076500744915506e-09,1.0
0.0,1.0,1.00908870148686e-09,1.0
0.0,1.0,1.0116691928629962e-09,1.0
0.0,1.0,1.0092253699411913e-09,1.0
0.0,1.0,1.007923078333306e-09,1.0
0.0,1.0,1.1367280450258477e-09,1.0
0.0,1.0,1.007753880344353e-09,1.0
0.0,1.0,1.007682826070777e-09,1.0
0.0,1.0,1.007923078333306e-09,1.0
0.0,1.0,1.0105833947449128e-09,1.0
0.0,1.0,1.5065320942980385e-20,1.0
0.0,1.0,1.0078960999138076e-09,1.0
0.0,1.0,1.0111521620004282e-09,1.0
0.0,1.0,3.8978619495864186e-22,1.0
0.0,1.0,1.0085114965363573e-09,1.0
0.0,1.0,1.008419237003011e-09,1.0
0.0,1.0,1.0074733269860303e-09,1.0
0.0,1.0,1.0079633794290999e-09,1.0
0.0,1.0,1.0083922585835126e-09,1.0
0.0,1.0,1.0075251744012803e-09,1.0
0.0,1.0,1.0087904955824456e-09,1.0
0.0,1.0,1.0074406864291063e-09,1.0
0.0,1.0,1.13675835411442e-09,1.0
0.0,1.0,1.0077596535040811e-09,1.0
0.0,1.0,1.0115823734224705e-09,1.0
0.0,1.0,1.0143219597580355e-09,1.0
0.0,1.0,1.5981816564591966e-11,1.0
0.0,1.0,1.0095777547292073e-09,1.0
0.0,1.0,1.009067607249392e-09,1.0
0.0,1.0,1.0336058675619597e-09,1.0
0.0,1.0,1.0167975350583447e-09,1.0
0.0,1.0,1.0091599778050409e-09,1.0
0.0,1.0,1.0079961310083263e-09,1.0
0.0,1.0,1.008449990180793e-09,1.0
0.0,1.0,1.015016737326846e-09,1.0
0.0,1.0,1.0088231361393696e-09,1.0
0.0,1.0,0.0,1.0
0.0,1.0,1.0081653289972792e-09,1.0
0.0,1.0,1.0086731450087427e-09,1.0
0.0,1.0,1.0080326573458365e-09,1.0
0.0,1.0,1.1502941932306499e-09,1.0
0.0,1.0,1.0087443103046212e-09,1.0
0.0,1.0,2.0653209773912468e-13,1.0
0.0,1.0,1.0093273994371543e-09,1.0
0.0,1.0,1.009446859434604e-09,1.0
0.0,1.0,1.0078923251555238e-09,1.0
0.0,1.0,1.1516486653206925e-09,1.0
0.0,1.0,1.0095816405097935e-09,1.0
0.0,1.0,1.0085153823169435e-09,1.0
0.0,1.0,1.007915417794436e-09,1.0
0.0,1.0,1.0091618651841827e-09,1.0
0.0,1.0,1.0090502877702079e-09,1.0
0.0,1.0,1.0077577661249393e-09,1.0
0.0,1.0,1.0086846913281988e-09,1.0
0.0,1.0,1.0092195967814632e-09,1.0
0.0,1.0,7.303832115924632e-31,1.0
0.0,1.0,1.0075809075971165e-09,1.0
0.0,1.0,1.0075578149582043e-09,1.0
0.0,1.0,1.1258486365406384e-09,1.0
0.0,1.0,1.0088789803575082e-09,1.0
0.0,1.0,1.0085884349919638e-09,1.0
0.0,1.0,1.0089270530144745e-09,1.0
0.0,1.0,1.0190303045831683e-09,1.0
0.0,1.0,1.0096105063084337e-09,1.0
0.0,1.0,1.0076943723902332e-09,1.0
0.0,1.0,1.0079961310083263e-09,1.0
0.0,1.0,1.0074809875249002e-09,1.0
0.0,1.0,0.0,1.0
0.0,1.0,1.0097626068628074e-09,1.0
0.0,1.0,0.0,1.0
0.0,1.0,0.0,1.0
0.0,1.0,1.0095584368485788e-09,1.0
0.0,1.0,1.0088597734991822e-09,1.0
0.0,1.0,1.1165163238402442e-09,1.0
0.0,1.0,1.0144651785282122e-09,1.0
0.0,1.0,0.0004599357198458165,0.9996272325515747
0.0,1.0,1.0076385281720945e-09,1.0
0.0,1.0,1.0146780082820328e-09,1.0
0.0,1.0,1.008265360091798e-09,1.0
0.0,1.0,1.008469197039119e-09,1.0
0.0,1.0,1.0155144503087854e-09,1.0
0.0,1.0,9.88850445970968e-10,1.0
0.0,1.0,1.0098781810796709e-09,1.0
0.0,1.0,1.0106027126255412e-09,1.0
0.0,1.0,1.0070948519569356e-09,1.0
0.0,1.0,0.0,1.0
0.0,1.0,0.0,1.0
0.0,1.0,0.0,1.0
0.0,1.0,1.0839124042760773e-09,1.0
0.0,1.0,1.009369809956695e-09,1.0
0.0,1.0,1.112392622459879e-09,1.0
0.0,1.0,1.0080307699666946e-09,1.0
0.0,1.0,8.853922073905282e-19,1.0
0.0,1.0,0.0,1.0
0.0,1.0,1.0127599869846904e-09,1.0
0.0,1.0,2.4745297477757333e-10,1.0
0.0,1.0,1.0092484625801035e-09,1.0
0.0,1.0,1.0146258277998754e-09,1.0
0.0,1.0,1.0163593300305251e-09,1.0
0.0,1.0,3.3692985901279116e-11,1.0
0.0,1.0,1.0080595247430324e-09,1.0
0.0,1.0,1.0081383505777808e-09,1.0
0.0,1.0,0.0,1.0
0.0,1.0,4.6190554159331043e-10,1.0
0.0,1.0,0.7472573518753052,0.4459211826324463
0.0,1.0,1.0094275415539755e-09,1.0
0.0,1.0,0.0,1.0
0.0,1.0,0.0,1.0
0.0,1.0,0.0,1.0
0.0,1.0,6.294505834465277e-20,1.0
0.0,1.0,2.8819719718842473e-24,1.0
0.0,1.0,1.0083883728029264e-09,1.0
0.0,1.0,1.0575884612507025e-09,1.0
0.0,1.0,1.0122579441329549e-09,1.0
0.0,1.0,1.0087038981865248e-09,1.0
0.0,1.0,1.0211004264348844e-09,1.0
0.0,1.0,0.0,1.0
0.0,1.0,1.0076116607748986e-09,1.0
0.0,1.0,0.0,1.0
0.0,1.0,1.0109189041429545e-09,1.0
0.0,1.0,1.018237605343586e-09,1.0
0.0,1.0,0.0,1.0
0.0,1.0,1.0116035786822408e-09,1.0
0.0,1.0,2.278173483194479e-11,1.0
0.0,1.0,1.0087308766060232e-09,1.0
0.0,1.0,1.010182604233023e-09,1.0
0.0,1.0,0.0,1.0
0.0,1.0,0.0,1.0
0.0,1.0,0.0,1.0
0.0,1.0,0.0,1.0
0.0,1.0,0.0,1.0
0.0,1.0,1.0187892751645222e-09,1.0
0.0,1.0,1.0074617806665742e-09,1.0
0.0,1.0,1.0074848733054864e-09,1.0
0.0,1.0,1.0078384793388295e-09,1.0
0.0,1.0,1.0084153512224248e-09,1.0
0.0,1.0,1.0069699518666653e-09,1.0
0.0,1.0,1.0063516686642515e-09,1.0
0.0,1.0,1.0062826127921198e-09,1.0
0.0,1.0,1.0068547107167092e-09,1.0
0.0,1.0,1.0058872623730508e-09,1.0
0.0,1.0,1.0069257649902852e-09,1.0
0.0,1.0,1.0063536670656958e-09,1.0
0.0,1.0,1.0057952248843094e-09,1.0
0.0,1.0,2.0122638918845086e-31,1.0
0.0,1.0,1.0061214084089443e-09,1.0
0.0,1.0,1.0056993016149818e-09,1.0
0.0,1.0,1.0057146226927216e-09,1.0
0.0,1.0,1.005864280756441e-09,1.0
0.0,1.0,1.00790387147498e-09,1.0
0.0,1.0,1.0060753341534223e-09,1.0
0.0,1.0,7.997758566524737e-10,1.0
0.0,1.0,1.0064016287003597e-09,1.0
0.0,1.0,1.0058259780620915e-09,1.0
0.0,1.0,1.0063286870476418e-09,1.0
0.0,1.0,1.0057338295510476e-09,1.0
0.0,1.0,1.4778429470300482e-14,1.0
0.0,1.0,1.0055190013957827e-09,1.0
0.0,1.0,1.020833639842067e-09,1.0
0.0,1.0,1.0057319421719058e-09,1.0
0.0,1.0,1.0058144317426354e-09,1.0
0.0,1.0,1.0062365385365979e-09,1.0
0.0,1.0,1.0149606710641024e-09,1.0
0.0,1.0,1.0816364470755957e-09,1.0
0.0,1.0,1.0785751181074943e-09,1.0
0.0,1.0,1.0070314582222295e-09,1.0
0.0,1.0,1.0060753341534223e-09,1.0
0.0,1.0,1.0069162170722734e-09,1.0
0.0,1.0,1.0960053975495043e-09,1.0
0.0,1.0,1.0070967393360775e-09,1.0
0.0,1.0,1.0071966594082937e-09,1.0
0.0,1.0,1.0053771148932356e-09,1.0
0.0,1.0,0.0,1.0
0.0,1.0,1.0065954736404592e-09,1.0
0.0,1.0,1.0072388478832295e-09,1.0
0.0,1.0,1.005632133121992e-09,1.0
0.0,1.0,1.0060331456784866e-09,1.0
0.0,1.0,1.0062902733309897e-09,1.0
0.0,1.0,1.2176639870833863e-14,1.0
0.0,1.0,1.0067356948084694e-09,1.0
0.0,1.0,1.0060753341534223e-09,1.0
0.0,1.0,1.0055094534777709e-09,1.0
0.0,1.0,1.006253858015782e-09,1.0
0.0,1.0,5.269549195359836e-16,1.0
0.0,1.0,1.0064745703530775e-09,1.0
0.0,1.0,9.954168600501134e-10,1.0
0.0,1.0,1.0066761868543495e-09,1.0
0.0,1.0,1.0068854638944913e-09,1.0
0.0,1.0,1.0060945410117483e-09,1.0
0.0,1.0,1.0065706046447076e-09,1.0
0.0,1.0,1.0060101640618768e-09,1.0
0.0,1.0,1.0069219902320015e-09,1.0
0.0,1.0,1.0065628330835352e-09,1.0
0.0,1.0,1.005624472583122e-09,1.0
0.0,1.0,1.0064650224350657e-09,1.0
0.0,1.0,1.007909644634708e-09,1.0
0.0,1.0,1.0068585964972954e-09,1.0
0.0,1.0,1.0063171407281857e-09,1.0
0.0,1.0,1.011192685140827e-09,1.0
0.0,1.0,1.005969862966083e-09,1.0
0.0,1.0,1.00563024574285e-09,1.0
0.0,1.0,1.0061559363450101e-09,1.0
0.0,1.0,1.007411820630466e-09,1.0
0.0,1.0,1.0057760180259834e-09,1.0
0.0,1.0,5.824308591841076e-13,1.0
0.0,1.0,0.0,1.0
0.0,1.0,1.00531194480169e-09,1.0
0.0,1.0,1.0063863076226198e-09,1.0
0.0,1.0,0.0,1.0
0.0,1.0,1.0057702448662553e-09,1.0
0.0,1.0,1.0132662486839195e-09,1.0
0.0,1.0,1.0060120514410187e-09,1.0
0.0,1.0,1.0060792199340085e-09,1.0
0.0,1.0,1.0058067712037655e-09,1.0
0.0,1.0,0.0,1.0
0.0,1.0,0.0,1.0
0.0,1.0,1.0058125443634935e-09,1.0
0.0,1.0,1.0740710543188925e-09,1.0
0.0,1.0,1.2312552755133765e-08,1.0
0.0,1.0,2.9555440356792565e-31,1.0
0.0,1.0,0.0,1.0
0.0,1.0,1.005662886299774e-09,1.0
0.0,1.0,1.0060446919979427e-09,1.0
0.0,1.0,1.0061943500616621e-09,1.0
0.0,1.0,1.0073964995527263e-09,1.0
0.0,1.0,1.0057817911857114e-09,1.0
0.0,1.0,1.0084268975418809e-09,1.0
0.0,1.0,1.0065532851655234e-09,1.0
0.0,1.0,1.0058489596787012e-09,1.0
0.0,1.0,1.0058259780620915e-09,1.0
0.0,1.0,1.0064822308919474e-09,1.0
0.0,1.0,1.0060158261993024e-09,1.0
0.0,1.0,0.0,1.0
0.0,1.0,1.0055343224735225e-09,1.0
0.0,1.0,1.0060619004548244e-09,1.0
0.0,1.0,1.0059525434868988e-09,1.0
0.0,1.0,1.0058278654412334e-09,1.0
0.0,1.0,1.0059832966646809e-09,1.0
0.0,1.0,1.0061598221255963e-09,1.0
0.0,1.0,1.0098936131797132e-09,1.0
0.0,1.0,1.0063094801893158e-09,1.0
0.0,1.0,1.0054730381625632e-09,1.0
0.0,1.0,1.89774086202521e-13,1.0
0.0,1.0,1.020265205653459e-09,1.0
0.0,1.0,1.0057780164274277e-09,1.0
0.0,1.0,1.0063440081253816e-09,1.0
0.0,1.0,1.006240424317184e-09,1.0
0.0,1.0,9.931765826420857e-11,1.0
0.0,1.0,1.0054997945374566e-09,1.0
0.0,1.0,1.0152626517268004e-09,1.0
0.0,1.0,1.0064092892392296e-09,1.0
0.0,1.0,0.0,1.0
0.0,1.0,1.0060484667562264e-09,1.0
0.0,1.0,1.00734076635689e-09,1.0
0.0,1.0,1.0057875643454395e-09,1.0
0.0,1.0,1.0054077570487152e-09,1.0
0.0,1.0,1.0063171407281857e-09,1.0
0.0,1.0,1.007361860594358e-09,1.0
0.0,1.0,1.0062979338698597e-09,1.0
0.0,1.0,4.91999246231338e-16,1.0
0.0,1.0,1.0060292598979004e-09,1.0
0.0,1.0,1.0075540401999206e-09,1.0
0.0,1.0,1.0057799038065696e-09,1.0
0.0,1.0,1.0065245303891857e-09,1.0
0.0,1.0,1.0057836785648533e-09,1.0
0.0,1.0,1.0062441990754678e-09,1.0
0.0,1.0,1.0069391986888832e-09,1.0
0.0,1.0,1.0055055676971847e-09,1.0
0.0,1.0,1.006202010600532e-09,1.0
0.0,1.0,1.0065475120057954e-09,1.0
0.0,1.0,1.005831640199517e-09,1.0
0.0,1.0,1.0059986177424207e-09,1.0
0.0,1.0,1.0057491506287874e-09,1.0
0.0,1.0,1.006209671139402e-09,1.0
0.0,1.0,1.0056877552955257e-09,1.0
0.0,1.0,1.024320961384717e-09,1.0
0.0,1.0,1.0059141297702467e-09,1.0
0.0,1.0,1.0064630240336214e-09,1.0
0.0,1.0,1.0054000965098453e-09,1.0
0.0,1.0,1.0059870714229646e-09,1.0
0.0,1.0,1.0091099067466303e-09,1.0
0.0,1.0,1.0056666610580578e-09,1.0
0.0,1.0,1.074759614638765e-09,1.0
0.0,1.0,1.0060753341534223e-09,1.0
0.0,1.0,1.0062249922171418e-09,1.0
0.0,1.0,0.0,1.0
0.0,1.0,1.0053886612126917e-09,1.0
0.0,1.0,1.005150851440817e-09,1.0
0.0,1.0,0.0,1.0
0.0,1.0,1.0070736466971653e-09,1.0
0.0,1.0,1.0054576060625209e-09,1.0
0.0,1.0,1.0053636811946376e-09,1.0
0.0,1.0,1.005910355011963e-09,1.0
0.0,1.0,1.0195396749068664e-09,1.0
0.0,1.0,1.0054652666013908e-09,1.0
0.0,1.0,1.006248084856054e-09,1.0
0.0,1.0,1.0062979338698597e-09,1.0
0.0,1.0,1.00625963117551e-09,1.0
0.0,1.0,1.0056666610580578e-09,1.0
0.0,1.0,1.0068297306986551e-09,1.0
0.0,1.0,1.0057453758705037e-09,1.0
0.0,1.0,1.0087577440032192e-09,1.0
0.0,1.0,1.008753858222633e-09,1.0
0.0,1.0,1.0155919438759042e-09,1.0
0.0,1.0,1.0058297528203752e-09,1.0
0.0,1.0,1.0055861698887725e-09,1.0
0.0,1.0,1.0121381510685978e-09,1.0
0.0,1.0,1.0072888079193376e-09,1.0
0.0,1.0,1.0060523525368126e-09,1.0
0.0,1.0,1.0086750323878846e-09,1.0
0.0,1.0,1.005695526856698e-09,1.0
0.0,1.0,1.0063248012670556e-09,1.0
0.0,1.0,1.006202010600532e-09,1.0
0.0,1.0,1.0052486620892864e-09,1.0
0.0,1.0,1.0069738376472515e-09,1.0
0.0,1.0,1.0063094801893158e-09,1.0
0.0,1.0,1.0060254851396166e-09,1.0
0.0,1.0,0.0,1.0
0.0,1.0,1.0057645827288297e-09,1.0
0.0,1.0,1.005937222409159e-09,1.0
0.0,1.0,1.0077193524082873e-09,1.0
0.0,1.0,2.7579613939843206e-12,1.0
0.0,1.0,1.0064976629919897e-09,1.0
0.0,1.0,0.0,1.0
0.0,1.0,1.0060446919979427e-09,1.0
0.0,1.0,1.0055171140166408e-09,1.0
0.0,1.0,1.0063708755225775e-09,1.0
0.0,1.0,3.437945261808295e-09,1.0
0.0,1.0,0.0,1.0
0.0,1.0,1.0078653467360255e-09,1.0
0.0,1.0,1.0691084684211205e-09,1.0
0.0,1.0,1.005455718683379e-09,1.0
0.0,1.0,1.0063286870476418e-09,1.0
0.0,1.0,1.0061252941895305e-09,1.0
0.0,1.0,0.0,1.0
0.0,1.0,1.0057933375051675e-09,1.0
0.0,1.0,1.0061521615867264e-09,1.0
0.0,1.0,1.0056820931581e-09,1.0
0.0,1.0,1.005469152381977e-09,1.0
0.0,1.0,1.006240424317184e-09,1.0
0.0,1.0,1.005618699423394e-09,1.0
0.0,1.0,1.007980698908284e-09,1.0
0.0,1.0,0.0,1.0
0.0,1.0,1.005918015550833e-09,1.0
0.0,1.0,1.0055400956332505e-09,1.0
0.0,1.0,1.0071120604138173e-09,1.0
0.0,1.0,1.0086577129087004e-09,1.0
0.0,1.0,1.006117522628358e-09,1.0
0.0,1.0,1.0045682063974937e-09,1.0
0.0,1.0,1.0056877552955257e-09,1.0
0.0,1.0,1.005935335030017e-09,1.0
0.0,1.0,1.0058394117606895e-09,1.0
0.0,1.0,1.0093158531176982e-09,1.0
0.0,1.0,1.9876564394394336e-08,1.0
0.0,1.0,1.005864280756441e-09,1.0
0.0,1.0,1.005956429267485e-09,1.0
0.0,1.0,1.0053579080349095e-09,1.0
0.0,1.0,1.0096008473681195e-09,1.0
0.0,1.0,1.0061598221255963e-09,1.0
0.0,1.0,1.0069584055472092e-09,1.0
0.0,1.0,1.1134158039993736e-09,1.0
0.0,1.0,0.0,1.0
0.0,1.0,1.0058739396967553e-09,1.0
0.0,1.0,1.0065898115030336e-09,1.0
0.0,1.0,2.964150124895419e-14,1.0
0.0,1.0,1.0060023925007044e-09,1.0
0.0,1.0,1.0065264177683275e-09,1.0
0.0,1.0,1.005695526856698e-09,1.0
0.0,1.0,1.0061214084089443e-09,1.0
0.0,1.0,1.0061598221255963e-09,1.0
0.0,1.0,1.004890171074635e-09,1.0
0.0,1.0,1.0061040889297601e-09,1.0
0.0,1.0,1.0059333366285728e-09,1.0
0.0,1.0,1.0067260358681551e-09,1.0
0.0,1.0,1.0085537960335955e-09,1.0
0.0,1.0,1.00568975369697e-09,1.0
0.0,1.0,1.005969862966083e-09,1.0
0.0,1.0,1.0063210265087719e-09,1.0
0.0,1.0,1.0074886480637701e-09,1.0
0.0,1.0,1.005300398482234e-09,1.0
0.0,1.0,1.0059870714229646e-09,1.0
0.0,1.0,0.0,1.0
0.0,1.0,1.0058336386009614e-09,1.0
0.0,1.0,1.0059544308660406e-09,1.0
0.0,1.0,1.006313365969902e-09,1.0
0.0,1.0,1.00637864708375e-09,1.0
0.0,1.0,1.0055688504095883e-09,1.0
0.0,1.0,1.010201811091349e-09,1.0
0.0,1.0,1.0060389188382146e-09,1.0
0.0,1.0,1.0063152533490438e-09,1.0
0.0,1.0,1.0055803967290444e-09,1.0
0.0,1.0,1.0080615231444767e-09,1.0
0.0,1.0,1.0062365385365979e-09,1.0
0.0,1.0,1.0074809875249002e-09,1.0
0.0,1.0,1.0064515887364678e-09,1.0
0.0,1.0,1.0058605059981574e-09,1.0
0.0,1.0,1.0060043909021488e-09,1.0
0.0,1.0,1.0059141297702467e-09,1.0
0.0,1.0,1.0058105459620492e-09,1.0
0.0,1.0,1.0061943500616621e-09,1.0
0.0,1.0,1.0065590583252515e-09,1.0
0.0,1.0,1.0062519706366402e-09,1.0
0.0,1.0,1.0066146804987852e-09,1.0
0.0,1.0,1.0060600130756825e-09,1.0
0.0,1.0,1.0059026944730931e-09,1.0
0.0,1.0,1.0057222832315915e-09,1.0
0.0,1.0,1.0060600130756825e-09,1.0
0.0,1.0,1.0934725347411245e-09,1.0
0.0,1.0,1.0065954736404592e-09,1.0
0.0,1.0,1.0062441990754678e-09,1.0
0.0,1.0,1.0028738950396132e-09,1.0
0.0,1.0,1.005651339980318e-09,1.0
0.0,1.0,1.005950656107757e-09,1.0
0.0,1.0,2.2721217407272383e-36,1.0
0.0,1.0,1.0057108479344379e-09,1.0
0.0,1.0,1.005664773678916e-09,1.0
0.0,1.0,1.0080922763222588e-09,1.0
0.0,1.0,1.0065321909280556e-09,1.0
0.0,1.0,1.0064937772114035e-09,1.0
0.0,1.0,1.0056417920623062e-09,1.0
0.0,1.0,1.0065398514669255e-09,1.0
0.0,1.0,1.005929561870289e-09,1.0
0.0,1.0,1.0059986177424207e-09,1.0
0.0,1.0,1.060916021700109e-09,1.0
0.0,1.0,1.4857385544075896e-08,1.0
0.0,1.0,1.005678207377514e-09,1.0
0.0,1.0,1.0070275724416433e-09,1.0
0.0,1.0,1.0062365385365979e-09,1.0
0.0,1.0,1.005852734436985e-09,1.0
0.0,1.0,1.0068067490820454e-09,1.0
0.0,1.0,1.0064861166725336e-09,1.0
0.0,1.0,1.0057588095691017e-09,1.0
0.0,1.0,1.006280725412978e-09,1.0
0.0,1.0,1.007373406913814e-09,1.0
0.0,1.0,1.0059026944730931e-09,1.0
0.0,1.0,2.4062539626067483e-22,1.0
0.0,1.0,1.0063632149837076e-09,1.0
0.0,1.0,1.005618699423394e-09,1.0
0.0,1.0,1.0060906552311621e-09,1.0
0.0,1.0,1.0064669098142076e-09,1.0
0.0,1.0,1.0061482758061402e-09,1.0
0.0,1.0,1.0055650756513046e-09,1.0
0.0,1.0,1.0058605059981574e-09,1.0
0.0,1.0,1.0060945410117483e-09,1.0
0.0,1.0,1.0050242860160097e-09,1.0
0.0,1.0,1.0205435385657324e-09,1.0
0.0,1.0,1.0065129840697296e-09,1.0
0.0,1.0,1.0058202049023635e-09,1.0
0.0,1.0,1.0063824218420336e-09,1.0
0.0,1.0,1.5401006026039e-09,1.0
0.0,1.0,1.0062135569199882e-09,1.0
0.0,1.0,1.0056532273594598e-09,1.0
0.0,1.0,5.96186877643845e-10,1.0
0.0,1.0,3.5791220160019954e-27,1.0
0.0,1.0,1.0063555544448377e-09,1.0
0.0,1.0,1.0061003141714764e-09,1.0
0.0,1.0,1.0052199073129486e-09,1.0
0.0,1.0,1.0064706845724913e-09,1.0
0.0,1.0,1.3490455490591084e-21,1.0
0.0,1.0,1.0060792199340085e-09,1.0
0.0,1.0,1.0235221559184993e-09,1.0
0.0,1.0,1.0059602040257687e-09,1.0
0.0,1.0,1.0062307653768698e-09,1.0
0.0,1.0,1.0056993016149818e-09,1.0
0.0,1.0,1.0072696010610116e-09,1.0
0.0,1.0,1.0061060873312044e-09,1.0
0.0,1.0,1.0069199918305571e-09,1.0
0.0,1.0,1.0069027833736754e-09,1.0
0.0,1.0,1.00626729171438e-09,1.0
0.0,1.0,1.006307592810174e-09,1.0
0.0,1.0,1.005845073898115e-09,1.0
0.0,1.0,1.0067549016667954e-09,1.0
0.0,1.0,1.0078923251555238e-09,1.0
0.0,1.0,1.0065436262252092e-09,1.0
0.0,1.0,1.0060484667562264e-09,1.0
0.0,1.0,1.0234773029083044e-09,1.0
0.0,1.0,1.0072869205401958e-09,1.0
0.0,1.0,1.015777906232529e-09,1.0
0.0,1.0,1.0065590583252515e-09,1.0
0.0,1.0,1.0057817911857114e-09,1.0
0.0,1.0,1.0063555544448377e-09,1.0
0.0,1.0,1.230020196807402e-09,1.0
0.0,1.0,1.006130956326956e-09,1.0
0.0,1.0,1.0058605059981574e-09,1.0
0.0,1.0,1.0152859664103175e-09,1.0
0.0,1.0,1.006130956326956e-09,1.0
0.0,1.0,1.0055574151124347e-09,1.0
0.0,1.0,1.0065551725446653e-09,1.0
0.0,1.0,1.0064208355586857e-09,1.0
0.0,1.0,3.370306876604445e-05,0.9999914765357971
0.0,1.0,1.005695526856698e-09,1.0
0.0,1.0,1.0067241484890133e-09,1.0
0.0,1.0,1.0146334883387453e-09,1.0
0.0,1.0,1.0062365385365979e-09,1.0
0.0,1.0,1.0062960464907178e-09,1.0
0.0,1.0,1.006253858015782e-09,1.0
0.0,1.0,1.0056686594595021e-09,1.0
0.0,1.0,1.0060964283908902e-09,1.0
0.0,1.0,1.0062249922171418e-09,1.0
0.0,1.0,1.006136729486684e-09,1.0
0.0,1.0,1.0061846911213479e-09,1.0
0.0,1.0,1.0076808276693328e-09,1.0
0.0,1.0,1.0057683574871135e-09,1.0
0.0,1.0,1.0057606969482435e-09,1.0
0.0,1.0,1.0067741085251214e-09,1.0
0.0,1.0,1.0061079747103463e-09,1.0
0.0,1.0,1.0069315381500132e-09,1.0
0.0,1.0,1.0750916823454304e-09,1.0
0.0,1.0,1.006240424317184e-09,1.0
0.0,1.0,1.0059141297702467e-09,1.0
0.0,1.0,1.0066896205529474e-09,1.0
0.0,1.0,9.0472573092891e-37,1.0
0.0,1.0,1.0058566202175712e-09,1.0
0.0,1.0,1.0697448482588356e-09,1.0
0.0,1.0,1.0061943500616621e-09,1.0
0.0,1.0,1.005864280756441e-09,1.0
0.0,1.0,1.0067126021695572e-09,1.0
0.0,1.0,1.006365213385152e-09,1.0
0.0,1.0,1.0069814981861214e-09,1.0
0.0,1.0,1.0071774525499677e-09,1.0
0.0,1.0,1.0055458687929786e-09,1.0
0.0,1.0,1.7571221597824397e-33,1.0
0.0,1.0,1.0060254851396166e-09,1.0
0.0,1.0,1.0060561272950963e-09,1.0
0.0,1.0,8.358476738807892e-37,1.0
0.0,1.0,1.005695526856698e-09,1.0
0.0,1.0,1.0173639708455084e-09,1.0
0.0,1.0,1.0059448829480289e-09,1.0
0.0,1.0,1.0067549016667954e-09,1.0
0.0,1.0,1.0067894296028612e-09,1.0
0.0,1.0,1.005442284984781e-09,1.0
0.0,1.0,1.0076481871124088e-09,1.0
0.0,1.0,1.0074733269860303e-09,1.0
0.0,1.0,1.0065245303891857e-09,1.0
0.0,1.0,1.0065820399418612e-09,1.0
0.0,1.0,1.0054097554501595e-09,1.0
0.0,1.0,1.0057799038065696e-09,1.0
0.0,1.0,1.0058239796606472e-09,1.0
0.0,1.0,1.0461448374243787e-09,1.0
0.0,1.0,9.270664236282755e-10,1.0
0.0,1.0,1.0066685263154795e-09,1.0
0.0,1.0,1.007258165763858e-09,1.0
0.0,1.0,1.0063939681614897e-09,1.0
0.0,1.0,1.0056609989206322e-09,1.0
0.0,1.0,1.0069968192638612e-09,1.0
0.0,1.0,1.0060600130756825e-09,1.0
0.0,1.0,1.005423078126455e-09,1.0
0.0,1.0,1.0054902466194449e-09,1.0
0.0,1.0,1.007915417794436e-09,1.0
0.0,1.0,1.0069277633917295e-09,1.0
0.0,1.0,1.0058067712037655e-09,1.0
0.0,1.0,9.240295712510287e-26,1.0
0.0,1.0,1.0056609989206322e-09,1.0
0.0,1.0,1.0073368805763039e-09,1.0
0.0,1.0,2.5316838903055583e-11,1.0
0.0,1.0,1.0055247745555107e-09,1.0
0.0,1.0,1.0059256760897028e-09,1.0
0.0,1.0,1.0053636811946376e-09,1.0
0.0,1.0,3.2710033792682225e-07,0.9999995827674866
0.0,1.0,1.005864280756441e-09,1.0
0.0,1.0,1.005942995568887e-09,1.0
0.0,1.0,1.0054193033681713e-09,1.0
0.0,1.0,1.0053272658794299e-09,1.0
0.0,1.0,1.005695526856698e-09,1.0
0.0,1.0,1.0051547372214031e-09,1.0
0.0,1.0,1.0051355303630771e-09,1.0
0.0,1.0,1.0051891541351665e-09,1.0
0.0,1.0,1.005515226637499e-09,1.0
0.0,1.0,1.0042635611995365e-09,1.0
0.0,1.0,1.0048997189926467e-09,1.0
0.0,1.0,1.004870964216309e-09,1.0
0.0,1.0,1.00434982552855e-09,1.0
0.0,1.0,3.703277129396554e-10,1.0
0.0,1.0,2.3160161788382538e-07,0.9999996423721313
0.0,1.0,1.0052658705461681e-09,1.0
0.0,1.0,1.0053406995780279e-09,1.0
0.0,1.0,1.0047636056498277e-09,1.0
0.0,1.0,1.0049208132301146e-09,1.0
0.0,1.0,1.0062788380338361e-09,1.0
0.0,1.0,1.005695526856698e-09,1.0
0.0,1.0,1.0056916410761119e-09,1.0
0.0,1.0,1.0052313426101023e-09,1.0
0.0,1.0,1.0047674914304139e-09,1.0
0.0,1.0,7.04796070305113e-33,1.0
0.0,1.0,1.0054269639070412e-09,1.0
0.0,1.0,0.0,1.0
0.0,1.0,1.0050856813492715e-09,1.0
0.0,1.0,1.0112004567019994e-09,1.0
0.0,1.0,1.0048039067456216e-09,1.0
0.0,1.0,1.0049150400703866e-09,1.0
0.0,1.0,1.0048020193664797e-09,1.0
0.0,1.0,1.0051048882075975e-09,1.0
0.0,1.0,1.0054652666013908e-09,1.0
0.0,1.0,3.217835475601964e-30,1.0
0.0,1.0,1.0048595289191553e-09,1.0
0.0,1.0,1.0049572285453223e-09,1.0
0.0,1.0,1.004870964216309e-09,1.0
0.0,1.0,0.0,1.0
0.0,1.0,1.0047828125081537e-09,1.0
0.0,1.0,1.0050473786549219e-09,1.0
0.0,1.0,1.004966776463334e-09,1.0
0.0,1.0,1.0052755294864824e-09,1.0
0.0,1.0,1.0052179089115043e-09,1.0
0.0,1.0,1.0048939458329187e-09,1.0
0.0,1.0,1.0050741350298154e-09,1.0
0.0,1.0,1.004974437002204e-09,1.0
0.0,1.0,1.0053080590211039e-09,1.0
0.0,1.0,1.0050741350298154e-09,1.0
0.0,1.0,1.0050550391937918e-09,1.0
0.0,1.0,1.6845856407599058e-06,0.9999979734420776
0.0,1.0,4.449840673714789e-08,1.0
0.0,1.0,1.0051278698242072e-09,1.0
0.0,1.0,1.0048231136039476e-09,1.0
0.0,1.0,1.0066166789002295e-09,1.0
0.0,1.0,1.0054000965098453e-09,1.0
0.0,1.0,1.0057568111676574e-09,1.0
0.0,1.0,1.004876737376037e-09,1.0
0.0,1.0,1.0049514553855943e-09,1.0
0.0,1.0,1.0045011489268063e-09,1.0
0.0,1.0,1.0049054921523748e-09,1.0
0.0,1.0,1.0046333764890392e-09,1.0
0.0,1.0,1.0049687748647784e-09,1.0
0.0,1.0,1.0051393051213608e-09,1.0
0.0,1.0,1.0057952248843094e-09,1.0
0.0,1.0,1.0053924359709754e-09,1.0
0.0,1.0,1.0054997945374566e-09,1.0
0.0,1.0,1.0050358323354658e-09,1.0
0.0,1.0,1.0049016063717886e-09,1.0
0.0,1.0,1.0048556431385691e-09,1.0
0.0,1.0,1.0050511534132056e-09,1.0
0.0,1.0,1.00563790628172e-09,1.0
0.0,1.0,1.0221448132341493e-09,1.0
0.0,1.0,1.0049630017050504e-09,1.0
0.0,1.0,1.0049457932481687e-09,1.0
0.0,1.0,1.004662131265377e-09,1.0
0.0,1.0,1.0049822085633764e-09,1.0
0.0,1.0,1.0053272658794299e-09,1.0
0.0,1.0,1.0056033783456542e-09,1.0
0.0,1.0,1.004966776463334e-09,1.0
0.0,1.0,1.00478669828874e-09,1.0
0.0,1.0,1.0048556431385691e-09,1.0
0.0,1.0,1.0048326615219594e-09,1.0
0.0,1.0,1.0051680598976986e-09,1.0
0.0,1.0,1.010259653710932e-09,1.0
0.0,1.0,1.0047291887360643e-09,1.0
0.0,1.0,1.0053425869571697e-09,1.0
0.0,1.0,1.0060964283908902e-09,1.0
0.0,1.0,2.0793260796977903e-31,1.0
0.0,1.0,1.004974437002204e-09,1.0
0.0,1.0,1.0052544352490145e-09,1.0
0.0,1.0,1.0052774168656242e-09,1.0
0.0,1.0,1.0053310406377136e-09,1.0
0.0,1.0,1.0051010024270113e-09,1.0
0.0,1.0,1.0047923604261655e-09,1.0
0.0,1.0,1.0051872667560247e-09,1.0
0.0,1.0,0.0,1.0
0.0,1.0,1.009061834089664e-09,1.0
0.0,1.0,1.045032060886797e-09,1.0
0.0,1.0,1.0051163235047511e-09,1.0
0.0,1.0,1.005026284417454e-09,1.0
0.0,1.0,1.0050166254771398e-09,1.0
0.0,1.0,1.0050089649382699e-09,1.0
0.0,1.0,1.0048173404442196e-09,1.0
0.0,1.0,1.0056724342177858e-09,1.0
0.0,1.0,1.005469152381977e-09,1.0
0.0,1.0,1.0047943588276098e-09,1.0
0.0,1.0,0.0,1.0
0.0,1.0,1.0051470766825332e-09,1.0
0.0,1.0,2.5744022025264712e-08,0.9999999403953552
0.0,1.0,1.00499364386053e-09,1.0
0.0,1.0,1.0052582100072982e-09,1.0
0.0,1.0,1.0050511534132056e-09,1.0
0.0,1.0,1.005007077559128e-09,1.0
0.0,1.0,1.0053924359709754e-09,1.0
0.0,1.0,1.0066607547543072e-09,1.0
0.0,1.0,1.0052083609934925e-09,1.0
0.0,1.0,1.0050722476506735e-09,1.0
0.0,1.0,1.3315889509645896e-31,1.0
0.0,1.0,1.0054211907473132e-09,1.0
0.0,1.0,1.0046754539416725e-09,1.0
0.0,1.0,1.0051680598976986e-09,1.0
0.0,1.0,1.0073119005582498e-09,1.0
0.0,1.0,1.0049131526912447e-09,1.0
0.0,1.0,1.4731799113931743e-10,1.0
0.0,1.0,1.0057050747747098e-09,1.0
0.0,1.0,1.0050166254771398e-09,1.0
0.0,1.0,1.0051355303630771e-09,1.0
0.0,1.0,1.0050933418881414e-09,1.0
0.0,1.0,1.0054174159890295e-09,1.0
0.0,1.0,1.0050396070937495e-09,1.0
0.0,1.0,7.771331667072445e-08,0.9999998807907104
0.0,1.0,1.004738736654076e-09,1.0
0.0,1.0,1.0055382082541087e-09,1.0
0.0,1.0,1.0068048617029035e-09,1.0
0.0,1.0,1.005123984043621e-09,1.0
0.0,1.0,1.0048479825996992e-09,1.0
0.0,1.0,1.0049131526912447e-09,1.0
0.0,1.0,1.0049437948467244e-09,1.0
0.0,1.0,1.0044609588533149e-09,1.0
0.0,1.0,1.0049955312396719e-09,1.0
0.0,1.0,1.0118370585843195e-09,1.0
0.0,1.0,1.0580868403664567e-09,1.0
0.0,1.0,1.005164285139415e-09,1.0
0.0,1.0,1.005129757203349e-09,1.0
0.0,1.0,1.0047923604261655e-09,1.0
0.0,1.0,1.0050089649382699e-09,1.0
0.0,1.0,1.005143190901947e-09,1.0
0.0,1.0,1.0050626997326617e-09,1.0
0.0,1.0,1.0048192278233614e-09,1.0
0.0,1.0,1.0048250009830895e-09,1.0
0.0,1.0,1.005325378500288e-09,1.0
0.0,1.0,1.0076193213137685e-09,1.0
0.0,1.0,1.9840455944830637e-09,1.0
0.0,1.0,1.0052007004546226e-09,1.0
0.0,1.0,5.407694698078558e-05,0.999938428401947
0.0,1.0,1.0052294552309604e-09,1.0
0.0,1.0,1.0050281717965959e-09,1.0
0.0,1.0,1.0052774168656242e-09,1.0
0.0,1.0,1.0054403976056392e-09,1.0
0.0,1.0,1.0048057941247635e-09,1.0
0.0,1.0,1.0183812682029725e-09,1.0
0.0,1.0,1.005123984043621e-09,1.0
0.0,1.0,1.00531960534056e-09,1.0
0.0,1.0,1.006117522628358e-09,1.0
0.0,1.0,1.0049955312396719e-09,1.0
0.0,1.0,1.0545389006466621e-09,1.0
0.0,1.0,1.018311324152421e-09,1.0
0.0,1.0,1.0052544352490145e-09,1.0
0.0,1.0,1.004890171074635e-09,1.0
0.0,1.0,1.0052467747101446e-09,1.0
0.0,1.0,1.0056609989206322e-09,1.0
0.0,1.0,1.0051125487464674e-09,1.0
0.0,1.0,1.0050761334312597e-09,1.0
0.0,1.0,1.0457936738816898e-09,1.0
0.0,1.0,1.0048403220608293e-09,1.0
0.0,1.0,1.0052544352490145e-09,1.0
0.0,1.0,1.0047943588276098e-09,1.0
0.0,1.0,1.0053157195599738e-09,1.0
0.0,1.0,1.0054077570487152e-09,1.0
0.0,1.0,1.0053655685737795e-09,1.0
0.0,1.0,1.005864280756441e-09,1.0
0.0,1.0,1.0052620957878844e-09,1.0
0.0,1.0,1.0055650756513046e-09,1.0
0.0,1.0,1.0049400200884406e-09,1.0
0.0,1.0,1.0061060873312044e-09,1.0
0.0,1.0,1.0060984267923345e-09,1.0
0.0,1.0,1.0060811073131504e-09,1.0
0.0,1.0,1.0049764354036483e-09,1.0
0.0,1.0,1.0081249168791828e-09,1.0
0.0,1.0,1.005676319998372e-09,1.0
0.0,1.0,1.0050894561075552e-09,1.0
0.0,1.0,1.1950190810239292e-06,0.9999993443489075
0.0,1.0,1.0057760180259834e-09,1.0
0.0,1.0,1.0051355303630771e-09,1.0
0.0,1.0,1.0052256804726767e-09,1.0
0.0,1.0,1.005123984043621e-09,1.0
0.0,1.0,1.0049131526912447e-09,1.0
0.0,1.0,1.0052007004546226e-09,1.0
0.0,1.0,1.0046371512473229e-09,1.0
0.0,1.0,1.0144342033058251e-09,1.0
0.0,1.0,1.0066665279140352e-09,1.0
0.0,1.0,1.0055247745555107e-09,1.0
0.0,1.0,1.0052467747101446e-09,1.0
0.0,1.0,1.0050914545089995e-09,1.0
0.0,1.0,1.004890171074635e-09,1.0
0.0,1.0,1.0082460422111694e-09,1.0
0.0,1.0,1.0098396563407164e-09,1.0
0.0,1.0,1.008142236358367e-09,1.0
0.0,1.0,1.0089616919728428e-09,1.0
0.0,1.0,1.0090771551674038e-09,1.0
0.0,1.0,3.202343926054333e-23,1.0
0.0,1.0,1.1064865690357806e-09,1.0
0.0,1.0,1.0088097024407716e-09,1.0
0.0,1.0,1.0086500523698305e-09,1.0
0.0,1.0,1.0089367119547887e-09,1.0
0.0,1.0,1.0082307211334296e-09,1.0
0.0,1.0,1.0097780389628497e-09,1.0
0.0,1.0,1.008109595801443e-09,1.0
0.0,1.0,1.0091195656869445e-09,1.0
0.0,1.0,1.0097240821238529e-09,1.0
0.0,1.0,1.0095045910318845e-09,1.0
0.0,1.0,1.0091348867646843e-09,1.0
0.0,1.0,1.008419237003011e-09,1.0
0.0,1.0,1.0096278257876179e-09,1.0
0.0,1.0,1.02095820686543e-09,1.0
0.0,1.0,1.0086653734475703e-09,1.0
0.0,1.0,1.0081114831805849e-09,1.0
0.0,1.0,2.101966600775995e-09,1.0
0.0,1.0,1.0073887279915539e-09,1.0
0.0,1.0,1.1530597587849911e-09,1.0
0.0,1.0,1.013094275137405e-09,1.0
0.0,1.0,1.008103822641715e-09,1.0
0.0,1.0,1.0078960999138076e-09,1.0
0.0,1.0,1.0126403049426358e-09,1.0
0.0,1.0,1.0094083346956495e-09,1.0
0.0,1.0,1.0080960510805426e-09,1.0
0.0,1.0,1.1258470294706058e-05,0.9999851584434509
0.0,1.0,1.008830907700542e-09,1.0
0.0,1.0,1.0087308766060232e-09,1.0
0.0,1.0,6.625641162827378e-06,0.9999908804893494
0.0,1.0,5.118289333891834e-15,1.0
0.0,1.0,1.0223554225419207e-09,1.0
0.0,1.0,1.0076405265735389e-09,1.0
0.0,1.0,1.0080749568430747e-09,1.0
0.0,1.0,1.0086789181684708e-09,1.0
0.0,1.0,1.0085307033946833e-09,1.0
0.0,1.0,1.00859998131142e-09,1.0
0.0,1.0,1.0090925872674461e-09,1.0
0.0,1.0,1.007986472068012e-09,1.0
0.0,1.0,1.0079980183874682e-09,1.0
0.0,1.0,1.0088520019380098e-09,1.0
0.0,1.0,1.0080999368611288e-09,1.0
0.0,1.0,1.0088135882213578e-09,1.0
0.0,1.0,1.756199708324857e-05,0.999980092048645
0.0,1.0,5.045720172347501e-06,0.999994695186615
0.0,1.0,1.0810277672135271e-05,0.9999879598617554
0.0,1.0,1.1553647709661163e-05,0.9999875426292419
0.0,1.0,1.0301002475898713e-05,0.9999883770942688
0.0,1.0,1.8061834907712182e-06,0.9999980330467224
0.0,1.0,1.876650821941439e-05,0.9999788999557495
0.0,1.0,3.301643664599396e-05,0.99996018409729
0.0,1.0,1.0095719815694792e-09,1.0
0.0,1.0,1.0093852420567373e-09,1.0
0.0,1.0,1.0100129621548604e-09,1.0
0.0,1.0,1.007967265209686e-09,1.0
0.0,1.0,1.0100708047744433e-09,1.0
0.0,1.0,1.0086385060503744e-09,1.0
0.0,1.0,1.0087231050448509e-09,1.0
0.0,1.0,1.0098338831809883e-09,1.0
0.0,1.0,1.0094083346956495e-09,1.0
0.0,1.0,1.009735628443309e-09,1.0
0.0,1.0,2.3071632313076407e-05,0.999971330165863
0.0,1.0,1.008580774453094e-09,1.0
0.0,1.0,8.37724201119272e-06,0.9999901056289673
0.0,1.0,1.0075885681359864e-09,1.0
0.0,1.0,1.008707783967111e-09,1.0
0.0,1.0,1.0088097024407716e-09,1.0
0.0,1.0,1.0086673718490147e-09,1.0
0.0,1.0,1.0094814983929723e-09,1.0
0.0,1.0,3.047626612172504e-18,1.0
0.0,1.0,1.008005678926338e-09,1.0
0.0,1.0,1.0693816943074808e-09,1.0
0.0,1.0,1.0084019175238268e-09,1.0
0.0,1.0,1.007696259769375e-09,1.0
0.0,1.0,1.0088577750977379e-09,1.0
0.0,1.0,1.009184957823095e-09,1.0
0.0,1.0,1.0083307522279483e-09,1.0
0.0,1.0,1.008869321417194e-09,1.0
0.0,1.0,1.0079115320138499e-09,1.0
0.0,1.0,1.009568095788893e-09,1.0
0.0,1.0,1.008496064436315e-09,1.0
0.0,1.0,1.0076001144554425e-09,1.0
0.0,1.0,1.0089078461561485e-09,1.0
0.0,1.0,1.0096278257876179e-09,1.0
0.0,1.0,1.00794805835136e-09,1.0
0.0,1.0,1.0096585789654e-09,1.0
0.0,1.0,1.0078077261610474e-09,1.0
0.0,1.0,1.0079922452277401e-09,1.0
0.0,1.0,1.0074906464652145e-09,1.0
0.0,1.0,1.5968029613660402e-28,1.0
0.0,1.0,1.0121574689492263e-09,1.0
0.0,1.0,1.0079307388721759e-09,1.0
0.0,1.0,2.9775715120194945e-06,0.999995768070221
0.0,1.0,1.0095468905291227e-09,1.0
0.0,1.0,1.176739705677221e-09,1.0
0.0,1.0,2.1821044970948833e-09,1.0
0.0,1.0,5.206880102696782e-26,1.0
0.0,1.0,1.0080883905416727e-09,1.0
0.0,1.0,1.0079961310083263e-09,1.0
0.0,1.0,1.0076232070943547e-09,1.0
0.0,1.0,1.0091426583258567e-09,1.0
0.0,1.0,1.0076731671304628e-09,1.0
0.0,1.0,1.0092715552190157e-09,1.0
0.0,1.0,1.0166035790959427e-09,1.0
0.0,1.0,2.107893415370654e-08,0.9999999403953552
0.0,1.0,1.0107608083842479e-09,1.0
0.0,1.0,1.0082346069140158e-09,1.0
0.0,1.0,1.0093428315371966e-09,1.0
0.0,1.0,1.0071543599110555e-09,1.0
0.0,1.0,1.0080000167889125e-09,1.0
0.0,1.0,1.0075348333415945e-09,1.0
0.0,1.0,1.007463668045716e-09,1.0
0.0,1.0,1.0087000124059387e-09,1.0
0.0,1.0,1.008172989536149e-09,1.0
0.0,1.0,1.3236547413697508e-09,1.0
0.0,1.0,1.007915417794436e-09,1.0
0.0,1.0,1.169601637762696e-09,1.0
0.0,1.0,1.625140129135616e-07,0.9999997019767761
0.0,1.0,1.0084403312404788e-09,1.0
0.0,1.0,1.007315786338836e-09,1.0
0.0,1.0,1.0080114520860661e-09,1.0
0.0,1.0,1.0074425738082482e-09,1.0
0.0,1.0,1.0095989599889776e-09,1.0
0.0,1.0,1.0099185931977672e-09,1.0
0.0,1.0,1.0148599738357689e-09,1.0
0.0,1.0,1.5735827085805454e-09,1.0
0.0,1.0,1.0085768886725077e-09,1.0
0.0,1.0,1.0075001943832262e-09,1.0
0.0,1.0,7.889546654871182e-11,1.0
0.0,1.0,1.0075251744012803e-09,1.0
0.0,1.0,1.007665506591593e-09,1.0
0.0,1.0,1.0138269113113552e-09,1.0
0.0,1.0,1.0083114343473198e-09,1.0
0.0,1.0,1.0227064750623072e-09,1.0
0.0,1.0,1.008977124072885e-09,1.0
0.0,1.0,1.0093467173177828e-09,1.0
0.0,1.0,1.0086923518670687e-09,1.0
0.0,1.0,1.0093273994371543e-09,1.0
0.0,1.0,1.0082249479737015e-09,1.0
0.0,1.0,1.0075655865193767e-09,1.0
0.0,1.0,1.0078096135401893e-09,1.0
0.0,1.0,1.0081326884403552e-09,1.0
0.0,1.0,1.0083615054057304e-09,1.0
0.0,1.0,1.0170225772654362e-09,1.0
0.0,1.0,1.0362668501073813e-09,1.0
0.0,1.0,1.008449990180793e-09,1.0
0.0,1.0,3.1881688755674986e-07,0.999999463558197
0.0,1.0,1.0083999191223825e-09,1.0
0.0,1.0,1.0095392299902528e-09,1.0
0.0,1.0,1.0072658263027279e-09,1.0
0.0,1.0,1.0069046707528173e-09,1.0
0.0,1.0,1.0074214795707803e-09,1.0
0.0,1.0,1.0087038981865248e-09,1.0
0.0,1.0,1.0326305366348265e-09,1.0
0.0,1.0,1.0085500212753118e-09,1.0
0.0,1.0,5.596518206680981e-16,1.0
0.0,1.0,1.0082538137723418e-09,1.0
0.0,1.0,1.0074233669499222e-09,1.0
0.0,1.0,1.012872008487875e-09,1.0
0.0,1.0,1.0100746905550295e-09,1.0
0.0,1.0,1.0083730517251865e-09,1.0
0.0,1.0,1.0087231050448509e-09,1.0
0.0,1.0,1.3839684243066586e-07,0.9999997615814209
0.0,1.0,1.0371823400134872e-09,1.0
0.0,1.0,1.0086519397489724e-09,1.0
0.0,1.0,1.0088770929783664e-09,1.0
0.0,1.0,1.0091214530660864e-09,1.0
0.0,1.0,1.9716827637239476e-07,0.9999996423721313
0.0,1.0,1.0078423651194157e-09,1.0
0.0,1.0,1.0096913305446265e-09,1.0
0.0,1.0,1.0083961443640987e-09,1.0
0.0,1.0,1.0075309475610084e-09,1.0
0.0,1.0,1.007980698908284e-09,1.0
0.0,1.0,1.0085653423530516e-09,1.0
0.0,1.0,1.0077730872026791e-09,1.0
0.0,1.0,1.0082518153708975e-09,1.0
0.0,1.0,1.0072926936999238e-09,1.0
0.0,1.0,2.6922856832811703e-08,0.9999999403953552
0.0,1.0,1.0082152890333873e-09,1.0
0.0,1.0,1.0086076418502898e-09,1.0
0.0,1.0,1.008322980666776e-09,1.0
0.0,1.0,1.0078192724805035e-09,1.0
0.0,1.0,6.149082889405656e-31,1.0
0.0,1.0,1.0077577661249393e-09,1.0
0.0,1.0,1.0084479917793487e-09,1.0
0.0,1.0,1.0076001144554425e-09,1.0
0.0,1.0,1.008578887073952e-09,1.0
0.0,1.0,1.0085422497141394e-09,1.0
0.0,1.0,1.0094372004942898e-09,1.0
0.0,1.0,1.0090078772506672e-09,1.0
0.0,1.0,1.0088039292810436e-09,1.0
0.0,1.0,1.0097086500238106e-09,1.0
0.0,1.0,1.0078999856943938e-09,1.0
0.0,1.0,7.331789220188512e-08,0.9999998807907104
0.0,1.0,1.0087500834643492e-09,1.0
0.0,1.0,1.0102191305705333e-09,1.0
0.0,1.0,1.122054227309377e-09,1.0
0.0,1.0,1.1816495559813234e-09,1.0
0.0,1.0,1.1055900639433958e-09,1.0
0.0,1.0,1.8069523655128705e-09,1.0
0.0,1.0,1.1170361302603737e-09,1.0
0.0,1.0,1.1393501697654074e-09,1.0
0.0,1.0,1.1041991765381454e-09,1.0
0.0,1.0,1.1268390665009065e-09,1.0
0.0,1.0,4.757535698729498e-09,1.0
0.0,1.0,1.0497163301626046e-21,1.0
0.0,1.0,1.1390112186759893e-09,1.0
0.0,1.0,1.152397954840012e-09,1.0
0.0,1.0,1.1438269220676034e-09,1.0
0.0,1.0,1.1715551861968265e-09,1.0
0.0,1.0,1.1144313249999982e-09,1.0
0.0,1.0,1.1241427788633018e-09,1.0
0.0,1.0,1.1408658462386256e-09,1.0
0.0,1.0,1.0979784859088682e-09,1.0
0.0,1.0,1.4654163299487877e-11,1.0
0.0,1.0,1.1051473070011752e-09,1.0
0.0,1.0,1.1595858717683427e-09,1.0
0.0,1.0,1.1311847014638943e-09,1.0
0.0,1.0,1.1403480382199405e-09,1.0
0.0,1.0,1.1231290342195166e-09,1.0
0.0,1.0,1.1179227543678394e-09,1.0
0.0,1.0,5.625778959843881e-16,1.0
0.0,1.0,1.099005109139739e-09,1.0
0.0,1.0,1.1378278319540414e-09,1.0
0.0,1.0,1.1030266700018387e-09,1.0
0.0,1.0,1.1345208106305904e-09,1.0
0.0,1.0,1.1497809371263656e-09,1.0
0.0,1.0,1.14107479021186e-09,1.0
0.0,1.0,1.128992566101772e-09,1.0
0.0,1.0,1.1125305121595375e-09,1.0
0.0,1.0,1.121433723660914e-09,1.0
0.0,1.0,7.59709894992966e-09,1.0
0.0,1.0,1.1162544222287352e-09,1.0
0.0,1.0,1.1580100212071898e-09,1.0
0.0,1.0,1.1178759029562002e-09,1.0
0.0,1.0,1.162176466174003e-09,1.0
0.0,1.0,1.16082288226238e-09,1.0
0.0,1.0,1.1203306060636464e-09,1.0
0.0,1.0,1.1417626843979178e-09,1.0
0.0,1.0,1.1214295048134204e-09,1.0
0.0,1.0,1.1021581425296745e-09,1.0
0.0,1.0,1.1220157025704225e-09,1.0
0.0,1.0,1.1595394644459134e-09,1.0
0.0,1.0,1.1155584234145977e-09,1.0
0.0,1.0,1.1683151113217605e-09,1.0
0.0,1.0,1.1447217618254513e-09,1.0
0.0,1.0,1.131603255544178e-09,1.0
0.0,1.0,1.1394241106188474e-09,1.0
0.0,1.0,1.0966598740225209e-09,1.0
0.0,1.0,1.1233047825243148e-09,1.0
0.0,1.0,1.1458708426559383e-09,1.0
0.0,1.0,1.1514048603444849e-09,1.0
0.0,1.0,9.470691926862583e-18,1.0
0.0,1.0,1.120377568497588e-09,1.0
0.0,1.0,1.4375566292912367e-09,1.0
0.0,1.0,1.126957305253029e-09,1.0
0.0,1.0,1.1502986341227484e-09,1.0
0.0,1.0,1.1091235707638702e-09,1.0
0.0,1.0,3.0527018690662544e-09,1.0
0.0,1.0,1.127615223417422e-09,1.0
0.0,1.0,1.1306260372379029e-09,1.0
0.0,1.0,1.1362641938461593e-09,1.0
0.0,1.0,1.1086435103280223e-09,1.0
0.0,1.0,5.66456082040645e-09,1.0
0.0,1.0,1.1084362316893248e-09,1.0
0.0,1.0,1.1231890972851488e-09,1.0
0.0,1.0,7.14587429229141e-08,0.9999999403953552
0.0,1.0,1.7663106580689e-16,1.0
0.0,1.0,1.1173407754583309e-09,1.0
0.0,1.0,1.8285148917080772e-23,1.0
0.0,1.0,1.1156605639328632e-09,1.0
0.0,1.0,1.1274453592946543e-09,1.0
0.0,1.0,1.107405056544053e-09,1.0
0.0,1.0,1.1351117823465984e-09,1.0
0.0,1.0,5.8898512733662756e-09,1.0
0.0,1.0,1.153033335477005e-09,1.0
0.0,1.0,1.1184986270507125e-09,1.0
0.0,1.0,1.1426342094722486e-09,1.0
0.0,1.0,1.15603260297803e-09,1.0
0.0,1.0,1.1165440794158599e-09,1.0
0.0,1.0,1.134960236903737e-09,1.0
0.0,1.0,3.56354212804888e-09,1.0
0.0,1.0,1.126357673797429e-09,1.0
0.0,1.0,1.1691911883104922e-09,1.0
0.0,1.0,1.1263985300047352e-09,1.0
0.0,1.0,1.8268195844939328e-09,1.0
0.0,1.0,1.1381012798850065e-09,1.0
0.0,1.0,1.1807573807587346e-09,1.0
0.0,1.0,1.1053602477772984e-09,1.0
0.0,1.0,1.1396849020073319e-09,1.0
0.0,1.0,1.129791704634897e-09,1.0
0.0,1.0,1.115779801885708e-09,1.0
0.0,1.0,1.1338848748820851e-09,1.0
0.0,1.0,0.0,1.0
0.0,1.0,1.1507220731843404e-09,1.0
0.0,1.0,1.1123989507311194e-09,1.0
0.0,1.0,3.02029778964652e-09,1.0
0.0,1.0,1.0979659403886899e-09,1.0
0.0,1.0,1.172704378049616e-09,1.0
0.0,1.0,1.1217418105502475e-09,1.0
0.0,1.0,1.129905946584131e-09,1.0
0.0,1.0,1.140324168424911e-09,1.0
0.0,1.0,3.78062914307975e-09,1.0
0.0,1.0,1.1106965347451592e-09,1.0
0.0,1.0,1.1241063635480941e-09,1.0
0.0,1.0,1.1073163497243854e-09,1.0
0.0,1.0,1.122962056676613e-09,1.0
0.0,1.0,1.118857118065364e-09,1.0
0.0,1.0,1.7296578877293087e-31,1.0
0.0,1.0,1.1359001517163847e-09,1.0
0.0,1.0,1.1262266674805232e-09,1.0
0.0,1.0,1.1236647168288982e-09,1.0
0.0,1.0,2.332957382833456e-09,1.0
0.0,1.0,1.1734248017702953e-09,1.0
0.0,1.0,1.1545386868760943e-09,1.0
0.0,1.0,1.1383053388769326e-09,1.0
0.0,1.0,1.1430265622891511e-09,1.0
0.0,1.0,7.391179224214284e-09,1.0
0.0,1.0,1.1203733496500945e-09,1.0
0.0,1.0,9.274271331059708e-33,1.0
0.0,1.0,4.310597603307542e-07,0.9999992847442627
0.0,1.0,1.1324043924787475e-09,1.0
0.0,1.0,1.1082882389601423e-09,1.0
0.0,1.0,1.1295115953657842e-09,1.0
0.0,1.0,1.1191217952344346e-09,1.0
0.0,1.0,1.122818504839529e-09,1.0
0.0,1.0,1.1576499758803038e-09,1.0
0.0,1.0,1.122927750785152e-09,1.0
0.0,1.0,1.124773385541289e-09,1.0
0.0,1.0,1.1161160884398669e-09,1.0
0.0,1.0,1.1199631222424955e-09,1.0
0.0,1.0,1.1026312085604673e-09,1.0
0.0,1.0,1.1203369343348868e-09,1.0
0.0,1.0,1.1312645264993648e-09,1.0
0.0,1.0,1.1167335944861634e-09,1.0
0.0,1.0,1.1513565656429137e-09,1.0
0.0,1.0,1.6125363067863272e-26,1.0
0.0,1.0,1.108197422716728e-09,1.0
0.0,1.0,1.1297939250809463e-09,1.0
0.0,1.0,1.1343412875675085e-09,1.0
0.0,1.0,1.1540300937085135e-09,1.0
0.0,1.0,1.113377501305024e-09,1.0
0.0,1.0,1.1273657563037887e-09,1.0
0.0,1.0,1.1195402382924158e-09,1.0
0.0,1.0,1.1186095383308725e-09,1.0
0.0,1.0,1.1375196340424054e-09,1.0
0.0,1.0,1.1581999803667031e-09,1.0
0.0,1.0,1.150092354684773e-09,1.0
0.0,1.0,1.123120485502227e-09,1.0
0.0,1.0,1.1069953842479663e-09,1.0
0.0,1.0,1.1187291093506246e-09,1.0
0.0,1.0,1.1092357032893574e-09,1.0
0.0,1.0,1.123039106154522e-09,1.0
0.0,1.0,1.129811133537828e-09,1.0
0.0,1.0,1.1092209373231299e-09,1.0
0.0,1.0,1.112594238961151e-09,1.0
0.0,1.0,1.1231676699807736e-09,1.0
0.0,1.0,1.144756733850727e-09,1.0
0.0,1.0,1.1098832963796212e-09,1.0
0.0,1.0,4.75613859407531e-09,1.0
0.0,1.0,1.129716320491525e-09,1.0
0.0,1.0,1.0812689630354158e-25,1.0
0.0,1.0,1.1372789376906667e-09,1.0
0.0,1.0,1.1217845541366955e-09,1.0
0.0,1.0,1.1016684231535123e-09,1.0
0.0,1.0,1.134148663872736e-09,1.0
0.0,1.0,1.1256339194076759e-09,1.0
0.0,1.0,1.1182405001974871e-09,1.0
0.0,1.0,0.0,1.0
0.0,1.0,1.1468372917988745e-09,1.0
0.0,1.0,1.6148830050966012e-09,1.0
0.0,1.0,1.1147842648995265e-09,1.0
0.0,1.0,1.1448003656155947e-09,1.0
0.0,1.0,1.1126471965994256e-09,1.0
0.0,1.0,1.1269508659594862e-09,1.0
0.0,1.0,1.1070988570338613e-09,1.0
0.0,1.0,1.1242221598095625e-09,1.0
0.0,1.0,1.1195828708565614e-09,1.0
0.0,1.0,1.128910742664857e-09,1.0
0.0,1.0,1.106193359134977e-09,1.0
0.0,1.0,1.121904458223355e-09,1.0
0.0,1.0,1.1499257102087768e-09,1.0
0.0,1.0,1.1364961194360035e-09,1.0
0.0,1.0,0.0,1.0
0.0,1.0,1.1228677987418223e-09,1.0
0.0,1.0,0.0,1.0
0.0,1.0,1.1330201221682046e-09,1.0
0.0,1.0,1.1237247798945305e-09,1.0
0.0,1.0,1.1409072575574442e-09,1.0
0.0,1.0,1.1032518232312327e-09,1.0
0.0,1.0,0.0,1.0
0.0,1.0,1.1361948049071202e-09,1.0
0.0,1.0,1.2116528891326084e-09,1.0
0.0,1.0,1.1375002051394745e-09,1.0
0.0,1.0,1.1593669357878866e-09,1.0
0.0,1.0,1.1175177450084561e-09,1.0
0.0,1.0,1.1613300321400288e-09,1.0
0.0,1.0,1.137200777989733e-09,1.0
0.0,1.0,1.2304167684717982e-09,1.0
0.0,1.0,1.1126408683281852e-09,1.0
0.0,1.0,0.0,1.0
0.0,1.0,1.1280153477954968e-09,1.0
0.0,1.0,1.1868153126926018e-09,1.0
0.0,1.0,1.1331519056412276e-09,1.0
0.0,1.0,1.1419173384652481e-09,1.0
0.0,1.0,1.1561230861545368e-09,1.0
0.0,1.0,0.0,1.0
0.0,1.0,1.118716230763539e-09,1.0
0.0,1.0,1.1341422245791932e-09,1.0
0.0,1.0,1.2804685090017642e-09,1.0
0.0,1.0,1.675102057063782e-09,1.0
0.0,1.0,1.1254106535574238e-09,1.0
0.0,1.0,1.1229598362305637e-09,1.0
0.0,1.0,1.1197132110396524e-09,1.0
0.0,1.0,1.1308675107457589e-09,1.0
0.0,1.0,1.1179803749428174e-09,1.0
0.0,1.0,1.152606787790944e-09,1.0
0.0,1.0,1.1280368861221746e-09,1.0
0.0,1.0,1.138268479472515e-09,1.0
0.0,1.0,1.1285404832861445e-09,1.0
0.0,1.0,1.1631278162838043e-09,1.0
0.0,1.0,6.655566764379728e-09,1.0
0.0,1.0,1.1622075524186926e-09,1.0
0.0,1.0,1.1982449477088153e-09,1.0
0.0,1.0,1.1269400967961474e-09,1.0
0.0,1.0,1.136032268256315e-09,1.0
0.0,1.0,1.125994741890679e-09,1.0
0.0,1.0,1.1323093573878396e-09,1.0
0.0,1.0,1.157473339397086e-09,1.0
0.0,1.0,1.1400458355126375e-09,1.0
0.0,1.0,1.7992110024067642e-09,1.0
0.0,1.0,1.1337443206471676e-09,1.0
0.0,1.0,1.1275980149605402e-09,1.0
0.0,1.0,0.0,1.0
0.0,1.0,1.1192242688196075e-09,1.0
0.0,1.0,0.0,1.0
0.0,1.0,1.1498884067151494e-09,1.0
0.0,1.0,1.965619000898755e-09,1.0
0.0,1.0,1.3874774662525624e-09,1.0
0.0,1.0,1.1131799926289432e-09,1.0
0.0,1.0,1.144507821848606e-09,1.0
0.0,1.0,1.1890924911384104e-09,1.0
0.0,1.0,1.1386528386836403e-09,1.0
0.0,1.0,1.1782129716308987e-09,1.0
0.0,1.0,1.141455707731609e-09,1.0
0.0,1.0,1.54559465226356e-09,1.0
0.0,1.0,1.1504807106987869e-09,1.0
0.0,1.0,1.1400284050111509e-09,1.0
0.0,1.0,1.1288117107710605e-09,1.0
0.0,1.0,1.1313939785040361e-09,1.0
0.0,1.0,1.1184559944865669e-09,1.0
0.0,1.0,1.5311204526469169e-09,1.0
0.0,1.0,7.001776090718128e-29,1.0
0.0,1.0,1.150956996376351e-09,1.0
0.0,1.0,5.180603501742098e-09,1.0
0.0,1.0,1.1123586496353255e-09,1.0
0.0,1.0,1.1230305574372323e-09,1.0
0.0,1.0,1.1175177450084561e-09,1.0
0.0,1.0,1.110274983062709e-09,1.0
0.0,1.0,1.6900133557419444e-19,1.0
0.0,1.0,1.141825856088019e-09,1.0
0.0,1.0,1.1325382853755173e-09,1.0
0.0,1.0,1.1258980414652342e-09,1.0
0.0,1.0,1.1160139479216014e-09,1.0
0.0,1.0,1.117238523917763e-09,1.0
0.0,1.0,1.83712045576101e-09,1.0
0.0,1.0,1.2057740361726133e-09,1.0
0.0,1.0,1.1298585400609795e-09,1.0
0.0,1.0,1.1507265140764389e-09,1.0
0.0,1.0,1.2186198716790386e-09,1.0
0.0,1.0,1.1308287639621994e-09,1.0
0.0,1.0,1.1642886654783524e-09,1.0
0.0,1.0,1.1250759213154993e-09,1.0
0.0,1.0,1.1284112533260782e-09,1.0
0.0,1.0,1.1469268867969618e-09,1.0
0.0,1.0,0.0,1.0
0.0,1.0,1.1252089260338494e-09,1.0
0.0,1.0,1.2030769713788914e-09,1.0
0.0,1.0,1.1194419835547365e-09,1.0
0.0,1.0,1.132771543232991e-09,1.0
0.0,1.0,1.1491779750016917e-09,1.0
0.0,1.0,1.1194782878476417e-09,1.0
0.0,1.0,1.1185284920500749e-09,1.0
0.0,1.0,1.1200507188391384e-09,1.0
0.0,1.0,1.1368408436851496e-09,1.0
0.0,1.0,1.1499037277928892e-09,1.0
0.0,1.0,1.1069615224457152e-09,1.0
0.0,1.0,1.618264338478335e-22,1.0
0.0,1.0,1.1231504615238919e-09,1.0
0.0,1.0,2.290217571143671e-09,1.0
0.0,1.0,1.153046547130998e-09,1.0
0.0,1.0,3.70618164500136e-29,1.0
0.0,1.0,1.1131736643577028e-09,1.0
0.0,1.0,1.1472836014547738e-09,1.0
0.0,1.0,1.1435389302150156e-09,1.0
0.0,1.0,0.0,1.0
0.0,1.0,1.1303198377277113e-09,1.0
0.0,1.0,1.1673194633132766e-09,1.0
0.0,1.0,1.1024398061110219e-09,1.0
0.0,1.0,1.1304535085798761e-09,1.0
0.0,1.0,1.1439055258577469e-09,1.0
0.0,1.0,1.233033897207747e-09,1.0
0.0,1.0,1.6070997865824665e-09,1.0
0.0,1.0,1.1106414676831378e-09,1.0
0.0,1.0,1.179107700366444e-09,1.0
0.0,1.0,1.1616269057768136e-09,1.0
0.0,1.0,1.1306345859551925e-09,1.0
0.0,1.0,1.1513850983746465e-09,1.0
0.0,1.0,1.157990148215049e-09,1.0
0.0,1.0,1.1235361530026466e-09,1.0
0.0,1.0,1.1312277781172497e-09,1.0
0.0,1.0,1.137322236388627e-09,1.0
0.0,1.0,1.1273786348908743e-09,1.0
0.0,1.0,1.1160096180518053e-09,1.0
0.0,1.0,1.115681880214936e-09,1.0
0.0,1.0,1.5532726216349602e-09,1.0
0.0,1.0,1.1887931750109715e-09,1.0
0.0,1.0,1.1500616015069909e-09,1.0
0.0,1.0,1.14676945717207e-09,1.0
0.0,1.0,1.1220392392985445e-09,1.0
0.0,1.0,1.1473229033498455e-09,1.0
0.0,1.0,1.1231462426763983e-09,1.0
0.0,1.0,1.1606480221360016e-09,1.0
0.0,1.0,5.905932275346292e-26,1.0
0.0,1.0,1.154102702294324e-09,1.0
0.0,1.0,1.167691388026526e-09,1.0
0.0,1.0,1.1284866374694502e-09,1.0
0.0,1.0,1.1417061740459644e-09,1.0
0.0,1.0,1.1387332188306232e-09,1.0
0.0,1.0,1.9059864797554837e-09,1.0
0.0,1.0,1.118129588917327e-09,1.0
0.0,1.0,2.3529509451947206e-09,1.0
0.0,1.0,1.124500936811046e-09,1.0
0.0,1.0,1.1253462606219955e-09,1.0
0.0,1.0,1.1413163747420185e-09,1.0
0.0,1.0,1.12602904778214e-09,1.0
0.0,1.0,1.1286588330605696e-09,1.0
0.0,1.0,1.1265446353547759e-09,1.0
0.0,1.0,1.8910890631218535e-09,1.0
0.0,1.0,1.1731786653257359e-09,1.0
0.0,1.0,1.1183407533366108e-09,1.0
0.0,1.0,1.1277894174099856e-09,1.0
0.0,1.0,1.1297939250809463e-09,1.0
0.0,1.0,1.1173472147518737e-09,1.0
0.0,1.0,1.1235490315897323e-09,1.0
0.0,1.0,1.1201147787076593e-09,1.0
0.0,1.0,1.119147330364001e-09,1.0
0.0,1.0,1.149015771417794e-09,1.0
0.0,1.0,1.1383032294531858e-09,1.0
0.0,1.0,1.1327370152969252e-09,1.0
0.0,1.0,1.1293630475250893e-09,1.0
0.0,1.0,1.1168124203209118e-09,1.0
0.0,1.0,1.1385311582401414e-09,1.0
0.0,1.0,1.1758445328524658e-09,1.0
0.0,1.0,1.1493467289014347e-09,1.0
0.0,1.0,1.1405851818580004e-09,1.0
0.0,1.0,1.1102856412037454e-09,1.0
0.0,1.0,1.1176882752650386e-09,1.0
0.0,1.0,2.642279807224448e-14,1.0
0.0,1.0,1.1029404056728254e-09,1.0
0.0,1.0,1.1210552486318193e-09,1.0
0.0,1.0,1.1284435608160948e-09,1.0
0.0,1.0,1.1443157532653458e-09,1.0
0.0,1.0,0.0,1.0
0.0,1.0,1.1186992443512622e-09,1.0
0.0,1.0,1.1364961194360035e-09,1.0
0.0,1.0,1.133406923869984e-09,1.0
0.0,1.0,1.1358091134283654e-09,1.0
0.0,1.0,1.143314332097134e-09,1.0
0.0,1.0,1.1483103357079472e-09,1.0
0.0,1.0,1.1521605891573472e-09,1.0
0.0,1.0,1.1243057596033168e-09,1.0
0.0,1.0,1.1366998453610222e-09,1.0
0.0,1.0,1.1022673884752976e-09,1.0
0.0,1.0,1.1316486636658851e-09,1.0
0.0,1.0,1.11560316540249e-09,1.0
0.0,1.0,1.1888656725744795e-09,1.0
0.0,1.0,1.122285375743104e-09,1.0
0.0,1.0,1.120189607739519e-09,1.0
0.0,1.0,1.1329271965010435e-09,1.0
0.0,1.0,1.1333853855433063e-09,1.0
0.0,1.0,1.1264715826797556e-09,1.0
0.0,1.0,1.1525738141671127e-09,1.0
0.0,1.0,1.1268820321319595e-09,1.0
0.0,1.0,2.5258000277972315e-06,0.9999982714653015
0.0,1.0,1.1231890972851488e-09,1.0
0.0,1.0,1.1379494013752378e-09,1.0
0.0,1.0,1.1281616751901424e-09,1.0
0.0,1.0,1.1467650162799714e-09,1.0
0.0,1.0,1.1307079716971202e-09,1.0
0.0,1.0,1.1183599601949368e-09,1.0
0.0,1.0,1.1400980159947949e-09,1.0
0.0,1.0,1.1215193218561126e-09,1.0
0.0,1.0,1.1206083838644076e-09,1.0
0.0,1.0,1.1242350383966482e-09,1.0
0.0,1.0,1.1331389160318395e-09,1.0
0.0,1.0,1.1211450656745114e-09,1.0
0.0,1.0,1.1296517055114919e-09,1.0
0.0,1.0,1.140328498294707e-09,1.0
0.0,1.0,1.1425055346236945e-09,1.0
0.0,1.0,1.20553944604751e-09,1.0
0.0,1.0,1.1218487250275189e-09,1.0
0.0,1.0,1.1235596897307687e-09,1.0
0.0,1.0,1.1155202317425505e-09,1.0
0.0,1.0,1.1147884837470201e-09,1.0
0.0,1.0,1.1160734558757213e-09,1.0
0.0,1.0,1.8624310982318093e-09,1.0
0.0,1.0,1.1410551392643242e-09,1.0
0.0,1.0,1.160099127872627e-09,1.0
0.0,1.0,3.537796762415561e-30,1.0
0.0,1.0,1.1502458985290787e-09,1.0
0.0,1.0,0.0,1.0
0.0,1.0,1.1270776534288984e-09,1.0
0.0,1.0,1.1222018869716521e-09,1.0
0.0,1.0,1.1380426601093063e-09,1.0
0.0,1.0,1.125756377007292e-09,1.0
0.0,1.0,1.141664762727146e-09,1.0
0.0,1.0,4.281187848675927e-09,1.0
0.0,1.0,1.2963458084769286e-09,1.0
0.0,1.0,1.0695938579274866e-09,1.0
0.0,1.0,1.0581131526521403e-09,1.0
0.0,1.0,1.0675659245507063e-09,1.0
0.0,1.0,1.0665238692197931e-09,1.0
0.0,1.0,1.0666235672474045e-09,1.0
0.0,1.0,1.071470356883708e-09,1.0
0.0,1.0,1.0918012049998538e-09,1.0
0.0,1.0,2.9139555453641924e-15,1.0
0.0,1.0,8.47387974893556e-25,1.0
0.0,1.0,1.0669206629287942e-09,1.0
0.0,1.0,1.0919136705922483e-09,1.0
0.0,1.0,1.0962563079530696e-09,1.0
0.0,1.0,1.0752393420077055e-09,1.0
0.0,1.0,1.085675216394577e-09,1.0
0.0,1.0,1.0749851009350664e-09,1.0
0.0,1.0,1.0627223114614197e-21,1.0
0.0,1.0,1.2113123242975699e-37,1.0
0.0,1.0,0.0,1.0
0.0,1.0,0.0,1.0
0.0,1.0,0.0,1.0
0.0,1.0,0.0,1.0
0.0,1.0,0.0,1.0
0.0,1.0,1.0966180186144925e-09,1.0
0.0,1.0,1.077674394167616e-09,1.0
0.0,1.0,1.0648469883633993e-09,1.0
0.0,1.0,0.0,1.0
0.0,1.0,1.075116329296577e-09,1.0
0.0,1.0,0.0,1.0
0.0,1.0,0.0,1.0
0.0,1.0,4.787212500753297e-23,1.0
0.0,1.0,0.0,1.0
0.0,1.0,0.0,1.0
0.0,1.0,0.0,1.0
0.0,1.0,0.0,1.0
0.0,1.0,0.0,1.0
0.0,1.0,0.0,1.0
0.0,1.0,0.0,1.0
0.0,1.0,1.875121051853057e-05,0.999983012676239
0.0,1.0,1.1037611935549307e-09,1.0
0.0,1.0,2.1395919344902154e-25,1.0
0.0,1.0,7.70067341860011e-26,1.0
0.0,1.0,1.0638441239052554e-09,1.0
0.0,1.0,1.0770045966168595e-09,1.0
0.0,1.0,1.0747636114416537e-09,1.0
0.0,1.0,0.0,1.0
0.0,1.0,2.4541392051215795e-18,1.0
0.0,1.0,1.082722245193679e-09,1.0
0.0,1.0,1.1982588646024402e-16,1.0
0.0,1.0,1.066519761394602e-09,1.0
0.0,1.0,1.073804711815285e-09,1.0
0.0,1.0,1.065293853130811e-09,1.0
0.0,1.0,1.076347455608584e-09,1.0
0.0,1.0,1.0663062655069666e-09,1.0
0.0,1.0,1.083503065046898e-09,1.0
0.0,1.0,1.0773681946574243e-09,1.0
0.0,1.0,1.0721225018883729e-09,1.0
0.0,1.0,1.0737494227086586e-09,1.0
0.0,1.0,1.0758691715295754e-09,1.0
0.0,1.0,1.0806960881737382e-09,1.0
0.0,1.0,1.0795672134022993e-09,1.0
0.0,1.0,1.0947769357727566e-09,1.0
0.0,1.0,1.0908103309503758e-09,1.0
0.0,1.0,1.1101098928989472e-09,1.0
0.0,1.0,1.0711168618726674e-09,1.0
0.0,1.0,1.0789495963337004e-09,1.0
0.0,1.0,1.0955623075403764e-09,1.0
0.0,1.0,1.087015810696812e-09,1.0
0.0,1.0,1.0743722578254733e-09,1.0
0.0,1.0,1.0814631412614517e-09,1.0
0.0,1.0,1.0792294835582084e-09,1.0
0.0,1.0,1.0736449507220414e-09,1.0
0.0,1.0,1.0734135802437095e-09,1.0
0.0,1.0,1.7878491933181777e-29,1.0
0.0,1.0,1.072732014328892e-09,1.0
0.0,1.0,1.070124433510955e-09,1.0
0.0,1.0,1.0726665111704392e-09,1.0
0.0,1.0,7.477619453937771e-28,1.0
0.0,1.0,1.0672136507849928e-09,1.0
0.0,1.0,3.780410044879243e-26,1.0
0.0,1.0,2.7763115520455383e-28,1.0
0.0,1.0,2.380939076829236e-05,0.9999691247940063
0.0,1.0,1.0766163516251481e-09,1.0
0.0,1.0,3.5213282746396366e-31,1.0
0.0,1.0,1.0680506479232577e-09,1.0
0.0,1.0,1.0707001951715256e-09,1.0
0.0,1.0,1.0726747268208214e-09,1.0
0.0,1.0,1.078937272858127e-09,1.0
0.0,1.0,3.062974940348795e-07,0.9999997615814209
0.0,1.0,1.0858159926740996e-09,1.0
0.0,1.0,1.0853398180188378e-09,1.0
0.0,1.0,1.4975675144413003e-09,1.0
0.0,1.0,1.087586132264562e-09,1.0
0.0,1.0,1.0790669469074032e-09,1.0
0.0,1.0,1.072228861254132e-09,1.0
0.0,1.0,1.0664241711921818e-09,1.0
0.0,1.0,1.064182963972371e-09,1.0
0.0,1.0,1.0834700914230666e-09,1.0
0.0,1.0,1.068431676465309e-09,1.0
0.0,1.0,1.0714968912139966e-09,1.0
0.0,1.0,1.0662004612527198e-09,1.0
0.0,1.0,1.0754649393263094e-09,1.0
0.0,1.0,1.068659938319172e-09,1.0
0.0,1.0,1.0859279031549818e-09,1.0
0.0,1.0,1.06249764542099e-09,1.0
0.0,1.0,1.074157096603301e-09,1.0
0.0,1.0,1.3998272541115853e-09,1.0
0.0,1.0,2.699758735280712e-26,1.0
0.0,1.0,4.855673697325147e-13,1.0
0.0,1.0,5.428501204107761e-09,1.0
0.0,1.0,1.0680770712312437e-09,1.0
0.0,1.0,1.0674294781409799e-09,1.0
0.0,1.0,4.303579270725777e-09,1.0
0.0,1.0,1.7660775186029154e-13,1.0
0.0,1.0,2.1312796362818465e-13,1.0
0.0,1.0,6.233381866227461e-13,1.0
0.0,1.0,1.0761257440705663e-09,1.0
0.0,1.0,1.0745545564461167e-09,1.0
0.0,1.0,1.0756372459397312e-09,1.0
0.0,1.0,1.0710494713350727e-09,1.0
0.0,1.0,1.0640388570237747e-09,1.0
0.0,1.0,1.077933409199261e-09,1.0
0.0,1.0,1.0706430186857574e-09,1.0
0.0,1.0,1.0620639923075714e-09,1.0
0.0,1.0,1.0759492186096509e-09,1.0
0.0,1.0,4.101705641801345e-09,1.0
0.0,1.0,1.0674253703157888e-09,1.0
0.0,1.0,1.1201959360107594e-09,1.0
0.0,1.0,1.073317434929777e-09,1.0
0.0,1.0,1.0818221873876155e-09,1.0
0.0,1.0,1.106839064846099e-09,1.0
0.0,1.0,1.0740832667721634e-09,1.0
0.0,1.0,1.066204569077911e-09,1.0
0.0,1.0,0.0002671973197720945,0.9998654127120972
0.0,1.0,1.0685274887123342e-09,1.0
0.0,1.0,1.0738968603263288e-09,1.0
0.0,1.0,1.068411248361656e-09,1.0
0.0,1.0,1.0788097082325976e-09,1.0
0.0,1.0,1.0652145832068527e-09,1.0
0.0,1.0,4.205489012587549e-10,1.0
0.0,1.0,1.0578709019881671e-09,1.0
0.0,1.0,0.00016787127242423594,0.9998900294303894
0.0,1.0,1.0306470121790312e-09,1.0
0.0,1.0,1.0621491464135602e-09,1.0
0.0,1.0,1.0893383972643278e-09,1.0
0.0,1.0,1.065484922513349e-09,1.0
0.0,1.0,1.07491537892912e-09,1.0
0.0,1.0,1.0701631802945144e-09,1.0
0.0,1.0,1.0653792292814046e-09,1.0
0.0,1.0,1.0888023815880388e-09,1.0
0.0,1.0,1.818403742154965e-20,1.0
0.0,1.0,1.083383271982541e-09,1.0
0.0,1.0,1.070404098690858e-09,1.0
0.0,1.0,1.1153669540698782e-13,1.0
0.0,1.0,1.0695857532994069e-09,1.0
0.0,1.0,5.058979964502357e-18,1.0
0.0,1.0,1.066737476129731e-09,1.0
0.0,1.0,1.0720611065551111e-09,1.0
0.0,1.0,1.0778389292198653e-09,1.0
0.0,1.0,1.0635357039490145e-09,1.0
0.0,1.0,1.5363727119270835e-15,1.0
0.0,1.0,1.0697244201551825e-09,1.0
0.0,1.0,1.069520472185559e-09,1.0
0.0,1.0,1.0945200301648583e-09,1.0
0.0,1.0,1.0692450258531494e-09,1.0
0.0,1.0,1.0790525140080831e-09,1.0
0.0,1.0,1.0692308149984342e-09,1.0
0.0,1.0,1.0876090028588692e-09,1.0
0.0,1.0,1.0800119687459642e-09,1.0
0.0,1.0,1.067942734245264e-09,1.0
0.0,1.0,1.2374609115184398e-09,1.0
0.0,1.0,1.0777155834418295e-09,1.0
0.0,1.0,1.0751490808758035e-09,1.0
0.0,1.0,1.0725315080506448e-09,1.0
0.0,1.0,1.0650703652359539e-09,1.0
0.0,1.0,1.1097986973851448e-09,1.0
0.0,1.0,1.2602849874809863e-09,1.0
0.0,1.0,1.0688882001730349e-09,1.0
0.0,1.0,2.7596453122669118e-08,0.9999999403953552
0.0,1.0,1.0031283581568573e-09,1.0
0.0,1.0,8.730903777731669e-10,1.0
0.0,1.0,1.0031092623208337e-09,1.0
0.0,1.0,1.003078620165354e-09,1.0
0.0,1.0,4.074860626701593e-08,0.9999999403953552
0.0,1.0,2.3167910256916002e-08,1.0
0.0,1.0,1.003015448475253e-09,1.0
0.0,1.0,0.000523712020367384,0.9992961287498474
0.0,1.0,1.6117074341792659e-09,1.0
0.0,1.0,1.0032661368342133e-09,1.0
0.0,1.0,1.011455030841546e-09,1.0
0.0,1.0,1.0029408414879981e-09,1.0
0.0,1.0,6.587751704500988e-05,0.9999128580093384
0.0,1.0,3.829194294979743e-09,1.0
0.0,1.0,1.0033751607352315e-09,1.0
0.0,1.0,1.003197191984384e-09,1.0
0.0,1.0,1.0031666608512069e-09,1.0
0.0,1.0,0.0,1.0
0.0,1.0,1.0029810315614895e-09,1.0
0.0,1.0,1.0030977160013776e-09,1.0
0.0,1.0,1.0030288821738509e-09,1.0
0.0,1.0,0.0,1.0
0.0,1.0,1.0029810315614895e-09,1.0
0.0,1.0,1.0030823949236378e-09,1.0
0.0,1.0,0.0007730146171525121,0.9993137121200562
0.0,1.0,1.0029714836434778e-09,1.0
0.0,1.0,1.003007787936383e-09,1.0
0.0,1.0,1.0030040131780993e-09,1.0
0.0,1.0,1.0030595243293305e-09,1.0
0.0,1.0,5.520713920614277e-31,1.0
0.0,1.0,3.269294097663078e-07,0.9999997615814209
0.0,1.0,1.0036412811942341e-09,1.0
0.0,1.0,0.007777238264679909,0.9937164783477783
0.0,1.0,0.0,1.0
0.0,1.0,0.0002490389160811901,0.9997310638427734
0.0,1.0,1.0028929908756368e-09,1.0
0.0,1.0,1.0030288821738509e-09,1.0
0.0,1.0,3.4420983115829143e-28,1.0
0.0,1.0,0.0,1.0
0.0,1.0,3.6810273940091065e-08,1.0
0.0,1.0,1.0030384300918627e-09,1.0
0.0,1.0,1.003000127397513e-09,1.0
0.0,1.0,4.9367162802127496e-08,0.9999999403953552
0.0,1.0,1.2708169627728694e-08,1.0
0.0,1.0,1.0029370667297144e-09,1.0
0.0,1.0,1.0030059005572411e-09,1.0
0.0,1.0,3.4403460080767445e-09,1.0
0.0,1.0,6.771552651940738e-09,1.0
0.0,1.0,1.0097491731642094e-09,1.0
0.0,1.0,1.00323171992045e-09,1.0
0.0,1.0,1.0069391986888832e-09,1.0
0.0,1.0,4.872405833699278e-15,1.0
0.0,1.0,1.2402019411439369e-09,1.0
0.0,1.0,1.0029064245742347e-09,1.0
0.0,1.0,1.0029447272685843e-09,1.0
0.0,1.0,1.0030403174710045e-09,1.0
0.0,1.0,1.0029447272685843e-09,1.0
0.0,1.0,1.003015448475253e-09,1.0
0.0,1.0,1.0029580499448798e-09,1.0
0.0,1.0,1.0120126958668152e-09,1.0
0.0,1.0,1.0029351793505725e-09,1.0
0.0,1.0,8.739642964883387e-08,0.9999998807907104
0.0,1.0,1.0793640285555739e-05,0.9999907612800598
0.0,1.0,1.0115283055611712e-09,1.0
0.0,1.0,3.9316221389640305e-09,1.0
0.0,1.0,8.63459934309133e-22,1.0
0.0,1.0,4.087356956006261e-06,0.9999947547912598
0.0,1.0,1.4645777810073923e-05,0.9999831914901733
0.0,1.0,8.689510650583543e-06,0.9999896883964539
0.0,1.0,1.0805610628494833e-07,0.9999999403953552
0.0,1.0,1.0031934172261003e-09,1.0
0.0,1.0,9.886764323896458e-11,1.0
0.0,1.0,1.0037388697980987e-09,1.0
0.0,1.0,8.595777035225183e-05,0.9998980760574341
0.0,1.0,1.0032145114635682e-09,1.0
0.0,1.0,1.5606055114858464e-08,1.0
0.0,1.0,9.036674403564704e-13,1.0
0.0,1.0,1.0030326569321346e-09,1.0
0.0,1.0,7.004920007602777e-06,0.9999907612800598
0.0,1.0,1.0065760761790443e-05,0.9999881386756897
0.0,1.0,1.0192519050988835e-09,1.0
0.0,1.0,3.379645230339179e-09,1.0
0.0,1.0,1.4410034054890275e-06,0.9999982118606567
0.0,1.0,1.003491956197422e-09,1.0
0.0,1.0,1.0035340336500553e-09,1.0
0.0,1.0,1.0030498653890163e-09,1.0
0.0,1.0,0.0,1.0
0.0,1.0,1.0242935388760088e-09,1.0
0.0,1.0,1.0039438169684445e-09,1.0
0.0,1.0,1.5888955928744508e-08,1.0
0.0,1.0,7.888126799450651e-20,1.0
0.0,1.0,1.998199605779405e-09,1.0
0.0,1.0,3.4259335368602706e-09,1.0
0.0,1.0,3.610365340023236e-09,1.0
0.0,1.0,1.0029868047212176e-09,1.0
0.0,1.0,1.0030288821738509e-09,1.0
0.0,1.0,1.0029217456519746e-09,1.0
0.0,1.0,1.0072158662666197e-09,1.0
0.0,1.0,1.0029064245742347e-09,1.0
0.0,1.0,1.0029675978628916e-09,1.0
0.0,1.0,4.623502434242255e-07,0.9999995827674866
0.0,1.0,0.0,1.0
0.0,1.0,1.003034655333579e-09,1.0
0.0,1.0,0.0,1.0
0.0,1.0,9.499997872808308e-07,0.9999988675117493
0.0,1.0,1.002910310354821e-09,1.0
0.0,1.0,1.0033771591366758e-09,1.0
0.0,1.0,1.0029447272685843e-09,1.0
0.0,1.0,1.0029294061908445e-09,1.0
0.0,1.0,1.0029714836434778e-09,1.0
0.0,1.0,0.0005871947505511343,0.9994683861732483
0.0,1.0,1.0030996033805195e-09,1.0
0.0,1.0,1.0029179708936908e-09,1.0
0.0,1.0,1.0045643206169075e-09,1.0
0.0,1.0,1.005020511257726e-09,1.0
0.0,1.0,1.0044225451366628e-09,1.0
0.0,1.0,1.0030288821738509e-09,1.0
0.0,1.0,1.002902649815951e-09,1.0
0.0,1.0,1.0031627750706207e-09,1.0
0.0,1.0,0.0,1.0
0.0,1.0,1.0032814579119531e-09,1.0
0.0,1.0,1.0035187125723155e-09,1.0
0.0,1.0,1.0031283581568573e-09,1.0
0.0,1.0,1.003897853735225e-09,1.0
0.0,1.0,1.3006676846671894e-09,1.0
0.0,1.0,1.0040299702751554e-09,1.0
0.0,1.0,1.0079499457305019e-09,1.0
0.0,1.0,1.3712208147203458e-36,1.0
0.0,1.0,1.003013561096111e-09,1.0
0.0,1.0,1.0061060873312044e-09,1.0
0.0,1.0,9.966745206924088e-10,1.0
0.0,1.0,1.5229100203129065e-09,1.0
0.0,1.0,1.0031034891611057e-09,1.0
0.0,1.0,0.0,1.0
0.0,1.0,1.0032470409981897e-09,1.0
0.0,1.0,1.0031838693080886e-09,1.0
0.0,1.0,1.0353817803121501e-09,1.0
0.0,1.0,1.0272106498732114e-09,1.0
0.0,1.0,1.0160317032159583e-09,1.0
0.0,1.0,4.810446135937278e-14,1.0
0.0,1.0,0.0,1.0
0.0,1.0,6.609534393931908e-35,1.0
0.0,1.0,1.0247958037723492e-09,1.0
0.0,1.0,1.0032719099939413e-09,1.0
0.0,1.0,5.446433082312296e-09,1.0
0.0,1.0,1.0029523878074542e-09,1.0
0.0,1.0,1.424575657438254e-08,1.0
0.0,1.0,1.0030059005572411e-09,1.0
0.0,1.0,1.0361482782883513e-09,1.0
0.0,1.0,1.0030556385487444e-09,1.0
0.0,1.0,1.0033771591366758e-09,1.0
0.0,1.0,1.0030384300918627e-09,1.0
0.0,1.0,1.003074734384768e-09,1.0
0.0,1.0,2.6524964447105503e-09,1.0
0.0,1.0,1.0031188102388455e-09,1.0
0.0,1.0,1.0031206976179874e-09,1.0
0.0,1.0,2.0045785031896912e-09,1.0
0.0,1.0,0.0,1.0
0.0,1.0,1.0029179708936908e-09,1.0
0.0,1.0,1.0032947805882486e-09,1.0
0.0,1.0,1.0029428398894424e-09,1.0
0.0,1.0,1.003021221634981e-09,1.0
0.0,1.0,1.0029752584017615e-09,1.0
0.0,1.0,1.0030537511696025e-09,1.0
0.0,1.0,2.59497845433998e-09,1.0
0.0,1.0,2.3202155190085554e-14,1.0
0.0,1.0,1.0036412811942341e-09,1.0
0.0,1.0,3.642620493432558e-12,1.0
0.0,1.0,1.0029752584017615e-09,1.0
0.0,1.0,1.0029351793505725e-09,1.0
0.0,1.0,1.0179812548472e-09,1.0
0.0,1.0,2.7861005946760997e-07,0.9999997615814209
0.0,1.0,1.0032087383038402e-09,1.0
0.0,1.0,1.0066396605168393e-09,1.0
0.0,1.0,0.0003529594687279314,0.999588131904602
0.0,1.0,1.0028987640353648e-09,1.0
0.0,1.0,1.0029389541088563e-09,1.0
0.0,1.0,1.0039208353518347e-09,1.0
0.0,1.0,1.0249541215756608e-09,1.0
0.0,1.0,1.0167936492777585e-09,1.0
0.0,1.0,1.003421123968451e-09,1.0
0.0,1.0,0.0,1.0
0.0,1.0,1.0209114664760932e-09,1.0
0.0,1.0,1.0034364450461908e-09,1.0
0.0,1.0,3.23234972121611e-09,1.0
0.0,1.0,1.0029638231046079e-09,1.0
0.0,1.0,1.0030900554625077e-09,1.0
0.0,1.0,1.0031092623208337e-09,1.0
0.0,1.0,0.0,1.0
0.0,1.0,1.0029675978628916e-09,1.0
0.0,1.0,1.3023482292595645e-09,1.0
0.0,1.0,1.0043076370536141e-09,1.0
0.0,1.0,1.0028777808201994e-09,1.0
0.0,1.0,1.002894989277081e-09,1.0
0.0,1.0,3.5344139632798033e-06,0.9999955892562866
0.0,1.0,7.504382665501907e-05,0.999912440776825
0.0,1.0,4.581162560413077e-09,1.0
0.0,1.0,1.2540431271190755e-07,0.9999998807907104
0.0,1.0,1.520303953839175e-07,0.9999997615814209
0.0,1.0,1.0034880704168359e-09,1.0
0.0,1.0,1.0029600483463241e-09,1.0
0.0,1.0,1.006791316982003e-09,1.0
0.0,1.0,1.0029447272685843e-09,1.0
0.0,1.0,1.0021320440145587e-09,1.0
0.0,1.0,0.0,1.0
0.0,1.0,1.0186201881978718e-09,1.0
0.0,1.0,1.0030556385487444e-09,1.0
0.0,1.0,2.9887700293329544e-05,0.9999629855155945
0.0,1.0,1.0029733710226196e-09,1.0
0.0,1.0,9.282341562055763e-10,1.0
