1.0,0.0,1.0,1.3682917299195907e-10
1.0,0.0,1.0,5.408154826747058e-12
1.0,0.0,1.0,5.134713834675786e-12
1.0,0.0,1.0,5.756780052657007e-10
1.0,0.0,1.0,1.2392746605392052e-13
1.0,0.0,1.0,5.783146184157317e-11
1.0,0.0,1.0,1.1062017187674078e-13
1.0,0.0,1.0,3.968737664894473e-12
1.0,0.0,1.0,8.025879223369503e-13
1.0,0.0,1.0,4.471354113789322e-13
1.0,0.0,1.0,7.61891973664365e-14
1.0,0.0,1.0,1.7557772727036514e-12
1.0,0.0,1.0,1.3252727040780066e-11
1.0,0.0,1.0,1.1170493783435598e-12
1.0,0.0,1.0,2.3906151038789736e-13
1.0,0.0,1.0,2.7580455280729055e-12
1.0,0.0,1.0,8.905320925123306e-12
1.0,0.0,1.0,3.9303747367350064e-18
1.0,0.0,1.0,2.0941399656027038e-12
1.0,0.0,1.0,2.1970840424767601e-10
1.0,0.0,1.0,4.636805737002862e-14
1.0,0.0,1.0,1.2308237762326257e-11
1.0,0.0,1.0,3.894052506663026e-13
1.0,0.0,1.0,3.255185898609625e-09
1.0,0.0,1.0,3.688850006705602e-12
1.0,0.0,1.0,1.807631193166681e-13
1.0,0.0,1.0,1.628989027002703e-10
1.0,0.0,1.0,3.146950744697258e-13
1.0,0.0,1.0,1.5527603139153067e-28
1.0,0.0,1.0,1.245473586460391e-13
1.0,0.0,1.0,2.3055411746408794e-12
1.0,0.0,1.0,8.12312643229873e-15
1.0,0.0,1.0,4.027973362296343e-14
1.0,0.0,1.0,7.93670007102551e-14
1.0,0.0,1.0,1.6146157761492974e-12
1.0,0.0,1.0,3.494796682948498e-13
1.0,0.0,1.0,7.141225002831042e-13
1.0,0.0,1.0,4.528187449569926e-13
1.0,0.0,1.0,3.6898013026323995e-15
1.0,0.0,1.0,2.3756619501463794e-12
1.0,0.0,1.0,1.0086298116163128e-11
1.0,0.0,1.0,1.466683025030946e-11
1.0,0.0,1.0,4.7347632758931724e-11
1.0,0.0,1.0,9.973458725553996e-10
1.0,0.0,1.0,1.5478476790217743e-14
1.0,0.0,1.0,4.306638726192524e-11
1.0,0.0,1.0,8.566348585342665e-13
1.0,0.0,1.0,6.438306918848946e-13
1.0,0.0,1.0,0.0
1.0,0.0,1.0,6.246324985026419e-11
1.0,0.0,1.0,2.5721712289933883e-14
1.0,0.0,1.0,1.8048132161951197e-13
1.0,0.0,1.0,6.272321529353364e-13
1.0,0.0,1.0,6.300114509943944e-13
1.0,0.0,1.0,3.719576296273841e-12
1.0,0.0,1.0,3.304478476333188e-14
1.0,0.0,1.0,5.277053967411849e-12
1.0,0.0,1.0,3.991651800760998e-11
1.0,0.0,1.0,0.0
1.0,0.0,1.0,8.905083268007097e-12
1.0,0.0,1.0,1.2796100984369119e-11
1.0,0.0,1.0,1.9474014414933016e-12
1.0,0.0,1.0,1.255045600865451e-13
1.0,0.0,1.0,4.5819034677485604e-10
1.0,0.0,1.0,7.43403515829355e-12
1.0,0.0,1.0,4.071689600065875e-12
1.0,0.0,1.0,3.832466236457679e-25
1.0,0.0,1.0,2.4476416309341872e-14
1.0,0.0,1.0,4.82093642784065e-10
1.0,0.0,1.0,4.5550907745153454e-14
1.0,0.0,1.0,6.031206783996268e-12
1.0,0.0,1.0,5.087930771141558e-11
1.0,0.0,1.0,1.2845658980964458e-09
1.0,0.0,1.0,3.0468598428761914e-14
1.0,0.0,1.0,1.6134897140519274e-19
1.0,0.0,1.0,6.80859812973722e-11
1.0,0.0,1.0,1.858987097087892e-18
1.0,0.0,1.0,1.3473609096373122e-14
1.0,0.0,1.0,4.130328620354645e-13
1.0,0.0,1.0,1.1066718375030149e-10
1.0,0.0,1.0,1.3057942747918272e-11
1.0,0.0,1.0,7.85612061515728e-11
1.0,0.0,1.0,3.3702292182813897e-16
1.0,0.0,1.0,5.213515383295508e-12
1.0,0.0,1.0,9.45927450951567e-12
1.0,0.0,1.0,9.012197997419757e-13
1.0,0.0,1.0,1.2221686777034741e-14
1.0,0.0,1.0,7.387358806553468e-17
1.0,0.0,1.0,1.912374338747247e-12
1.0,0.0,1.0,1.1777748535213072e-24
1.0,0.0,1.0,1.2729897652471953e-21
1.0,0.0,1.0,1.6529588561827574e-16
1.0,0.0,1.0,1.1168092492463977e-11
1.0,0.0,1.0,3.55607876478814e-10
1.0,0.0,1.0,1.53558873949855e-10
1.0,0.0,1.0,1.0596895756720404e-11
1.0,0.0,1.0,7.596066110100372e-14
1.0,0.0,1.0,2.932867924215765e-12
1.0,0.0,1.0,9.595401556650174e-11
1.0,0.0,1.0,6.052593322369848e-13
1.0,0.0,1.0,5.511659517805677e-18
1.0,0.0,1.0,1.9311856801207394e-12
1.0,0.0,1.0,1.34932048644638e-18
1.0,0.0,1.0,1.687489937281933e-13
1.0,0.0,1.0,3.226519398880079e-11
1.0,0.0,1.0,1.301253077729339e-13
1.0,0.0,1.0,4.450200763450596e-10
1.0,0.0,1.0,0.0
1.0,0.0,1.0,4.339013957160853e-12
1.0,0.0,1.0,1.202342668786202e-13
1.0,0.0,1.0,4.5349442652714914e-14
1.0,0.0,1.0,4.649623242848622e-13
1.0,0.0,1.0,7.943624772309052e-36
1.0,0.0,1.0,3.901563534053354e-12
1.0,0.0,1.0,4.676049044499697e-12
1.0,0.0,0.9999997615814209,1.799548812186913e-07
1.0,0.0,1.0,0.0
1.0,0.0,1.0,2.1416390796197282e-12
1.0,0.0,1.0,3.4541867144355365e-09
1.0,0.0,1.0,6.457413076477181e-11
1.0,0.0,1.0,2.7668985555013475e-15
1.0,0.0,1.0,2.6393331490075396e-14
1.0,0.0,1.0,4.718542830767225e-12
1.0,0.0,1.0,4.0752419512145744e-15
1.0,0.0,1.0,7.245565909405616e-13
1.0,0.0,1.0,1.5284472298926488e-10
1.0,0.0,1.0,8.069234863627983e-11
1.0,0.0,1.0,3.1534280395262293e-13
1.0,0.0,1.0,6.3964736285448964e-12
1.0,0.0,1.0,3.034670496664116e-13
1.0,0.0,1.0,5.885045055442628e-13
1.0,0.0,1.0,1.5245237960925806e-08
1.0,0.0,1.0,1.2191461382093927e-11
1.0,0.0,1.0,4.2904556589364734e-14
1.0,0.0,1.0,2.2899872102744023e-12
1.0,0.0,1.0,3.760543959563378e-12
1.0,0.0,1.0,1.0909248358186366e-13
1.0,0.0,0.9999603629112244,3.5129956813761964e-05
1.0,0.0,1.0,1.1824987366517662e-14
1.0,0.0,1.0,2.9561119177512474e-13
1.0,0.0,1.0,6.990216738778088e-11
1.0,0.0,1.0,5.873113952635511e-13
1.0,0.0,1.0,5.88016996205809e-11
1.0,0.0,1.0,1.676486748904138e-12
1.0,0.0,1.0,3.735092408431971e-14
1.0,0.0,1.0,1.6560720850211652e-10
1.0,0.0,1.0,1.0533945677543288e-14
1.0,0.0,1.0,2.0913512241427235e-11
1.0,0.0,1.0,1.1773082508881316e-12
1.0,0.0,1.0,1.9042720959122628e-12
1.0,0.0,1.0,9.015176626048227e-12
1.0,0.0,1.0,2.0404554781916495e-11
1.0,0.0,1.0,1.1280093612647812e-12
1.0,0.0,1.0,1.7202352823458833e-12
1.0,0.0,1.0,7.858854083990507e-13
1.0,0.0,1.0,1.0716660892029495e-10
1.0,0.0,1.0,9.336333416716958e-15
1.0,0.0,1.0,2.3471714955219762e-14
1.0,0.0,1.0,6.559492939052156e-14
1.0,0.0,1.0,1.120120142472647e-11
1.0,0.0,1.0,5.5007227071912634e-12
1.0,0.0,1.0,4.766329692040827e-12
1.0,0.0,1.0,3.7226330958789466e-13
1.0,0.0,1.0,1.464892389248934e-13
1.0,0.0,1.0,3.120619036738977e-37
1.0,0.0,1.0,1.1308859231007329e-11
1.0,0.0,1.0,1.2166326973650499e-11
1.0,0.0,1.0,1.9742004255321466e-13
1.0,0.0,1.0,9.002211275683722e-14
1.0,0.0,1.0,8.008084646793368e-12
1.0,0.0,1.0,6.023806453647751e-11
1.0,0.0,1.0,1.210975628584618e-13
1.0,0.0,1.0,3.498514672406472e-11
1.0,0.0,1.0,5.680746129575753e-13
1.0,0.0,1.0,4.3407968192132884e-11
1.0,0.0,1.0,6.79597708403562e-14
1.0,0.0,1.0,1.6268061897584118e-10
1.0,0.0,1.0,1.615523714153591e-13
1.0,0.0,1.0,0.0
1.0,0.0,1.0,4.0223805189421036e-12
1.0,0.0,1.0,0.0
1.0,0.0,1.0,5.069697699838782e-12
1.0,0.0,1.0,1.0079166911898876e-14
1.0,0.0,1.0,9.665532957336964e-11
1.0,0.0,1.0,2.3316171215981285e-10
1.0,0.0,1.0,6.367821547836883e-11
1.0,0.0,1.0,1.253000203593757e-10
1.0,0.0,1.0,9.213347099135127e-12
1.0,0.0,1.0,5.284259764785568e-14
1.0,0.0,1.0,3.8226161819254756e-11
1.0,0.0,1.0,2.6611642797285404e-15
1.0,0.0,1.0,6.657333100525177e-20
1.0,0.0,0.9999999403953552,3.8380516542702026e-08
1.0,0.0,1.0,7.83331299131218e-12
1.0,0.0,1.0,6.12729441837323e-12
1.0,0.0,1.0,1.1296059226895139e-10
1.0,0.0,1.0,1.248990385942228e-12
1.0,0.0,1.0,1.1854972732650015e-11
1.0,0.0,1.0,1.6776280364894092e-09
1.0,0.0,1.0,4.867758058038575e-16
1.0,0.0,1.0,2.967855724633067e-14
1.0,0.0,1.0,1.4167560354050313e-11
1.0,0.0,1.0,1.5301352199181828e-11
1.0,0.0,1.0,4.635153094678657e-10
1.0,0.0,1.0,2.906903233748648e-13
1.0,0.0,1.0,1.8161476012315547e-12
1.0,0.0,1.0,2.3034753358214255e-12
1.0,0.0,1.0,1.1584092712846328e-10
1.0,0.0,1.0,2.6526930996558337e-21
1.0,0.0,1.0,2.264810734786682e-12
1.0,0.0,1.0,0.0
1.0,0.0,1.0,1.1281513917493768e-12
1.0,0.0,1.0,3.1246786841993e-12
1.0,0.0,1.0,1.8342773845375914e-32
1.0,0.0,1.0,2.796269465976664e-11
1.0,0.0,1.0,9.393452161943205e-12
1.0,0.0,1.0,7.905003873709404e-10
1.0,0.0,0.9999999403953552,4.8895614668253984e-08
1.0,0.0,1.0,3.511462605063076e-12
1.0,0.0,1.0,2.254557218001052e-12
1.0,0.0,1.0,9.158850791630502e-17
1.0,0.0,1.0,3.3338872569739497e-13
1.0,0.0,1.0,3.04540735077824e-14
1.0,0.0,1.0,2.2353499259941678e-11
1.0,0.0,1.0,7.506898748455004e-13
1.0,0.0,1.0,2.411875224279242e-13
1.0,0.0,1.0,1.5907807297994847e-13
1.0,0.0,1.0,5.0253102731618454e-14
1.0,0.0,1.0,1.849781883223045e-09
1.0,0.0,1.0,3.809100604379445e-11
1.0,0.0,1.0,1.27476052988202e-14
1.0,0.0,1.0,2.5901176758935662e-09
1.0,0.0,1.0,3.98327949942788e-14
1.0,0.0,1.0,1.4864774992504048e-13
1.0,0.0,1.0,9.242256959751671e-10
1.0,0.0,1.0,1.0648936159957101e-13
1.0,0.0,1.0,7.77334925892775e-15
1.0,0.0,1.0,7.570684530666671e-13
1.0,0.0,1.0,6.546285865813295e-13
1.0,0.0,1.0,4.292800490079962e-12
1.0,0.0,1.0,0.0
1.0,0.0,1.0,1.0012259077374353e-10
1.0,0.0,0.9999999403953552,4.940662989838529e-08
1.0,0.0,1.0,1.5788266694016784e-08
1.0,0.0,1.0,1.484248951331014e-15
1.0,0.0,1.0,2.2842300967385043e-11
1.0,0.0,1.0,4.8089213167124e-11
1.0,0.0,1.0,4.932078356834069e-11
1.0,0.0,1.0,1.4754076595440563e-13
1.0,0.0,1.0,1.518357835295081e-11
1.0,0.0,1.0,4.4294910621356376e-12
1.0,0.0,1.0,4.1116136645542867e-13
1.0,0.0,1.0,6.319255535514046e-11
1.0,0.0,1.0,3.3715779191971496e-13
1.0,0.0,1.0,0.0
1.0,0.0,1.0,3.575302900959976e-11
1.0,0.0,1.0,8.794350881205504e-13
1.0,0.0,1.0,1.3775236951119041e-08
1.0,0.0,1.0,4.558152358162537e-13
1.0,0.0,1.0,1.9892500841001137e-11
1.0,0.0,1.0,3.383675932493501e-17
1.0,0.0,1.0,1.0097832129924572e-14
1.0,0.0,1.0,3.8939827057271614e-11
1.0,0.0,1.0,3.304049877661877e-14
1.0,0.0,1.0,1.5533086969443666e-12
1.0,0.0,1.0,4.182607612443793e-15
1.0,0.0,1.0,6.448470772114911e-13
1.0,0.0,1.0,5.539301131093953e-15
1.0,0.0,1.0,9.498486651282243e-16
1.0,0.0,1.0,3.202699246103488e-30
1.0,0.0,1.0,3.6057815804360627e-13
1.0,0.0,1.0,9.444072043493512e-13
1.0,0.0,1.0,7.017170698675468e-12
1.0,0.0,1.0,2.2857511022822408e-11
1.0,0.0,1.0,3.474328030134144e-12
1.0,0.0,0.9999999403953552,8.0994233542242e-08
1.0,0.0,1.0,6.827133858244849e-10
1.0,0.0,1.0,7.632540433011314e-12
1.0,0.0,1.0,2.900315577980539e-11
1.0,0.0,1.0,9.939602309619322e-13
1.0,0.0,1.0,7.75039322604441e-25
1.0,0.0,1.0,1.9508950522305976e-17
1.0,0.0,1.0,1.5277034331095123e-18
1.0,0.0,1.0,3.248959695029141e-12
1.0,0.0,1.0,0.0
1.0,0.0,1.0,1.5905172605424533e-20
1.0,0.0,1.0,1.5127953143651007e-12
1.0,0.0,1.0,1.4532422303297626e-14
1.0,0.0,1.0,9.191512134743007e-12
1.0,0.0,1.0,1.0001321992803014e-10
1.0,0.0,1.0,1.1773340635734542e-10
1.0,0.0,1.0,1.5813247504378692e-16
1.0,0.0,1.0,1.8119628020230039e-10
1.0,0.0,1.0,2.173606563835029e-12
1.0,0.0,1.0,4.019899105429936e-14
1.0,0.0,1.0,2.7299598128957547e-13
1.0,0.0,1.0,9.916802622134124e-13
1.0,0.0,1.0,2.043538136018569e-13
1.0,0.0,1.0,8.518527680120846e-13
1.0,0.0,1.0,6.553874803971738e-11
1.0,0.0,1.0,5.0891558897809067e-14
1.0,0.0,1.0,4.648785523198029e-11
1.0,0.0,1.0,2.7868929386443142e-11
1.0,0.0,1.0,2.9481939112230293e-10
1.0,0.0,1.0,1.3179691045956044e-16
1.0,0.0,1.0,5.695941635019963e-11
1.0,0.0,1.0,1.7027689886350492e-14
1.0,0.0,1.0,1.3908132423523512e-09
1.0,0.0,1.0,2.7594516949225323e-11
1.0,0.0,1.0,9.215850603266559e-14
1.0,0.0,1.0,1.6867191671154913e-11
1.0,0.0,1.0,2.848215274742216e-10
1.0,0.0,1.0,1.2203827087341884e-13
1.0,0.0,1.0,4.9540458540997534e-11
1.0,0.0,1.0,4.6727322532136295e-12
1.0,0.0,1.0,1.5994713725416086e-15
1.0,0.0,1.0,5.053054762810261e-12
1.0,0.0,1.0,2.936405677175135e-16
1.0,0.0,1.0,1.5952609025426945e-11
1.0,0.0,1.0,4.942979077264542e-13
1.0,0.0,1.0,4.947947365957321e-14
1.0,0.0,1.0,1.4529359703210898e-12
1.0,0.0,1.0,2.4553708065778827e-14
1.0,0.0,1.0,4.0141856310314805e-13
1.0,0.0,1.0,9.331913713994666e-12
1.0,0.0,1.0,6.027153060493562e-14
1.0,0.0,1.0,1.0702606856316521e-10
1.0,0.0,1.0,8.531721573527048e-15
1.0,0.0,1.0,5.058367787136309e-12
1.0,0.0,1.0,1.7504614077679115e-11
1.0,0.0,1.0,1.1786984721595672e-09
1.0,0.0,1.0,2.7330039273354423e-12
1.0,0.0,1.0,1.9466339998275295e-11
1.0,0.0,1.0,6.825621881936805e-14
1.0,0.0,1.0,1.426801315984605e-10
1.0,0.0,1.0,1.2955984896034778e-10
1.0,0.0,1.0,2.6231401335678162e-20
1.0,0.0,1.0,2.2127304329100372e-12
1.0,0.0,1.0,6.671810456534977e-13
1.0,0.0,1.0,2.8875098492808782e-11
1.0,0.0,1.0,7.60778853109434e-12
1.0,0.0,1.0,6.990906985249179e-12
1.0,0.0,1.0,2.26186850146989e-14
1.0,0.0,1.0,3.0381976773817543e-13
1.0,0.0,1.0,2.1678969383542857e-12
1.0,0.0,1.0,7.79686319847539e-13
1.0,0.0,1.0,2.1001062149614107e-14
1.0,0.0,1.0,1.6435508824134276e-14
1.0,0.0,1.0,2.4892623227447397e-13
1.0,0.0,1.0,2.042688528091155e-13
1.0,0.0,1.0,9.553116761193414e-13
1.0,0.0,1.0,5.541512818822529e-14
1.0,0.0,1.0,3.453848670823337e-14
1.0,0.0,1.0,4.780460315795265e-12
1.0,0.0,1.0,4.37686911318241e-15
1.0,0.0,1.0,4.826688636445919e-13
1.0,0.0,1.0,1.1660732379681349e-09
1.0,0.0,1.0,2.2059842324254448e-27
1.0,0.0,1.0,5.724053501153514e-14
1.0,0.0,1.0,1.4290107183505263e-13
1.0,0.0,1.0,4.779545357581905e-13
1.0,0.0,1.0,1.6536249800025438e-11
1.0,0.0,1.0,9.90602673674179e-13
1.0,0.0,1.0,1.0654476098546662e-18
1.0,0.0,1.0,2.7465344235033662e-11
1.0,0.0,1.0,1.4507607626074864e-14
1.0,0.0,1.0,1.3014367144723038e-13
1.0,0.0,1.0,6.869520921957654e-21
1.0,0.0,1.0,7.544905445817665e-18
1.0,0.0,1.0,4.5092133525096844e-15
1.0,0.0,1.0,4.037509909737835e-11
1.0,0.0,1.0,1.0152940771099295e-12
1.0,0.0,1.0,1.4438954198947584e-10
1.0,0.0,1.0,1.293256002505086e-13
1.0,0.0,1.0,4.033538433811934e-11
1.0,0.0,1.0,1.2212916225204373e-12
1.0,0.0,1.0,4.7921818423224405e-12
1.0,0.0,1.0,1.1147039237838219e-12
1.0,0.0,1.0,0.0
1.0,0.0,1.0,1.376496789814996e-12
1.0,0.0,1.0,5.685179432259047e-13
1.0,0.0,1.0,1.2985562061404443e-12
1.0,0.0,1.0,7.131458374136021e-15
1.0,0.0,1.0,1.3925682227025767e-16
1.0,0.0,1.0,7.819534082742496e-12
1.0,0.0,1.0,1.6865389293463373e-11
1.0,0.0,0.9999997019767761,3.1537402378489787e-07
1.0,0.0,1.0,3.6537661785018827e-09
1.0,0.0,1.0,1.2910644775487867e-10
1.0,0.0,1.0,1.1687708093011118e-11
1.0,0.0,1.0,8.563126874250315e-10
1.0,0.0,1.0,1.0172940235423505e-13
1.0,0.0,1.0,9.16521147966879e-17
1.0,0.0,1.0,1.098823009865034e-20
1.0,0.0,1.0,2.731501277334486e-13
1.0,0.0,1.0,1.244882530393454e-09
1.0,0.0,1.0,6.35409368350548e-13
1.0,0.0,1.0,1.8844693167041626e-11
1.0,0.0,1.0,5.292841512294366e-11
1.0,0.0,1.0,6.770597537480993e-13
1.0,0.0,1.0,1.2942474545698471e-14
1.0,0.0,1.0,6.958550489294391e-13
1.0,0.0,1.0,2.5425692909593345e-13
1.0,0.0,1.0,1.5380946028539094e-14
1.0,0.0,1.0,6.772827334773981e-14
1.0,0.0,0.9999966025352478,4.803433967026649e-06
1.0,0.0,1.0,1.6833105613119412e-17
1.0,0.0,1.0,7.2836315488794e-16
1.0,0.0,1.0,6.472203415569533e-13
1.0,0.0,1.0,2.8806391350649908e-34
0.0,1.0,7.449954542160242e-10,1.0
0.0,1.0,7.443421434771835e-10,1.0
0.0,1.0,7.453195283169123e-10,1.0
0.0,1.0,7.433489934705051e-10,1.0
0.0,1.0,7.434851068133241e-10,1.0
0.0,1.0,8.304243404033684e-10,1.0
0.0,1.0,7.427792270142675e-10,1.0
0.0,1.0,0.0,1.0
0.0,1.0,7.433830218062099e-10,1.0
0.0,1.0,7.442370608679028e-10,1.0
0.0,1.0,7.692102510503673e-10,1.0
0.0,1.0,7.438510363222406e-10,1.0
0.0,1.0,0.0,1.0
0.0,1.0,7.447255589987378e-10,1.0
0.0,1.0,7.43815620207755e-10,1.0
0.0,1.0,7.437871984983246e-10,1.0
0.0,1.0,7.452257144713315e-10,1.0
0.0,1.0,7.441206539837708e-10,1.0
0.0,1.0,0.0,1.0
0.0,1.0,7.442995109130379e-10,1.0
0.0,1.0,7.390907330595553e-10,1.0
0.0,1.0,7.421815939601117e-10,1.0
0.0,1.0,7.444358463004619e-10,1.0
0.0,1.0,7.43244077394678e-10,1.0
0.0,1.0,7.451546601977554e-10,1.0
0.0,1.0,7.435021487367521e-10,1.0
0.0,1.0,7.443932137363163e-10,1.0
0.0,1.0,7.402504165199275e-10,1.0
0.0,1.0,2.1133479142578183e-20,1.0
0.0,1.0,7.442072513796916e-10,1.0
0.0,1.0,7.456010808759572e-10,1.0
0.0,1.0,7.444415084378875e-10,1.0
0.0,1.0,0.0,1.0
0.0,1.0,7.429379333956376e-10,1.0
0.0,1.0,7.41989136798793e-10,1.0
0.0,1.0,7.437319093916983e-10,1.0
0.0,1.0,7.440426053051397e-10,1.0
0.0,1.0,1.1120725207294442e-20,1.0
0.0,1.0,7.494306841770992e-10,1.0
0.0,1.0,7.435305149350313e-10,1.0
0.0,1.0,7.440525418012101e-10,1.0
0.0,1.0,0.0,1.0
0.0,1.0,7.429492576704888e-10,1.0
0.0,1.0,7.436014026751536e-10,1.0
0.0,1.0,7.443847205301779e-10,1.0
0.0,1.0,7.440468796637845e-10,1.0
0.0,1.0,0.0,1.0
0.0,1.0,7.444471705753131e-10,1.0
0.0,1.0,1.353507425225129e-24,1.0
0.0,1.0,7.435872473315897e-10,1.0
0.0,1.0,7.426546044797533e-10,1.0
0.0,1.0,7.442427785164796e-10,1.0
0.0,1.0,7.443222704850427e-10,1.0
0.0,1.0,7.403153645668681e-10,1.0
0.0,1.0,0.0,1.0
0.0,1.0,7.443094474091083e-10,1.0
0.0,1.0,7.440951188542044e-10,1.0
0.0,1.0,6.427250123448648e-29,1.0
0.0,1.0,7.440270066716437e-10,1.0
0.0,1.0,0.0,1.0
0.0,1.0,7.439418525656549e-10,1.0
0.0,1.0,7.447823469064474e-10,1.0
0.0,1.0,7.450750572068898e-10,1.0
0.0,1.0,7.501085308447841e-10,1.0
0.0,1.0,7.436014026751536e-10,1.0
0.0,1.0,7.434028392871994e-10,1.0
0.0,1.0,7.443790583927523e-10,1.0
0.0,1.0,7.436382620795712e-10,1.0
0.0,1.0,7.437460647352623e-10,1.0
0.0,1.0,8.25597978870718e-10,1.0
0.0,1.0,7.446119276721674e-10,1.0
0.0,1.0,7.361503628899868e-10,1.0
0.0,1.0,5.172861202305589e-21,1.0
0.0,1.0,7.427933823578314e-10,1.0
0.0,1.0,4.1192767324528225e-20,1.0
0.0,1.0,7.427409798310691e-10,1.0
0.0,1.0,0.0,1.0
0.0,1.0,7.484792785561467e-10,1.0
0.0,1.0,7.441292027010604e-10,1.0
0.0,1.0,7.442484406539052e-10,1.0
0.0,1.0,7.439319160695845e-10,1.0
0.0,1.0,4.0456939710671484e-35,1.0
0.0,1.0,7.443918259575355e-10,1.0
0.0,1.0,8.081822433503305e-10,1.0
0.0,1.0,0.0,1.0
0.0,1.0,1.2418154692756673e-25,1.0
0.0,1.0,7.438340499099638e-10,1.0
0.0,1.0,0.0,1.0
0.0,1.0,7.415420499867764e-10,1.0
0.0,1.0,7.440511540224293e-10,1.0
0.0,1.0,8.142319596338154e-10,1.0
0.0,1.0,7.444755922847435e-10,1.0
0.0,1.0,7.445536964745259e-10,1.0
0.0,1.0,7.436637972091376e-10,1.0
0.0,1.0,7.451461114804658e-10,1.0
0.0,1.0,0.0,1.0
0.0,1.0,7.440270066716437e-10,1.0
0.0,1.0,0.0,1.0
0.0,1.0,7.440979499229172e-10,1.0
0.0,1.0,7.440483229537165e-10,1.0
0.0,1.0,7.434496351876874e-10,1.0
0.0,1.0,7.443818894614651e-10,1.0
0.0,1.0,7.443449745458963e-10,1.0
0.0,1.0,7.417513825380695e-10,1.0
0.0,1.0,7.388793465956667e-10,1.0
0.0,1.0,7.426942394417324e-10,1.0
0.0,1.0,7.43643979728148e-10,1.0
0.0,1.0,7.438397120473894e-10,1.0
0.0,1.0,7.44824979470593e-10,1.0
0.0,1.0,7.429903914335512e-10,1.0
0.0,1.0,7.445806748940242e-10,1.0
0.0,1.0,7.440667526559253e-10,1.0
0.0,1.0,7.438127891390423e-10,1.0
0.0,1.0,7.484507458244138e-10,1.0
0.0,1.0,7.44217187875762e-10,1.0
0.0,1.0,7.436297688734328e-10,1.0
0.0,1.0,7.441632865479164e-10,1.0
0.0,1.0,7.445181693377378e-10,1.0
0.0,1.0,8.116642358224624e-10,1.0
0.0,1.0,7.439361904282293e-10,1.0
0.0,1.0,7.439560634203701e-10,1.0
0.0,1.0,7.441561811205588e-10,1.0
0.0,1.0,7.441732230439868e-10,1.0
0.0,1.0,7.423911485560097e-10,1.0
0.0,1.0,7.447127914339546e-10,1.0
0.0,1.0,7.431774640132005e-10,1.0
0.0,1.0,7.445196126276699e-10,1.0
0.0,1.0,7.445892236113139e-10,1.0
0.0,1.0,7.437546134525519e-10,1.0
0.0,1.0,7.44549422115881e-10,1.0
0.0,1.0,7.42374162143733e-10,1.0
0.0,1.0,7.437432336665495e-10,1.0
0.0,1.0,7.436028459650856e-10,1.0
0.0,1.0,7.436156135298688e-10,1.0
0.0,1.0,7.434822757446113e-10,1.0
0.0,1.0,7.44876105240877e-10,1.0
0.0,1.0,7.588651373957589e-10,1.0
0.0,1.0,0.0,1.0
0.0,1.0,7.43927697222091e-10,1.0
0.0,1.0,7.44583505962737e-10,1.0
0.0,1.0,7.446374628017338e-10,1.0
0.0,1.0,7.436879445599232e-10,1.0
0.0,1.0,0.0,1.0
0.0,1.0,7.442143568070492e-10,1.0
0.0,1.0,0.0,1.0
0.0,1.0,7.536478663361379e-10,1.0
0.0,1.0,7.443449745458963e-10,1.0
0.0,1.0,7.434227122793402e-10,1.0
0.0,1.0,7.439802107711557e-10,1.0
0.0,1.0,7.44702799426733e-10,1.0
0.0,1.0,7.438652471769558e-10,1.0
0.0,1.0,7.450295935740314e-10,1.0
0.0,1.0,7.434227122793402e-10,1.0
0.0,1.0,7.444585503613155e-10,1.0
0.0,1.0,7.44600547886165e-10,1.0
0.0,1.0,7.451305128469699e-10,1.0
0.0,1.0,7.442626515086204e-10,1.0
0.0,1.0,0.0,1.0
0.0,1.0,7.711493110740264e-10,1.0
0.0,1.0,7.429251658308544e-10,1.0
0.0,1.0,7.390921763494873e-10,1.0
0.0,1.0,7.98944910229693e-10,1.0
0.0,1.0,7.435021487367521e-10,1.0
0.0,1.0,3.2840466701600235e-07,0.9999997019767761
0.0,1.0,7.437375715291239e-10,1.0
0.0,1.0,1.394064266607934e-35,1.0
0.0,1.0,7.444301286518851e-10,1.0
0.0,1.0,1.3506311977275713e-29,1.0
0.0,1.0,4.215023839406543e-24,1.0
0.0,1.0,8.031082465720374e-10,1.0
0.0,1.0,7.444755922847435e-10,1.0
0.0,1.0,7.388793465956667e-10,1.0
0.0,1.0,7.446062655347419e-10,1.0
0.0,1.0,7.417160219347352e-10,1.0
0.0,1.0,0.0,1.0
0.0,1.0,7.3676276191037e-10,1.0
0.0,1.0,7.428500592432385e-10,1.0
0.0,1.0,7.439560634203701e-10,1.0
0.0,1.0,7.445380423298786e-10,1.0
0.0,1.0,0.0,1.0
0.0,1.0,7.44201589242266e-10,1.0
0.0,1.0,7.431689708070621e-10,1.0
0.0,1.0,7.449016958815946e-10,1.0
0.0,1.0,1.571068926190381e-29,1.0
0.0,1.0,7.446786520759474e-10,1.0
0.0,1.0,7.441376959071988e-10,1.0
0.0,1.0,9.133225859631056e-13,1.0
0.0,1.0,0.0,1.0
0.0,1.0,0.0,1.0
0.0,1.0,7.44878991820741e-10,1.0
0.0,1.0,0.0,1.0
0.0,1.0,7.428245796248234e-10,1.0
0.0,1.0,0.0,1.0
0.0,1.0,8.052586930595851e-10,1.0
0.0,1.0,7.93253795983162e-10,1.0
0.0,1.0,0.0,1.0
0.0,1.0,0.0,1.0
0.0,1.0,2.656129770044763e-33,1.0
0.0,1.0,7.445011274143098e-10,1.0
0.0,1.0,4.693907484920601e-10,1.0
0.0,1.0,7.444770355746755e-10,1.0
0.0,1.0,0.0,1.0
0.0,1.0,0.0,1.0
0.0,1.0,7.431136817004358e-10,1.0
0.0,1.0,8.096371351129505e-10,1.0
0.0,1.0,8.426911390913006e-10,1.0
0.0,1.0,7.80977893466428e-10,1.0
0.0,1.0,7.446829264345922e-10,1.0
0.0,1.0,7.441746108227676e-10,1.0
0.0,1.0,7.446374628017338e-10,1.0
0.0,1.0,7.425823289608502e-10,1.0
0.0,1.0,7.425072778843855e-10,1.0
0.0,1.0,7.426786408082364e-10,1.0
0.0,1.0,7.232073828689067e-10,1.0
0.0,1.0,7.424378889453465e-10,1.0
0.0,1.0,7.437092053308447e-10,1.0
0.0,1.0,7.428699322353793e-10,1.0
0.0,1.0,7.421363523718583e-10,1.0
0.0,1.0,7.42041483814404e-10,1.0
0.0,1.0,7.425610681899286e-10,1.0
0.0,1.0,7.4244210779284e-10,1.0
0.0,1.0,7.429279968995672e-10,1.0
0.0,1.0,7.426134707166909e-10,1.0
0.0,1.0,7.420655201428872e-10,1.0
0.0,1.0,7.429747928000552e-10,1.0
0.0,1.0,7.413553659851857e-10,1.0
0.0,1.0,7.497295007041771e-10,1.0
0.0,1.0,7.413101243969322e-10,1.0
0.0,1.0,7.425299264340879e-10,1.0
0.0,1.0,7.423090475633387e-10,1.0
0.0,1.0,7.431490978149213e-10,1.0
0.0,1.0,7.427395920522883e-10,1.0
0.0,1.0,4.40744435560033e-16,1.0
0.0,1.0,7.387496725463905e-10,1.0
0.0,1.0,7.42946426601776e-10,1.0
0.0,1.0,7.41987693508861e-10,1.0
0.0,1.0,7.425455250675839e-10,1.0
0.0,1.0,7.431590343109917e-10,1.0
0.0,1.0,7.405187574249794e-10,1.0
0.0,1.0,7.424251213805633e-10,1.0
0.0,1.0,7.42699901579158e-10,1.0
0.0,1.0,7.420811187763832e-10,1.0
0.0,1.0,2.0527911755189384e-30,1.0
0.0,1.0,7.418461955843725e-10,1.0
0.0,1.0,4.950010887294631e-12,1.0
0.0,1.0,7.425809411820694e-10,1.0
0.0,1.0,4.5750317432736144e-17,1.0
0.0,1.0,7.972810189826873e-10,1.0
0.0,1.0,7.428472281745258e-10,1.0
0.0,1.0,7.432100490589733e-10,1.0
0.0,1.0,7.461217199633552e-10,1.0
0.0,1.0,7.430739912273054e-10,1.0
0.0,1.0,7.426319004188997e-10,1.0
0.0,1.0,7.435475013473081e-10,1.0
0.0,1.0,4.647601747898022e-13,1.0
0.0,1.0,7.434298177066978e-10,1.0
0.0,1.0,7.538893953551451e-10,1.0
0.0,1.0,7.431419923875637e-10,1.0
0.0,1.0,7.426220194339805e-10,1.0
0.0,1.0,7.425172143804559e-10,1.0
0.0,1.0,7.435091986529585e-10,1.0
0.0,1.0,7.428259674036042e-10,1.0
0.0,1.0,7.4172029629338e-10,1.0
0.0,1.0,0.0,1.0
0.0,1.0,7.4327527466167e-10,1.0
0.0,1.0,7.426602666171789e-10,1.0
0.0,1.0,5.68457520638832e-12,1.0
0.0,1.0,7.42963468525204e-10,1.0
0.0,1.0,7.433347826157899e-10,1.0
0.0,1.0,7.415986158498811e-10,1.0
0.0,1.0,7.431845139294069e-10,1.0
0.0,1.0,7.425752790446438e-10,1.0
0.0,1.0,7.428430093270322e-10,1.0
0.0,1.0,7.420684067227512e-10,1.0
0.0,1.0,7.416665059878369e-10,1.0
0.0,1.0,7.616580144365059e-10,1.0
0.0,1.0,7.440341120990013e-10,1.0
0.0,1.0,7.428288539834682e-10,1.0
0.0,1.0,7.431562032422789e-10,1.0
0.0,1.0,7.421900871662501e-10,1.0
0.0,1.0,7.428543336018834e-10,1.0
0.0,1.0,7.42248151830438e-10,1.0
0.0,1.0,7.427863324416251e-10,1.0
0.0,1.0,7.432766624404508e-10,1.0
0.0,1.0,7.433659798827819e-10,1.0
0.0,1.0,0.0,1.0
0.0,1.0,7.429039050599329e-10,1.0
0.0,1.0,7.430966397770078e-10,1.0
0.0,1.0,7.942712043629285e-10,1.0
0.0,1.0,7.430569493038774e-10,1.0
0.0,1.0,7.423996417621481e-10,1.0
0.0,1.0,7.429577508766272e-10,1.0
0.0,1.0,7.424931225408216e-10,1.0
0.0,1.0,7.420358216769785e-10,1.0
0.0,1.0,7.402038426640445e-10,1.0
0.0,1.0,0.0,1.0
0.0,1.0,7.426914083730196e-10,1.0
0.0,1.0,0.0,1.0
0.0,1.0,7.445906113900946e-10,1.0
0.0,1.0,7.430258075480367e-10,1.0
0.0,1.0,7.427707338081291e-10,1.0
0.0,1.0,7.295277160146441e-10,1.0
0.0,1.0,7.425384196402263e-10,1.0
0.0,1.0,7.428345161208938e-10,1.0
0.0,1.0,1.3319562075422101e-36,1.0
0.0,1.0,7.428401782583194e-10,1.0
0.0,1.0,7.428047621438338e-10,1.0
0.0,1.0,7.420061232110697e-10,1.0
0.0,1.0,0.0,1.0
0.0,1.0,7.426177450753357e-10,1.0
0.0,1.0,7.430258075480367e-10,1.0
0.0,1.0,7.428897497163689e-10,1.0
0.0,1.0,7.429209469833609e-10,1.0
0.0,1.0,3.0478649657177583e-37,1.0
0.0,1.0,7.418914926837772e-10,1.0
0.0,1.0,7.430130399832535e-10,1.0
0.0,1.0,0.0,1.0
0.0,1.0,7.429747928000552e-10,1.0
0.0,1.0,7.415151825895805e-10,1.0
0.0,1.0,7.383144096095862e-10,1.0
0.0,1.0,7.467809148842264e-10,1.0
0.0,1.0,7.410740354707457e-10,1.0
0.0,1.0,7.424024728308609e-10,1.0
0.0,1.0,7.429719617313424e-10,1.0
0.0,1.0,7.429577508766272e-10,1.0
0.0,1.0,7.426432246937509e-10,1.0
0.0,1.0,7.42487460403396e-10,1.0
0.0,1.0,7.431675275171301e-10,1.0
0.0,1.0,0.0,1.0
0.0,1.0,7.42586603319495e-10,1.0
0.0,1.0,7.423203718381899e-10,1.0
0.0,1.0,7.372829013974069e-10,1.0
0.0,1.0,7.425667858385054e-10,1.0
0.0,1.0,7.426262382814741e-10,1.0
0.0,1.0,7.422892300823491e-10,1.0
0.0,1.0,0.0,1.0
0.0,1.0,7.429010739912201e-10,1.0
0.0,1.0,7.431604220897725e-10,1.0
0.0,1.0,7.424931225408216e-10,1.0
0.0,1.0,7.425087211743175e-10,1.0
0.0,1.0,7.423486825253178e-10,1.0
0.0,1.0,7.353672670795675e-10,1.0
0.0,1.0,7.422099046472397e-10,1.0
0.0,1.0,7.430314696854623e-10,1.0
0.0,1.0,7.429733495101232e-10,1.0
0.0,1.0,7.428415660371002e-10,1.0
0.0,1.0,7.443492489045411e-10,1.0
0.0,1.0,7.428174741974658e-10,1.0
0.0,1.0,7.426460557624637e-10,1.0
0.0,1.0,7.426588233272469e-10,1.0
0.0,1.0,7.428883619375881e-10,1.0
0.0,1.0,7.416693370565497e-10,1.0
0.0,1.0,7.427395920522883e-10,1.0
0.0,1.0,7.429067361286457e-10,1.0
0.0,1.0,8.15470690973541e-10,1.0
0.0,1.0,7.427905512891186e-10,1.0
0.0,1.0,7.424902914721088e-10,1.0
0.0,1.0,7.429266091207865e-10,1.0
0.0,1.0,7.421787628913989e-10,1.0
0.0,1.0,7.429846737849743e-10,1.0
0.0,1.0,7.428684889454473e-10,1.0
0.0,1.0,0.0,1.0
0.0,1.0,7.424902914721088e-10,1.0
0.0,1.0,7.42459149716268e-10,1.0
0.0,1.0,7.429549198079144e-10,1.0
0.0,1.0,7.418702319128556e-10,1.0
0.0,1.0,7.424506565101296e-10,1.0
0.0,1.0,7.427041759378028e-10,1.0
0.0,1.0,7.426347314876125e-10,1.0
0.0,1.0,7.43456740615045e-10,1.0
0.0,1.0,0.0,1.0
0.0,1.0,7.416891545375393e-10,1.0
0.0,1.0,7.428671011666665e-10,1.0
0.0,1.0,7.427509163271395e-10,1.0
0.0,1.0,7.430243642581047e-10,1.0
0.0,1.0,7.429407644643504e-10,1.0
0.0,1.0,0.0,1.0
0.0,1.0,7.428755943728049e-10,1.0
0.0,1.0,7.425299264340879e-10,1.0
0.0,1.0,7.430073778458279e-10,1.0
0.0,1.0,7.59735552247065e-10,1.0
0.0,1.0,7.368808341290389e-10,1.0
0.0,1.0,7.354220010746815e-10,1.0
0.0,1.0,7.426361747775445e-10,1.0
0.0,1.0,7.425922654569206e-10,1.0
0.0,1.0,3.2191274385723334e-13,1.0
0.0,1.0,7.452768957527667e-10,1.0
0.0,1.0,7.425157710905239e-10,1.0
0.0,1.0,7.457916506581341e-10,1.0
0.0,1.0,0.0,1.0
0.0,1.0,7.425002279681792e-10,1.0
0.0,1.0,7.428925807850817e-10,1.0
0.0,1.0,7.500012277894541e-10,1.0
0.0,1.0,7.4296058194534e-10,1.0
0.0,1.0,7.42801931075121e-10,1.0
0.0,1.0,7.426390058462573e-10,1.0
0.0,1.0,7.424336145867017e-10,1.0
0.0,1.0,3.503950800592109e-30,1.0
0.0,1.0,7.441746108227676e-10,1.0
0.0,1.0,7.428585524493769e-10,1.0
0.0,1.0,7.427962689376955e-10,1.0
0.0,1.0,7.425440817776519e-10,1.0
0.0,1.0,7.426460557624637e-10,1.0
0.0,1.0,7.42473305059832e-10,1.0
0.0,1.0,7.429110104872905e-10,1.0
0.0,1.0,0.0,1.0
0.0,1.0,7.424350578766337e-10,1.0
0.0,1.0,7.426262382814741e-10,1.0
0.0,1.0,7.419028169586284e-10,1.0
0.0,1.0,7.423047732046939e-10,1.0
0.0,1.0,3.3073803012006294e-21,1.0
0.0,1.0,7.422439329829444e-10,1.0
0.0,1.0,0.0,1.0
0.0,1.0,7.425214332279495e-10,1.0
0.0,1.0,7.426319004188997e-10,1.0
0.0,1.0,7.478799246563028e-10,1.0
0.0,1.0,1.4050862695569322e-09,1.0
0.0,1.0,7.418235470346701e-10,1.0
0.0,1.0,7.42246708540506e-10,1.0
0.0,1.0,7.42685746235594e-10,1.0
0.0,1.0,7.430498993876711e-10,1.0
0.0,1.0,7.426559922585341e-10,1.0
0.0,1.0,1.0220481653654048e-15,1.0
0.0,1.0,7.429081794185777e-10,1.0
0.0,1.0,7.413200053818514e-10,1.0
0.0,1.0,7.427905512891186e-10,1.0
0.0,1.0,7.424563186475552e-10,1.0
0.0,1.0,7.423330838918218e-10,1.0
0.0,1.0,7.427112258540092e-10,1.0
0.0,1.0,7.435305149350313e-10,1.0
0.0,1.0,0.0,1.0
0.0,1.0,7.431533721735661e-10,1.0
0.0,1.0,7.427707338081291e-10,1.0
0.0,1.0,0.0,1.0
0.0,1.0,6.827382253129012e-36,1.0
0.0,1.0,7.358499365395232e-10,1.0
0.0,1.0,7.429407644643504e-10,1.0
0.0,1.0,7.427622406019907e-10,1.0
0.0,1.0,7.428684889454473e-10,1.0
0.0,1.0,7.421957493036757e-10,1.0
0.0,1.0,7.400062229656612e-10,1.0
0.0,1.0,0.0,1.0
0.0,1.0,7.424619807849808e-10,1.0
0.0,1.0,7.43259676028174e-10,1.0
0.0,1.0,7.434198812106274e-10,1.0
0.0,1.0,9.491473316952052e-36,1.0
0.0,1.0,7.432950921426595e-10,1.0
0.0,1.0,7.426659287546045e-10,1.0
0.0,1.0,7.420825065551639e-10,1.0
0.0,1.0,0.0,1.0
0.0,1.0,7.429960535709768e-10,1.0
0.0,1.0,7.430484560977391e-10,1.0
0.0,1.0,7.431419923875637e-10,1.0
0.0,1.0,7.43125005975287e-10,1.0
0.0,1.0,7.426234072127613e-10,1.0
0.0,1.0,7.389018841230666e-10,1.0
0.0,1.0,7.428529458231026e-10,1.0
0.0,1.0,7.434993176680393e-10,1.0
0.0,1.0,7.427197190601476e-10,1.0
0.0,1.0,7.437191418269151e-10,1.0
0.0,1.0,7.429251658308544e-10,1.0
0.0,1.0,7.43306471928662e-10,1.0
0.0,1.0,7.425667858385054e-10,1.0
0.0,1.0,7.424506565101296e-10,1.0
0.0,1.0,7.426772530294556e-10,1.0
0.0,1.0,7.389328593454536e-10,1.0
0.0,1.0,7.430569493038774e-10,1.0
0.0,1.0,7.416806613314009e-10,1.0
0.0,1.0,7.423911485560097e-10,1.0
0.0,1.0,7.854534800344481e-10,1.0
0.0,1.0,7.426546044797533e-10,1.0
0.0,1.0,7.4296058194534e-10,1.0
0.0,1.0,7.439759364125109e-10,1.0
0.0,1.0,7.43125005975287e-10,1.0
0.0,1.0,7.30916327462694e-10,1.0
0.0,1.0,7.427367609835756e-10,1.0
0.0,1.0,7.543554114697315e-10,1.0
0.0,1.0,7.420485892417616e-10,1.0
0.0,1.0,7.422311654181613e-10,1.0
0.0,1.0,7.429974413497575e-10,1.0
0.0,1.0,7.43258232738242e-10,1.0
0.0,1.0,7.423047732046939e-10,1.0
0.0,1.0,7.431179005479294e-10,1.0
0.0,1.0,7.4273109884615e-10,1.0
0.0,1.0,7.425214332279495e-10,1.0
0.0,1.0,7.42586603319495e-10,1.0
0.0,1.0,7.430924209295142e-10,1.0
0.0,1.0,7.417131908660224e-10,1.0
0.0,1.0,7.43289430005234e-10,1.0
0.0,1.0,7.433050286387299e-10,1.0
0.0,1.0,7.429237780520737e-10,1.0
0.0,1.0,0.0,1.0
0.0,1.0,7.419778125239418e-10,1.0
0.0,1.0,7.426758097395236e-10,1.0
0.0,1.0,7.417542136067823e-10,1.0
0.0,1.0,7.429237780520737e-10,1.0
0.0,1.0,7.427565784645651e-10,1.0
0.0,1.0,7.438964444439478e-10,1.0
0.0,1.0,7.427835013729123e-10,1.0
0.0,1.0,7.427112258540092e-10,1.0
0.0,1.0,7.405060453713475e-10,1.0
0.0,1.0,7.431731896545557e-10,1.0
0.0,1.0,7.425257075865943e-10,1.0
0.0,1.0,7.429591941665592e-10,1.0
0.0,1.0,1.0275316965420022e-25,1.0
0.0,1.0,7.430102089145407e-10,1.0
0.0,1.0,7.422665815326468e-10,1.0
0.0,1.0,7.441603999680524e-10,1.0
0.0,1.0,7.424846293346832e-10,1.0
0.0,1.0,7.431874005092709e-10,1.0
0.0,1.0,2.2592911363972235e-07,0.9999997615814209
0.0,1.0,7.342642605046024e-10,1.0
0.0,1.0,7.426772530294556e-10,1.0
0.0,1.0,7.425101089530983e-10,1.0
0.0,1.0,7.432072179902605e-10,1.0
0.0,1.0,7.432412463259652e-10,1.0
0.0,1.0,7.432950921426595e-10,1.0
0.0,1.0,7.436553040029992e-10,1.0
0.0,1.0,7.430427939603135e-10,1.0
0.0,1.0,7.437176985369831e-10,1.0
0.0,1.0,7.427126691439412e-10,1.0
0.0,1.0,7.425129400218111e-10,1.0
0.0,1.0,7.424024728308609e-10,1.0
0.0,1.0,7.433518245392179e-10,1.0
0.0,1.0,7.429010739912201e-10,1.0
0.0,1.0,7.417627068129207e-10,1.0
0.0,1.0,7.425582926323671e-10,1.0
0.0,1.0,0.0,1.0
0.0,1.0,7.427919945790507e-10,1.0
0.0,1.0,7.421759318226862e-10,1.0
0.0,1.0,7.428245796248234e-10,1.0
0.0,1.0,7.43109407341791e-10,1.0
0.0,1.0,7.457518491627013e-10,1.0
0.0,1.0,7.422396586242996e-10,1.0
0.0,1.0,7.432185422651116e-10,1.0
0.0,1.0,9.817036072945484e-10,1.0
0.0,1.0,7.433106907761555e-10,1.0
0.0,1.0,7.418419767368789e-10,1.0
0.0,1.0,7.430427939603135e-10,1.0
0.0,1.0,7.435262405763865e-10,1.0
0.0,1.0,7.42699901579158e-10,1.0
0.0,1.0,7.428954118537945e-10,1.0
0.0,1.0,7.310683169947652e-10,1.0
0.0,1.0,7.422934489298427e-10,1.0
0.0,1.0,7.329545859136033e-10,1.0
0.0,1.0,7.42487460403396e-10,1.0
0.0,1.0,7.434510784776194e-10,1.0
0.0,1.0,7.423883174872969e-10,1.0
0.0,1.0,0.0,1.0
0.0,1.0,7.428982429225073e-10,1.0
0.0,1.0,1.0705669038814482e-29,1.0
0.0,1.0,7.425257075865943e-10,1.0
0.0,1.0,7.429861170749064e-10,1.0
0.0,1.0,7.420627445853256e-10,1.0
0.0,1.0,5.234721336955239e-11,1.0
0.0,1.0,7.758009235026009e-10,1.0
0.0,1.0,7.42861439029241e-10,1.0
0.0,1.0,7.425440817776519e-10,1.0
0.0,1.0,7.43244077394678e-10,1.0
0.0,1.0,7.425781101133566e-10,1.0
0.0,1.0,7.428033188539018e-10,1.0
0.0,1.0,0.0,1.0
0.0,1.0,7.426574355484661e-10,1.0
0.0,1.0,7.385890787858784e-10,1.0
0.0,1.0,7.422863990136364e-10,1.0
0.0,1.0,7.374995059095113e-10,1.0
0.0,1.0,7.41892880462558e-10,1.0
0.0,1.0,7.440355553889333e-10,1.0
0.0,1.0,7.427933823578314e-10,1.0
0.0,1.0,7.431377735400702e-10,1.0
0.0,1.0,7.426517178998893e-10,1.0
0.0,1.0,7.428231363348914e-10,1.0
0.0,1.0,0.0,1.0
0.0,1.0,7.431831261506261e-10,1.0
0.0,1.0,7.435645432707361e-10,1.0
0.0,1.0,7.431788517919813e-10,1.0
0.0,1.0,7.428189174873978e-10,1.0
0.0,1.0,7.417316205682312e-10,1.0
0.0,1.0,7.428642700979537e-10,1.0
0.0,1.0,7.434964310881753e-10,1.0
0.0,1.0,7.429520887392016e-10,1.0
0.0,1.0,7.426914083730196e-10,1.0
0.0,1.0,0.0,1.0
0.0,1.0,7.436836702012783e-10,1.0
0.0,1.0,7.431334991814253e-10,1.0
0.0,1.0,7.431051329831462e-10,1.0
0.0,1.0,7.433121340660875e-10,1.0
0.0,1.0,7.430059345558959e-10,1.0
0.0,1.0,7.431703585858429e-10,1.0
0.0,1.0,7.425469128463646e-10,1.0
0.0,1.0,7.432724435929572e-10,1.0
0.0,1.0,7.428812565102305e-10,1.0
0.0,1.0,7.431646964484173e-10,1.0
0.0,1.0,7.433234583409387e-10,1.0
0.0,1.0,7.426758097395236e-10,1.0
0.0,1.0,7.430271953268175e-10,1.0
0.0,1.0,7.432412463259652e-10,1.0
0.0,1.0,7.421334657919942e-10,1.0
0.0,1.0,7.428784254415177e-10,1.0
0.0,1.0,7.423670567163754e-10,1.0
0.0,1.0,7.427933823578314e-10,1.0
0.0,1.0,7.4110939607408e-10,1.0
0.0,1.0,7.428033188539018e-10,1.0
0.0,1.0,7.427820580829803e-10,1.0
0.0,1.0,7.423982539833673e-10,1.0
0.0,1.0,7.428217485561106e-10,1.0
0.0,1.0,2.7592136575549375e-08,0.9999999403953552
0.0,1.0,7.430711601585926e-10,1.0
0.0,1.0,7.420174474859209e-10,1.0
0.0,1.0,7.365871246278743e-10,1.0
0.0,1.0,7.421886993874693e-10,1.0
0.0,1.0,7.426375625563253e-10,1.0
0.0,1.0,7.419296843558243e-10,1.0
0.0,1.0,7.416495195755601e-10,1.0
0.0,1.0,7.43458183904977e-10,1.0
0.0,1.0,7.429407644643504e-10,1.0
0.0,1.0,7.430541182351647e-10,1.0
0.0,1.0,7.434766136071858e-10,1.0
0.0,1.0,7.428274106935362e-10,1.0
0.0,1.0,7.42443551082772e-10,1.0
0.0,1.0,7.429676873726976e-10,1.0
0.0,1.0,7.432072179902605e-10,1.0
0.0,1.0,7.430059345558959e-10,1.0
0.0,1.0,7.417726433089911e-10,1.0
0.0,1.0,7.427763959455547e-10,1.0
0.0,1.0,1.1793330028152102e-35,1.0
0.0,1.0,7.430541182351647e-10,1.0
0.0,1.0,7.435673743394489e-10,1.0
0.0,1.0,7.425044468156727e-10,1.0
0.0,1.0,7.423713310750202e-10,1.0
0.0,1.0,7.429974413497575e-10,1.0
0.0,1.0,7.425908221669886e-10,1.0
0.0,1.0,7.429861170749064e-10,1.0
0.0,1.0,7.434794446758985e-10,1.0
0.0,1.0,7.426985138003772e-10,1.0
0.0,1.0,7.422580883265084e-10,1.0
0.0,1.0,7.443989313848931e-10,1.0
0.0,1.0,7.431972814941901e-10,1.0
0.0,1.0,7.765914578072852e-10,1.0
0.0,1.0,7.416509628654921e-10,1.0
0.0,1.0,7.448477390425978e-10,1.0
0.0,1.0,7.419296843558243e-10,1.0
0.0,1.0,7.420089542797825e-10,1.0
0.0,1.0,7.421306347232814e-10,1.0
0.0,1.0,7.416665059878369e-10,1.0
0.0,1.0,7.422127912271037e-10,1.0
0.0,1.0,7.429067361286457e-10,1.0
0.0,1.0,7.404424851031877e-10,1.0
0.0,1.0,7.424789671972576e-10,1.0
0.0,1.0,7.420740688601768e-10,1.0
0.0,1.0,7.42375605433665e-10,1.0
0.0,1.0,0.0,1.0
0.0,1.0,7.421292469445007e-10,1.0
0.0,1.0,7.405498436696689e-10,1.0
0.0,1.0,7.417330083470119e-10,1.0
0.0,1.0,7.402645718634915e-10,1.0
0.0,1.0,7.420938863411664e-10,1.0
0.0,1.0,0.0,1.0
0.0,1.0,7.420287717607721e-10,1.0
0.0,1.0,7.421221415171431e-10,1.0
0.0,1.0,7.425299264340879e-10,1.0
0.0,1.0,7.619471720232696e-10,1.0
0.0,1.0,0.0,1.0
0.0,1.0,7.417910175000486e-10,1.0
0.0,1.0,7.421957493036757e-10,1.0
0.0,1.0,4.769365347101484e-09,1.0
0.0,1.0,7.405258073411858e-10,1.0
0.0,1.0,1.0223831553423724e-31,1.0
0.0,1.0,7.422212289220909e-10,1.0
0.0,1.0,7.415109082309357e-10,1.0
0.0,1.0,7.421079861735791e-10,1.0
0.0,1.0,7.423345271817539e-10,1.0
0.0,1.0,7.420018488524249e-10,1.0
0.0,1.0,7.420117853484953e-10,1.0
0.0,1.0,7.418249903246021e-10,1.0
0.0,1.0,0.0,1.0
0.0,1.0,7.422580883265084e-10,1.0
0.0,1.0,7.33924032658706e-10,1.0
0.0,1.0,7.423798242811586e-10,1.0
0.0,1.0,9.966951211026753e-07,0.9999989867210388
0.0,1.0,7.418957115312708e-10,1.0
0.0,1.0,7.42831685052181e-10,1.0
0.0,1.0,7.42151895494203e-10,1.0
0.0,1.0,7.419863057300802e-10,1.0
0.0,1.0,7.420046799211377e-10,1.0
0.0,1.0,7.416622871403433e-10,1.0
0.0,1.0,7.420684067227512e-10,1.0
0.0,1.0,7.423047732046939e-10,1.0
0.0,1.0,7.421971925936077e-10,1.0
0.0,1.0,0.0,1.0
0.0,1.0,7.425242642966623e-10,1.0
0.0,1.0,7.414854841236718e-10,1.0
0.0,1.0,7.418560765692916e-10,1.0
0.0,1.0,7.42164607547835e-10,1.0
0.0,1.0,7.419466707681011e-10,1.0
0.0,1.0,7.420825065551639e-10,1.0
0.0,1.0,7.42083949845096e-10,1.0
0.0,1.0,7.42572447975931e-10,1.0
0.0,1.0,7.420287717607721e-10,1.0
0.0,1.0,7.401798618467126e-10,1.0
0.0,1.0,7.421193104484303e-10,1.0
0.0,1.0,0.0,1.0
0.0,1.0,0.0,1.0
0.0,1.0,7.395123957643079e-10,1.0
0.0,1.0,0.0,1.0
0.0,1.0,7.420061232110697e-10,1.0
0.0,1.0,7.417471636905759e-10,1.0
0.0,1.0,7.419155290122603e-10,1.0
0.0,1.0,2.9615382105125176e-30,1.0
0.0,1.0,7.419410086306755e-10,1.0
0.0,1.0,7.510047028702616e-10,1.0
0.0,1.0,7.423798242811586e-10,1.0
0.0,1.0,7.4186456977543e-10,1.0
0.0,1.0,7.421815939601117e-10,1.0
0.0,1.0,7.418872183251324e-10,1.0
0.0,1.0,1.2010433758646855e-09,1.0
0.0,1.0,1.6243016931483112e-09,1.0
0.0,1.0,7.416594560716305e-10,1.0
0.0,1.0,0.0,1.0
0.0,1.0,7.423189285482579e-10,1.0
0.0,1.0,7.423288650443283e-10,1.0
0.0,1.0,7.416438574381345e-10,1.0
0.0,1.0,7.468493046225433e-10,1.0
0.0,1.0,7.419381775619627e-10,1.0
0.0,1.0,7.422849557237043e-10,1.0
0.0,1.0,7.422863990136364e-10,1.0
0.0,1.0,7.393501921804102e-10,1.0
0.0,1.0,7.423062164946259e-10,1.0
0.0,1.0,7.421872560975373e-10,1.0
0.0,1.0,7.423571757314562e-10,1.0
0.0,1.0,0.0,1.0
0.0,1.0,7.633464971235071e-10,1.0
0.0,1.0,7.421249725858559e-10,1.0
0.0,1.0,0.0,1.0
0.0,1.0,7.417131908660224e-10,1.0
0.0,1.0,7.423628378688818e-10,1.0
0.0,1.0,7.422977232884875e-10,1.0
0.0,1.0,7.421815939601117e-10,1.0
0.0,1.0,7.421702696852606e-10,1.0
0.0,1.0,7.462113704725937e-10,1.0
0.0,1.0,7.416523506442729e-10,1.0
0.0,1.0,7.422212289220909e-10,1.0
0.0,1.0,7.419013736686964e-10,1.0
0.0,1.0,7.418504144318661e-10,1.0
0.0,1.0,7.411673497159654e-10,1.0
0.0,1.0,1.0950315297843756e-21,1.0
0.0,1.0,7.422396586242996e-10,1.0
0.0,1.0,7.422453207617252e-10,1.0
0.0,1.0,7.40907279972447e-10,1.0
0.0,1.0,7.42600758663059e-10,1.0
0.0,1.0,7.420768444177384e-10,1.0
0.0,1.0,7.411687374947462e-10,1.0
0.0,1.0,7.418546887905109e-10,1.0
0.0,1.0,7.41771200019059e-10,1.0
0.0,1.0,7.41892880462558e-10,1.0
0.0,1.0,7.422665815326468e-10,1.0
0.0,1.0,7.421745440439054e-10,1.0
0.0,1.0,7.421023240361535e-10,1.0
0.0,1.0,7.425894343882078e-10,1.0
0.0,1.0,7.422014114411013e-10,1.0
0.0,1.0,7.4172029629338e-10,1.0
0.0,1.0,7.421079861735791e-10,1.0
0.0,1.0,7.420909997613023e-10,1.0
0.0,1.0,7.420400960356233e-10,1.0
0.0,1.0,7.418051728436126e-10,1.0
0.0,1.0,7.372660260074326e-10,1.0
0.0,1.0,7.424081349682865e-10,1.0
0.0,1.0,7.422863990136364e-10,1.0
0.0,1.0,7.418306524620277e-10,1.0
0.0,1.0,7.424449943727041e-10,1.0
0.0,1.0,7.418164971184638e-10,1.0
0.0,1.0,7.426899650830876e-10,1.0
0.0,1.0,7.412804259310235e-10,1.0
0.0,1.0,7.426149140066229e-10,1.0
0.0,1.0,7.543352609218346e-10,1.0
0.0,1.0,7.543741187276964e-10,1.0
0.0,1.0,7.415194014370741e-10,1.0
0.0,1.0,7.42150452204271e-10,1.0
0.0,1.0,7.421278036545687e-10,1.0
0.0,1.0,7.416495195755601e-10,1.0
0.0,1.0,7.41878725118994e-10,1.0
0.0,1.0,7.423472392353858e-10,1.0
0.0,1.0,7.421420145092839e-10,1.0
0.0,1.0,7.422268910595164e-10,1.0
0.0,1.0,7.682190994451332e-10,1.0
0.0,1.0,7.427197190601476e-10,1.0
0.0,1.0,7.418334835307405e-10,1.0
0.0,1.0,7.415052460935101e-10,1.0
0.0,1.0,7.417174652246672e-10,1.0
0.0,1.0,7.425157710905239e-10,1.0
0.0,1.0,7.421815939601117e-10,1.0
0.0,1.0,7.390104084237237e-10,1.0
0.0,1.0,7.419678760278714e-10,1.0
0.0,1.0,7.41974981455229e-10,1.0
0.0,1.0,7.422439329829444e-10,1.0
0.0,1.0,7.422424896930124e-10,1.0
0.0,1.0,7.422311654181613e-10,1.0
0.0,1.0,7.422524261890828e-10,1.0
0.0,1.0,7.377808919351025e-10,1.0
0.0,1.0,7.422906178611299e-10,1.0
0.0,1.0,7.420273284708401e-10,1.0
0.0,1.0,7.420768444177384e-10,1.0
0.0,1.0,7.424222903118505e-10,1.0
0.0,1.0,7.417825242939102e-10,1.0
0.0,1.0,7.418603509279365e-10,1.0
0.0,1.0,7.605432170555685e-21,1.0
0.0,1.0,7.41706140949816e-10,1.0
0.0,1.0,7.422212289220909e-10,1.0
0.0,1.0,7.420273284708401e-10,1.0
0.0,1.0,7.421476211355582e-10,1.0
0.0,1.0,7.414671099326142e-10,1.0
0.0,1.0,4.074705005593641e-27,1.0
0.0,1.0,7.418617387067172e-10,1.0
0.0,1.0,7.522376055391078e-10,1.0
0.0,1.0,7.41973538165297e-10,1.0
0.0,1.0,7.422538139678636e-10,1.0
0.0,1.0,7.421193104484303e-10,1.0
0.0,1.0,7.418900493938452e-10,1.0
0.0,1.0,7.41706140949816e-10,1.0
0.0,1.0,8.07899627999297e-38,1.0
0.0,1.0,7.420457581730489e-10,1.0
0.0,1.0,7.42180206181331e-10,1.0
0.0,1.0,7.41989136798793e-10,1.0
0.0,1.0,2.837265361890773e-12,1.0
0.0,1.0,7.418249903246021e-10,1.0
0.0,1.0,7.429719617313424e-10,1.0
0.0,1.0,7.421731562651246e-10,1.0
0.0,1.0,7.424718617699e-10,1.0
0.0,1.0,7.422212289220909e-10,1.0
0.0,1.0,7.41987693508861e-10,1.0
0.0,1.0,7.418589631491557e-10,1.0
0.0,1.0,5.4996236731330583e-11,1.0
0.0,1.0,7.425540182737222e-10,1.0
0.0,1.0,7.418518577217981e-10,1.0
0.0,1.0,7.418985425999836e-10,1.0
0.0,1.0,7.417570446754951e-10,1.0
0.0,1.0,7.419693193178034e-10,1.0
0.0,1.0,7.421334657919942e-10,1.0
0.0,1.0,7.451717021211834e-10,1.0
0.0,1.0,7.447468752808106e-10,1.0
0.0,1.0,7.444557192926027e-10,1.0
0.0,1.0,7.447255589987378e-10,1.0
0.0,1.0,7.439532323516573e-10,1.0
0.0,1.0,7.447710226315962e-10,1.0
0.0,1.0,7.437176985369831e-10,1.0
0.0,1.0,7.441717797540548e-10,1.0
0.0,1.0,7.440582594497869e-10,1.0
0.0,1.0,5.207885465097206e-07,0.9999993443489075
0.0,1.0,7.443464178358283e-10,1.0
0.0,1.0,7.450736139169578e-10,1.0
0.0,1.0,7.436666282778504e-10,1.0
0.0,1.0,7.452555794706939e-10,1.0
0.0,1.0,7.446318006643082e-10,1.0
0.0,1.0,7.46494699388478e-10,1.0
0.0,1.0,7.441206539837708e-10,1.0
0.0,1.0,7.44739769853453e-10,1.0
0.0,1.0,4.933746189372812e-10,1.0
0.0,1.0,5.2208566359013275e-09,1.0
0.0,1.0,6.083342163343275e-10,1.0
0.0,1.0,7.45018213788029e-10,1.0
0.0,1.0,7.439078242299502e-10,1.0
0.0,1.0,7.4418599060877e-10,1.0
0.0,1.0,7.434227122793402e-10,1.0
0.0,1.0,7.427579662433459e-10,1.0
0.0,1.0,7.448988648128818e-10,1.0
0.0,1.0,7.448832106682346e-10,1.0
0.0,1.0,7.456806838668228e-10,1.0
0.0,1.0,7.440880689379981e-10,1.0
0.0,1.0,7.418900493938452e-10,1.0
0.0,1.0,5.636765276761935e-09,1.0
0.0,1.0,2.18815610075751e-09,1.0
0.0,1.0,7.439063809400182e-10,1.0
0.0,1.0,7.440468796637845e-10,1.0
0.0,1.0,7.465032481057676e-10,1.0
0.0,1.0,7.44268313646046e-10,1.0
0.0,1.0,7.447852334863114e-10,1.0
0.0,1.0,7.453664352397027e-10,1.0
0.0,1.0,7.446573913050258e-10,1.0
0.0,1.0,7.451887440446114e-10,1.0
0.0,1.0,7.543439206614266e-10,1.0
0.0,1.0,1.4074794663088142e-08,1.0
0.0,1.0,5.548454584669571e-09,1.0
0.0,1.0,1.3741721094362447e-09,1.0
0.0,1.0,5.452998608213022e-10,1.0
0.0,1.0,5.589459450838774e-11,1.0
0.0,1.0,3.734642109454178e-11,1.0
0.0,1.0,7.450040029333138e-10,1.0
0.0,1.0,2.7020590209758666e-09,1.0
0.0,1.0,0.0,1.0
0.0,1.0,1.7939133512001604e-09,1.0
0.0,1.0,1.3597332149117847e-09,1.0
0.0,1.0,8.705461906899359e-10,1.0
0.0,1.0,5.930879398707845e-11,1.0
0.0,1.0,2.9072082519121523e-09,1.0
0.0,1.0,7.445196126276699e-10,1.0
0.0,1.0,7.447937266924498e-10,1.0
0.0,1.0,7.798897638799929e-10,1.0
0.0,1.0,1.4311882345907634e-08,1.0
0.0,1.0,2.335602156122718e-09,1.0
0.0,1.0,7.441093297089196e-10,1.0
0.0,1.0,7.447369387847402e-10,1.0
0.0,1.0,7.444826977121011e-10,1.0
0.0,1.0,7.444500571551771e-10,1.0
0.0,1.0,7.437773175134055e-10,1.0
0.0,1.0,7.445750127565987e-10,1.0
0.0,1.0,7.44878991820741e-10,1.0
0.0,1.0,7.452427563947595e-10,1.0
0.0,1.0,7.438368809786766e-10,1.0
0.0,1.0,7.445920546800266e-10,1.0
0.0,1.0,7.435872473315897e-10,1.0
0.0,1.0,7.444514449339579e-10,1.0
0.0,1.0,7.454503125892131e-10,1.0
0.0,1.0,7.437957472156143e-10,1.0
0.0,1.0,7.444727612160307e-10,1.0
0.0,1.0,7.435177473702481e-10,1.0
0.0,1.0,7.444074245910315e-10,1.0
0.0,1.0,7.45620953868098e-10,1.0
0.0,1.0,7.443449745458963e-10,1.0
0.0,1.0,1.3825321998339746e-09,1.0
0.0,1.0,7.480183139563223e-10,1.0
0.0,1.0,7.443364258286067e-10,1.0
0.0,1.0,7.537485080533202e-10,1.0
0.0,1.0,7.449869610098858e-10,1.0
0.0,1.0,7.434539095463322e-10,1.0
0.0,1.0,7.445181693377378e-10,1.0
0.0,1.0,9.858387023387039e-11,1.0
0.0,1.0,7.450380867801698e-10,1.0
0.0,1.0,7.443676786067499e-10,1.0
0.0,1.0,7.439134863673758e-10,1.0
0.0,1.0,2.8069287338894355e-08,1.0
0.0,1.0,0.0,1.0
0.0,1.0,7.440326688090693e-10,1.0
0.0,1.0,7.445295491237403e-10,1.0
0.0,1.0,7.473836549642954e-10,1.0
0.0,1.0,7.435758675455872e-10,1.0
0.0,1.0,7.448221484018802e-10,1.0
0.0,1.0,7.466769424979702e-10,1.0
0.0,1.0,7.442995109130379e-10,1.0
0.0,1.0,7.441292027010604e-10,1.0
0.0,1.0,7.457262030108325e-10,1.0
0.0,1.0,2.3671043423989513e-12,1.0
0.0,1.0,7.444684868573859e-10,1.0
0.0,1.0,7.451319006257506e-10,1.0
0.0,1.0,7.44085182358134e-10,1.0
0.0,1.0,7.439702742750853e-10,1.0
0.0,1.0,7.425129400218111e-10,1.0
0.0,1.0,1.1443397340826778e-09,1.0
0.0,1.0,7.558013659370033e-10,1.0
0.0,1.0,7.437858107195439e-10,1.0
0.0,1.0,7.449570960105234e-10,1.0
0.0,1.0,7.446800953658794e-10,1.0
0.0,1.0,7.44136308128418e-10,1.0
0.0,1.0,7.4552997109123e-10,1.0
0.0,1.0,7.447439887009466e-10,1.0
0.0,1.0,7.453209716068443e-10,1.0
0.0,1.0,7.415137392996485e-10,1.0
0.0,1.0,7.448107686158778e-10,1.0
0.0,1.0,4.808299754448936e-14,1.0
0.0,1.0,7.441220972737028e-10,1.0
0.0,1.0,7.439702742750853e-10,1.0
0.0,1.0,7.441320337697732e-10,1.0
0.0,1.0,7.450466354974594e-10,1.0
0.0,1.0,7.459509676621678e-10,1.0
0.0,1.0,7.441277594111284e-10,1.0
0.0,1.0,7.451176897710354e-10,1.0
0.0,1.0,7.440213445342181e-10,1.0
0.0,1.0,7.444471705753131e-10,1.0
0.0,1.0,8.250218286320887e-10,1.0
0.0,1.0,7.44634631733021e-10,1.0
0.0,1.0,7.483422215237567e-10,1.0
0.0,1.0,7.441306459909924e-10,1.0
0.0,1.0,7.445948857487394e-10,1.0
0.0,1.0,7.445636329705962e-10,1.0
0.0,1.0,7.44930117591025e-10,1.0
0.0,1.0,7.445892236113139e-10,1.0
0.0,1.0,7.440241756029309e-10,1.0
0.0,1.0,7.438496485434598e-10,1.0
0.0,1.0,7.4547451545115e-10,1.0
0.0,1.0,7.454105110937803e-10,1.0
0.0,1.0,7.449414973770274e-10,1.0
0.0,1.0,7.444216354457467e-10,1.0
0.0,1.0,7.434780013859665e-10,1.0
0.0,1.0,7.588492056953555e-10,1.0
0.0,1.0,7.467054197185519e-10,1.0
0.0,1.0,7.450920991303178e-10,1.0
0.0,1.0,7.440128513280797e-10,1.0
0.0,1.0,0.0,1.0
0.0,1.0,7.444003191636739e-10,1.0
0.0,1.0,7.45231376608757e-10,1.0
0.0,1.0,7.444642124987411e-10,1.0
0.0,1.0,7.441121607776324e-10,1.0
0.0,1.0,7.433376136845027e-10,1.0
0.0,1.0,2.4921380063769316e-12,1.0
0.0,1.0,7.813175662008121e-10,1.0
0.0,1.0,7.447852334863114e-10,1.0
0.0,1.0,7.444216354457467e-10,1.0
0.0,1.0,7.436723459264272e-10,1.0
0.0,1.0,7.444386773691747e-10,1.0
0.0,1.0,7.430597803725902e-10,1.0
0.0,1.0,7.443194394163299e-10,1.0
0.0,1.0,7.452712336153411e-10,1.0
0.0,1.0,7.415250635744997e-10,1.0
0.0,1.0,7.430597803725902e-10,1.0
0.0,1.0,7.439475702142317e-10,1.0
0.0,1.0,7.446985805792394e-10,1.0
0.0,1.0,7.450153827193162e-10,1.0
0.0,1.0,7.431278370439998e-10,1.0
0.0,1.0,7.446573913050258e-10,1.0
0.0,1.0,1.0494823898810068e-09,1.0
0.0,1.0,7.511966604312192e-10,1.0
0.0,1.0,7.446403493815978e-10,1.0
0.0,1.0,7.442966798443251e-10,1.0
0.0,1.0,7.438283877725382e-10,1.0
0.0,1.0,8.833269023247307e-28,1.0
0.0,1.0,7.445721261767346e-10,1.0
0.0,1.0,7.440780769307764e-10,1.0
0.0,1.0,7.441136040675644e-10,1.0
0.0,1.0,7.441391391971308e-10,1.0
0.0,1.0,9.720132476687127e-10,1.0
0.0,1.0,7.424180714643569e-10,1.0
0.0,1.0,7.438680782456686e-10,1.0
0.0,1.0,7.444755922847435e-10,1.0
0.0,1.0,7.441490756932012e-10,1.0
0.0,1.0,7.44619033099525e-10,1.0
0.0,1.0,7.448548444699554e-10,1.0
0.0,1.0,7.447596428455938e-10,1.0
0.0,1.0,7.444812544221691e-10,1.0
0.0,1.0,7.446630534424514e-10,1.0
0.0,1.0,7.439688309851533e-10,1.0
0.0,1.0,7.443534677520347e-10,1.0
0.0,1.0,7.445181693377378e-10,1.0
0.0,1.0,7.452569672494747e-10,1.0
0.0,1.0,7.435078108741777e-10,1.0
0.0,1.0,7.439731053437981e-10,1.0
0.0,1.0,7.449187378050226e-10,1.0
0.0,1.0,8.209687374360897e-10,1.0
0.0,1.0,7.44705686006597e-10,1.0
0.0,1.0,4.014025112297759e-09,1.0
0.0,1.0,7.432710003030252e-10,1.0
0.0,1.0,7.438212823451806e-10,1.0
0.0,1.0,7.438652471769558e-10,1.0
0.0,1.0,7.441434135557756e-10,1.0
0.0,1.0,7.588665806856909e-10,1.0
0.0,1.0,7.446303573743762e-10,1.0
0.0,1.0,7.493934917057743e-10,1.0
0.0,1.0,7.455868145100908e-10,1.0
0.0,1.0,7.452626848980515e-10,1.0
0.0,1.0,7.505922550166133e-10,1.0
0.0,1.0,7.448221484018802e-10,1.0
0.0,1.0,7.442498284326859e-10,1.0
0.0,1.0,5.053752623091108e-14,1.0
0.0,1.0,7.439446836343677e-10,1.0
0.0,1.0,7.439943661147197e-10,1.0
0.0,1.0,7.451006478476074e-10,1.0
0.0,1.0,7.543942692755934e-10,1.0
0.0,1.0,4.284557778011511e-11,1.0
0.0,1.0,7.452598538293387e-10,1.0
0.0,1.0,7.446985805792394e-10,1.0
0.0,1.0,8.384520855386768e-10,1.0
0.0,1.0,8.501756521006598e-10,1.0
0.0,1.0,8.261524242492158e-10,1.0
0.0,1.0,8.15002620946359e-10,1.0
0.0,1.0,8.317574407001871e-10,1.0
0.0,1.0,8.434276055346857e-10,1.0
0.0,1.0,8.790155270332889e-10,1.0
0.0,1.0,8.267735385203423e-10,1.0
0.0,1.0,8.239304793988822e-10,1.0
0.0,1.0,8.289367525726732e-10,1.0
0.0,1.0,1.7267566265743994e-09,1.0
0.0,1.0,8.132898243751185e-10,1.0
0.0,1.0,2.801963772114391e-09,1.0
0.0,1.0,8.216313740483372e-10,1.0
0.0,1.0,8.257617367668502e-10,1.0
0.0,1.0,8.436174536718966e-10,1.0
0.0,1.0,8.328226441811637e-10,1.0
0.0,1.0,8.470420476136553e-10,1.0
0.0,1.0,3.7450385015347365e-09,1.0
0.0,1.0,1.905947188268753e-12,1.0
0.0,1.0,8.42551306501349e-10,1.0
0.0,1.0,8.27919177659453e-10,1.0
0.0,1.0,8.152358788038327e-10,1.0
0.0,1.0,8.351880853574301e-10,1.0
0.0,1.0,8.268744577932807e-10,1.0
0.0,1.0,8.138717477734758e-10,1.0
0.0,1.0,8.223102199167442e-10,1.0
0.0,1.0,8.2400747336564e-10,1.0
0.0,1.0,8.343060131643654e-10,1.0
0.0,1.0,2.146788702361846e-08,1.0
0.0,1.0,8.420580899226593e-10,1.0
0.0,1.0,8.185265243376705e-10,1.0
0.0,1.0,8.342821433693359e-10,1.0
0.0,1.0,8.265401696405661e-10,1.0
0.0,1.0,8.219370184470165e-10,1.0
0.0,1.0,8.035234699832472e-10,1.0
0.0,1.0,8.348965963023147e-10,1.0
0.0,1.0,8.349443914035248e-10,1.0
0.0,1.0,8.377519233881969e-10,1.0
0.0,1.0,8.044604427048796e-10,1.0
0.0,1.0,7.683143565806461e-10,1.0
0.0,1.0,8.282540209236799e-10,1.0
0.0,1.0,8.444481225389211e-10,1.0
0.0,1.0,8.321176525605267e-10,1.0
0.0,1.0,8.235471193884791e-10,1.0
0.0,1.0,8.385384608899926e-10,1.0
0.0,1.0,8.412457952466923e-10,1.0
0.0,1.0,8.098580139836997e-10,1.0
0.0,1.0,9.807772372028012e-10,1.0
0.0,1.0,8.093422598776101e-10,1.0
0.0,1.0,1.133487790579916e-19,1.0
0.0,1.0,8.0954604131378e-10,1.0
0.0,1.0,8.376336846360743e-10,1.0
0.0,1.0,8.310803156774682e-10,1.0
0.0,1.0,7.981147964741808e-10,1.0
0.0,1.0,8.154613651001341e-10,1.0
0.0,1.0,8.322255662385203e-10,1.0
0.0,1.0,8.387080474570041e-10,1.0
0.0,1.0,8.292688757904898e-10,1.0
0.0,1.0,8.347310065381919e-10,1.0
0.0,1.0,2.3175649134478093e-19,1.0
0.0,1.0,8.156900155320557e-10,1.0
0.0,1.0,2.7029249949350742e-09,1.0
0.0,1.0,8.391336514534942e-10,1.0
0.0,1.0,1.7927503925818655e-09,1.0
0.0,1.0,1.786620125863894e-16,1.0
0.0,1.0,8.140332297124075e-10,1.0
0.0,1.0,8.26228085948344e-10,1.0
0.0,1.0,8.348584046302676e-10,1.0
0.0,1.0,3.4747078723482397e-22,1.0
0.0,1.0,8.138655305245379e-10,1.0
0.0,1.0,8.539167706267392e-10,1.0
0.0,1.0,8.263321138457513e-10,1.0
0.0,1.0,8.239084414718434e-10,1.0
0.0,1.0,8.216235469760136e-10,1.0
0.0,1.0,8.345558688560573e-10,1.0
0.0,1.0,8.203520640570616e-10,1.0
0.0,1.0,8.491012337685788e-10,1.0
0.0,1.0,8.21169243714337e-10,1.0
0.0,1.0,8.186670230614368e-10,1.0
0.0,1.0,8.333184142728101e-10,1.0
0.0,1.0,8.538043605454959e-10,1.0
0.0,1.0,8.426895292679148e-10,1.0
0.0,1.0,8.246033300629563e-10,1.0
0.0,1.0,8.302374343571728e-10,1.0
0.0,1.0,8.126494477345148e-10,1.0
0.0,1.0,8.147291175042426e-10,1.0
0.0,1.0,8.423745589958287e-10,1.0
0.0,1.0,8.247229010827084e-10,1.0
0.0,1.0,8.214731117561769e-10,1.0
0.0,1.0,8.356135228204664e-10,1.0
0.0,1.0,8.41034020204745e-10,1.0
0.0,1.0,2.306800716389942e-37,1.0
0.0,1.0,8.390024230919835e-10,1.0
0.0,1.0,8.200329304486331e-10,1.0
0.0,1.0,2.6844955147709015e-09,1.0
0.0,1.0,8.408672091952951e-10,1.0
0.0,1.0,9.708509529345131e-15,1.0
0.0,1.0,8.481138569216284e-10,1.0
0.0,1.0,8.412554541870065e-10,1.0
0.0,1.0,1.1668408461673607e-09,1.0
0.0,1.0,8.083980707063176e-10,1.0
0.0,1.0,8.342121438076333e-10,1.0
0.0,1.0,8.851378519025843e-10,1.0
0.0,1.0,8.497427761433585e-10,1.0
0.0,1.0,8.087774894249833e-10,1.0
0.0,1.0,8.369629433957471e-10,1.0
0.0,1.0,8.215702562708316e-10,1.0
0.0,1.0,8.144820373701123e-10,1.0
0.0,1.0,8.397196271658913e-10,1.0
0.0,1.0,8.337285861692578e-10,1.0
0.0,1.0,8.431525477803348e-10,1.0
0.0,1.0,8.328639444776798e-10,1.0
0.0,1.0,8.458925226939584e-10,1.0
0.0,1.0,8.48130066177788e-10,1.0
0.0,1.0,8.501302439789526e-10,1.0
0.0,1.0,8.235125359412621e-10,1.0
0.0,1.0,8.156698094730075e-10,1.0
0.0,1.0,8.276886398483896e-10,1.0
0.0,1.0,8.118655192568269e-10,1.0
0.0,1.0,8.29860624662615e-10,1.0
0.0,1.0,8.382026739361947e-10,1.0
0.0,1.0,8.196388567860424e-10,1.0
0.0,1.0,7.960805903373114e-10,1.0
0.0,1.0,8.3484408275325e-10,1.0
0.0,1.0,8.141046170528909e-10,1.0
0.0,1.0,8.174203536270852e-10,1.0
0.0,1.0,8.099012571705089e-10,1.0
0.0,1.0,0.0,1.0
0.0,1.0,8.487190950035028e-10,1.0
0.0,1.0,9.494495190054408e-10,1.0
0.0,1.0,8.474137502822998e-10,1.0
0.0,1.0,8.541187201949185e-10,1.0
0.0,1.0,1.1575219671655645e-09,1.0
0.0,1.0,8.18267398283723e-10,1.0
0.0,1.0,7.843456439893259e-10,1.0
0.0,1.0,8.205758295076748e-10,1.0
0.0,1.0,8.222914016364768e-10,1.0
0.0,1.0,1.0818284046365534e-09,1.0
0.0,1.0,8.332929901655461e-10,1.0
0.0,1.0,8.236240578440857e-10,1.0
0.0,1.0,8.068253287696336e-10,1.0
0.0,1.0,8.130416895291148e-10,1.0
0.0,1.0,8.289430808439135e-10,1.0
0.0,1.0,8.047781330233761e-10,1.0
0.0,1.0,4.155665678240439e-08,0.9999999403953552
0.0,1.0,8.454666966528634e-10,1.0
0.0,1.0,8.277676322165917e-10,1.0
0.0,1.0,8.464832168542102e-10,1.0
0.0,1.0,8.133922424491402e-10,1.0
0.0,1.0,8.431863540714346e-10,1.0
0.0,1.0,8.489036695813468e-10,1.0
0.0,1.0,8.259602446436531e-10,1.0
0.0,1.0,8.380380278616428e-10,1.0
0.0,1.0,8.458618805384788e-10,1.0
0.0,1.0,8.175684573785702e-10,1.0
0.0,1.0,8.322129096960396e-10,1.0
0.0,1.0,8.22429457869589e-10,1.0
0.0,1.0,8.271804907700187e-10,1.0
0.0,1.0,8.320827360464023e-10,1.0
0.0,1.0,2.291414835653427e-09,1.0
0.0,1.0,8.211191171447751e-10,1.0
0.0,1.0,0.0,1.0
0.0,1.0,8.021452946316288e-10,1.0
0.0,1.0,8.282887709043507e-10,1.0
0.0,1.0,8.547983432194428e-10,1.0
0.0,1.0,8.367267434472581e-10,1.0
0.0,1.0,0.0,1.0
0.0,1.0,8.352358804586402e-10,1.0
0.0,1.0,8.335774848156063e-10,1.0
0.0,1.0,8.496731096485632e-10,1.0
0.0,1.0,2.801498810711678e-09,1.0
0.0,1.0,8.690978492431611e-10,1.0
0.0,1.0,8.470970036533743e-10,1.0
0.0,1.0,8.269880336086999e-10,1.0
0.0,1.0,7.894351283788126e-10,1.0
0.0,1.0,8.364235415392329e-10,1.0
0.0,1.0,8.247323379784177e-10,1.0
0.0,1.0,0.0,1.0
0.0,1.0,8.137693296994541e-10,1.0
0.0,1.0,7.955189840203047e-10,1.0
0.0,1.0,8.581979571431475e-10,1.0
0.0,1.0,8.164059983606364e-10,1.0
0.0,1.0,8.027330467008653e-10,1.0
0.0,1.0,8.012950858393708e-10,1.0
0.0,1.0,8.214418034668824e-10,1.0
0.0,1.0,8.238817406081012e-10,1.0
0.0,1.0,8.217818647793251e-10,1.0
0.0,1.0,8.14002143467718e-10,1.0
0.0,1.0,8.593478151297518e-10,1.0
0.0,1.0,8.550314900546141e-10,1.0
0.0,1.0,0.0,1.0
0.0,1.0,7.889519038073445e-10,1.0
0.0,1.0,8.509819515722938e-10,1.0
0.0,1.0,8.392425088210587e-10,1.0
0.0,1.0,8.110328519883581e-10,1.0
0.0,1.0,8.25942925164469e-10,1.0
0.0,1.0,5.258543378516833e-09,1.0
0.0,1.0,8.432731735119603e-10,1.0
0.0,1.0,8.472004209281181e-10,1.0
0.0,1.0,8.247229010827084e-10,1.0
0.0,1.0,8.256341721413207e-10,1.0
0.0,1.0,8.419938635206847e-10,1.0
0.0,1.0,8.248802196852978e-10,1.0
0.0,1.0,0.0,1.0
0.0,1.0,8.816685159729332e-10,1.0
0.0,1.0,7.57589602162767e-10,1.0
0.0,1.0,8.370619197783924e-10,1.0
0.0,1.0,8.798407558074928e-10,1.0
0.0,1.0,8.49793069246374e-10,1.0
0.0,1.0,7.760169729031929e-10,1.0
0.0,1.0,1.2898401109850965e-05,0.9999881982803345
0.0,1.0,7.866589046834349e-10,1.0
0.0,1.0,8.531011452816983e-10,1.0
0.0,1.0,8.368687964832588e-10,1.0
0.0,1.0,2.0916084420008474e-09,1.0
0.0,1.0,9.257659083772296e-10,1.0
0.0,1.0,8.470905088486802e-10,1.0
0.0,1.0,8.211237800814786e-10,1.0
0.0,1.0,8.459635214563832e-10,1.0
0.0,1.0,1.2303487118003886e-09,1.0
0.0,1.0,8.369022697074513e-10,1.0
0.0,1.0,8.424115294225487e-10,1.0
0.0,1.0,8.171132659384739e-10,1.0
0.0,1.0,8.50068626601086e-10,1.0
0.0,1.0,8.428969189289148e-10,1.0
0.0,1.0,1.1285231638069604e-09,1.0
0.0,1.0,8.623541880581342e-10,1.0
0.0,1.0,8.502356596551408e-10,1.0
0.0,1.0,1.2301258900393464e-09,1.0
0.0,1.0,8.006916241143358e-10,1.0
0.0,1.0,8.443933885438071e-10,1.0
0.0,1.0,2.9110758248407365e-09,1.0
0.0,1.0,2.8941291637524236e-13,1.0
0.0,1.0,8.495077974401966e-10,1.0
0.0,1.0,2.2429369472831695e-09,1.0
0.0,1.0,2.457916981057906e-09,1.0
0.0,1.0,8.425304343084861e-10,1.0
0.0,1.0,1.0220356783108286e-09,1.0
0.0,1.0,7.775771138085474e-10,1.0
0.0,1.0,8.316353161674783e-10,1.0
0.0,1.0,8.562081599272631e-10,1.0
0.0,1.0,0.0,1.0
0.0,1.0,8.288925101851419e-10,1.0
0.0,1.0,8.167392873126289e-10,1.0
0.0,1.0,4.9552517644713134e-09,1.0
0.0,1.0,8.260200856646804e-10,1.0
0.0,1.0,8.366979886709203e-10,1.0
0.0,1.0,8.22388657173434e-10,1.0
0.0,1.0,8.338287837972302e-10,1.0
0.0,1.0,8.065529910616931e-10,1.0
0.0,1.0,8.433310716426945e-10,1.0
0.0,1.0,8.305446885792378e-10,1.0
0.0,1.0,8.157553521570549e-10,1.0
0.0,1.0,8.433310716426945e-10,1.0
0.0,1.0,7.967641546535731e-10,1.0
0.0,1.0,8.176043730934168e-10,1.0
0.0,1.0,8.197842404911171e-10,1.0
0.0,1.0,8.302801779436209e-10,1.0
0.0,1.0,8.283804198150335e-10,1.0
0.0,1.0,8.303958076716356e-10,1.0
0.0,1.0,8.394281936219272e-10,1.0
0.0,1.0,8.166146647781147e-10,1.0
0.0,1.0,8.038960053191602e-10,1.0
0.0,1.0,8.16404444048402e-10,1.0
0.0,1.0,0.0,1.0
0.0,1.0,8.168389853402402e-10,1.0
0.0,1.0,8.251351268917517e-10,1.0
0.0,1.0,8.100063397797896e-10,1.0
0.0,1.0,8.440487753169634e-10,1.0
0.0,1.0,8.174546595185461e-10,1.0
0.0,1.0,8.517094252091795e-10,1.0
0.0,1.0,8.165243481350615e-10,1.0
0.0,1.0,8.434726250783342e-10,1.0
0.0,1.0,8.498643455645549e-10,1.0
0.0,1.0,8.698574083254584e-10,1.0
0.0,1.0,8.505713910977875e-10,1.0
0.0,1.0,0.0,1.0
0.0,1.0,8.377775140289145e-10,1.0
0.0,1.0,7.953157021844959e-10,1.0
0.0,1.0,8.367155301947093e-10,1.0
0.0,1.0,8.443644117228644e-10,1.0
0.0,1.0,8.815054242106157e-10,1.0
0.0,1.0,0.0,1.0
0.0,1.0,8.956330677101221e-10,1.0
0.0,1.0,8.240341742293822e-10,1.0
0.0,1.0,7.468364815466089e-10,1.0
0.0,1.0,8.406010332251412e-10,1.0
0.0,1.0,8.666000139712082e-10,1.0
0.0,1.0,8.459151157325095e-10,1.0
0.0,1.0,8.309471444256644e-10,1.0
0.0,1.0,7.952262182087111e-10,1.0
0.0,1.0,8.734035161772624e-10,1.0
0.0,1.0,8.469806522803935e-10,1.0
0.0,1.0,8.145177865515052e-10,1.0
0.0,1.0,8.398637896256389e-10,1.0
0.0,1.0,8.34471547417337e-10,1.0
0.0,1.0,7.868630191865122e-10,1.0
0.0,1.0,0.0,1.0
0.0,1.0,8.413613139524045e-10,1.0
0.0,1.0,8.230634507278012e-10,1.0
0.0,1.0,8.273335350139632e-10,1.0
0.0,1.0,8.170228937842694e-10,1.0
0.0,1.0,6.712044061133102e-31,1.0
0.0,1.0,7.952762337559705e-10,1.0
0.0,1.0,8.451087607497243e-10,1.0
0.0,1.0,8.489975944492301e-10,1.0
0.0,1.0,2.9663164642748636e-33,1.0
0.0,1.0,4.030311803211519e-17,1.0
0.0,1.0,8.107946536384247e-10,1.0
0.0,1.0,8.405705576031153e-10,1.0
0.0,1.0,8.299619325136121e-10,1.0
0.0,1.0,8.427104014607778e-10,1.0
0.0,1.0,2.522988102744305e-26,1.0
0.0,1.0,8.14878275967601e-10,1.0
0.0,1.0,8.221691105703144e-10,1.0
0.0,1.0,8.426686570750519e-10,1.0
0.0,1.0,8.252044048084883e-10,1.0
0.0,1.0,8.308235766030236e-10,1.0
0.0,1.0,8.230147674481714e-10,1.0
0.0,1.0,8.381259575251931e-10,1.0
0.0,1.0,1.0343000900192578e-09,1.0
0.0,1.0,8.43636771552525e-10,1.0
0.0,1.0,8.395178441311657e-10,1.0
0.0,1.0,8.344826496475832e-10,1.0
0.0,1.0,8.20136125678772e-10,1.0
0.0,1.0,8.149901864484832e-10,1.0
0.0,1.0,8.718739064050851e-10,1.0
0.0,1.0,8.471131573983826e-10,1.0
0.0,1.0,8.151332386852062e-10,1.0
0.0,1.0,8.497411663199728e-10,1.0
0.0,1.0,8.339925972045137e-10,1.0
0.0,1.0,8.170275567209728e-10,1.0
0.0,1.0,8.282635133305405e-10,1.0
0.0,1.0,8.290585440384746e-10,1.0
0.0,1.0,8.348265412294609e-10,1.0
0.0,1.0,8.266978213100629e-10,1.0
0.0,1.0,8.196670009397167e-10,1.0
0.0,1.0,8.326129785629632e-10,1.0
0.0,1.0,8.214825486518862e-10,1.0
0.0,1.0,8.082963187661107e-10,1.0
0.0,1.0,8.463831302485403e-10,1.0
0.0,1.0,8.358175263012413e-10,1.0
0.0,1.0,7.893432574235248e-10,1.0
0.0,1.0,8.342089796720131e-10,1.0
0.0,1.0,1.175319841451028e-09,1.0
0.0,1.0,8.196138212568371e-10,1.0
0.0,1.0,8.351402902562199e-10,1.0
0.0,1.0,8.22321211124688e-10,1.0
0.0,1.0,8.252358796312365e-10,1.0
0.0,1.0,8.331197398625534e-10,1.0
0.0,1.0,8.102380988361801e-10,1.0
0.0,1.0,9.777626486240365e-10,1.0
0.0,1.0,7.774926264868948e-14,1.0
0.0,1.0,8.232675652308785e-10,1.0
0.0,1.0,8.493020731137335e-10,1.0
0.0,1.0,1.6033767646916885e-09,1.0
0.0,1.0,8.200016221593387e-10,1.0
0.0,1.0,8.383178040638484e-10,1.0
0.0,1.0,1.5083202464793999e-09,1.0
0.0,1.0,8.263352779813715e-10,1.0
0.0,1.0,8.288102981701684e-10,1.0
0.0,1.0,8.402291085118918e-10,1.0
0.0,1.0,8.616850011300414e-10,1.0
0.0,1.0,8.298226550351728e-10,1.0
0.0,1.0,8.154411035299347e-10,1.0
0.0,1.0,8.364139936212212e-10,1.0
0.0,1.0,8.254310568389656e-10,1.0
0.0,1.0,7.975304860963206e-10,1.0
0.0,1.0,8.47345860144344e-10,1.0
0.0,1.0,5.220745565701205e-25,1.0
0.0,1.0,8.05794930780479e-10,1.0
0.0,1.0,5.804524416674894e-09,1.0
0.0,1.0,8.435900866743395e-10,1.0
0.0,1.0,8.238094650891981e-10,1.0
0.0,1.0,8.184515842835083e-10,1.0
0.0,1.0,8.442790355722707e-10,1.0
0.0,1.0,8.179443788947083e-10,1.0
0.0,1.0,0.0,1.0
0.0,1.0,8.262123207813943e-10,1.0
0.0,1.0,8.156340047804633e-10,1.0
0.0,1.0,8.246064941985765e-10,1.0
0.0,1.0,8.278907559500226e-10,1.0
0.0,1.0,8.102875592719272e-10,1.0
0.0,1.0,8.3839452047485e-10,1.0
0.0,1.0,8.048732791365865e-10,1.0
0.0,1.0,8.360535042051254e-10,1.0
0.0,1.0,8.831782527529697e-10,1.0
0.0,1.0,8.143997143328363e-10,1.0
0.0,1.0,0.0,1.0
0.0,1.0,8.497995085399168e-10,1.0
0.0,1.0,0.0,1.0
0.0,1.0,8.417272989724722e-10,1.0
0.0,1.0,8.22244383691384e-10,1.0
0.0,1.0,8.29433355331588e-10,1.0
0.0,1.0,7.810062041535559e-10,1.0
0.0,1.0,9.188944605220684e-10,1.0
0.0,1.0,3.960747008147081e-11,1.0
0.0,1.0,8.328194800455435e-10,1.0
0.0,1.0,8.375921622949534e-10,1.0
0.0,1.0,8.599347900428711e-10,1.0
0.0,1.0,8.794112660304165e-10,1.0
0.0,1.0,8.376880300531298e-10,1.0
0.0,1.0,8.103957505056769e-10,1.0
0.0,1.0,7.922543177052432e-10,1.0
0.0,1.0,1.1803791277742448e-09,1.0
0.0,1.0,8.256010874951869e-10,1.0
0.0,1.0,8.098471893092096e-10,1.0
0.0,1.0,8.375091176127114e-10,1.0
0.0,1.0,8.020305530820337e-10,1.0
0.0,1.0,8.231184067675201e-10,1.0
0.0,1.0,8.252925010054923e-10,1.0
0.0,1.0,8.477580859533873e-10,1.0
0.0,1.0,8.250816141419648e-10,1.0
0.0,1.0,8.244948612734504e-10,1.0
0.0,1.0,8.272498797090577e-10,1.0
0.0,1.0,8.22955148471749e-10,1.0
0.0,1.0,1.0930930605113076e-09,1.0
0.0,1.0,8.007741136850655e-10,1.0
0.0,1.0,7.954674141608109e-10,1.0
0.0,1.0,3.992687826668288e-22,1.0
0.0,1.0,7.902229981482378e-10,1.0
0.0,1.0,7.847122951432084e-10,1.0
0.0,1.0,7.902335452669718e-10,1.0
0.0,1.0,8.227558079276776e-10,1.0
0.0,1.0,7.959621850517351e-10,1.0
0.0,1.0,7.927652423411757e-10,1.0
0.0,1.0,2.2315393977123676e-09,1.0
0.0,1.0,7.961565295921957e-10,1.0
0.0,1.0,7.951230784897234e-10,1.0
0.0,1.0,7.916093336390873e-10,1.0
0.0,1.0,8.001603268859014e-10,1.0
0.0,1.0,1.8694929324616018e-31,1.0
0.0,1.0,7.760525000399809e-10,1.0
0.0,1.0,7.826032599744792e-10,1.0
0.0,1.0,2.7440136829426365e-09,1.0
0.0,1.0,2.591516112815384e-09,1.0
0.0,1.0,9.886871101661235e-20,1.0
0.0,1.0,7.547241569303637e-17,1.0
0.0,1.0,7.955311409624244e-10,1.0
0.0,1.0,7.876798657768802e-10,1.0
0.0,1.0,7.829944470572059e-10,1.0
0.0,1.0,0.0,1.0
0.0,1.0,7.841018390131183e-10,1.0
0.0,1.0,7.991735051504634e-10,1.0
0.0,1.0,1.527678317181369e-09,1.0
0.0,1.0,7.907476895496757e-10,1.0
0.0,1.0,2.6264102714316106e-38,1.0
0.0,1.0,7.805400770166671e-10,1.0
0.0,1.0,7.060818039855233e-35,1.0
0.0,1.0,1.2200330052554786e-33,1.0
0.0,1.0,0.0,1.0
0.0,1.0,0.0,1.0
0.0,1.0,0.0,1.0
0.0,1.0,0.0,1.0
0.0,1.0,7.878797059213127e-10,1.0
0.0,1.0,8.217686087164111e-08,0.9999999403953552
0.0,1.0,7.920533673377861e-10,1.0
0.0,1.0,0.0,1.0
0.0,1.0,8.443128418633705e-10,1.0
0.0,1.0,3.2030444963027094e-09,1.0
0.0,1.0,0.0,1.0
0.0,1.0,0.0,1.0
0.0,1.0,0.0,1.0
0.0,1.0,0.0,1.0
0.0,1.0,7.773843235803213e-10,1.0
0.0,1.0,0.0,1.0
0.0,1.0,0.0,1.0
0.0,1.0,0.0,1.0
0.0,1.0,0.0,1.0
0.0,1.0,0.0,1.0
0.0,1.0,0.0,1.0
0.0,1.0,0.0,1.0
0.0,1.0,0.0,1.0
0.0,1.0,0.0,1.0
0.0,1.0,8.554964514573271e-10,1.0
0.0,1.0,7.816335911847716e-10,1.0
0.0,1.0,0.0,1.0
0.0,1.0,6.959587977599835e-16,1.0
0.0,1.0,7.915564870231151e-10,1.0
0.0,1.0,7.934187196134701e-10,1.0
0.0,1.0,7.795566414614541e-10,1.0
0.0,1.0,7.943060653659018e-10,1.0
0.0,1.0,7.910855859272203e-10,1.0
0.0,1.0,7.942924096226989e-10,1.0
0.0,1.0,3.612838250788286e-09,1.0
0.0,1.0,7.840674776105061e-10,1.0
0.0,1.0,8.660018813166914e-10,1.0
0.0,1.0,7.85420561921768e-10,1.0
0.0,1.0,7.970438753446274e-10,1.0
0.0,1.0,2.7021137394086016e-37,1.0
0.0,1.0,1.7530281967801514e-14,1.0
0.0,1.0,3.999126831235946e-34,1.0
0.0,1.0,7.912606680982037e-10,1.0
0.0,1.0,7.834186632749152e-10,1.0
0.0,1.0,7.914749966531076e-10,1.0
0.0,1.0,1.1023515433805642e-09,1.0
0.0,1.0,7.960259118533486e-10,1.0
0.0,1.0,7.904611964981711e-10,1.0
0.0,1.0,4.33997060511615e-10,1.0
0.0,1.0,8.038806287302691e-10,1.0
0.0,1.0,7.8468531672371e-10,1.0
0.0,1.0,7.922362210699418e-10,1.0
0.0,1.0,7.806681412425576e-10,1.0
0.0,1.0,1.3475876054034335e-32,1.0
0.0,1.0,6.408345923548551e-15,1.0
0.0,1.0,7.871842622186875e-10,1.0
0.0,1.0,7.85501441669112e-10,1.0
0.0,1.0,7.68424268660084e-10,1.0
0.0,1.0,0.0,1.0
0.0,1.0,8.323303712920449e-10,1.0
0.0,1.0,0.0,1.0
0.0,1.0,7.870461504744242e-10,1.0
0.0,1.0,7.785773692425835e-10,1.0
0.0,1.0,7.952186131809924e-10,1.0
0.0,1.0,7.851988503837504e-10,1.0
0.0,1.0,7.882329233765972e-10,1.0
0.0,1.0,1.244197971782485e-14,1.0
0.0,1.0,7.795030732005159e-10,1.0
0.0,1.0,1.512483735836552e-16,1.0
0.0,1.0,2.0920080611779794e-16,1.0
0.0,1.0,8.437684755335795e-07,0.9999991059303284
0.0,1.0,7.961443726500761e-10,1.0
0.0,1.0,7.933915191493668e-10,1.0
0.0,1.0,7.95975840794938e-10,1.0
0.0,1.0,7.94603050024989e-10,1.0
0.0,1.0,3.988029351198463e-11,1.0
0.0,1.0,7.962354664492466e-10,1.0
0.0,1.0,7.894456199863953e-10,1.0
0.0,1.0,7.943000146504176e-10,1.0
0.0,1.0,7.867864693089643e-10,1.0
0.0,1.0,8.414062779849019e-10,1.0
0.0,1.0,8.532997035739023e-14,1.0
0.0,1.0,5.8164189908893604e-08,0.9999999403953552
0.0,1.0,7.91173127012712e-10,1.0
0.0,1.0,7.811119528966515e-10,1.0
0.0,1.0,7.958437797661588e-10,1.0
0.0,1.0,8.725309919022095e-10,1.0
0.0,1.0,8.020458741597736e-10,1.0
0.0,1.0,7.904852883378055e-10,1.0
0.0,1.0,7.954431002765716e-10,1.0
0.0,1.0,7.943060653659018e-10,1.0
0.0,1.0,7.964876536092902e-10,1.0
0.0,1.0,6.979139191634286e-28,1.0
0.0,1.0,7.988854577867244e-10,1.0
0.0,1.0,7.973175453201975e-10,1.0
0.0,1.0,7.873839913408176e-10,1.0
0.0,1.0,1.8482431703810073e-14,1.0
0.0,1.0,8.348281510528466e-10,1.0
0.0,1.0,7.915670896530003e-10,1.0
0.0,1.0,7.953217528999801e-10,1.0
0.0,1.0,7.831288395543368e-10,1.0
0.0,1.0,7.6374193427875e-12,1.0
0.0,1.0,5.373378630935122e-09,1.0
0.0,1.0,7.814238145442687e-09,1.0
0.0,1.0,7.936094559291007e-10,1.0
0.0,1.0,7.949395586237529e-10,1.0
0.0,1.0,7.914206512360522e-10,1.0
0.0,1.0,7.903013798937764e-10,1.0
0.0,1.0,7.836010174067098e-10,1.0
0.0,1.0,7.965757498062942e-10,1.0
0.0,1.0,7.962354664492466e-10,1.0
0.0,1.0,7.877399843536637e-10,1.0
0.0,1.0,7.82313713809657e-10,1.0
0.0,1.0,7.93739629578738e-10,1.0
0.0,1.0,7.790319500600162e-10,1.0
0.0,1.0,7.945969993095048e-10,1.0
0.0,1.0,7.829167869566334e-10,1.0
0.0,1.0,7.94175780693962e-10,1.0
0.0,1.0,7.872533180908192e-10,1.0
0.0,1.0,7.91644083619758e-10,1.0
0.0,1.0,7.774940691263055e-10,1.0
0.0,1.0,8.089379166520416e-10,1.0
0.0,1.0,1.1639940823239009e-19,1.0
0.0,1.0,7.954233938178845e-10,1.0
0.0,1.0,7.908321775218496e-10,1.0
0.0,1.0,7.817826941369788e-10,1.0
0.0,1.0,1.4034984112398785e-12,1.0
0.0,1.0,7.970104021204349e-10,1.0
0.0,1.0,7.834127235817334e-10,1.0
0.0,1.0,5.818232562404546e-10,1.0
0.0,1.0,2.1109098913285607e-09,1.0
0.0,1.0,7.980417437991605e-10,1.0
0.0,1.0,8.045309973780945e-10,1.0
0.0,1.0,7.929890633029402e-10,1.0
0.0,1.0,8.005862639492989e-10,1.0
0.0,1.0,7.938243951066681e-10,1.0
0.0,1.0,7.937638324406748e-10,1.0
0.0,1.0,8.70034932987096e-10,1.0
0.0,1.0,7.883141361908486e-10,1.0
0.0,1.0,7.889067732413935e-10,1.0
0.0,1.0,7.906044152683478e-10,1.0
0.0,1.0,7.973494642321555e-10,1.0
0.0,1.0,7.944742086429812e-10,1.0
0.0,1.0,7.911489796619264e-10,1.0
0.0,1.0,7.869920826131249e-10,1.0
0.0,1.0,6.533301891316825e-20,1.0
0.0,1.0,5.78146724968882e-31,1.0
0.0,1.0,3.323807513842718e-30,1.0
0.0,1.0,7.405639435020817e-10,1.0
0.0,1.0,1.7651205497237754e-10,1.0
0.0,1.0,7.307894844821305e-10,1.0
0.0,1.0,7.40597860815484e-10,1.0
0.0,1.0,7.405921986780584e-10,1.0
0.0,1.0,7.40645877961299e-10,1.0
0.0,1.0,7.405554502959433e-10,1.0
0.0,1.0,7.885442299127021e-10,1.0
0.0,1.0,1.9081358004768845e-07,0.999999463558197
0.0,1.0,7.407023883132524e-10,1.0
0.0,1.0,2.190072789787223e-09,1.0
0.0,1.0,2.311823692549564e-13,1.0
0.0,1.0,7.407094382294588e-10,1.0
0.0,1.0,7.344323482705306e-10,1.0
0.0,1.0,7.405611124333689e-10,1.0
0.0,1.0,3.6673530878772453e-09,1.0
0.0,1.0,7.406261159914607e-10,1.0
0.0,1.0,7.40511707508773e-10,1.0
0.0,1.0,7.408832436439639e-10,1.0
0.0,1.0,7.405582813646561e-10,1.0
0.0,1.0,7.40693895107114e-10,1.0
0.0,1.0,7.414430180929799e-10,1.0
0.0,1.0,7.405187574249794e-10,1.0
0.0,1.0,7.407405244741483e-10,1.0
0.0,1.0,7.406599777937117e-10,1.0
0.0,1.0,7.378118671574896e-10,1.0
0.0,1.0,2.3222983145387843e-06,0.9999975562095642
0.0,1.0,2.9136099029821534e-16,1.0
0.0,1.0,1.6560080414949228e-30,1.0
0.0,1.0,7.409228230947917e-10,1.0
0.0,1.0,7.406176227853223e-10,1.0
0.0,1.0,7.40693895107114e-10,1.0
0.0,1.0,0.0,1.0
0.0,1.0,1.9180386061634636e-06,0.999995768070221
0.0,1.0,7.405611124333689e-10,1.0
0.0,1.0,7.353869180271033e-10,1.0
0.0,1.0,7.406571467249989e-10,1.0
0.0,1.0,4.751786075729569e-09,1.0
0.0,1.0,7.404283297596237e-10,1.0
0.0,1.0,7.405328572573922e-10,1.0
0.0,1.0,6.91388446494301e-10,1.0
0.0,1.0,7.342236263419011e-10,1.0
0.0,1.0,7.407278124205163e-10,1.0
0.0,1.0,7.406487090300118e-10,1.0
0.0,1.0,5.85133319574993e-09,1.0
0.0,1.0,7.406571467249989e-10,1.0
0.0,1.0,7.407108815193908e-10,1.0
0.0,1.0,7.405808744032072e-10,1.0
0.0,1.0,7.40845107483068e-10,1.0
0.0,1.0,7.40706607160746e-10,1.0
0.0,1.0,7.406119606478967e-10,1.0
0.0,1.0,7.406713020685629e-10,1.0
0.0,1.0,7.405950297467712e-10,1.0
0.0,1.0,7.436609661404248e-10,1.0
0.0,1.0,7.406981139546076e-10,1.0
0.0,1.0,7.41018912897573e-10,1.0
0.0,1.0,7.40645877961299e-10,1.0
0.0,1.0,5.179763729046272e-09,1.0
0.0,1.0,7.406261159914607e-10,1.0
0.0,1.0,7.406995572445396e-10,1.0
0.0,1.0,7.406176227853223e-10,1.0
0.0,1.0,7.790572076338265e-10,1.0
0.0,1.0,6.296215815382311e-06,0.9999929070472717
0.0,1.0,7.296334647577396e-10,1.0
0.0,1.0,1.0621369339602893e-09,1.0
0.0,1.0,7.406373847551606e-10,1.0
0.0,1.0,0.0,1.0
0.0,1.0,7.406402158238734e-10,1.0
0.0,1.0,0.0,1.0
0.0,1.0,7.392542689110826e-10,1.0
0.0,1.0,7.405300261886794e-10,1.0
0.0,1.0,7.406910640384012e-10,1.0
0.0,1.0,7.417513825380695e-10,1.0
0.0,1.0,7.405343005473242e-10,1.0
0.0,1.0,7.405300261886794e-10,1.0
0.0,1.0,8.8475804460586e-10,1.0
0.0,1.0,7.405470126009561e-10,1.0
0.0,1.0,7.407363056266547e-10,1.0
0.0,1.0,2.142790611614487e-09,1.0
0.0,1.0,8.630420054826782e-14,1.0
0.0,1.0,7.403775370562471e-10,1.0
0.0,1.0,7.405427382423113e-10,1.0
0.0,1.0,7.406416591138054e-10,1.0
0.0,1.0,7.41799510706187e-10,1.0
0.0,1.0,2.294852379236545e-07,0.9999998211860657
0.0,1.0,0.0,1.0
0.0,1.0,2.3489407641186233e-10,1.0
0.0,1.0,7.406373847551606e-10,1.0
0.0,1.0,0.0,1.0
0.0,1.0,7.422382708455189e-10,1.0
0.0,1.0,2.3519873138866387e-05,0.9999759793281555
0.0,1.0,7.407320312680099e-10,1.0
0.0,1.0,7.41454342367831e-10,1.0
0.0,1.0,2.2114509192761034e-05,0.9999783039093018
0.0,1.0,7.426744219607428e-10,1.0
0.0,1.0,7.407729984976186e-10,1.0
0.0,1.0,2.4204668491734083e-08,1.0
0.0,1.0,7.406147917166095e-10,1.0
0.0,1.0,7.406077418004031e-10,1.0
0.0,1.0,5.0507882320971476e-09,1.0
0.0,1.0,7.406359969763798e-10,1.0
0.0,1.0,7.408945124076638e-10,1.0
0.0,1.0,7.373490151785234e-10,1.0
0.0,1.0,0.0,1.0
0.0,1.0,7.406161794953903e-10,1.0
0.0,1.0,7.406402158238734e-10,1.0
0.0,1.0,7.404905022490027e-10,1.0
0.0,1.0,7.786367661744009e-10,1.0
0.0,1.0,7.397070178605247e-10,1.0
0.0,1.0,7.407447433216419e-10,1.0
0.0,1.0,7.296724335859039e-10,1.0
0.0,1.0,7.406684709998501e-10,1.0
0.0,1.0,7.406345536864478e-10,1.0
0.0,1.0,2.4398327105616946e-23,1.0
0.0,1.0,7.421023240361535e-10,1.0
0.0,1.0,7.408083591009529e-10,1.0
0.0,1.0,7.406515400987246e-10,1.0
0.0,1.0,7.406134039378287e-10,1.0
0.0,1.0,7.407052193819652e-10,1.0
0.0,1.0,8.524667638454275e-10,1.0
0.0,1.0,7.404509227981748e-10,1.0
0.0,1.0,9.292700724472525e-07,0.9999992847442627
0.0,1.0,2.1086595536627846e-14,1.0
0.0,1.0,7.405738244870008e-10,1.0
0.0,1.0,7.405681623495752e-10,1.0
0.0,1.0,7.405950297467712e-10,1.0
0.0,1.0,7.403690438501087e-10,1.0
0.0,1.0,7.407433555428611e-10,1.0
0.0,1.0,1.2455546311684884e-05,0.9999879598617554
0.0,1.0,7.405865365406328e-10,1.0
0.0,1.0,7.40631722617735e-10,1.0
0.0,1.0,7.404933333177155e-10,1.0
0.0,1.0,7.330538398520048e-10,1.0
0.0,1.0,0.0,1.0
0.0,1.0,0.0,1.0
0.0,1.0,7.406091295791839e-10,1.0
0.0,1.0,7.406882329696884e-10,1.0
0.0,1.0,7.418390901570149e-10,1.0
0.0,1.0,7.406599777937117e-10,1.0
0.0,1.0,7.412238600679188e-10,1.0
0.0,1.0,1.2817651269287358e-37,1.0
0.0,1.0,7.406656399311373e-10,1.0
0.0,1.0,7.418589631491557e-10,1.0
0.0,1.0,7.406246727015287e-10,1.0
0.0,1.0,7.406147917166095e-10,1.0
0.0,1.0,7.393332612792847e-10,1.0
0.0,1.0,7.404975521652091e-10,1.0
0.0,1.0,7.404905022490027e-10,1.0
0.0,1.0,7.406006363730455e-10,1.0
0.0,1.0,7.40693895107114e-10,1.0
0.0,1.0,7.405808744032072e-10,1.0
0.0,1.0,7.245628402818838e-11,1.0
0.0,1.0,7.405950297467712e-10,1.0
0.0,1.0,7.406119606478967e-10,1.0
0.0,1.0,7.406275037702414e-10,1.0
0.0,1.0,7.406288915490222e-10,1.0
0.0,1.0,7.406628088624245e-10,1.0
0.0,1.0,7.407136570769524e-10,1.0
0.0,1.0,0.0,1.0
0.0,1.0,7.407504054590675e-10,1.0
0.0,1.0,7.406642521523565e-10,1.0
0.0,1.0,7.40645877961299e-10,1.0
0.0,1.0,0.0,1.0
0.0,1.0,0.0,1.0
0.0,1.0,3.4091931411239784e-07,0.9999994039535522
0.0,1.0,7.407843227724697e-10,1.0
0.0,1.0,7.355833164801595e-10,1.0
0.0,1.0,7.420117853484953e-10,1.0
0.0,1.0,7.406303348389542e-10,1.0
0.0,1.0,7.4057243670822e-10,1.0
0.0,1.0,7.411206648377799e-10,1.0
0.0,1.0,7.406910640384012e-10,1.0
0.0,1.0,0.0,1.0
0.0,1.0,0.0,1.0
0.0,1.0,7.406275037702414e-10,1.0
0.0,1.0,7.404001300947982e-10,1.0
0.0,1.0,0.0,1.0
0.0,1.0,7.406684709998501e-10,1.0
0.0,1.0,0.0,1.0
0.0,1.0,7.406684709998501e-10,1.0
0.0,1.0,7.378962996185123e-10,1.0
0.0,1.0,7.376570465567056e-10,1.0
0.0,1.0,7.405385193948177e-10,1.0
0.0,1.0,7.406487090300118e-10,1.0
0.0,1.0,5.526810090050539e-21,1.0
0.0,1.0,7.417782499352654e-10,1.0
0.0,1.0,7.410810853869521e-10,1.0
0.0,1.0,7.404918900277835e-10,1.0
0.0,1.0,7.404664659205196e-10,1.0
0.0,1.0,6.180649325671084e-10,1.0
0.0,1.0,7.406006363730455e-10,1.0
0.0,1.0,7.407956470473209e-10,1.0
0.0,1.0,7.406571467249989e-10,1.0
0.0,1.0,3.9088043024548824e-08,0.9999999403953552
0.0,1.0,7.20000503662277e-10,1.0
0.0,1.0,7.405625557233009e-10,1.0
0.0,1.0,2.2096985574648897e-08,1.0
0.0,1.0,7.403069268718809e-10,1.0
0.0,1.0,7.406571467249989e-10,1.0
0.0,1.0,7.406161794953903e-10,1.0
0.0,1.0,7.40770222940057e-10,1.0
0.0,1.0,7.40693895107114e-10,1.0
0.0,1.0,7.405893676093456e-10,1.0
