1.0,0.0,1.0,6.934955214255023e-12
1.0,0.0,1.0,8.829643127761244e-10
1.0,0.0,1.0,1.4391064024048966e-13
1.0,0.0,1.0,3.357115560071117e-16
1.0,0.0,1.0,1.0145265877392617e-10
1.0,0.0,1.0,0.0
1.0,0.0,1.0,1.5019664678650457e-10
1.0,0.0,1.0,9.806999979353019e-15
1.0,0.0,1.0,3.224373554071812e-14
1.0,0.0,1.0,1.7096960782878035e-12
1.0,0.0,1.0,2.735127575814733e-11
1.0,0.0,1.0,1.3626155325602296e-12
1.0,0.0,1.0,1.454223200192395e-11
1.0,0.0,1.0,2.717789882034083e-11
1.0,0.0,1.0,7.196982526829899e-18
1.0,0.0,1.0,4.909024742261181e-09
1.0,0.0,1.0,1.3340803071623664e-12
1.0,0.0,1.0,9.255026893516607e-14
1.0,0.0,1.0,6.364168814305385e-18
1.0,0.0,1.0,2.650709648522112e-14
1.0,0.0,1.0,2.029106203374793e-16
1.0,0.0,1.0,9.988158303914085e-13
1.0,0.0,1.0,2.9806840047379157e-13
1.0,0.0,1.0,1.4967428338397148e-12
1.0,0.0,1.0,9.944437851308607e-13
1.0,0.0,1.0,1.5445417094286408e-14
1.0,0.0,1.0,6.565280003673069e-13
1.0,0.0,1.0,1.0160587784547107e-13
1.0,0.0,1.0,8.870741428467898e-15
1.0,0.0,1.0,5.784767155712896e-19
1.0,0.0,0.9999454617500305,5.680624599335715e-05
1.0,0.0,1.0,7.316351902236242e-16
1.0,0.0,1.0,1.814398298272124e-09
1.0,0.0,1.0,1.5260068328328685e-13
1.0,0.0,1.0,3.35998827231173e-14
1.0,0.0,1.0,1.1707442853556994e-28
1.0,0.0,1.0,8.60563963839267e-12
1.0,0.0,1.0,1.182330674727119e-16
1.0,0.0,1.0,5.441131573080682e-11
1.0,0.0,1.0,4.229102944984476e-15
1.0,0.0,1.0,2.169323965253711e-12
1.0,0.0,1.0,1.1839674206315376e-11
1.0,0.0,1.0,1.5572477118572237e-13
1.0,0.0,1.0,2.5193627904902295e-14
1.0,0.0,1.0,4.770862931059369e-14
1.0,0.0,1.0,5.395778622570387e-20
1.0,0.0,1.0,1.0196493680587806e-15
1.0,0.0,1.0,7.788331611580102e-13
1.0,0.0,1.0,1.3290303457263983e-17
1.0,0.0,1.0,5.616046551279929e-15
1.0,0.0,1.0,2.2746455869034066e-13
1.0,0.0,1.0,5.058504477925205e-15
1.0,0.0,1.0,1.7735419252998263e-12
1.0,0.0,1.0,2.4561802244860154e-11
1.0,0.0,1.0,2.195213412090058e-12
1.0,0.0,1.0,1.3954285047346887e-13
1.0,0.0,1.0,1.9904842273672958e-14
1.0,0.0,1.0,2.969208328637512e-22
1.0,0.0,1.0,6.239020259625472e-13
1.0,0.0,1.0,1.442524383634975e-14
1.0,0.0,1.0,4.14251203733609e-16
1.0,0.0,1.0,1.2428223055728493e-14
1.0,0.0,1.0,6.784196143229393e-13
1.0,0.0,1.0,5.692973436416393e-12
1.0,0.0,1.0,9.830372159466607e-15
1.0,0.0,1.0,0.0
1.0,0.0,1.0,3.7826229846407884e-15
1.0,0.0,1.0,5.774550894963384e-14
1.0,0.0,1.0,4.415901238424835e-12
1.0,0.0,1.0,4.897559324100942e-16
1.0,0.0,1.0,9.084920993664494e-14
1.0,0.0,1.0,4.222834985878089e-14
1.0,0.0,1.0,6.766600474383822e-11
1.0,0.0,1.0,3.2773858310537274e-15
1.0,0.0,1.0,1.6260848830465427e-16
1.0,0.0,1.0,3.1000736370199107e-19
1.0,0.0,1.0,3.7856601534103085e-12
1.0,0.0,1.0,3.418168785010533e-19
1.0,0.0,1.0,2.59836070845218e-13
1.0,0.0,1.0,2.3888752309630945e-08
1.0,0.0,1.0,3.909520802117218e-15
1.0,0.0,1.0,4.050592153359567e-11
1.0,0.0,1.0,2.5978928243927755e-15
1.0,0.0,1.0,8.203680248140832e-13
1.0,0.0,1.0,4.2133992982495164e-17
1.0,0.0,1.0,1.6755158024905903e-11
1.0,0.0,1.0,3.9444074422366623e-16
1.0,0.0,1.0,3.690957926121875e-14
1.0,0.0,0.9999999403953552,6.486926196203058e-08
1.0,0.0,1.0,4.3533782806935706e-13
1.0,0.0,1.0,1.454774646360141e-31
1.0,0.0,1.0,1.3222644904662376e-24
1.0,0.0,1.0,2.227350790785787e-13
1.0,0.0,1.0,2.8472133095647223e-08
1.0,0.0,1.0,4.650944885296882e-13
1.0,0.0,1.0,6.869826837388113e-16
1.0,0.0,1.0,4.885102738994007e-13
1.0,0.0,1.0,3.8037366361038175e-14
1.0,0.0,1.0,3.395391335713621e-13
1.0,0.0,1.0,3.7070026952593094e-13
1.0,0.0,1.0,6.76275848472338e-14
1.0,0.0,1.0,2.5332246117269882e-15
1.0,0.0,1.0,3.522917092595168e-14
1.0,0.0,1.0,4.67184721898023e-13
1.0,0.0,1.0,6.312427012628968e-18
1.0,0.0,1.0,5.357586661640379e-13
1.0,0.0,1.0,9.69420585472669e-11
1.0,0.0,1.0,3.884427451054809e-15
1.0,0.0,1.0,1.9131759707285284e-13
1.0,0.0,1.0,0.0
1.0,0.0,1.0,5.118120770947199e-12
1.0,0.0,1.0,7.699933572691275e-12
1.0,0.0,1.0,3.9363784963389775e-17
1.0,0.0,1.0,9.614894600981638e-15
1.0,0.0,1.0,5.404234020609934e-24
1.0,0.0,1.0,1.1713651153644894e-13
1.0,0.0,1.0,4.095507787071906e-12
1.0,0.0,1.0,2.621022565651998e-10
1.0,0.0,1.0,8.079991753798255e-13
1.0,0.0,1.0,5.506710065646801e-22
1.0,0.0,1.0,3.597303288582765e-10
1.0,0.0,1.0,8.126342775218132e-17
1.0,0.0,1.0,1.4617690738405464e-13
1.0,0.0,1.0,6.898240557603758e-16
1.0,0.0,1.0,2.0207637229377261e-16
1.0,0.0,1.0,5.490185129436442e-13
1.0,0.0,1.0,0.0
1.0,0.0,1.0,4.4261699882509886e-13
1.0,0.0,1.0,4.972153331422868e-12
1.0,0.0,1.0,8.459587061892745e-14
1.0,0.0,1.0,2.4990060688446906e-16
1.0,0.0,1.0,7.404752267077541e-13
1.0,0.0,1.0,6.3738506823245345e-37
1.0,0.0,1.0,7.941999835558988e-10
1.0,0.0,1.0,8.763544750311656e-16
1.0,0.0,1.0,2.0152284072125755e-24
1.0,0.0,1.0,1.604276045341635e-09
1.0,0.0,1.0,1.4721985312277823e-15
1.0,0.0,1.0,9.182078684975481e-17
1.0,0.0,1.0,0.0
1.0,0.0,1.0,1.5860929106562005e-14
1.0,0.0,1.0,7.929969614989263e-13
1.0,0.0,1.0,3.3060405321428668e-15
1.0,0.0,1.0,4.784167108155303e-14
1.0,0.0,1.0,4.010304033297274e-10
1.0,0.0,1.0,9.582270279985192e-15
1.0,0.0,1.0,4.123671112913398e-16
1.0,0.0,1.0,3.30008427269074e-13
1.0,0.0,1.0,1.1933660168991084e-13
1.0,0.0,1.0,1.4795716544214299e-18
1.0,0.0,1.0,3.9154199630783704e-13
1.0,0.0,1.0,5.805915288230779e-22
1.0,0.0,1.0,8.131657239923706e-14
1.0,0.0,1.0,3.1032433567279583e-12
1.0,0.0,1.0,3.852539964019179e-14
1.0,0.0,1.0,4.706890801599306e-13
1.0,0.0,1.0,5.773722819291116e-11
1.0,0.0,1.0,1.255128847263507e-14
1.0,0.0,1.0,6.2171886562600864e-12
1.0,0.0,1.0,7.536672674834932e-12
1.0,0.0,1.0,7.854377738480967e-12
1.0,0.0,1.0,4.163425704320272e-15
1.0,0.0,1.0,3.902534897884738e-14
1.0,0.0,1.0,1.6466786362744588e-15
1.0,0.0,1.0,2.156306209977199e-11
1.0,0.0,1.0,3.056166363274264e-14
1.0,0.0,1.0,1.2416973611156009e-17
1.0,0.0,1.0,0.0
1.0,0.0,1.0,2.208934261633405e-13
1.0,0.0,1.0,1.5842062294694863e-14
1.0,0.0,1.0,6.253123019384077e-10
1.0,0.0,1.0,7.084237912736497e-19
1.0,0.0,1.0,6.934174342204246e-16
1.0,0.0,1.0,7.871822768276693e-15
1.0,0.0,1.0,2.5084556827537074e-13
1.0,0.0,1.0,8.30645920293196e-18
1.0,0.0,1.0,1.4805246872223732e-12
1.0,0.0,1.0,6.706460783991258e-17
1.0,0.0,1.0,2.800886605980324e-11
1.0,0.0,1.0,3.610893322628789e-14
1.0,0.0,1.0,1.5785412907365348e-11
1.0,0.0,1.0,1.119304388758069e-11
1.0,0.0,1.0,9.463125270371686e-14
1.0,0.0,1.0,8.363805253843587e-14
1.0,0.0,1.0,1.888660235149775e-12
1.0,0.0,1.0,5.2356942132201575e-21
1.0,0.0,1.0,6.451067235957453e-09
1.0,0.0,1.0,2.0739027086370126e-13
1.0,0.0,1.0,1.1593066784332251e-10
1.0,0.0,1.0,4.4815363225980676e-11
1.0,0.0,1.0,2.5685972581757435e-14
1.0,0.0,1.0,1.8302039944066272e-15
1.0,0.0,1.0,3.5761178089968593e-13
1.0,0.0,1.0,2.000998921680014e-13
1.0,0.0,1.0,2.2017899656279205e-11
1.0,0.0,1.0,6.430741356089342e-11
1.0,0.0,1.0,1.0517101772800075e-10
1.0,0.0,1.0,5.679763083465961e-12
1.0,0.0,1.0,1.259935505129291e-14
1.0,0.0,1.0,1.9842487375409945e-10
1.0,0.0,1.0,1.6243148319439182e-12
1.0,0.0,1.0,4.246275098034047e-13
1.0,0.0,1.0,2.898514206428615e-10
1.0,0.0,1.0,1.2069074309829092e-14
1.0,0.0,1.0,7.219491830282177e-21
1.0,0.0,1.0,2.0677362599919036e-10
1.0,0.0,1.0,3.551833133164095e-11
1.0,0.0,1.0,2.293160453192833e-12
1.0,0.0,1.0,3.426632892364334e-13
1.0,0.0,1.0,5.428162617334093e-23
1.0,0.0,1.0,1.625227591395273e-10
1.0,0.0,1.0,1.5997436266325212e-18
1.0,0.0,1.0,1.0888335453531836e-13
1.0,0.0,1.0,2.5792182360651007e-16
1.0,0.0,1.0,2.3397631488536463e-12
1.0,0.0,1.0,2.640642323130816e-14
1.0,0.0,1.0,5.440503191185553e-13
1.0,0.0,1.0,8.572389326166885e-11
1.0,0.0,1.0,3.0633113823341773e-09
1.0,0.0,1.0,1.1803598029547224e-11
1.0,0.0,1.0,1.2424283505490814e-15
1.0,0.0,1.0,4.4506355523742103e-13
1.0,0.0,1.0,6.1973430831585574e-09
1.0,0.0,1.0,1.087513054869732e-14
1.0,0.0,1.0,6.608916866832147e-16
1.0,0.0,1.0,3.20653364971335e-10
1.0,0.0,1.0,2.608560340389837e-13
1.0,0.0,1.0,3.615853632271205e-15
1.0,0.0,1.0,1.4412305302201323e-16
1.0,0.0,1.0,1.6227541229166254e-12
1.0,0.0,1.0,1.5982097169666733e-14
1.0,0.0,1.0,4.84610462869739e-10
1.0,0.0,1.0,1.1237622811466341e-11
1.0,0.0,1.0,3.3293311683946225e-13
1.0,0.0,1.0,6.709209061797963e-14
1.0,0.0,1.0,9.475551582521086e-14
1.0,0.0,1.0,4.2833092628313807e-10
1.0,0.0,1.0,1.2525495737056026e-16
1.0,0.0,1.0,7.519292399013958e-14
1.0,0.0,1.0,1.1204141202191586e-20
1.0,0.0,1.0,1.0651195789750491e-16
1.0,0.0,1.0,2.434168422382754e-10
1.0,0.0,1.0,1.3117339991179145e-17
1.0,0.0,1.0,1.4829546553414563e-13
1.0,0.0,1.0,3.1022077268128e-12
1.0,0.0,1.0,6.655823433868722e-16
1.0,0.0,1.0,1.138876455164875e-13
1.0,0.0,1.0,2.7688544816314997e-13
1.0,0.0,1.0,4.0001127545952544e-14
1.0,0.0,1.0,4.7435860984655284e-15
1.0,0.0,1.0,0.0
1.0,0.0,1.0,2.86430255869944e-14
1.0,0.0,1.0,1.913745378304106e-17
1.0,0.0,1.0,1.1143968386972958e-10
1.0,0.0,1.0,3.2277720535441035e-13
1.0,0.0,1.0,1.0588571686120929e-11
1.0,0.0,1.0,0.0
1.0,0.0,1.0,1.7948388865511025e-15
1.0,0.0,1.0,5.547291828160114e-16
1.0,0.0,1.0,1.5209206710351496e-14
1.0,0.0,1.0,0.0
1.0,0.0,1.0,5.2515700121880116e-12
1.0,0.0,1.0,2.3122457860078396e-14
1.0,0.0,1.0,5.553479700301338e-14
1.0,0.0,1.0,2.9096924210314125e-21
1.0,0.0,1.0,0.0
1.0,0.0,1.0,1.9388604610703908e-10
1.0,0.0,1.0,2.0630001179577917e-11
1.0,0.0,1.0,0.0
1.0,0.0,1.0,1.1626781351928295e-12
1.0,0.0,1.0,3.1590429192896244e-14
1.0,0.0,1.0,7.977258888452066e-16
1.0,0.0,1.0,7.745082075411979e-15
1.0,0.0,1.0,1.917178776844608e-10
1.0,0.0,1.0,8.117032436819049e-13
1.0,0.0,1.0,0.0
1.0,0.0,1.0,5.2822524661071645e-15
1.0,0.0,0.9999999403953552,3.002591242307062e-08
1.0,0.0,1.0,1.1300847952734616e-13
1.0,0.0,1.0,2.11430352392572e-12
1.0,0.0,1.0,1.138175599775526e-12
1.0,0.0,1.0,1.3444452528262735e-13
1.0,0.0,1.0,4.483377484424779e-17
1.0,0.0,1.0,6.556991142539145e-14
1.0,0.0,1.0,2.5744545926499607e-13
1.0,0.0,1.0,4.775795796834294e-15
1.0,0.0,1.0,1.5587496571267678e-11
1.0,0.0,1.0,2.9284033531418174e-11
1.0,0.0,1.0,7.542873288045749e-15
1.0,0.0,1.0,4.394878124619472e-12
1.0,0.0,1.0,1.1842400722786875e-16
1.0,0.0,1.0,1.6610220143764565e-11
1.0,0.0,1.0,5.1234681780346417e-14
1.0,0.0,1.0,4.1329764240377447e-32
1.0,0.0,1.0,6.527732998237723e-13
1.0,0.0,1.0,1.1169907331704237e-14
1.0,0.0,1.0,1.2600563767308642e-13
1.0,0.0,1.0,5.162822514610203e-15
1.0,0.0,1.0,2.3588775247343485e-13
1.0,0.0,1.0,2.8332769463901286e-10
1.0,0.0,1.0,3.593740539528656e-12
1.0,0.0,1.0,1.0633945963779657e-15
1.0,0.0,1.0,2.0241017195665734e-11
1.0,0.0,1.0,2.277310826893919e-13
1.0,0.0,1.0,1.5677631176776174e-15
1.0,0.0,1.0,1.815825376345892e-12
1.0,0.0,1.0,7.18761747169061e-13
1.0,0.0,1.0,4.831816777196504e-14
1.0,0.0,1.0,5.29269701762152e-16
1.0,0.0,1.0,3.572931977055636e-33
1.0,0.0,1.0,7.730871498523584e-11
1.0,0.0,1.0,8.751740998569346e-11
1.0,0.0,1.0,2.158106809577176e-12
1.0,0.0,1.0,5.200785535906367e-26
1.0,0.0,1.0,4.886440322602334e-15
1.0,0.0,1.0,9.005752233392247e-17
1.0,0.0,1.0,2.619855721253117e-12
1.0,0.0,1.0,3.6863246830054486e-12
1.0,0.0,1.0,9.058901632302829e-13
1.0,0.0,1.0,2.2406040423838523e-34
1.0,0.0,1.0,1.4962457542486846e-13
1.0,0.0,1.0,1.5184244486765586e-11
1.0,0.0,1.0,2.417177569213891e-12
1.0,0.0,1.0,6.306741153622175e-12
1.0,0.0,1.0,2.066510018661205e-10
1.0,0.0,1.0,1.303647328976254e-10
1.0,0.0,1.0,7.206039150803312e-13
1.0,0.0,1.0,3.598155593522375e-17
1.0,0.0,1.0,4.660529340921871e-12
1.0,0.0,1.0,3.9129628358215953e-25
1.0,0.0,1.0,1.2722781249641098e-18
1.0,0.0,1.0,1.2129722715885447e-14
1.0,0.0,1.0,4.839507074027921e-15
1.0,0.0,1.0,1.986789205377093e-11
1.0,0.0,1.0,9.02274424370976e-16
1.0,0.0,1.0,2.1997346378520673e-17
1.0,0.0,1.0,1.4575976737445442e-14
1.0,0.0,1.0,1.7308024588200133e-13
1.0,0.0,1.0,1.562272988926694e-12
1.0,0.0,1.0,2.828678968152149e-16
1.0,0.0,1.0,4.7367776367934766e-11
1.0,0.0,1.0,4.670477980056598e-12
1.0,0.0,1.0,3.7329571400158967e-13
1.0,0.0,1.0,2.6379251301097857e-17
1.0,0.0,1.0,1.2257415156197218e-20
1.0,0.0,0.9999615550041199,4.801785689778626e-05
1.0,0.0,1.0,2.776802121573496e-10
1.0,0.0,1.0,1.2442448980853893e-11
1.0,0.0,1.0,1.5554676932943924e-15
1.0,0.0,1.0,1.5649386354930211e-13
1.0,0.0,1.0,3.2208206261764196e-22
1.0,0.0,1.0,3.4967704730035076e-13
1.0,0.0,1.0,1.6260799808433604e-14
1.0,0.0,1.0,2.2645582631319883e-10
1.0,0.0,1.0,2.672002723247413e-11
1.0,0.0,1.0,4.099390604750397e-09
1.0,0.0,1.0,9.298430216986633e-14
1.0,0.0,1.0,1.936266326039906e-14
1.0,0.0,1.0,3.338017245476132e-20
1.0,0.0,1.0,1.742116244015171e-13
1.0,0.0,1.0,2.0076957674489138e-14
1.0,0.0,1.0,9.2438685473376e-16
1.0,0.0,1.0,7.5620611253999e-15
1.0,0.0,1.0,1.3269103155653938e-13
1.0,0.0,1.0,2.2924984767745816e-17
1.0,0.0,1.0,2.7389489981599624e-11
1.0,0.0,1.0,2.5621666687434836e-15
1.0,0.0,1.0,7.876378450280205e-14
1.0,0.0,1.0,1.5451992463333397e-10
1.0,0.0,1.0,2.4374193635656738e-11
1.0,0.0,1.0,2.8699241469637773e-14
1.0,0.0,1.0,4.5127255746254744e-14
1.0,0.0,1.0,3.376180411629459e-12
1.0,0.0,1.0,6.779226072588757e-25
1.0,0.0,1.0,2.7302436282253912e-15
1.0,0.0,1.0,2.2303072068222476e-15
1.0,0.0,1.0,1.074027528019791e-14
1.0,0.0,1.0,1.6947830942456998e-13
1.0,0.0,1.0,2.9227090040696846e-13
1.0,0.0,1.0,2.5108656947765533e-15
1.0,0.0,1.0,3.4684975974263316e-14
1.0,0.0,1.0,2.2205054635293653e-12
1.0,0.0,1.0,3.116022717630784e-10
1.0,0.0,1.0,1.2515376605012093e-15
1.0,0.0,1.0,1.1720921542363039e-12
1.0,0.0,1.0,1.0317617593624817e-10
1.0,0.0,1.0,1.2472716002381867e-12
1.0,0.0,1.0,3.071455579022747e-13
1.0,0.0,1.0,1.9595637131442512e-15
1.0,0.0,1.0,2.1470311639681938e-11
1.0,0.0,1.0,2.275436349757909e-12
1.0,0.0,1.0,2.8726942699619507e-11
1.0,0.0,1.0,1.5987782929147154e-12
1.0,0.0,1.0,1.5620884141753777e-08
1.0,0.0,1.0,1.1058230061015257e-15
1.0,0.0,1.0,3.328433584521076e-14
1.0,0.0,1.0,1.1056843679838838e-14
1.0,0.0,1.0,2.2519411682631052e-11
1.0,0.0,1.0,2.5706986886420147e-11
1.0,0.0,1.0,3.570300224356106e-19
1.0,0.0,1.0,1.6274514965915546e-14
1.0,0.0,1.0,6.312965778522981e-15
1.0,0.0,0.9999958872795105,4.283017915440723e-06
1.0,0.0,1.0,3.171264899987092e-12
1.0,0.0,1.0,2.451913726306959e-13
1.0,0.0,1.0,6.761839699276351e-11
1.0,0.0,1.0,2.5928060696719935e-13
1.0,0.0,0.9999997615814209,3.620086772571085e-07
1.0,0.0,1.0,7.857613865125401e-12
1.0,0.0,1.0,1.6008125300995775e-17
0.0,1.0,2.1689447113337756e-11,1.0
0.0,1.0,2.169863420886653e-11,1.0
0.0,1.0,0.0,1.0
0.0,1.0,2.2109978778384054e-11,1.0
0.0,1.0,2.1714862546984293e-11,1.0
0.0,1.0,2.165117390928728e-11,1.0
0.0,1.0,0.0,1.0
0.0,1.0,0.0,1.0
0.0,1.0,2.1690026510978733e-11,1.0
0.0,1.0,2.1668482980130577e-11,1.0
0.0,1.0,2.1695902019391866e-11,1.0
0.0,1.0,2.1638375119481523e-11,1.0
0.0,1.0,2.1656914109269287e-11,1.0
0.0,1.0,0.0,1.0
0.0,1.0,2.1436349223469264e-11,1.0
0.0,1.0,2.1662491245244553e-11,1.0
0.0,1.0,2.1661955215690476e-11,1.0
0.0,1.0,2.2396218560261083e-11,1.0
0.0,1.0,0.0,1.0
0.0,1.0,2.1676379441393223e-11,1.0
0.0,1.0,2.172182225756991e-11,1.0
0.0,1.0,2.1692717067089973e-11,1.0
0.0,1.0,2.167522064611127e-11,1.0
0.0,1.0,2.181619988828043e-11,1.0
0.0,1.0,2.1690522641892862e-11,1.0
0.0,1.0,2.1737738345462e-11,1.0
0.0,1.0,2.1881753353714117e-11,1.0
0.0,1.0,2.1674478184463553e-11,1.0
0.0,1.0,2.164035617369109e-11,1.0
0.0,1.0,2.1676875572307353e-11,1.0
0.0,1.0,2.1628306784426954e-11,1.0
0.0,1.0,2.187707827394636e-11,1.0
0.0,1.0,2.1678487130416535e-11,1.0
0.0,1.0,2.167968755906191e-11,1.0
0.0,1.0,2.170782303911878e-11,1.0
0.0,1.0,0.0,1.0
0.0,1.0,2.181807165491101e-11,1.0
0.0,1.0,2.178784062889516e-11,1.0
0.0,1.0,2.1629009347434724e-11,1.0
0.0,1.0,1.1096457689104129e-25,1.0
0.0,1.0,2.166654182456096e-11,1.0
0.0,1.0,2.1662491245244553e-11,1.0
0.0,1.0,0.0,1.0
0.0,1.0,2.1678115899592676e-11,1.0
0.0,1.0,2.172509568076908e-11,1.0
0.0,1.0,2.165274383403304e-11,1.0
0.0,1.0,2.167613137593616e-11,1.0
0.0,1.0,2.1744704994941522e-11,1.0
0.0,1.0,2.1895029192475768e-11,1.0
0.0,1.0,2.1786510095989087e-11,1.0
0.0,1.0,2.2725488157959717e-11,1.0
0.0,1.0,2.192570257297799e-11,1.0
0.0,1.0,2.16956539539348e-11,1.0
0.0,1.0,2.171726513899852e-11,1.0
0.0,1.0,2.1649067954987444e-11,1.0
0.0,1.0,2.16554690846138e-11,1.0
0.0,1.0,2.1669104011134976e-11,1.0
0.0,1.0,2.1629462110261954e-11,1.0
0.0,1.0,2.2017899656279205e-11,1.0
0.0,1.0,0.0,1.0
0.0,1.0,2.165084257710337e-11,1.0
0.0,1.0,2.1651009110557062e-11,1.0
0.0,1.0,2.1697475413584577e-11,1.0
0.0,1.0,2.167282325826747e-11,1.0
0.0,1.0,1.228243601870522e-31,1.0
0.0,1.0,2.16590217982926e-11,1.0
0.0,1.0,2.1709894298949095e-11,1.0
0.0,1.0,2.1965887442298992e-11,1.0
0.0,1.0,2.1651009110557062e-11,1.0
0.0,1.0,2.1718259135550255e-11,1.0
0.0,1.0,2.2134367255732812e-11,1.0
0.0,1.0,2.1791205992438556e-11,1.0
0.0,1.0,2.167174946443584e-11,1.0
0.0,1.0,2.1819154122360018e-11,1.0
0.0,1.0,2.163268002230989e-11,1.0
0.0,1.0,2.1696854382580177e-11,1.0
0.0,1.0,2.1668276548036935e-11,1.0
0.0,1.0,2.1670963634701224e-11,1.0
0.0,1.0,2.1642751826811413e-11,1.0
0.0,1.0,2.1697971544498706e-11,1.0
0.0,1.0,2.1723895252123704e-11,1.0
0.0,1.0,2.1683987938558857e-11,1.0
0.0,1.0,2.1729862700881064e-11,1.0
0.0,1.0,2.165885699956238e-11,1.0
0.0,1.0,2.165910333029597e-11,1.0
0.0,1.0,2.1672203961986547e-11,1.0
0.0,1.0,2.168452570283641e-11,1.0
0.0,1.0,2.1836015634546513e-11,1.0
0.0,1.0,2.164258529335772e-11,1.0
0.0,1.0,1.258634579850297e-28,1.0
0.0,1.0,2.21760335789023e-11,1.0
0.0,1.0,2.1636558864002176e-11,1.0
0.0,1.0,2.1849471884549665e-11,1.0
0.0,1.0,2.1667573985029165e-11,1.0
0.0,1.0,2.168328364082761e-11,1.0
0.0,1.0,2.1737986410919063e-11,1.0
0.0,1.0,2.1706249644926068e-11,1.0
0.0,1.0,2.17649544220766e-11,1.0
0.0,1.0,2.171357885161207e-11,1.0
0.0,1.0,2.1695239355024043e-11,1.0
0.0,1.0,2.162014144102553e-11,1.0
0.0,1.0,2.1687504223044662e-11,1.0
0.0,1.0,2.1685807663485157e-11,1.0
0.0,1.0,2.1719669465736224e-11,1.0
0.0,1.0,2.1737407013278087e-11,1.0
0.0,1.0,2.1683739873101793e-11,1.0
0.0,1.0,2.165038981427614e-11,1.0
0.0,1.0,2.20126937511278e-11,1.0
0.0,1.0,2.165096747719364e-11,1.0
0.0,1.0,2.1683243742187663e-11,1.0
0.0,1.0,2.1825730459057446e-11,1.0
0.0,1.0,0.0,1.0
0.0,1.0,2.169643978366942e-11,1.0
0.0,1.0,2.170277325908021e-11,1.0
0.0,1.0,2.1685890930212004e-11,1.0
0.0,1.0,2.1649232753717662e-11,1.0
0.0,1.0,2.176732058489783e-11,1.0
0.0,1.0,2.1713537218248646e-11,1.0
0.0,1.0,2.1657616672277058e-11,1.0
0.0,1.0,2.1833642532831377e-11,1.0
0.0,1.0,2.1749475484500458e-11,1.0
0.0,1.0,2.167968755906191e-11,1.0
0.0,1.0,2.1670096272963235e-11,1.0
0.0,1.0,2.1663814839256723e-11,1.0
0.0,1.0,2.1690151411069003e-11,1.0
0.0,1.0,2.163882961703223e-11,1.0
0.0,1.0,2.1700868532703588e-11,1.0
0.0,1.0,2.16554690846138e-11,1.0
0.0,1.0,2.1665714361462918e-11,1.0
0.0,1.0,2.167670903885366e-11,1.0
0.0,1.0,2.166327707497917e-11,1.0
0.0,1.0,2.1693213198004102e-11,1.0
0.0,1.0,2.1838265570894855e-11,1.0
0.0,1.0,2.164444318220049e-11,1.0
0.0,1.0,2.1709604600128607e-11,1.0
0.0,1.0,2.1657203808089776e-11,1.0
0.0,1.0,2.166873104558764e-11,1.0
0.0,1.0,2.1699709737421635e-11,1.0
0.0,1.0,2.1651421974744345e-11,1.0
0.0,1.0,2.164919112035424e-11,1.0
0.0,1.0,3.547398486070108e-11,1.0
0.0,1.0,2.1683656606374946e-11,1.0
0.0,1.0,2.1700455668516305e-11,1.0
0.0,1.0,2.1756818568974268e-11,1.0
0.0,1.0,2.1696812749216754e-11,1.0
0.0,1.0,2.1688744550329986e-11,1.0
0.0,1.0,3.179981433731882e-08,1.0
0.0,1.0,2.166067325504173e-11,1.0
0.0,1.0,2.8887898224638775e-06,0.9999979138374329
0.0,1.0,2.2074961650297986e-11,1.0
0.0,1.0,2.1695280988387466e-11,1.0
0.0,1.0,2.168779392186515e-11,1.0
0.0,1.0,2.1706664243836826e-11,1.0
0.0,1.0,2.16584441353751e-11,1.0
0.0,1.0,2.1698882274323594e-11,1.0
0.0,1.0,2.1967688085267056e-11,1.0
0.0,1.0,3.9981469321426436e-36,1.0
0.0,1.0,2.1709562966765183e-11,1.0
0.0,1.0,0.0,1.0
0.0,1.0,2.179602852370177e-11,1.0
0.0,1.0,2.1961278282023322e-11,1.0
0.0,1.0,2.1770807379084545e-11,1.0
0.0,1.0,0.0,1.0
0.0,1.0,2.13416211786166e-11,1.0
0.0,1.0,2.2269580277067824e-11,1.0
0.0,1.0,2.1843931177767395e-11,1.0
0.0,1.0,5.636302304999209e-24,1.0
0.0,1.0,2.1650431447639562e-11,1.0
0.0,1.0,1.934873481566484e-30,1.0
0.0,1.0,2.1654724888242605e-11,1.0
0.0,1.0,2.1763542357167154e-11,1.0
0.0,1.0,2.1703104591264122e-11,1.0
0.0,1.0,2.1775666339540756e-11,1.0
0.0,1.0,2.1853515524972167e-11,1.0
0.0,1.0,2.561640298577467e-29,1.0
0.0,1.0,2.2146276132395393e-11,1.0
0.0,1.0,2.2186863457562822e-11,1.0
0.0,1.0,0.0,1.0
0.0,1.0,5.018686461086257e-35,1.0
0.0,1.0,2.1652948531403204e-11,1.0
0.0,1.0,0.0,1.0
0.0,1.0,0.0,1.0
0.0,1.0,0.0,1.0
0.0,1.0,0.0,1.0
0.0,1.0,2.1681340750534517e-11,1.0
0.0,1.0,2.1704263386546074e-11,1.0
0.0,1.0,2.166711948747846e-11,1.0
0.0,1.0,1.9598371536755366e-11,1.0
0.0,1.0,2.1771140445991932e-11,1.0
0.0,1.0,1.6217900579085908e-18,1.0
0.0,1.0,2.1711136360957894e-11,1.0
0.0,1.0,0.0,1.0
0.0,1.0,0.0,1.0
0.0,1.0,2.1767943350625707e-11,1.0
0.0,1.0,0.0,1.0
0.0,1.0,2.174412386257707e-11,1.0
0.0,1.0,2.1642172429170436e-11,1.0
0.0,1.0,2.164811732652261e-11,1.0
0.0,1.0,3.7564793367532706e-31,1.0
0.0,1.0,0.0,1.0
0.0,1.0,4.6331059469173155e-35,1.0
0.0,1.0,2.1708735503667143e-11,1.0
0.0,1.0,2.166307064288553e-11,1.0
0.0,1.0,2.192653870969341e-11,1.0
0.0,1.0,2.2189656362359145e-11,1.0
0.0,1.0,2.1631979194025597e-11,1.0
0.0,1.0,1.6959115608070323e-32,1.0
0.0,1.0,2.1610040146224918e-11,1.0
0.0,1.0,2.1609998512861495e-11,1.0
0.0,1.0,7.075863563985167e-35,1.0
0.0,1.0,2.1612224163081173e-11,1.0
0.0,1.0,2.1598708932479838e-11,1.0
0.0,1.0,2.1611606601523725e-11,1.0
0.0,1.0,2.1583923884294087e-11,1.0
0.0,1.0,2.159145952307373e-11,1.0
0.0,1.0,2.1635528438257445e-11,1.0
0.0,1.0,2.164588820685598e-11,1.0
0.0,1.0,2.159862566575299e-11,1.0
0.0,1.0,2.2317757017442652e-11,1.0
0.0,1.0,2.163622926654174e-11,1.0
0.0,1.0,0.0,1.0
0.0,1.0,2.1646177905676467e-11,1.0
0.0,1.0,2.162088390267325e-11,1.0
0.0,1.0,2.164019137496087e-11,1.0
0.0,1.0,2.159318904237928e-11,1.0
0.0,1.0,2.158034341503967e-11,1.0
0.0,1.0,2.1574334332918887e-11,1.0
0.0,1.0,2.1716354409173633e-11,1.0
0.0,1.0,2.1597472074641466e-11,1.0
0.0,1.0,2.1603404828929307e-11,1.0
0.0,1.0,2.1632185626119238e-11,1.0
0.0,1.0,2.1598708932479838e-11,1.0
0.0,1.0,2.161576993786607e-11,1.0
0.0,1.0,2.1603982491846807e-11,1.0
0.0,1.0,2.1790125259713022e-11,1.0
0.0,1.0,2.1608432057562688e-11,1.0
0.0,1.0,2.179078965880432e-11,1.0
0.0,1.0,2.1812204820115255e-11,1.0
0.0,1.0,2.1661334184686076e-11,1.0
0.0,1.0,2.1688206786052433e-11,1.0
0.0,1.0,2.1778490469359646e-11,1.0
0.0,1.0,2.140693178276365e-11,1.0
0.0,1.0,2.162269842342912e-11,1.0
0.0,1.0,2.13602729254303e-11,1.0
0.0,1.0,2.166745081966237e-11,1.0
0.0,1.0,2.1592859444918844e-11,1.0
0.0,1.0,2.1601427244166693e-11,1.0
0.0,1.0,2.2110948488807125e-11,1.0
0.0,1.0,2.157560935467373e-11,1.0
0.0,1.0,2.16661272256502e-11,1.0
0.0,1.0,3.643059742463899e-30,1.0
0.0,1.0,2.1587875584372362e-11,1.0
0.0,1.0,9.129395965352285e-20,1.0
0.0,1.0,2.1586106166426866e-11,1.0
0.0,1.0,2.159706094517766e-11,1.0
0.0,1.0,2.1611894565620737e-11,1.0
0.0,1.0,2.1660343657581294e-11,1.0
0.0,1.0,2.161172976689052e-11,1.0
0.0,1.0,2.1641678032979783e-11,1.0
0.0,1.0,2.1687131257497327e-11,1.0
0.0,1.0,2.165468325487918e-11,1.0
0.0,1.0,2.1594259366763957e-11,1.0
0.0,1.0,2.162030623975575e-11,1.0
0.0,1.0,2.1635486804894022e-11,1.0
0.0,1.0,2.160093284797604e-11,1.0
0.0,1.0,2.1609833714131277e-11,1.0
0.0,1.0,2.1610864139876007e-11,1.0
0.0,1.0,2.161898611519053e-11,1.0
0.0,1.0,2.1592529847458408e-11,1.0
0.0,1.0,2.160859859101638e-11,1.0
0.0,1.0,2.1599737623501092e-11,1.0
0.0,1.0,2.1861686072544018e-11,1.0
0.0,1.0,2.164774609569875e-11,1.0
0.0,1.0,2.1643246223002066e-11,1.0
0.0,1.0,2.1604683320131102e-11,1.0
0.0,1.0,2.1632721655673315e-11,1.0
0.0,1.0,2.1599284860673862e-11,1.0
0.0,1.0,2.1582976725276204e-11,1.0
0.0,1.0,2.15910067602465e-11,1.0
0.0,1.0,2.1594177834760586e-11,1.0
0.0,1.0,2.159475376295461e-11,1.0
0.0,1.0,2.1612595393905032e-11,1.0
0.0,1.0,2.1612224163081173e-11,1.0
0.0,1.0,2.1573305641897633e-11,1.0
0.0,1.0,2.1595536123242276e-11,1.0
0.0,1.0,2.1656790943902493e-11,1.0
0.0,1.0,2.1598049737558966e-11,1.0
0.0,1.0,2.1608556957652958e-11,1.0
0.0,1.0,2.1599862523591362e-11,1.0
0.0,1.0,2.1573839936728234e-11,1.0
0.0,1.0,2.1603404828929307e-11,1.0
0.0,1.0,2.1602416036548e-11,1.0
0.0,1.0,2.1616841996974223e-11,1.0
0.0,1.0,2.3588122774476084e-11,1.0
0.0,1.0,4.357112934338936e-11,1.0
0.0,1.0,2.2280328623724976e-11,1.0
0.0,1.0,2.1604064023850178e-11,1.0
0.0,1.0,2.1604312089307243e-11,1.0
0.0,1.0,2.2306692951112872e-11,1.0
0.0,1.0,2.1589688370404758e-11,1.0
0.0,1.0,2.157993055085239e-11,1.0
0.0,1.0,2.3026372475420942e-11,1.0
0.0,1.0,2.1597472074641466e-11,1.0
0.0,1.0,2.1606825703623933e-11,1.0
0.0,1.0,2.149612605972795e-11,1.0
0.0,1.0,2.1605630479148985e-11,1.0
0.0,1.0,2.1609752182127906e-11,1.0
0.0,1.0,2.1628884447344454e-11,1.0
0.0,1.0,2.160826725883247e-11,1.0
0.0,1.0,2.159191228590096e-11,1.0
0.0,1.0,2.1638210320751305e-11,1.0
0.0,1.0,0.0,1.0
0.0,1.0,2.160670253825714e-11,1.0
0.0,1.0,2.125277662461556e-15,1.0
0.0,1.0,2.163738459237674e-11,1.0
0.0,1.0,2.160027365305517e-11,1.0
0.0,1.0,2.1591129925613295e-11,1.0
0.0,1.0,2.1595001828411675e-11,1.0
0.0,1.0,2.160966891540106e-11,1.0
0.0,1.0,2.161840845227303e-11,1.0
0.0,1.0,0.0,1.0
0.0,1.0,2.1599326494037285e-11,1.0
0.0,1.0,2.1599904156954786e-11,1.0
0.0,1.0,1.0,5.036812868254432e-19
0.0,1.0,2.1620222973028902e-11,1.0
0.0,1.0,2.1602004907084194e-11,1.0
0.0,1.0,0.0,1.0
0.0,1.0,0.0,1.0
0.0,1.0,2.163202082738902e-11,1.0
0.0,1.0,2.1599038529940273e-11,1.0
0.0,1.0,2.1609257785937253e-11,1.0
0.0,1.0,2.16412651687925e-11,1.0
0.0,1.0,2.1639943309503806e-11,1.0
0.0,1.0,2.1896531463005964e-11,1.0
0.0,1.0,2.1768191416082772e-11,1.0
0.0,1.0,2.161890458318716e-11,1.0
0.0,1.0,8.26326543289064e-31,1.0
0.0,1.0,2.1789211060441183e-11,1.0
0.0,1.0,2.166935207659204e-11,1.0
0.0,1.0,2.161370908637661e-11,1.0
0.0,1.0,2.1582317530355333e-11,1.0
0.0,1.0,2.1546205791755924e-11,1.0
0.0,1.0,2.163977851077359e-11,1.0
0.0,1.0,2.160492965086469e-11,1.0
0.0,1.0,2.1614533080027698e-11,1.0
0.0,1.0,2.159467223095124e-11,1.0
0.0,1.0,2.213031494169293e-11,1.0
0.0,1.0,2.159533142587211e-11,1.0
0.0,1.0,2.1835224600641467e-11,1.0
0.0,1.0,2.1616841996974223e-11,1.0
0.0,1.0,2.1687833820505098e-11,1.0
0.0,1.0,2.1761632426620103e-11,1.0
0.0,1.0,2.1592241883361396e-11,1.0
0.0,1.0,2.1604764852134473e-11,1.0
0.0,1.0,2.162071910394303e-11,1.0
0.0,1.0,0.0,1.0
0.0,1.0,2.1756445603426933e-11,1.0
0.0,1.0,2.1633011354493803e-11,1.0
0.0,1.0,2.1621378298863903e-11,1.0
0.0,1.0,2.1602416036548e-11,1.0
0.0,1.0,2.1600192121051798e-11,1.0
0.0,1.0,2.1600192121051798e-11,1.0
0.0,1.0,2.159467223095124e-11,1.0
0.0,1.0,2.160859859101638e-11,1.0
0.0,1.0,2.1671707831072418e-11,1.0
0.0,1.0,2.176196549352749e-11,1.0
0.0,1.0,2.1669764940779324e-11,1.0
0.0,1.0,2.1573758404724863e-11,1.0
0.0,1.0,2.1616182802053352e-11,1.0
0.0,1.0,2.1592694646188626e-11,1.0
0.0,1.0,2.1617667725348788e-11,1.0
0.0,1.0,2.161774925735216e-11,1.0
0.0,1.0,2.163565160362424e-11,1.0
0.0,1.0,5.2134678518722666e-11,1.0
0.0,1.0,2.8722299538763707e-10,1.0
0.0,1.0,2.1729779434154217e-11,1.0
0.0,1.0,3.9413380146709754e-24,1.0
0.0,1.0,2.1679439493604846e-11,1.0
0.0,1.0,0.0,1.0
0.0,1.0,2.1585407072866047e-11,1.0
0.0,1.0,2.1631278365741302e-11,1.0
0.0,1.0,2.1599697724861144e-11,1.0
0.0,1.0,2.1629958241176084e-11,1.0
0.0,1.0,2.1604764852134473e-11,1.0
0.0,1.0,2.1608350525559317e-11,1.0
0.0,1.0,2.1661913582327053e-11,1.0
0.0,1.0,2.159520652578184e-11,1.0
0.0,1.0,2.1648200593249456e-11,1.0
0.0,1.0,2.1607278466451163e-11,1.0
0.0,1.0,2.1601097646706258e-11,1.0
0.0,1.0,2.1634454644425816e-11,1.0
0.0,1.0,0.0,1.0
0.0,1.0,2.159475376295461e-11,1.0
0.0,1.0,2.164279172545136e-11,1.0
0.0,1.0,2.159454733086097e-11,1.0
0.0,1.0,1.4755309198869471e-25,1.0
0.0,1.0,2.1448823619985014e-11,1.0
0.0,1.0,2.1638168687387882e-11,1.0
0.0,1.0,2.1586270965157084e-11,1.0
0.0,1.0,2.1631607963201738e-11,1.0
0.0,1.0,2.1609380951304047e-11,1.0
0.0,1.0,2.1607196934447792e-11,1.0
0.0,1.0,2.1579807385485594e-11,1.0
0.0,1.0,2.222133761720091e-11,1.0
0.0,1.0,2.158824681519622e-11,1.0
0.0,1.0,2.15955777566057e-11,1.0
0.0,1.0,2.1588576412656657e-11,1.0
0.0,1.0,2.1591211457616666e-11,1.0
0.0,1.0,2.178563753008067e-11,1.0
0.0,1.0,2.16255017365663e-11,1.0
0.0,1.0,2.1591046658886448e-11,1.0
0.0,1.0,0.0,1.0
0.0,1.0,2.163181439529538e-11,1.0
0.0,1.0,2.1734588087629625e-11,1.0
0.0,1.0,2.1614245115930686e-11,1.0
0.0,1.0,3.2244077318512336e-16,1.0
0.0,1.0,2.161436828129748e-11,1.0
0.0,1.0,2.16035279942961e-11,1.0
0.0,1.0,2.1595661023332546e-11,1.0
0.0,1.0,2.164151149952609e-11,1.0
0.0,1.0,2.1678612030506805e-11,1.0
0.0,1.0,0.0,1.0
0.0,1.0,2.160699050235415e-11,1.0
0.0,1.0,2.161502747621835e-11,1.0
0.0,1.0,2.1701654362438205e-11,1.0
0.0,1.0,2.1613873885106827e-11,1.0
0.0,1.0,0.0,1.0
0.0,1.0,0.0,1.0
0.0,1.0,2.164316295627522e-11,1.0
0.0,1.0,2.1607526531908228e-11,1.0
0.0,1.0,2.1730606897252258e-11,1.0
0.0,1.0,2.1586435763887302e-11,1.0
0.0,1.0,0.0,1.0
0.0,1.0,2.1665879160193136e-11,1.0
0.0,1.0,2.1596812879720595e-11,1.0
0.0,1.0,2.1589934701138347e-11,1.0
0.0,1.0,2.160633130743328e-11,1.0
0.0,1.0,2.1613667453013186e-11,1.0
0.0,1.0,2.1585941367696648e-11,1.0
0.0,1.0,2.161428674929411e-11,1.0
0.0,1.0,0.0,1.0
0.0,1.0,2.163144316447152e-11,1.0
0.0,1.0,2.1616018003323134e-11,1.0
0.0,1.0,2.162088390267325e-11,1.0
0.0,1.0,2.202134308237902e-11,1.0
0.0,1.0,2.1624636109551787e-11,1.0
0.0,1.0,2.1620800635946402e-11,1.0
0.0,1.0,2.1599284860673862e-11,1.0
0.0,1.0,2.161898611519053e-11,1.0
0.0,1.0,2.161840845227303e-11,1.0
0.0,1.0,2.1632185626119238e-11,1.0
0.0,1.0,2.1611070571969648e-11,1.0
0.0,1.0,2.1616841996974223e-11,1.0
0.0,1.0,2.1601262445436475e-11,1.0
0.0,1.0,2.1611235370699866e-11,1.0
0.0,1.0,2.1632350424849456e-11,1.0
0.0,1.0,2.164894478962065e-11,1.0
0.0,1.0,2.878641214287825e-10,1.0
0.0,1.0,0.0,1.0
0.0,1.0,2.1654312024055322e-11,1.0
0.0,1.0,2.162117186677026e-11,1.0
0.0,1.0,9.967315861558745e-10,1.0
0.0,1.0,2.0066783792353077e-13,1.0
0.0,1.0,2.1664970165091724e-11,1.0
0.0,1.0,2.1612430595174814e-11,1.0
0.0,1.0,2.1625172139105864e-11,1.0
0.0,1.0,2.1587835685732415e-11,1.0
0.0,1.0,2.1583719186923922e-11,1.0
0.0,1.0,2.1585488604869418e-11,1.0
0.0,1.0,2.1592776178191997e-11,1.0
0.0,1.0,2.1634744343246304e-11,1.0
0.0,1.0,2.1606907235627304e-11,1.0
0.0,1.0,2.160027365305517e-11,1.0
0.0,1.0,2.164976878327174e-11,1.0
0.0,1.0,2.159631848352994e-11,1.0
0.0,1.0,2.1599614458134297e-11,1.0
0.0,1.0,2.1621255133497108e-11,1.0
0.0,1.0,2.1601345712163322e-11,1.0
0.0,1.0,2.164724996478462e-11,1.0
0.0,1.0,2.1601675309623758e-11,1.0
0.0,1.0,2.159520652578184e-11,1.0
0.0,1.0,2.1617419659891723e-11,1.0
0.0,1.0,2.1633589017411303e-11,1.0
0.0,1.0,2.1602664102005065e-11,1.0
0.0,1.0,2.3221584451938217e-26,1.0
0.0,1.0,2.1624183346724557e-11,1.0
0.0,1.0,2.1636723662732393e-11,1.0
0.0,1.0,2.1622656790065697e-11,1.0
0.0,1.0,2.1592694646188626e-11,1.0
0.0,1.0,2.1591171558976718e-11,1.0
0.0,1.0,0.0,1.0
0.0,1.0,2.163528037280038e-11,1.0
0.0,1.0,2.15898948024984e-11,1.0
0.0,1.0,2.1609339317940623e-11,1.0
0.0,1.0,2.181324565420084e-11,1.0
0.0,1.0,2.2579108721609842e-11,1.0
0.0,1.0,2.1853723691789284e-11,1.0
0.0,1.0,2.163990341086386e-11,1.0
0.0,1.0,2.1601880006993923e-11,1.0
0.0,1.0,2.1607937661372034e-11,1.0
0.0,1.0,2.1609092987207035e-11,1.0
0.0,1.0,2.160336493028936e-11,1.0
0.0,1.0,2.1642255695897283e-11,1.0
0.0,1.0,0.0,1.0
0.0,1.0,2.1603569627659525e-11,1.0
0.0,1.0,2.205177533631808e-11,1.0
0.0,1.0,2.1623812115900698e-11,1.0
0.0,1.0,2.1593683438569933e-11,1.0
0.0,1.0,2.1607196934447792e-11,1.0
0.0,1.0,7.120741582719086e-32,1.0
0.0,1.0,2.1623357618349992e-11,1.0
0.0,1.0,2.1593600171843086e-11,1.0
0.0,1.0,2.1532484129060947e-11,1.0
0.0,1.0,2.1583471121466857e-11,1.0
0.0,1.0,2.2136055141674937e-11,1.0
0.0,1.0,1.354208889575127e-33,1.0
0.0,1.0,0.0,1.0
0.0,1.0,2.1827520693684654e-11,1.0
0.0,1.0,2.1642998157545e-11,1.0
0.0,1.0,2.1624594476188364e-11,1.0
0.0,1.0,1.810349083864927e-18,1.0
0.0,1.0,2.1603488095656154e-11,1.0
0.0,1.0,2.1577708370079662e-11,1.0
0.0,1.0,2.1617914056082377e-11,1.0
0.0,1.0,2.138921852135045e-11,1.0
0.0,1.0,2.161428674929411e-11,1.0
0.0,1.0,2.170807283929932e-11,1.0
0.0,1.0,0.0,1.0
0.0,1.0,2.1613049891455738e-11,1.0
0.0,1.0,2.165802953646434e-11,1.0
0.0,1.0,2.1595001828411675e-11,1.0
0.0,1.0,2.1740807071291002e-11,1.0
0.0,1.0,2.1659186597022817e-11,1.0
0.0,1.0,2.1596566548987006e-11,1.0
0.0,1.0,2.18005179880576e-11,1.0
0.0,1.0,2.159772014009853e-11,1.0
0.0,1.0,2.1659351395753035e-11,1.0
0.0,1.0,0.0,1.0
0.0,1.0,2.1602704000645012e-11,1.0
0.0,1.0,2.1635528438257445e-11,1.0
0.0,1.0,0.0,1.0
0.0,1.0,2.1607238567811216e-11,1.0
0.0,1.0,2.157112509448833e-11,1.0
0.0,1.0,2.1803345587323442e-11,1.0
0.0,1.0,2.160781449600524e-11,1.0
0.0,1.0,2.160472321877105e-11,1.0
0.0,1.0,2.158511737404556e-11,1.0
0.0,1.0,2.1409136616301616e-11,1.0
0.0,1.0,2.161758445862194e-11,1.0
0.0,1.0,2.162401854799434e-11,1.0
0.0,1.0,2.161082424123606e-11,1.0
0.0,1.0,2.1609092987207035e-11,1.0
0.0,1.0,2.163998494286723e-11,1.0
0.0,1.0,2.162071910394303e-11,1.0
0.0,1.0,2.1636558864002176e-11,1.0
0.0,1.0,2.15667223663063e-11,1.0
0.0,1.0,2.163977851077359e-11,1.0
0.0,1.0,2.1552658963086557e-11,1.0
0.0,1.0,2.160653773952692e-11,1.0
0.0,1.0,2.164630107104326e-11,1.0
0.0,1.0,2.1629874974449237e-11,1.0
0.0,1.0,2.1605342515051973e-11,1.0
0.0,1.0,2.1594837029681457e-11,1.0
0.0,1.0,2.1593888135940098e-11,1.0
0.0,1.0,2.1708735503667143e-11,1.0
0.0,1.0,2.166902074440813e-11,1.0
0.0,1.0,2.1586805259987685e-11,1.0
0.0,1.0,2.1785804063534364e-11,1.0
0.0,1.0,4.848434431714566e-10,1.0
0.0,1.0,2.1784681697445407e-11,1.0
0.0,1.0,2.1580424947043042e-11,1.0
0.0,1.0,2.167402195218937e-11,1.0
0.0,1.0,2.160736173317801e-11,1.0
0.0,1.0,0.0,1.0
0.0,1.0,2.1649355919084456e-11,1.0
0.0,1.0,2.176271142462216e-11,1.0
0.0,1.0,2.160159204289691e-11,1.0
0.0,1.0,2.1625007340375646e-11,1.0
0.0,1.0,2.1604888017501267e-11,1.0
0.0,1.0,2.165067777837315e-11,1.0
0.0,1.0,2.1605259248325126e-11,1.0
0.0,1.0,2.1595371324512058e-11,1.0
0.0,1.0,2.159796647083212e-11,1.0
0.0,1.0,2.1598708932479838e-11,1.0
0.0,1.0,2.1595824087339288e-11,1.0
0.0,1.0,2.1626986659861736e-11,1.0
0.0,1.0,2.1623357618349992e-11,1.0
0.0,1.0,2.160159204289691e-11,1.0
0.0,1.0,2.1596896146447442e-11,1.0
0.0,1.0,3.8539867317306574e-26,1.0
0.0,1.0,2.1704263386546074e-11,1.0
0.0,1.0,2.1619315712650966e-11,1.0
0.0,1.0,2.159944965940408e-11,1.0
0.0,1.0,2.1597390542638095e-11,1.0
0.0,1.0,1.4973134223380397e-13,1.0
0.0,1.0,2.161634760078357e-11,1.0
0.0,1.0,2.1608928188476817e-11,1.0
0.0,1.0,2.1609752182127906e-11,1.0
0.0,1.0,2.1590099499868565e-11,1.0
0.0,1.0,2.173160262852747e-11,1.0
0.0,1.0,2.1648571824073315e-11,1.0
0.0,1.0,2.1599326494037285e-11,1.0
0.0,1.0,0.0,1.0
0.0,1.0,1.355396213485798e-35,1.0
0.0,1.0,2.153831626938718e-11,1.0
0.0,1.0,2.160612487533964e-11,1.0
0.0,1.0,2.2506829733259792e-11,1.0
0.0,1.0,2.165224770311891e-11,1.0
0.0,1.0,2.1617832524079006e-11,1.0
0.0,1.0,2.1637467859103587e-11,1.0
0.0,1.0,2.161024657831856e-11,1.0
0.0,1.0,2.16548914216963e-11,1.0
0.0,1.0,2.1591953919264384e-11,1.0
0.0,1.0,2.1644401548837067e-11,1.0
0.0,1.0,2.1666581723200906e-11,1.0
0.0,1.0,0.0,1.0
0.0,1.0,2.1635157207433586e-11,1.0
0.0,1.0,2.1588042117826056e-11,1.0
0.0,1.0,2.1609833714131277e-11,1.0
0.0,1.0,2.1601633676260334e-11,1.0
0.0,1.0,2.1640274641687718e-11,1.0
0.0,1.0,2.171664410799412e-11,1.0
0.0,1.0,2.159936812740071e-11,1.0
0.0,1.0,1.930777326969545e-19,1.0
0.0,1.0,2.1606083241976215e-11,1.0
0.0,1.0,2.1661748783596835e-11,1.0
0.0,1.0,2.1598296068292555e-11,1.0
0.0,1.0,2.1602416036548e-11,1.0
0.0,1.0,2.1911656516993006e-11,1.0
0.0,1.0,2.1746446657311402e-11,1.0
0.0,1.0,2.1599532926130927e-11,1.0
0.0,1.0,1.0749570897175162e-23,1.0
0.0,1.0,2.1615605139135852e-11,1.0
0.0,1.0,2.1597555341368313e-11,1.0
0.0,1.0,2.1610163311591712e-11,1.0
0.0,1.0,2.1871112559912476e-11,1.0
0.0,1.0,2.1625213772469287e-11,1.0
0.0,1.0,2.1632928087766956e-11,1.0
0.0,1.0,2.1607278466451163e-11,1.0
0.0,1.0,2.1612059364350955e-11,1.0
0.0,1.0,2.1629751809082443e-11,1.0
0.0,1.0,2.1566352870205918e-11,1.0
0.0,1.0,2.1569808439370064e-11,1.0
0.0,1.0,2.1579273090654993e-11,1.0
0.0,1.0,0.0,1.0
0.0,1.0,2.1566517668936136e-11,1.0
0.0,1.0,2.157742040598265e-11,1.0
0.0,1.0,2.1606825703623933e-11,1.0
0.0,1.0,2.1569397309906257e-11,1.0
0.0,1.0,2.1579642586755376e-11,1.0
0.0,1.0,2.15842118483911e-11,1.0
0.0,1.0,2.1578284298273687e-11,1.0
0.0,1.0,2.1579849018849018e-11,1.0
0.0,1.0,0.0,1.0
0.0,1.0,2.156520101381787e-11,1.0
0.0,1.0,2.158413031638773e-11,1.0
0.0,1.0,2.1588494880653286e-11,1.0
0.0,1.0,2.1612390696534867e-11,1.0
0.0,1.0,2.1570054770103653e-11,1.0
0.0,1.0,2.1562938934405196e-11,1.0
0.0,1.0,2.156857331625517e-11,1.0
0.0,1.0,2.1558867538407078e-11,1.0
0.0,1.0,2.157392320345508e-11,1.0
0.0,1.0,2.1575732520040525e-11,1.0
0.0,1.0,0.0,1.0
0.0,1.0,0.0,1.0
0.0,1.0,2.1575897318770743e-11,1.0
0.0,1.0,2.158577656896643e-11,1.0
0.0,1.0,2.1602664102005065e-11,1.0
0.0,1.0,2.156182871138057e-11,1.0
0.0,1.0,2.1588659679383504e-11,1.0
0.0,1.0,2.1711467693141806e-11,1.0
0.0,1.0,2.1666210492377047e-11,1.0
0.0,1.0,2.156482978299401e-11,1.0
0.0,1.0,2.1566392768845866e-11,1.0
0.0,1.0,2.1596443383620212e-11,1.0
0.0,1.0,2.15617038112903e-11,1.0
0.0,1.0,3.4845002438999018e-09,1.0
0.0,1.0,2.1593353841109497e-11,1.0
0.0,1.0,2.158734128954176e-11,1.0
0.0,1.0,2.1565693675285047e-11,1.0
0.0,1.0,2.157425106619204e-11,1.0
0.0,1.0,0.0,1.0
0.0,1.0,2.158660056261752e-11,1.0
0.0,1.0,2.1569602007276423e-11,1.0
0.0,1.0,0.0,1.0
0.0,1.0,2.1593105775652432e-11,1.0
0.0,1.0,2.1563266797142155e-11,1.0
0.0,1.0,2.15842118483911e-11,1.0
0.0,1.0,2.1573839936728234e-11,1.0
0.0,1.0,2.157811949954347e-11,1.0
0.0,1.0,2.157182418804915e-11,1.0
0.0,1.0,2.1974937494673163e-11,1.0
0.0,1.0,2.1584541445851535e-11,1.0
0.0,1.0,2.1571617755955508e-11,1.0
0.0,1.0,2.156573530864847e-11,1.0
0.0,1.0,2.1609752182127906e-11,1.0
0.0,1.0,2.1843681377586854e-11,1.0
0.0,1.0,2.158396551765751e-11,1.0
0.0,1.0,2.158660056261752e-11,1.0
0.0,1.0,1.0682835949182845e-08,1.0
0.0,1.0,2.156762789196076e-11,1.0
0.0,1.0,3.6162705896458647e-07,0.9999997019767761
0.0,1.0,0.0,1.0
0.0,1.0,2.1578161132906892e-11,1.0
0.0,1.0,2.1563884358699603e-11,1.0
0.0,1.0,2.187929004637823e-11,1.0
0.0,1.0,2.2289425513633e-11,1.0
0.0,1.0,2.2303544428003974e-11,1.0
0.0,1.0,2.1561334315189917e-11,1.0
0.0,1.0,2.1567915856057773e-11,1.0
0.0,1.0,2.1586930160077955e-11,1.0
0.0,1.0,2.157630844823455e-11,1.0
0.0,1.0,2.1570054770103653e-11,1.0
0.0,1.0,2.155985459606491e-11,1.0
0.0,1.0,2.1555618401336574e-11,1.0
0.0,1.0,2.1586640461257467e-11,1.0
0.0,1.0,2.1567669525324185e-11,1.0
0.0,1.0,2.1575239858573347e-11,1.0
0.0,1.0,2.156306209977199e-11,1.0
0.0,1.0,6.604689017919441e-10,1.0
0.0,1.0,2.157507505984313e-11,1.0
0.0,1.0,2.159920332867049e-11,1.0
0.0,1.0,2.156832698552158e-11,1.0
0.0,1.0,2.1571617755955508e-11,1.0
0.0,1.0,2.158997633450177e-11,1.0
0.0,1.0,2.156931404317941e-11,1.0
0.0,1.0,2.1561991775387312e-11,1.0
0.0,1.0,2.1601921640357347e-11,1.0
0.0,1.0,2.158907080884731e-11,1.0
0.0,1.0,2.1586930160077955e-11,1.0
0.0,1.0,2.156762789196076e-11,1.0
0.0,1.0,2.1558661106313437e-11,1.0
0.0,1.0,2.1623935281267492e-11,1.0
0.0,1.0,2.1633092886497174e-11,1.0
0.0,1.0,2.1623357618349992e-11,1.0
0.0,1.0,2.1586352497160455e-11,1.0
0.0,1.0,0.0,1.0
0.0,1.0,2.1607278466451163e-11,1.0
0.0,1.0,2.164151149952609e-11,1.0
0.0,1.0,2.1568902913715604e-11,1.0
0.0,1.0,2.157112509448833e-11,1.0
0.0,1.0,2.16041056572136e-11,1.0
0.0,1.0,2.171121962768474e-11,1.0
0.0,1.0,2.161972857683825e-11,1.0
0.0,1.0,2.157235848287975e-11,1.0
0.0,1.0,2.157762683807629e-11,1.0
0.0,1.0,2.1592571480821832e-11,1.0
0.0,1.0,2.1562404639574595e-11,1.0
0.0,1.0,3.5584679380917805e-07,0.9999997019767761
0.0,1.0,4.3491901635661634e-08,0.9999999403953552
0.0,1.0,2.155894907041045e-11,1.0
0.0,1.0,2.1587670887002197e-11,1.0
0.0,1.0,2.16029936994655e-11,1.0
0.0,1.0,2.159055399741927e-11,1.0
0.0,1.0,2.1576431613601343e-11,1.0
0.0,1.0,2.160307523146887e-11,1.0
0.0,1.0,0.0,1.0
0.0,1.0,2.156923251117604e-11,1.0
0.0,1.0,2.1601180913433105e-11,1.0
0.0,1.0,6.21685467519836e-28,1.0
0.0,1.0,2.15842118483911e-11,1.0
0.0,1.0,2.1605547212422138e-11,1.0
0.0,1.0,2.915224485422474e-14,1.0
0.0,1.0,2.155302845918694e-11,1.0
0.0,1.0,2.157396310209503e-11,1.0
0.0,1.0,2.156824545351821e-11,1.0
0.0,1.0,2.1567010330403313e-11,1.0
0.0,1.0,2.158034341503967e-11,1.0
0.0,1.0,2.211314117928076e-11,1.0
0.0,1.0,2.1624389778818198e-11,1.0
0.0,1.0,2.1558867538407078e-11,1.0
0.0,1.0,2.1573180741807363e-11,1.0
0.0,1.0,2.1601262445436475e-11,1.0
0.0,1.0,2.2231869678535077e-09,1.0
0.0,1.0,2.1584088683024305e-11,1.0
0.0,1.0,2.158305999200305e-11,1.0
0.0,1.0,2.16156884058627e-11,1.0
0.0,1.0,2.1585530238232842e-11,1.0
0.0,1.0,2.1606867336987357e-11,1.0
0.0,1.0,2.1584912676675394e-11,1.0
0.0,1.0,2.1561663912650353e-11,1.0
0.0,1.0,2.1563679661329438e-11,1.0
0.0,1.0,2.156812055342794e-11,1.0
0.0,1.0,2.1561334315189917e-11,1.0
0.0,1.0,2.1573099209803992e-11,1.0
0.0,1.0,2.1584541445851535e-11,1.0
0.0,1.0,2.1793117657709082e-11,1.0
0.0,1.0,2.1609339317940623e-11,1.0
0.0,1.0,2.156733992786375e-11,1.0
0.0,1.0,2.15893171395809e-11,1.0
0.0,1.0,2.1579354622658364e-11,1.0
0.0,1.0,2.157507505984313e-11,1.0
0.0,1.0,2.1572441749606597e-11,1.0
0.0,1.0,2.159244658073156e-11,1.0
0.0,1.0,2.2435596783165757e-11,1.0
0.0,1.0,2.1583471121466857e-11,1.0
0.0,1.0,2.1767487118351525e-11,1.0
0.0,1.0,6.679730191626737e-32,1.0
0.0,1.0,2.156824545351821e-11,1.0
0.0,1.0,2.158869957802345e-11,1.0
0.0,1.0,2.161296662472889e-11,1.0
0.0,1.0,2.1581165673967284e-11,1.0
0.0,1.0,2.157696764315542e-11,1.0
0.0,1.0,2.1565530611278305e-11,1.0
0.0,1.0,2.158128883933408e-11,1.0
0.0,1.0,2.1578367565000534e-11,1.0
0.0,1.0,2.1567751057327555e-11,1.0
0.0,1.0,2.157145295722529e-11,1.0
0.0,1.0,2.2037940916597165e-11,1.0
0.0,1.0,2.1584787776585124e-11,1.0
0.0,1.0,2.1562404639574595e-11,1.0
0.0,1.0,2.158058974577326e-11,1.0
0.0,1.0,2.1566680732942878e-11,1.0
0.0,1.0,2.159080032815286e-11,1.0
0.0,1.0,2.158886437675367e-11,1.0
0.0,1.0,2.1615605139135852e-11,1.0
0.0,1.0,2.178173093281277e-11,1.0
0.0,1.0,2.157560935467373e-11,1.0
0.0,1.0,2.1585488604869418e-11,1.0
0.0,1.0,2.1577585204712868e-11,1.0
0.0,1.0,2.1563473229235797e-11,1.0
0.0,1.0,2.1563638027966014e-11,1.0
0.0,1.0,2.1403828362465127e-11,1.0
0.0,1.0,2.177516847390315e-11,1.0
0.0,1.0,2.1668276548036935e-11,1.0
0.0,1.0,3.3834481461620198e-37,1.0
0.0,1.0,2.1681009418350605e-11,1.0
0.0,1.0,2.170753334029829e-11,1.0
0.0,1.0,2.1667863683849653e-11,1.0
0.0,1.0,2.171801107009319e-11,1.0
0.0,1.0,2.170575351401194e-11,1.0
0.0,1.0,2.1684857035020322e-11,1.0
0.0,1.0,2.179960378878576e-11,1.0
0.0,1.0,2.1651503506747716e-11,1.0
0.0,1.0,2.164531054393848e-11,1.0
0.0,1.0,2.1706043212832427e-11,1.0
0.0,1.0,2.1640852304605218e-11,1.0
0.0,1.0,2.1666004060283406e-11,1.0
0.0,1.0,2.1652412501849128e-11,1.0
0.0,1.0,2.1730152399701552e-11,1.0
0.0,1.0,1.8320054674669795e-12,1.0
0.0,1.0,2.162971017571902e-11,1.0
0.0,1.0,2.1729944232884435e-11,1.0
0.0,1.0,2.166100458722564e-11,1.0
0.0,1.0,2.3166813953312548e-11,1.0
0.0,1.0,2.163750949246701e-11,1.0
0.0,1.0,1.034781960639053e-12,1.0
0.0,1.0,1.9027435876894927e-12,1.0
0.0,1.0,1.197810632902474e-07,0.9999998807907104
0.0,1.0,5.9599074120342266e-08,0.9999999403953552
0.0,1.0,5.18783366959541e-12,1.0
0.0,1.0,4.491445142375131e-15,1.0
0.0,1.0,2.1679397860241423e-11,1.0
0.0,1.0,2.1690770707349927e-11,1.0
0.0,1.0,2.1655965215527928e-11,1.0
0.0,1.0,2.164774609569875e-11,1.0
0.0,1.0,2.167563524502203e-11,1.0
0.0,1.0,2.1713124354061364e-11,1.0
0.0,1.0,2.1661417451412923e-11,1.0
0.0,1.0,2.6253400717684364e-37,1.0
0.0,1.0,1.393319968610166e-35,1.0
0.0,1.0,2.1654147225325104e-11,1.0
0.0,1.0,2.1687420956317816e-11,1.0
0.0,1.0,2.1634166680328804e-11,1.0
0.0,1.0,2.163730306037337e-11,1.0
0.0,1.0,2.7063835547624926e-11,1.0
0.0,1.0,2.1669062377771553e-11,1.0
0.0,1.0,2.1647458131601738e-11,1.0
0.0,1.0,2.166050845631151e-11,1.0
0.0,1.0,2.1682664344546687e-11,1.0
0.0,1.0,2.1757689400159208e-11,1.0
0.0,1.0,1.6071895814206982e-08,1.0
0.0,1.0,3.97198753887551e-08,0.9999999403953552
0.0,1.0,2.163690453471645e-07,0.9999997019767761
0.0,1.0,7.068619112260421e-08,0.9999998807907104
0.0,1.0,9.614650764433463e-08,0.9999998807907104
0.0,1.0,1.0589802457161568e-07,0.9999998211860657
0.0,1.0,1.7007153019221732e-07,0.9999997615814209
0.0,1.0,1.0457746668635082e-07,0.9999998211860657
0.0,1.0,2.172596651195402e-11,1.0
0.0,1.0,7.700684930982271e-38,1.0
0.0,1.0,1.4688437133258958e-08,1.0
0.0,1.0,2.1640852304605218e-11,1.0
0.0,1.0,2.2966632068355253e-11,1.0
0.0,1.0,2.1709479700038337e-11,1.0
0.0,1.0,1.6486870890730643e-07,0.9999998211860657
0.0,1.0,2.1688869450420256e-11,1.0
0.0,1.0,2.1695902019391866e-11,1.0
0.0,1.0,2.1704676250733357e-11,1.0
0.0,1.0,2.167894162796724e-11,1.0
0.0,1.0,2.1655965215527928e-11,1.0
0.0,1.0,2.2645095867912524e-11,1.0
0.0,1.0,2.1639861777500435e-11,1.0
0.0,1.0,2.1841556341328783e-11,1.0
0.0,1.0,1.2760731138428127e-08,1.0
0.0,1.0,2.172820430523803e-11,1.0
0.0,1.0,2.1639696978770218e-11,1.0
0.0,1.0,2.1706249644926068e-11,1.0
0.0,1.0,2.1923695497916285e-11,1.0
0.0,1.0,2.1681092685077452e-11,1.0
0.0,1.0,1.5506323336467176e-07,0.9999997615814209
0.0,1.0,2.1676296174666376e-11,1.0
0.0,1.0,2.163557007162087e-11,1.0
0.0,1.0,2.1621213500133685e-11,1.0
0.0,1.0,2.1702606725626516e-11,1.0
0.0,1.0,2.174652992403825e-11,1.0
0.0,1.0,2.1716727374720968e-11,1.0
0.0,1.0,2.166902074440813e-11,1.0
0.0,1.0,2.1691020507530467e-11,1.0
0.0,1.0,2.1638500019571794e-11,1.0
0.0,1.0,2.2077277506138415e-11,1.0
0.0,1.0,1.4003257574340075e-29,1.0
0.0,1.0,2.1684980200387116e-11,1.0
0.0,1.0,2.167042587042367e-11,1.0
0.0,1.0,5.292977759316194e-32,1.0
0.0,1.0,2.1832808130839432e-11,1.0
0.0,1.0,2.1727914606417542e-11,1.0
0.0,1.0,1.6554128068335672e-09,1.0
0.0,1.0,2.166902074440813e-11,1.0
0.0,1.0,2.1704055219728957e-11,1.0
0.0,1.0,2.1666996322111665e-11,1.0
0.0,1.0,2.1713289152791582e-11,1.0
0.0,1.0,2.167464298319377e-11,1.0
0.0,1.0,2.1671582930982147e-11,1.0
0.0,1.0,2.1682043313542287e-11,1.0
0.0,1.0,2.1847221948201323e-11,1.0
0.0,1.0,2.164679720195739e-11,1.0
0.0,1.0,2.167443655110013e-11,1.0
0.0,1.0,2.171465611489065e-11,1.0
0.0,1.0,2.1637054994916305e-11,1.0
0.0,1.0,2.1672162328623124e-11,1.0
0.0,1.0,2.1671294966885135e-11,1.0
0.0,1.0,2.169780674576849e-11,1.0
0.0,1.0,2.1713620484975493e-11,1.0
0.0,1.0,2.1670838734610953e-11,1.0
0.0,1.0,2.1682829143276905e-11,1.0
0.0,1.0,2.170326938999434e-11,1.0
0.0,1.0,2.173207235104066e-21,1.0
0.0,1.0,2.1682912410003752e-11,1.0
0.0,1.0,2.163998494286723e-11,1.0
0.0,1.0,2.167745496994833e-11,1.0
0.0,1.0,2.164919112035424e-11,1.0
0.0,1.0,2.1660756521768576e-11,1.0
0.0,1.0,2.1688081885962163e-11,1.0
0.0,1.0,2.336071960873376e-11,1.0
0.0,1.0,2.172360381857974e-11,1.0
0.0,1.0,2.1743046599298488e-11,1.0
0.0,1.0,2.169226083481579e-11,1.0
0.0,1.0,2.1103284050805193e-11,1.0
0.0,1.0,2.1657906371097546e-11,1.0
0.0,1.0,2.1717473305815638e-11,1.0
0.0,1.0,2.1684815401656898e-11,1.0
0.0,1.0,2.1713911918519457e-11,1.0
0.0,1.0,2.1750760914596157e-11,1.0
0.0,1.0,2.1715775011532656e-11,1.0
0.0,1.0,2.1685311532571028e-11,1.0
0.0,1.0,2.1684567336199834e-11,1.0
0.0,1.0,2.1693336363370896e-11,1.0
0.0,1.0,2.174010103883628e-11,1.0
0.0,1.0,7.569755605779983e-18,1.0
0.0,1.0,2.1678280698322894e-11,1.0
0.0,1.0,2.168340854091788e-11,1.0
0.0,1.0,2.1780818468264407e-11,1.0
0.0,1.0,2.1743667630302888e-11,1.0
0.0,1.0,2.1737490280004934e-11,1.0
0.0,1.0,2.1654560089512387e-11,1.0
0.0,1.0,2.1675800043752247e-11,1.0
0.0,1.0,2.164134670079587e-11,1.0
0.0,1.0,2.171904670000835e-11,1.0
0.0,1.0,2.176648965235284e-11,1.0
0.0,1.0,2.163990341086386e-11,1.0
0.0,1.0,2.1727002141869178e-11,1.0
0.0,1.0,2.1655758783434287e-11,1.0
0.0,1.0,2.1649480819174727e-11,1.0
0.0,1.0,2.164811732652261e-11,1.0
0.0,1.0,2.9402966172931144e-11,1.0
0.0,1.0,2.1663896371260094e-11,1.0
0.0,1.0,2.1651668305477934e-11,1.0
0.0,1.0,2.1672285493989918e-11,1.0
0.0,1.0,2.207879365445642e-11,1.0
0.0,1.0,2.16763378080298e-11,1.0
0.0,1.0,2.168167208271843e-11,1.0
0.0,1.0,2.1682333012362776e-11,1.0
0.0,1.0,2.1728577270785365e-11,1.0
0.0,1.0,4.177791806622179e-15,1.0
0.0,1.0,2.1674063585552794e-11,1.0
0.0,1.0,2.165224770311891e-11,1.0
0.0,1.0,2.1706168112922697e-11,1.0
0.0,1.0,2.1669104011134976e-11,1.0
0.0,1.0,2.3452283517966244e-11,1.0
0.0,1.0,2.1682416279089622e-11,1.0
0.0,1.0,2.1643823885919566e-11,1.0
0.0,1.0,2.1652412501849128e-11,1.0
0.0,1.0,2.1638994415762447e-11,1.0
0.0,1.0,2.1684071205285704e-11,1.0
0.0,1.0,2.1692923499183614e-11,1.0
0.0,1.0,2.16999578028787e-11,1.0
0.0,1.0,6.340370409205715e-34,1.0
0.0,1.0,2.1664970165091724e-11,1.0
0.0,1.0,2.172584161186375e-11,1.0
0.0,1.0,2.1699295138510877e-11,1.0
0.0,1.0,2.1719669465736224e-11,1.0
0.0,1.0,2.163622926654174e-11,1.0
0.0,1.0,2.1672285493989918e-11,1.0
0.0,1.0,2.1681505549264735e-11,1.0
0.0,1.0,2.1645227277211632e-11,1.0
0.0,1.0,2.1778159137175734e-11,1.0
0.0,1.0,2.16673259195721e-11,1.0
0.0,1.0,1.9659557606420185e-25,1.0
0.0,1.0,2.1780693568174136e-11,1.0
0.0,1.0,2.167141813225193e-11,1.0
0.0,1.0,2.1684567336199834e-11,1.0
0.0,1.0,2.1679397860241423e-11,1.0
0.0,1.0,2.1665879160193136e-11,1.0
0.0,1.0,2.1630039773179455e-11,1.0
0.0,1.0,2.178422373044775e-11,1.0
0.0,1.0,2.165018164745902e-11,1.0
0.0,1.0,2.1677784567408764e-11,1.0
0.0,1.0,2.1695157823020672e-11,1.0
0.0,1.0,2.1710929928864253e-11,1.0
0.0,1.0,2.1687710655138304e-11,1.0
0.0,1.0,2.1666871422021394e-11,1.0
0.0,1.0,2.1682912410003752e-11,1.0
0.0,1.0,2.1668441346767153e-11,1.0
0.0,1.0,2.1666581723200906e-11,1.0
0.0,1.0,2.178995872625933e-11,1.0
0.0,1.0,2.1749598649867252e-11,1.0
0.0,1.0,2.1659351395753035e-11,1.0
0.0,1.0,2.1674230119006488e-11,1.0
0.0,1.0,2.1730690163979105e-11,1.0
0.0,1.0,2.1671170066794865e-11,1.0
0.0,1.0,2.1673857153459153e-11,1.0
0.0,1.0,2.1640975469972012e-11,1.0
0.0,1.0,2.1658773732835535e-11,1.0
0.0,1.0,2.1687420956317816e-11,1.0
0.0,1.0,2.165010011545565e-11,1.0
0.0,1.0,2.1702606725626516e-11,1.0
0.0,1.0,2.1674105218916218e-11,1.0
0.0,1.0,2.1665507929369276e-11,1.0
0.0,1.0,2.1741469735658825e-11,1.0
0.0,1.0,2.1749598649867252e-11,1.0
0.0,1.0,2.863356426963115e-11,1.0
0.0,1.0,2.5424749111602196e-11,1.0
0.0,1.0,2.5695712918549773e-11,1.0
0.0,1.0,2.4721648339554037e-11,1.0
0.0,1.0,2.6915834144825013e-11,1.0
0.0,1.0,2.4193922906756704e-11,1.0
0.0,1.0,2.6788713608505432e-11,1.0
0.0,1.0,2.4596352732331184e-11,1.0
0.0,1.0,2.419433924039094e-11,1.0
0.0,1.0,3.564524672008573e-22,1.0
0.0,1.0,2.476228076753184e-11,1.0
0.0,1.0,2.5625428862197097e-11,1.0
0.0,1.0,2.62573487258555e-11,1.0
0.0,1.0,2.4907418141872917e-11,1.0
0.0,1.0,2.4298299483582753e-11,1.0
0.0,1.0,2.4769838957716672e-11,1.0
0.0,1.0,2.6033241534717533e-11,1.0
0.0,1.0,3.037111187542685e-11,1.0
0.0,1.0,2.6756135501626588e-11,1.0
0.0,1.0,2.4463384443174085e-11,1.0
0.0,1.0,2.5344570192542548e-11,1.0
0.0,1.0,2.6364741986806273e-11,1.0
0.0,1.0,2.704278294352047e-11,1.0
0.0,1.0,2.401860654810406e-11,1.0
0.0,1.0,2.80461799617715e-11,1.0
0.0,1.0,2.661956245708641e-11,1.0
0.0,1.0,2.4597291217731687e-11,1.0
0.0,1.0,2.5026947528261623e-11,1.0
0.0,1.0,2.5619272328580855e-11,1.0
0.0,1.0,2.5444058318613294e-11,1.0
0.0,1.0,2.5503430964302076e-11,1.0
0.0,1.0,2.4970397277668255e-11,1.0
0.0,1.0,2.612357032083512e-11,1.0
0.0,1.0,1.732243862240246e-11,1.0
0.0,1.0,2.5420675980880603e-11,1.0
0.0,1.0,2.539295683445797e-11,1.0
0.0,1.0,2.66773530349651e-11,1.0
0.0,1.0,2.7111885653186008e-11,1.0
0.0,1.0,2.505159100996135e-11,1.0
0.0,1.0,7.164219911759417e-11,1.0
0.0,1.0,1.6129819715667883e-15,1.0
0.0,1.0,3.7485598934801356e-14,1.0
0.0,1.0,2.52186171251223e-11,1.0
0.0,1.0,2.504012622250862e-11,1.0
0.0,1.0,2.5272547943266943e-11,1.0
0.0,1.0,2.4766296652378728e-11,1.0
0.0,1.0,2.5124036531765093e-11,1.0
0.0,1.0,2.5088984709209505e-11,1.0
0.0,1.0,2.5095158590060507e-11,1.0
0.0,1.0,2.5854209398379346e-11,1.0
0.0,1.0,2.6123670934796728e-11,1.0
0.0,1.0,2.747875885167339e-11,1.0
0.0,1.0,2.5962133484713767e-11,1.0
0.0,1.0,1.6776869428982265e-19,1.0
0.0,1.0,6.560523066641288e-13,1.0
0.0,1.0,2.5561188582434724e-11,1.0
0.0,1.0,2.5734510009089995e-11,1.0
0.0,1.0,2.5320025590080952e-11,1.0
0.0,1.0,2.500871905397606e-11,1.0
0.0,1.0,2.486024060222025e-11,1.0
0.0,1.0,2.5236422326879726e-11,1.0
0.0,1.0,2.5980264814484677e-11,1.0
0.0,1.0,2.4277222593349634e-11,1.0
0.0,1.0,2.5144220039408083e-11,1.0
0.0,1.0,2.5613016915726483e-11,1.0
0.0,1.0,2.9417888264271497e-11,1.0
0.0,1.0,2.5566698064194426e-11,1.0
0.0,1.0,2.6927130664100574e-11,1.0
0.0,1.0,2.693154727007041e-11,1.0
0.0,1.0,2.4649940075227583e-11,1.0
0.0,1.0,2.4674776111233143e-11,1.0
0.0,1.0,2.4435511947196176e-10,1.0
0.0,1.0,2.4400427858783935e-11,1.0
0.0,1.0,2.468033069580322e-11,1.0
0.0,1.0,2.7207305852705588e-11,1.0
0.0,1.0,2.5829269278965228e-11,1.0
0.0,1.0,2.4439459136993413e-11,1.0
0.0,1.0,2.4910459112126304e-11,1.0
0.0,1.0,2.6269470973505626e-11,1.0
0.0,1.0,2.5074536197378094e-11,1.0
0.0,1.0,2.6080705303743734e-11,1.0
0.0,1.0,2.7855643139340636e-11,1.0
0.0,1.0,2.935180917762459e-11,1.0
0.0,1.0,2.5376882886729568e-11,1.0
0.0,1.0,2.4544567767126324e-11,1.0
0.0,1.0,2.5678710893761725e-11,1.0
0.0,1.0,2.8005608249115355e-11,1.0
0.0,1.0,2.181256211374154e-20,1.0
0.0,1.0,2.5567039804719194e-11,1.0
0.0,1.0,1.299559267091689e-28,1.0
0.0,1.0,2.504738604025558e-11,1.0
0.0,1.0,2.4970921164158e-11,1.0
0.0,1.0,2.8492951054115423e-11,1.0
0.0,1.0,8.618332552863013e-32,1.0
0.0,1.0,2.615737487721148e-11,1.0
0.0,1.0,2.594124567933953e-11,1.0
0.0,1.0,2.411187569051343e-11,1.0
0.0,1.0,2.5067028314174067e-11,1.0
0.0,1.0,2.462292002236577e-11,1.0
0.0,1.0,2.6299249236694244e-11,1.0
0.0,1.0,1.6671090339858962e-27,1.0
0.0,1.0,2.474868227020366e-11,1.0
0.0,1.0,2.477522527410958e-11,1.0
0.0,1.0,2.7115712453174012e-11,1.0
0.0,1.0,2.4166712034312532e-11,1.0
0.0,1.0,2.685824306014606e-11,1.0
0.0,1.0,2.4615547447592867e-11,1.0
0.0,1.0,2.506898855170192e-11,1.0
0.0,1.0,2.5079223420210184e-11,1.0
0.0,1.0,2.528691665781846e-11,1.0
0.0,1.0,2.575655834446966e-11,1.0
0.0,1.0,2.536555861187839e-11,1.0
0.0,1.0,2.4601935072476877e-11,1.0
0.0,1.0,2.5838138920097897e-11,1.0
0.0,1.0,2.5718758719928125e-11,1.0
0.0,1.0,2.5736227385331212e-11,1.0
0.0,1.0,2.6647857531703067e-11,1.0
0.0,1.0,2.9666887002566256e-11,1.0
0.0,1.0,2.529695029840351e-11,1.0
0.0,1.0,2.540138585582774e-11,1.0
0.0,1.0,2.5290871827343686e-11,1.0
0.0,1.0,2.5844841891609072e-11,1.0
0.0,1.0,2.549341293622831e-11,1.0
0.0,1.0,2.5712626472440547e-11,1.0
0.0,1.0,2.7350337272746827e-11,1.0
0.0,1.0,2.7195216564801505e-11,1.0
0.0,1.0,2.9213461510968486e-11,1.0
0.0,1.0,2.515319029450236e-11,1.0
0.0,1.0,2.6731956925818423e-11,1.0
0.0,1.0,2.583833667857416e-11,1.0
0.0,1.0,2.516000255359252e-11,1.0
0.0,1.0,2.5340510939608762e-11,1.0
0.0,1.0,2.5220735222486468e-11,1.0
0.0,1.0,2.8122780146300208e-11,1.0
0.0,1.0,0.0,1.0
0.0,1.0,2.5283107205065214e-11,1.0
0.0,1.0,2.5205922418725102e-11,1.0
0.0,1.0,2.5915727897007912e-11,1.0
0.0,1.0,2.6225965843451604e-11,1.0
0.0,1.0,2.485682666641953e-11,1.0
0.0,1.0,0.0,1.0
0.0,1.0,2.4838959014616968e-11,1.0
0.0,1.0,2.5087643767962575e-11,1.0
0.0,1.0,2.5434352540765204e-11,1.0
0.0,1.0,0.0,1.0
0.0,1.0,2.618088384975792e-11,1.0
0.0,1.0,2.46369192408169e-11,1.0
0.0,1.0,0.0,1.0
0.0,1.0,2.629308056001367e-11,1.0
0.0,1.0,2.521544431588474e-11,1.0
0.0,1.0,2.6957089338530693e-11,1.0
0.0,1.0,3.538559376070616e-11,1.0
0.0,1.0,2.576068525161901e-11,1.0
0.0,1.0,2.4548313035110958e-11,1.0
0.0,1.0,2.5110909879222376e-11,1.0
0.0,1.0,2.595173728692224e-11,1.0
0.0,1.0,2.494031543787134e-11,1.0
0.0,1.0,2.6110270195944807e-11,1.0
0.0,1.0,2.482664421266101e-11,1.0
0.0,1.0,2.467091808622257e-11,1.0
0.0,1.0,2.4869630660395714e-11,1.0
0.0,1.0,2.652959275872835e-11,1.0
0.0,1.0,2.6762923474588085e-11,1.0
0.0,1.0,2.5910190659672594e-11,1.0
0.0,1.0,2.498268779349555e-11,1.0
0.0,1.0,2.5271198328402633e-11,1.0
0.0,1.0,2.8154124864787633e-11,1.0
0.0,1.0,2.6118837995192656e-11,1.0
0.0,1.0,2.5928630770222227e-11,1.0
0.0,1.0,2.5171427442405303e-11,1.0
0.0,1.0,2.496134896001756e-11,1.0
0.0,1.0,2.817593554305109e-11,1.0
0.0,1.0,2.5488550506325147e-11,1.0
0.0,1.0,2.5847258361411107e-11,1.0
0.0,1.0,2.559778083943698e-11,1.0
0.0,1.0,2.4666870976353117e-11,1.0
0.0,1.0,2.5040459289416006e-11,1.0
0.0,1.0,2.637774443314811e-09,1.0
0.0,1.0,2.4999276954096317e-11,1.0
0.0,1.0,2.6271023551016626e-11,1.0
0.0,1.0,2.573239885061973e-11,1.0
0.0,1.0,2.6216312107307793e-11,1.0
0.0,1.0,2.7334169649950724e-11,1.0
0.0,1.0,3.2810074102052056e-11,1.0
0.0,1.0,2.507731002021618e-11,1.0
0.0,1.0,2.4251212149550838e-11,1.0
0.0,1.0,2.5381917054256853e-11,1.0
0.0,1.0,2.5412436044369713e-11,1.0
0.0,1.0,2.5704879197396835e-11,1.0
0.0,1.0,2.579077229558635e-11,1.0
0.0,1.0,2.564552563366629e-11,1.0
0.0,1.0,2.51446519855536e-11,1.0
0.0,1.0,2.98961445877044e-11,1.0
0.0,1.0,2.514071936743356e-11,1.0
0.0,1.0,2.547795481533388e-11,1.0
0.0,1.0,2.5781673670954852e-11,1.0
0.0,1.0,2.5981206769332132e-11,1.0
0.0,1.0,2.5142157453195146e-11,1.0
0.0,1.0,2.654275237101711e-11,1.0
0.0,1.0,2.514191806135546e-11,1.0
0.0,1.0,2.4576984544721903e-11,1.0
0.0,1.0,2.4580360316606154e-11,1.0
0.0,1.0,2.5061817204852233e-11,1.0
0.0,1.0,2.5115317811574833e-11,1.0
0.0,1.0,2.7590832396562348e-11,1.0
0.0,1.0,2.5466634009929656e-11,1.0
0.0,1.0,2.474438709487714e-11,1.0
0.0,1.0,2.5939661876805964e-11,1.0
0.0,1.0,2.584237684954971e-11,1.0
0.0,1.0,0.0,1.0
0.0,1.0,2.52922717491888e-11,1.0
0.0,1.0,2.5524356933592784e-11,1.0
0.0,1.0,2.4566532835779142e-11,1.0
0.0,1.0,2.5622204011255256e-11,1.0
0.0,1.0,2.839854566782929e-11,1.0
0.0,1.0,2.4507611218194114e-11,1.0
0.0,1.0,2.6007732426003294e-11,1.0
0.0,1.0,2.6091850902076885e-11,1.0
0.0,1.0,3.740316389944098e-11,1.0
0.0,1.0,2.5296565189791842e-11,1.0
0.0,1.0,2.4606722909270573e-11,1.0
0.0,1.0,2.4379812540171408e-23,1.0
0.0,1.0,2.4983069432660265e-11,1.0
0.0,1.0,2.573445970210919e-11,1.0
0.0,1.0,2.5658980148945965e-11,1.0
0.0,1.0,2.4750050967026205e-11,1.0
0.0,1.0,2.018827292837866e-11,1.0
0.0,1.0,2.4296863132544644e-11,1.0
0.0,1.0,2.5474067300024217e-11,1.0
0.0,1.0,2.5503625253331386e-11,1.0
0.0,1.0,2.4977542603665803e-11,1.0
0.0,1.0,2.4964063802257463e-11,1.0
0.0,1.0,2.5356852034752464e-11,1.0
0.0,1.0,2.5406135528704965e-11,1.0
0.0,1.0,2.4880163901341845e-11,1.0
0.0,1.0,3.4211695976171796e-11,1.0
0.0,1.0,2.575419912054233e-11,1.0
0.0,1.0,2.5987103094426978e-11,1.0
0.0,1.0,2.481192334924387e-11,1.0
0.0,1.0,2.4696387296296862e-11,1.0
0.0,1.0,2.6884227483092715e-11,1.0
0.0,1.0,2.5263969735678238e-11,1.0
0.0,1.0,2.4854457034151345e-11,1.0
0.0,1.0,2.6249136544920226e-11,1.0
0.0,1.0,1.2869793428199457e-35,1.0
0.0,1.0,2.5969859943075768e-11,1.0
0.0,1.0,2.6809365491486936e-11,1.0
0.0,1.0,2.8790792666599785e-11,1.0
0.0,1.0,1.4125750265672754e-13,1.0
0.0,1.0,2.490646751340808e-11,1.0
0.0,1.0,2.5173779727438728e-11,1.0
0.0,1.0,0.0,1.0
0.0,1.0,2.619377111046095e-11,1.0
0.0,1.0,2.4569813197872215e-11,1.0
0.0,1.0,2.4763698036611714e-11,1.0
0.0,1.0,2.5042991985690932e-11,1.0
0.0,1.0,2.506832068316367e-11,1.0
0.0,1.0,2.6014478765601368e-11,1.0
0.0,1.0,4.170883744717552e-14,1.0
0.0,1.0,2.5874040757156713e-11,1.0
0.0,1.0,2.617993495601656e-11,1.0
0.0,1.0,2.531910792136216e-11,1.0
0.0,1.0,2.5616975554698662e-11,1.0
0.0,1.0,2.506401683421977e-11,1.0
0.0,1.0,2.6129201233238142e-11,1.0
0.0,1.0,2.5742019627017498e-11,1.0
0.0,1.0,2.5083529003877558e-11,1.0
0.0,1.0,1.0939987380729993e-31,1.0
0.0,1.0,2.5150695762143904e-11,1.0
0.0,1.0,2.5956093177570416e-11,1.0
0.0,1.0,3.944613385931106e-11,1.0
0.0,1.0,2.5232956349374724e-11,1.0
0.0,1.0,2.476875302082071e-11,1.0
0.0,1.0,2.5294346478466068e-11,1.0
0.0,1.0,2.4551215227486267e-11,1.0
0.0,1.0,2.4780139745717022e-11,1.0
0.0,1.0,7.56603163866227e-18,1.0
0.0,1.0,3.1484451023917466e-36,1.0
0.0,1.0,2.497978213167329e-11,1.0
0.0,1.0,2.4943550697154038e-11,1.0
0.0,1.0,2.504442486728209e-11,1.0
0.0,1.0,2.457257834709292e-11,1.0
0.0,1.0,2.675991199463379e-11,1.0
0.0,1.0,2.6619106224812228e-11,1.0
0.0,1.0,4.556874449500269e-36,1.0
0.0,1.0,2.5801498090838315e-11,1.0
0.0,1.0,1.8175363200753133e-28,1.0
0.0,1.0,2.567342172188347e-11,1.0
0.0,1.0,0.0,1.0
0.0,1.0,0.0,1.0
0.0,1.0,2.7125799870186817e-11,1.0
0.0,1.0,2.5490300842312408e-11,1.0
0.0,1.0,2.5881938953142836e-11,1.0
0.0,1.0,2.5059333080834634e-11,1.0
0.0,1.0,2.538792093220721e-11,1.0
0.0,1.0,2.6961563190375237e-11,1.0
0.0,1.0,2.312582288176091e-28,1.0
0.0,1.0,2.4275277968333064e-11,1.0
0.0,1.0,2.6734912894621488e-11,1.0
0.0,1.0,2.5970356073989898e-11,1.0
0.0,1.0,2.503114902852044e-11,1.0
0.0,1.0,2.5031912306849868e-11,1.0
0.0,1.0,2.4326540781771655e-11,1.0
0.0,1.0,4.667972702708563e-32,1.0
0.0,1.0,2.986377464764267e-11,1.0
0.0,1.0,2.952998609528912e-11,1.0
0.0,1.0,2.6600428457146386e-11,1.0
0.0,1.0,2.888550856838812e-11,1.0
0.0,1.0,2.4807191023601405e-11,1.0
0.0,1.0,3.562960690373096e-11,1.0
0.0,1.0,2.5722731236688112e-11,1.0
0.0,1.0,2.4994556771518184e-11,1.0
0.0,1.0,2.7521034062782945e-11,1.0
0.0,1.0,2.6329213115294792e-11,1.0
0.0,1.0,2.430214710025247e-11,1.0
0.0,1.0,2.527688648668036e-11,1.0
0.0,1.0,2.5658686980678524e-11,1.0
0.0,1.0,2.4810313525858163e-11,1.0
0.0,1.0,2.51211620949654e-11,1.0
0.0,1.0,2.568419782411624e-11,1.0
0.0,1.0,2.5414132603929218e-11,1.0
0.0,1.0,2.6320326126927363e-11,1.0
0.0,1.0,2.5671071171573523e-11,1.0
0.0,1.0,2.4330253090010245e-11,1.0
0.0,1.0,2.4926333566654968e-11,1.0
0.0,1.0,2.6876639802608793e-11,1.0
0.0,1.0,2.8676797048099445e-11,1.0
0.0,1.0,2.3820558373022216e-11,1.0
0.0,1.0,2.594936071576015e-11,1.0
0.0,1.0,2.5247590476618065e-11,1.0
0.0,1.0,2.5015350901824718e-11,1.0
0.0,1.0,2.541354973684129e-11,1.0
0.0,1.0,3.570846049405496e-11,1.0
0.0,1.0,2.490380818231941e-11,1.0
0.0,1.0,2.661169375139938e-11,1.0
0.0,1.0,2.5069181106007754e-11,1.0
0.0,1.0,2.6789532397986093e-11,1.0
0.0,1.0,2.5648998550065194e-11,1.0
0.0,1.0,2.8239474994529168e-11,1.0
0.0,1.0,2.5600415884396988e-11,1.0
0.0,1.0,2.5436973707937405e-11,1.0
0.0,1.0,2.728198049417596e-11,1.0
0.0,1.0,2.554646945374106e-11,1.0
0.0,1.0,1.640563456228061e-25,1.0
0.0,1.0,2.581597088879839e-11,1.0
0.0,1.0,2.7259612969676716e-11,1.0
0.0,1.0,2.4907798046314156e-11,1.0
0.0,1.0,2.4921342767214583e-11,1.0
0.0,1.0,2.5070327758225375e-11,1.0
0.0,1.0,2.5003806317092092e-11,1.0
0.0,1.0,2.409169565231739e-11,1.0
0.0,1.0,2.4295983627742324e-11,1.0
0.0,1.0,2.4848295296364675e-11,1.0
0.0,1.0,2.5668819500501705e-11,1.0
0.0,1.0,2.920427094599276e-11,1.0
0.0,1.0,2.6209564032986243e-11,1.0
0.0,1.0,2.5686010610148635e-11,1.0
0.0,1.0,1.0361687201217085e-23,1.0
0.0,1.0,2.6325396723647643e-11,1.0
0.0,1.0,2.581193418726979e-11,1.0
0.0,1.0,2.7234875812909287e-11,1.0
0.0,1.0,2.4684709137856586e-11,1.0
0.0,1.0,2.6996760729702807e-11,1.0
0.0,1.0,8.954115747317445e-20,1.0
0.0,1.0,2.5534485983969013e-11,1.0
0.0,1.0,3.380860175150602e-11,1.0
0.0,1.0,2.6616263013035102e-11,1.0
0.0,1.0,2.6180235063177903e-11,1.0
0.0,1.0,2.568013163228855e-11,1.0
0.0,1.0,2.5154101024327247e-11,1.0
0.0,1.0,2.473358150234528e-11,1.0
0.0,1.0,2.727766103272078e-11,1.0
0.0,1.0,2.5298495937020604e-11,1.0
0.0,1.0,2.4684473215463854e-11,1.0
0.0,1.0,2.5042370954686533e-11,1.0
0.0,1.0,2.532273002398e-11,1.0
0.0,1.0,2.5572354997449587e-11,1.0
0.0,1.0,2.5324324234854423e-11,1.0
0.0,1.0,0.0,1.0
0.0,1.0,2.5556995755793288e-11,1.0
0.0,1.0,2.5201018355458515e-11,1.0
0.0,1.0,2.4865456915712514e-11,1.0
0.0,1.0,2.5917061899360938e-11,1.0
0.0,1.0,2.6845593456559236e-11,1.0
0.0,1.0,2.5001088005405236e-11,1.0
0.0,1.0,2.5229490371869723e-11,1.0
0.0,1.0,2.684293065602361e-11,1.0
0.0,1.0,2.4771351636587724e-11,1.0
0.0,1.0,1.704506634374694e-15,1.0
0.0,1.0,2.5262764102862434e-11,1.0
0.0,1.0,2.5286241850386304e-11,1.0
0.0,1.0,5.088947792591145e-31,1.0
0.0,1.0,3.424747291314034e-11,1.0
0.0,1.0,2.435885521068215e-11,1.0
0.0,1.0,2.6807882302914976e-11,1.0
0.0,1.0,3.310817262055657e-34,1.0
0.0,1.0,2.747226057753238e-11,1.0
0.0,1.0,2.5612040266409508e-11,1.0
0.0,1.0,2.6514417397760504e-11,1.0
0.0,1.0,3.475363399840781e-11,1.0
0.0,1.0,3.3834792606546316e-11,1.0
0.0,1.0,2.6309886561048934e-11,1.0
0.0,1.0,2.5930856420441906e-11,1.0
0.0,1.0,2.6073891309930097e-11,1.0
0.0,1.0,2.6987904966357945e-11,1.0
0.0,1.0,2.8757806899704086e-11,1.0
0.0,1.0,2.553078408407128e-11,1.0
0.0,1.0,2.47662480801214e-11,1.0
0.0,1.0,2.7119901810368496e-11,1.0
0.0,1.0,2.5332874686867513e-11,1.0
0.0,1.0,2.4902002335180917e-11,1.0
0.0,1.0,3.823790242774017e-11,1.0
0.0,1.0,2.5368268249947867e-11,1.0
0.0,1.0,2.6014281007125106e-11,1.0
0.0,1.0,3.621672753362226e-11,1.0
0.0,1.0,7.483364545279674e-33,1.0
0.0,1.0,2.6427171215259726e-11,1.0
0.0,1.0,2.5889542246138042e-11,1.0
0.0,1.0,2.6329464650198808e-11,1.0
0.0,1.0,0.0,1.0
0.0,1.0,2.688217703994411e-11,1.0
0.0,1.0,2.473763902055559e-11,1.0
0.0,1.0,2.5085346994080382e-11,1.0
0.0,1.0,2.3369186794020003e-11,1.0
0.0,1.0,5.184918338354945e-26,1.0
0.0,1.0,2.8427487106669623e-26,1.0
0.0,1.0,2.4198261450170122e-11,1.0
0.0,1.0,2.4125632047677925e-11,1.0
0.0,1.0,0.0,1.0
0.0,1.0,2.3984043917568698e-11,1.0
0.0,1.0,2.3410049940220112e-11,1.0
0.0,1.0,2.62385235066942e-11,1.0
0.0,1.0,2.4958160538268714e-11,1.0
0.0,1.0,2.4414765348312883e-11,1.0
0.0,1.0,1.096134000051381e-30,1.0
0.0,1.0,5.38871436857626e-31,1.0
0.0,1.0,2.2428429204423708e-28,1.0
0.0,1.0,2.3494279438596166e-11,1.0
0.0,1.0,2.4212389038158477e-11,1.0
0.0,1.0,5.572383855055567e-38,1.0
0.0,1.0,2.4850191349123918e-11,1.0
0.0,1.0,2.414533503691807e-11,1.0
0.0,1.0,0.0,1.0
0.0,1.0,0.0,1.0
0.0,1.0,2.5203566664244725e-11,1.0
0.0,1.0,0.0,1.0
0.0,1.0,0.0,1.0
0.0,1.0,5.256555191124335e-10,1.0
0.0,1.0,2.43243133968285e-11,1.0
0.0,1.0,1.0778096470875909e-10,1.0
0.0,1.0,2.388028837174705e-11,1.0
0.0,1.0,2.3379886568419828e-11,1.0
0.0,1.0,0.0,1.0
0.0,1.0,0.0,1.0
0.0,1.0,0.0,1.0
0.0,1.0,0.0,1.0
0.0,1.0,0.0,1.0
0.0,1.0,0.0,1.0
0.0,1.0,0.0,1.0
0.0,1.0,0.0,1.0
0.0,1.0,0.0,1.0
0.0,1.0,0.0,1.0
0.0,1.0,0.0,1.0
0.0,1.0,0.0,1.0
0.0,1.0,2.5392183147787684e-11,1.0
0.0,1.0,0.0,1.0
0.0,1.0,0.0,1.0
0.0,1.0,2.6922714058130737e-11,1.0
0.0,1.0,2.364235369978207e-11,1.0
0.0,1.0,2.410493332716257e-11,1.0
0.0,1.0,2.3658007844429285e-11,1.0
0.0,1.0,2.3534061852070742e-11,1.0
0.0,1.0,2.6083938828302955e-11,1.0
0.0,1.0,1.5555065937195057e-26,1.0
0.0,1.0,5.474173346805999e-18,1.0
0.0,1.0,2.316946461078384e-11,1.0
0.0,1.0,2.5309788986849213e-11,1.0
0.0,1.0,7.3927327599287e-35,1.0
0.0,1.0,1.3300065865939888e-36,1.0
0.0,1.0,3.0352817687107626e-18,1.0
0.0,1.0,2.396689444128519e-11,1.0
0.0,1.0,2.343649926905833e-11,1.0
0.0,1.0,2.3747703456478142e-11,1.0
0.0,1.0,2.3554269645842396e-11,1.0
0.0,1.0,2.7308436399700508e-33,1.0
0.0,1.0,2.336829514615335e-11,1.0
0.0,1.0,2.424769759978851e-11,1.0
0.0,1.0,2.516331414070816e-11,1.0
0.0,1.0,2.4706894516390854e-11,1.0
0.0,1.0,2.3497910214831386e-11,1.0
0.0,1.0,2.4132626452733064e-11,1.0
0.0,1.0,2.4182112909332254e-11,1.0
0.0,1.0,2.6550600260022428e-11,1.0
0.0,1.0,2.3427293091571322e-11,1.0
0.0,1.0,2.3922822056654525e-11,1.0
0.0,1.0,2.4198677783804357e-11,1.0
0.0,1.0,2.3648171962320497e-11,1.0
0.0,1.0,2.3822921066396496e-11,1.0
0.0,1.0,2.4169478918256715e-11,1.0
0.0,1.0,2.3599148676889392e-11,1.0
0.0,1.0,3.3637982646850154e-36,1.0
0.0,1.0,2.381865017719864e-11,1.0
0.0,1.0,2.4100244369607005e-11,1.0
0.0,1.0,3.956883159757841e-25,1.0
0.0,1.0,2.3300821341831757e-11,1.0
0.0,1.0,2.3895141074148363e-11,1.0
0.0,1.0,2.384074014594173e-11,1.0
0.0,1.0,2.3597257828300577e-11,1.0
0.0,1.0,2.334699968076226e-11,1.0
0.0,1.0,2.823265980809314e-13,1.0
0.0,1.0,9.035626556046315e-16,1.0
0.0,1.0,2.3766280610182378e-11,1.0
0.0,1.0,3.844193852131639e-10,1.0
0.0,1.0,2.2878665975611945e-11,1.0
0.0,1.0,2.441802662844772e-11,1.0
0.0,1.0,2.4162472370137245e-11,1.0
0.0,1.0,2.4021493127968085e-11,1.0
0.0,1.0,2.3758394557260587e-11,1.0
0.0,1.0,2.3454878664286305e-11,1.0
0.0,1.0,2.333079562877316e-11,1.0
0.0,1.0,2.4136954587805626e-11,1.0
0.0,1.0,2.395524056897358e-11,1.0
0.0,1.0,5.2207087462255615e-16,1.0
0.0,1.0,2.3203784380032566e-11,1.0
0.0,1.0,2.3697615050832788e-11,1.0
0.0,1.0,2.3601398613237734e-11,1.0
0.0,1.0,2.3538729992944596e-11,1.0
0.0,1.0,2.5595144059753494e-11,1.0
0.0,1.0,2.324187717284154e-11,1.0
0.0,1.0,1.1027727985521522e-23,1.0
0.0,1.0,2.5169843639871736e-11,1.0
0.0,1.0,2.3439717181106268e-11,1.0
0.0,1.0,2.337658712436852e-11,1.0
0.0,1.0,2.3410363925169264e-11,1.0
0.0,1.0,3.129865533413323e-10,1.0
0.0,1.0,2.4936569475997317e-10,1.0
0.0,1.0,2.3632797108152914e-11,1.0
0.0,1.0,4.9366614962575994e-11,1.0
0.0,1.0,2.388416027454543e-11,1.0
0.0,1.0,2.5887616703079708e-11,1.0
0.0,1.0,2.4080669749904082e-11,1.0
0.0,1.0,2.4484157756798908e-11,1.0
0.0,1.0,2.3385951161691843e-11,1.0
0.0,1.0,2.3218038602834667e-11,1.0
0.0,1.0,2.367434720484951e-11,1.0
0.0,1.0,2.365787253599816e-11,1.0
0.0,1.0,2.3417464148356437e-11,1.0
0.0,1.0,2.427379651448458e-11,1.0
0.0,1.0,2.3339340876615822e-11,1.0
0.0,1.0,0.0,1.0
0.0,1.0,2.4182296790020708e-11,1.0
0.0,1.0,2.4922815547445687e-11,1.0
0.0,1.0,2.416330156795876e-11,1.0
0.0,1.0,2.3181489713919312e-11,1.0
0.0,1.0,2.4138243487348277e-11,1.0
0.0,1.0,2.3946424704268665e-11,1.0
0.0,1.0,2.3415765854073456e-11,1.0
0.0,1.0,2.3471391497054128e-11,1.0
0.0,1.0,2.3573415788846752e-11,1.0
0.0,1.0,2.350454379740352e-11,1.0
0.0,1.0,2.3624548498024645e-11,1.0
0.0,1.0,2.3873547236319403e-11,1.0
0.0,1.0,2.3644879457163093e-11,1.0
0.0,1.0,2.3857752579070635e-11,1.0
0.0,1.0,2.3428051165730324e-11,1.0
0.0,1.0,2.3339786700549148e-11,1.0
0.0,1.0,2.1797940188972298e-11,1.0
0.0,1.0,2.414777579284877e-11,1.0
0.0,1.0,1.8643916884151603e-18,1.0
0.0,1.0,2.360716136462493e-11,1.0
0.0,1.0,2.377498545258483e-11,1.0
0.0,1.0,2.3565772597211598e-11,1.0
0.0,1.0,2.3069586171931e-11,1.0
0.0,1.0,2.3486259811966725e-11,1.0
0.0,1.0,2.3412282529333694e-11,1.0
0.0,1.0,2.426777702402294e-11,1.0
0.0,1.0,2.4896019273912273e-11,1.0
0.0,1.0,2.32882029632675e-11,1.0
0.0,1.0,2.3041617225327826e-11,1.0
0.0,1.0,2.3388718045636026e-11,1.0
0.0,1.0,2.4029283771098697e-11,1.0
0.0,1.0,2.5683953228106127e-11,1.0
0.0,1.0,2.3336626034375918e-11,1.0
0.0,1.0,2.3849562949540548e-11,1.0
0.0,1.0,2.486967923265304e-11,1.0
0.0,1.0,2.296317129502068e-11,1.0
0.0,1.0,2.555455846930954e-11,1.0
0.0,1.0,4.879073187136207e-11,1.0
0.0,1.0,2.369693677395368e-11,1.0
0.0,1.0,2.3599238882510143e-11,1.0
0.0,1.0,2.801664253092209e-28,1.0
0.0,1.0,8.237125334946432e-28,1.0
0.0,1.0,2.451471838027519e-11,1.0
0.0,1.0,2.29669824824974e-11,1.0
0.0,1.0,2.330651123483296e-11,1.0
0.0,1.0,9.503972427284706e-21,1.0
0.0,1.0,2.4734242431989628e-11,1.0
0.0,1.0,3.9343519038382226e-17,1.0
0.0,1.0,2.4904852485851947e-11,1.0
0.0,1.0,2.3965569112549545e-11,1.0
0.0,1.0,2.3207148008852485e-11,1.0
0.0,1.0,2.1523860818661866e-11,1.0
0.0,1.0,2.1526447291364548e-11,1.0
0.0,1.0,2.1557223020551852e-11,1.0
0.0,1.0,2.1523860818661866e-11,1.0
0.0,1.0,3.053364505678502e-10,1.0
0.0,1.0,2.1516226300644092e-11,1.0
0.0,1.0,2.1521808640789786e-11,1.0
0.0,1.0,1.2068973376244685e-08,1.0
0.0,1.0,2.4986500715695747e-11,1.0
0.0,1.0,2.1516430998014258e-11,1.0
0.0,1.0,2.152074178585206e-11,1.0
0.0,1.0,2.1607772862641816e-11,1.0
0.0,1.0,2.1552535797719763e-11,1.0
0.0,1.0,0.0,1.0
0.0,1.0,2.8173152699650927e-10,1.0
0.0,1.0,1.6511869034729898e-05,0.9999881982803345
0.0,1.0,2.1522835597087564e-11,1.0
0.0,1.0,1.3740922213401063e-06,0.9999985098838806
0.0,1.0,2.1513272066564504e-11,1.0
0.0,1.0,2.292936981760908e-16,1.0
0.0,1.0,2.1973764821603403e-11,1.0
0.0,1.0,2.1537495745183044e-11,1.0
0.0,1.0,1.0161430452626519e-07,0.9999998807907104
0.0,1.0,2.1524067250755508e-11,1.0
0.0,1.0,7.438169404849759e-07,0.999999463558197
0.0,1.0,2.151811541450943e-11,1.0
0.0,1.0,2.161552360713248e-11,1.0
0.0,1.0,2.174586552494695e-11,1.0
0.0,1.0,2.4341671039929125e-11,1.0
0.0,1.0,2.2574501296057647e-11,1.0
0.0,1.0,2.1555660034699997e-11,1.0
0.0,1.0,2.1512984102467492e-11,1.0
0.0,1.0,2.1769230515444882e-11,1.0
0.0,1.0,2.2161656190733403e-11,1.0
0.0,1.0,2.151552894180675e-11,1.0
0.0,1.0,2.1514297288138806e-11,1.0
0.0,1.0,0.0,1.0
0.0,1.0,2.1534291710922915e-11,1.0
0.0,1.0,2.1519428600180746e-11,1.0
0.0,1.0,2.152981438963142e-11,1.0
0.0,1.0,2.1516186402004145e-11,1.0
0.0,1.0,2.1490387594469418e-11,1.0
0.0,1.0,2.1523205093187947e-11,1.0
0.0,1.0,2.717520306005916e-11,1.0
0.0,1.0,0.0,1.0
0.0,1.0,2.1815741921282772e-11,1.0
0.0,1.0,7.610360638118235e-15,1.0
0.0,1.0,1.7756541126345837e-08,1.0
0.0,1.0,2.1542261030571552e-11,1.0
0.0,1.0,2.1579436154661735e-11,1.0
0.0,1.0,2.1535441832587487e-11,1.0
0.0,1.0,2.151844327724639e-11,1.0
0.0,1.0,2.1637632657833805e-11,1.0
0.0,1.0,2.1520658519125213e-11,1.0
0.0,1.0,2.1519837994921076e-11,1.0
0.0,1.0,0.0,1.0
0.0,1.0,0.0,1.0
0.0,1.0,2.15319099355904e-11,1.0
0.0,1.0,2.158816528319285e-11,1.0
0.0,1.0,2.1512205211626778e-11,1.0
0.0,1.0,2.1552206200259327e-11,1.0
0.0,1.0,0.0,1.0
0.0,1.0,2.1517457954312036e-11,1.0
0.0,1.0,2.1590470730692424e-11,1.0
0.0,1.0,2.153716614772261e-11,1.0
0.0,1.0,2.199087092980001e-11,1.0
0.0,1.0,2.1516226300644092e-11,1.0
0.0,1.0,8.825557529235084e-07,0.9999993443489075
0.0,1.0,9.521323818262317e-08,0.9999999403953552
0.0,1.0,1.9762528880072974e-14,1.0
0.0,1.0,2.151401105876527e-11,1.0
0.0,1.0,2.152845957059668e-11,1.0
0.0,1.0,2.153043021646539e-11,1.0
0.0,1.0,3.5547353770390075e-14,1.0
0.0,1.0,2.1492970597725147e-11,1.0
0.0,1.0,2.152673525546156e-11,1.0
0.0,1.0,2.1525422069790245e-11,1.0
0.0,1.0,2.1515816905903762e-11,1.0
0.0,1.0,3.143638127589554e-10,1.0
0.0,1.0,2.1545794662292117e-11,1.0
0.0,1.0,1.3566022971644998e-07,0.9999999403953552
0.0,1.0,0.0,1.0
0.0,1.0,5.043816031502502e-07,0.9999995231628418
0.0,1.0,2.1519674930914334e-11,1.0
0.0,1.0,2.1513887893398476e-11,1.0
0.0,1.0,2.1510852127315516e-11,1.0
0.0,1.0,2.1516226300644092e-11,1.0
0.0,1.0,2.1640935571332065e-11,1.0
0.0,1.0,1.571441430314735e-07,0.9999998807907104
0.0,1.0,0.0,1.0
0.0,1.0,1.0525249422022043e-10,1.0
0.0,1.0,2.15319099355904e-11,1.0
0.0,1.0,1.2629945977948864e-09,1.0
0.0,1.0,2.1832641597385738e-11,1.0
0.0,1.0,1.2309384197703443e-12,1.0
0.0,1.0,2.1517622753042254e-11,1.0
0.0,1.0,2.1515242712433214e-11,1.0
0.0,1.0,2.152476460959285e-11,1.0
0.0,1.0,2.1520537088481895e-11,1.0
0.0,1.0,1.4578258045183645e-10,1.0
0.0,1.0,2.5349878446379037e-12,1.0
0.0,1.0,2.7525065560141115e-12,1.0
0.0,1.0,2.1521643842059568e-11,1.0
0.0,1.0,2.288172082365314e-11,1.0
0.0,1.0,2.3586863365232524e-11,1.0
0.0,1.0,2.163202082738902e-11,1.0
0.0,1.0,0.0,1.0
0.0,1.0,2.2917230613206385e-11,1.0
0.0,1.0,2.1524353480129044e-11,1.0
0.0,1.0,1.1730214022342977e-10,1.0
0.0,1.0,2.1523819185298443e-11,1.0
0.0,1.0,2.2550100675644558e-11,1.0
0.0,1.0,2.1599408026040656e-11,1.0
0.0,1.0,2.1524107149395455e-11,1.0
0.0,1.0,2.151409259076864e-11,1.0
0.0,1.0,1.5066692338194798e-10,1.0
0.0,1.0,1.7675445633358322e-05,0.9999811053276062
0.0,1.0,2.1515652107173544e-11,1.0
0.0,1.0,2.1534454774929657e-11,1.0
0.0,1.0,0.0,1.0
0.0,1.0,2.1531661870133334e-11,1.0
0.0,1.0,2.1521727108786415e-11,1.0
0.0,1.0,2.151630956737094e-11,1.0
0.0,1.0,0.0,1.0
0.0,1.0,2.1538727398850988e-11,1.0
0.0,1.0,2.1557223020551852e-11,1.0
0.0,1.0,2.872801330155994e-09,1.0
0.0,1.0,2.1514174122772012e-11,1.0
0.0,1.0,2.154891889927235e-11,1.0
0.0,1.0,3.93064400472376e-11,1.0
0.0,1.0,3.1661019761486386e-07,0.9999996423721313
0.0,1.0,2.1618821316460313e-11,1.0
0.0,1.0,1.449185216273463e-09,1.0
0.0,1.0,0.0,1.0
0.0,1.0,2.1809252320759143e-11,1.0
0.0,1.0,2.1519919526924447e-11,1.0
0.0,1.0,0.0009293942130170763,0.9995229840278625
0.0,1.0,0.0,1.0
0.0,1.0,2.1612059364350955e-11,1.0
0.0,1.0,2.159384823730015e-11,1.0
0.0,1.0,2.1519468498820693e-11,1.0
0.0,1.0,2.1517169990215024e-11,1.0
0.0,1.0,2.152706311819852e-11,1.0
0.0,1.0,2.2897917936748335e-11,1.0
0.0,1.0,2.1545343634188363e-11,1.0
0.0,1.0,5.336140418421564e-09,1.0
0.0,1.0,9.875377425527798e-12,1.0
0.0,1.0,2.4161735112659954e-11,1.0
0.0,1.0,2.1567504726593967e-11,1.0
0.0,1.0,3.009687832289387e-09,1.0
0.0,1.0,1.7371830196566407e-08,1.0
0.0,1.0,3.193860106942559e-11,1.0
0.0,1.0,2.1606001709972844e-11,1.0
0.0,1.0,2.3468987864205815e-10,1.0
0.0,1.0,2.154086457817339e-11,1.0
0.0,1.0,2.1520658519125213e-11,1.0
0.0,1.0,3.7840250377563223e-10,1.0
0.0,1.0,2.1868401187119524e-11,1.0
0.0,1.0,2.1516349466010887e-11,1.0
0.0,1.0,2.1521643842059568e-11,1.0
0.0,1.0,8.265030391347834e-16,1.0
0.0,1.0,1.4630400073656347e-06,0.9999986886978149
0.0,1.0,3.2133396637989975e-11,1.0
0.0,1.0,2.1518278478516173e-11,1.0
0.0,1.0,2.167613137593616e-11,1.0
0.0,1.0,2.1515652107173544e-11,1.0
0.0,1.0,4.284943511123629e-10,1.0
0.0,1.0,2.1527639046392544e-11,1.0
0.0,1.0,3.892532276950078e-06,0.999997079372406
0.0,1.0,3.3366430278458648e-12,1.0
0.0,1.0,0.0,1.0
0.0,1.0,2.1555660034699997e-11,1.0
0.0,1.0,2.4936977396222693e-12,1.0
0.0,1.0,0.0,1.0
0.0,1.0,2.216245936770278e-11,1.0
0.0,1.0,2.1514831582969407e-11,1.0
0.0,1.0,4.066439407424127e-10,1.0
0.0,1.0,3.2318689946464474e-09,1.0
0.0,1.0,2.1515652107173544e-11,1.0
0.0,1.0,2.1515405776439955e-11,1.0
0.0,1.0,2.1600192121051798e-11,1.0
0.0,1.0,2.1514913114972778e-11,1.0
0.0,1.0,1.6218251246860052e-28,1.0
0.0,1.0,2.943204435723601e-06,0.9999974966049194
0.0,1.0,2.151979809628113e-11,1.0
0.0,1.0,2.1515242712433214e-11,1.0
0.0,1.0,2.152562676716041e-11,1.0
0.0,1.0,4.443667656062189e-11,1.0
0.0,1.0,3.61578877949853e-09,1.0
0.0,1.0,2.152468307758948e-11,1.0
0.0,1.0,2.1524641444226056e-11,1.0
0.0,1.0,2.205021928936013e-11,1.0
0.0,1.0,8.07032483862713e-05,0.9999417066574097
0.0,1.0,2.152698158619515e-11,1.0
0.0,1.0,2.1515652107173544e-11,1.0
0.0,1.0,2.1565447344551458e-11,1.0
0.0,1.0,0.0,1.0
0.0,1.0,2.2006060168555663e-11,1.0
0.0,1.0,2.2124406473533753e-11,1.0
0.0,1.0,2.1529075397430653e-11,1.0
0.0,1.0,2.1533880581459108e-11,1.0
0.0,1.0,2.1517293155581818e-11,1.0
0.0,1.0,2.2443087319135024e-11,1.0
0.0,1.0,2.1606001709972844e-11,1.0
0.0,1.0,0.0,1.0
0.0,1.0,2.1548589301811916e-11,1.0
0.0,1.0,0.0,1.0
0.0,1.0,1.398794847773388e-05,0.9999812841415405
0.0,1.0,2.151823684515275e-11,1.0
0.0,1.0,6.848927536218241e-10,1.0
0.0,1.0,6.114767359122197e-08,0.9999999403953552
0.0,1.0,2.1529528160257883e-11,1.0
0.0,1.0,2.1515036280339572e-11,1.0
0.0,1.0,2.1523697754655124e-11,1.0
0.0,1.0,2.160670253825714e-11,1.0
0.0,1.0,2.180996008793734e-11,1.0
0.0,1.0,2.2894554307928416e-11,1.0
